ADDRESS,ISSUED,TRADENAME,LICENSE OWNER,LICENSE OWNER ADDRESS,TOTAL PERMITTED
"15 Page StreetLondonNW7 2EL",25/08/2017 00:00,,"James Joseph, Joseph James And Bernadette Catherine Walsh","15 Page StreetLondonNW7 2EL",
"124 Station RoadLondonN3 2SG",17/10/2017 00:00,,Ms Sharon Samuel,"15 Clifton RoadLondonN3 2AS",5
"51 SouthfieldsLondonNW4 4LX",31/10/2017 00:00,,Douglas Martin Estate Agents,"18 Central CircusLondonNW4 3AS",5
"15 DownageLondonNW4 1AS",23/04/2018 00:00,,Mr Elvin Asgarov,"44 Sterling AvenueEdgwareHA8 8BS",10
"19 Rundell CrescentLondonNW4 3BS",24/10/2017 00:00,,Mr Danny Hermon,"109 High StreetWealdstoneHA3 5OL",5
"7 - 8 Central CircusLondonNW4 3JS",30/01/2019 00:00,,Shepherd Cox Mixed Use (Hendon) Limited,"2nd Floor, 32-33 Gosfield Street LondonW1W 6HL",9
"14 Sturgess AvenueLondonNW4 3TS",08/05/2018 00:00,,Deborah Pliskin,"15 Bay CourtPopes LaneW5 4NE",5
"77 Friern Barnet RoadLondonN11 3EH",24/11/2017 00:00,,RADOJKA ZEKAVICA,"25 Beech HillHadleywoodBarnetEN4 0JN",14
"15 Park View GardensLondonNW4 2PR",04/10/2017 00:00,,Douglas Martin Estate Agents,"18 Central CircusHendonNW4 3AS",5
"81 SouthfieldsLondonNW4 4NA",10/10/2017 00:00,,Douglas Martin Estate Agents Limited,"Harben HouseHarben ParadeFinchley RoadLondon, NW3 6LH",5
"34 The ValeLondonNW11 8SG",17/05/2018 00:00,,IPMLS Ltd,"24 Fowey AvenueIG4 5JT",7
"79 Friern Barnet RoadLondonN11 3EH",29/09/2017 00:00,,Mr Dhunnoo Haresh,"33 BrookdaleNew SouthgateLondonN11 1BP",13
"10A Parson StreetLondonNW4 1QB",07/03/2018 00:00,,Mr Russell Fraser,"20 Parson StreetHendon, LondonNW4 1QB",5
"Flat 4Acacia Court1 Brent GreenLondonNW4 2HA",13/09/2017 00:00,,Mr Shailesh Kadiwar,"903-905 Finchley RoadLondonNW11 7PE",4
"Flat 40Burnham CourtBrent StreetLondonNW4 2RE",18/01/2018 00:00,,Mr Avi Kogan,"64 Audley RoadLondonNW4 3HB",4
"24 Oak GroveLondonNW2 3LP",25/09/2017 00:00,,Juliano Guerra,"208 Villiers RoadNW2 5PU",8
"11 St Marys CrescentLondonNW4 4LJ",06/10/2017 00:00,,Mr Feroza Rustomjee,"26 Craven Street LONDONWC2N 5NT",
"123 Cheviot GardensLondonNW2 1QB",17/10/2017 00:00,,MR CHRIS FORDYCE,"14 SUNNY HILLS HENDON LONDONNW4 4LL",5
"20 Thorverton RoadLondonNW2 1RE",06/10/2017 00:00,,Miss Christine Bouilly,"6 Ashford Road LondonNW2 6TP",
"32 Algernon RoadLondonNW4 3TA",06/11/2017 00:00,,Stefan Labuda,"39 Vivian Avenue HendonLONDONNW4 3UX",7
"12 Langley ParkLondonNW7 2AA",06/10/2017 00:00,,Dr Helena Benson,"12 St. Georges RoadLondonNW11 0LR",5
"1 WestsideLondonNW4 4XD",24/11/2017 00:00,,Amrishbhai S. & Swatiben A. Gor,"390 Watford Way, Hendon, London NW4 4XE.",5
"22 Wycombe GardensLondonNW11 8AL",27/10/2017 00:00,,Mr Abraham Hirsch,"22 Wycombe GardensLondonNW11 8AL",
"Flat 4Edward House15 Hendon LaneLondonN3 1RT",13/09/2017 00:00,,Manisha Patel Daksha Hirani &,"51 GLENDALE GARDENSMIDDLESEXHA9 8PR",5
"Upper Floor8 St Marys RoadLondonNW11 9UG",19/10/2017 00:00,,Mr Russell Caller,"22 Hill TopLondon NW11 6EE",5
"386A Finchley RoadLondonNW2 2HP",03/10/2017 00:00,,Mr Hemal Mithani,"Mithani Properties Ltd20A Halliford StreetCorner Of Elizabeth AvenueIslington N1 3HD",5
"16 Leicester RoadLondonN2 9EA",04/11/2017 00:00,,Malcolm Coates,"8 Totnes Walk, London N2 0AD.",5
"50 Wheatley CloseLondonNW4 4LG",09/11/2018 00:00,,Mrs Zena Behrman,"27 Prothero Gardens London NW4 3SJ",5
"15 Woodside Park RoadLondonN12 8RT",28/11/2017 00:00,,Mrs Sharon Freilich,"5 Sentinel SquareHendon, LondonNW4 7EL",13
"1 Elvington LaneLondonNW9 5WB",19/01/2018 00:00,,Rev Mordechai Nissim,"22 Herlot RoadLondonNW4 2DG",5
"4 Kingswood CloseLondonN20 9PX",05/03/2018 00:00,,Mr David Ford,"1 Kingswood  CloseWhetstone  London N20 9PX",5
"Flat 12Wykeham CourtWykeham RoadLondonNW4 2TE",07/11/2017 00:00,,Mr EDMOND ABRAHAM,"27 Wykeham RoadLondon NW4 2TE",5
"46 Oak Tree DriveLondonN20 8QH",04/01/2018 00:00,,Mr Francis Osei-TuTu,"7 Brooke RoadLondon E17 9HH",6
"Flat 1Kennyland CourtHendon WayLondonNW4 3LU",05/09/2017 00:00,,Hanover Chase Properties Limited,"Hanover Chase Properties LimitedS25A CHURCHILL HOUSE137-139 BRENT STREETHENDON, LONDONNW4 4OJ",5
"26A Oakleigh Road SouthLondonN11 1NH",20/03/2018 00:00,,Mr Robert Walter,"59 Burnham Green RoadWelwyn HertfordshireAL6 0NH",3
"1 Manor Park CrescentEdgwareHA8 7NL",02/01/2018 00:00,,Dr Benaiah George Bardi,"61 Lyndhurst GardensFinchley CentralLondon N3 1TA",9
"65 Vivian AvenueLondonNW4 3XE",03/10/2017 00:00,,Mr Ken Lau,"25 Allington RoadHendonLondon NW4 3EA",7
"175 Torrington ParkLondonN12 9AP",23/03/2018 00:00,,Ms Diana Mary Barrett,"22 Hollyfield Avenue London N11 3BY",5
"65 Cheviot GardensLondonNW2 1QD",27/12/2017 00:00,,Mr Teddy Nazim,"5 Grampian Gardens Golders Green London NW2 1JH",4
"43 Fallow Court AvenueLondonN12 0EA",19/01/2018 00:00,,Jason Brown,"35 Litchfield Way London NW11 6NS",5
"167A Brent StreetLondonNW4 4DH",13/12/2017 00:00,,Mr Samuel Margolin,"Bergson PropertiesHoneywood House2A Wordsworth WalkLondonNW11 6AU",
"46B The Market PlaceFalloden WayLondonNW11 6JP",02/01/2018 00:00,,Mr Jonathan Bambaji,"14 Harmsworth Way London N20 8JU",5
"14 Mays LaneBarnetEN5 2EE",19/12/2017 00:00,,Dr Khalid Mannan,"25 Uplands Drive,Brookmans ParkHatfield AL9 6PT",5
"Flat D965 Finchley RoadLondonNW11 7PE",08/12/2017 00:00,,Mr & Mrs Grinbaum,"45 Egerton GardensHendonLondon NW4 4BB",5
"115 Squires LaneLondonN3 2AJ",01/02/2018 00:00,,Mr Ramin Ghaderi,"2 BroadwayFrien Barnet N11 3DT",4
"4 Portsdown AvenueLondonNW11 0NB",06/11/2017 00:00,,Mrs Elsie Ann Krokatsis,"6 Portsdown AvenueGolders GreenLondon NW11 0NB",5
"28 Gresham GardensLondonNW11 8PB",21/11/2017 00:00,,Leib Levison,"BC House 18 Lodge RoadNW4 4EF",5
"8 Clarendon GardensLondonNW4 4UU",08/11/2017 00:00,,Mr Huan Liu,"15 Vernon DriveLondon HA7 2BP",8
"756A Finchley RoadLondonNW11 7TH",02/01/2018 00:00,,Sherrards Properties,"Sherrards Properties 18 The Market Place London NW11 6JJ",5
"158A High RoadLondonN2 9AS",30/11/2017 00:00,,Mrs Yvonne Bryson,"94 Chelwood AvenueHatfieldHerts AL10 0RE",5
"14 Gervase RoadEdgwareHA8 0EP",05/01/2018 00:00,,Mr Monir Eid-Arimoku,"Side Garden Flat43 Gervase RoadEdgware,  HA8 0EW",5
"16 Percy RoadLondonN12 8BU",21/11/2017 00:00,,Navinlal Bhaji Patel,"27 Petworth RoadLondon N12 9HE",5
"49 Wheatley CloseLondonNW4 4LG",26/01/2018 00:00,,Mrs Mrs Zena Behrman,"27 Prothero Gardens London  NW4 3SJ",5
"Flat B53 Church RoadLondonNW4 4DU",02/02/2018 00:00,,Sentware Ltd,"51 Church RoadHendonLondon NW4 4DU",5
"361 Ballards LaneLondonN12 8LJ",02/11/2017 00:00,,ANDREAS CHARALAMBOUS,"ANTHEA LETTINGS2 DRAYTON PARKLONDON N5 1NU",9
"4 Skipton CloseLondonN11 3EZ",13/09/2017 00:00,,Bhavin Parikh,"2 Garsdale CloseLondonN11 3EF",4
"10 Wenlock GardensLondonNW4 4XJ",16/10/2017 00:00,,Mr Anthony Louis O'Brien,"Copper EindeKelvedon RoadLT. BraxtedEssex CM8 3LD",6
"15 Gunter GroveEdgwareHA8 0HB",27/10/2017 00:00,,Ms Cristina Morar,"75 Scott Road EdgwareMiddx HA8 5QR",5
"First Floor Flat116 Station RoadLondonNW4 3SN",22/05/2018 00:00,,Mr & Mrs Mattatia & Yaffa Haron,"29 Sunningfields RoadHendonLondon NW4 4QR",5
"21 Briarfield AvenueLondonN3 2LG",14/09/2017 00:00,,Mr Pritam Bhova,"72 Tintern Avenue KingsburyLondon NW9 0RL",5
"15 Alexandra RoadLondonNW4 2SB",29/11/2017 00:00,,Mrs Ester Bengigi,"15 Alexandra RoadLondonNW4 2SB",4
"64 Mays LaneBarnetEN5 2DZ",22/11/2017 00:00,,Mehul Patel,"144 Arlington RoadSouthgateLondon N14 5AT",6
"16 Newark WayLondonNW4 4JL",09/07/2018 00:00,,Alastair MacNaughton,"Flat 702, Navigation BuildingStation ApproachHayesMiddlesex UB3 4FF",6
"14 Graham RoadLondonNW4 3HE",07/06/2018 00:00,,MR SULMAN RAHMAN,"1 RUNDELL CRESCENTHENDON, LONDONNW4 3HE",9
"10 Dollis ParkLondonN3 1HG",21/10/2017 00:00,,Yosef Zekaria,"33 Woodcroft AvenueMill HillLondon NW7 2AH",10
"69 Cricklewood LaneLondonNW2 1HR",29/11/2017 00:00,,Ms Ayelet Avroya,"21 Grampian GardensLondon NW2 1JH",6
"127 Lichfield GroveLondonN3 2JL",24/11/2017 00:00,,Mr Roman Oscar,"London Homes Estate Agent2 Broadway Friern Barnet RoadLondonN11 3DT",
"20 West WayEdgwareHA8 9LB",06/10/2017 00:00,,Vishal Aggarwal,"10 Sandymount AvenueStanmore, MiddlesexHA7 4TY",8
"13 Old Rectory GardensEdgwareHA8 7LS",08/12/2017 00:00,,Adrian Pearson,"22 Saint Birstan RoadAndover, HampshireSP10 4NY",5
"1st & 2nd Floor5 Beechcroft AvenueLondonNW11 8BJ",14/09/2017 00:00,,Alexis Matsukis,"Vedados Ltd40 ForestdaleSouthgate, LondonN14 7DX",9
"22 Wenlock RoadEdgwareHA8 9JF",20/12/2017 00:00,,Mr Uri Neufeld,"68 Leeside CrescentLondonNW11 0LA",5
"14 Carlton CloseEdgwareHA8 7PY",13/09/2017 00:00,,Roger Fortune,"Langdon Communities 2A Camrose House EdgwareHA8 6EG",8
"409 Long LaneLondonN2 8JN",02/11/2017 00:00,,Varshaben Kotecha,"138 Draycott Avenue,Harrow HA3 0BZ.",5
"9 Falkland AvenueLondonN3 1QR",07/11/2017 00:00,,A.A.Z. PROPERTIES LIMITED,"Solar House 282 Chase Road London N14 6NZ",8
"Flat 3Florence MansionsVivian AvenueLondonNW4 3UY",16/11/2017 00:00,,Mrs Aparna Puri,"31 Westwood DriveAmershamHP6 6RN",5
"7A Sheaveshill ParadeSheaveshill AvenueLondonNW9 6RS",19/01/2018 00:00,,Mr Stuart Diamond,"7 Sheaveshill ParadeSheaveshill AvenueLondon NW9 6RS",5
"54 Cleveland GardensLondonNW2 1DY",05/10/2017 00:00,,Mr TEDDY NAZIM,"5 GRAMPIAN GARDENSGOLDERS GREENLONDON, NW2 1JH",5
"111 Cotswold GardensLondonNW2 1PE",10/10/2017 00:00,,Arvin Patel,"L G Property Investments LtdUnit A, 715 North Circular RoadLondon NW2 7AH",10
"39 Woodstock AvenueLondonNW11 9RG",31/10/2017 00:00,,Rabbi Moshe Dadoun,"18 Elm CloseLondonNW4 2PH",12
"62 Babington RoadLondonNW4 4LD",28/12/2017 00:00,,Mr Narhari Khimani,"80 Worcester CrescentMill HillLondonNW7 4LL",5
"1 Portman GardensLondonNW9 5AS",04/01/2018 00:00,,Mr Abe Kantor,"Sutherland House70-78 West Hendon BroadwayLondon NW9 7BT",6
"209 Colney Hatch LaneLondonN10 1AP",28/11/2017 00:00,,Ms Dawn Marie Benson,"128 VictoriaRoadAlexandra ParkLondon N22 7XQ",5
"13 St Albans RoadBarnetEN5 4LN",02/01/2018 00:00,,Ms Anh Dao Carrick,"192 Woodseer StreetLondon E1 5HQ",5
"26 Renters AvenueLondonNW4 3RB",25/01/2018 00:00,,Mr Clement Aye,"26 Renters Avenue Hendon London NW4 3RB",5
"887B Finchley RoadLondonNW11 8RR",25/09/2017 00:00,,"MR Jung Hyeon Kim Kim","887B Finchley RoadGolders Green LONDONNW11 8RR",9
"366 Watford WayLondonNW4 4XA",16/11/2019 00:00,,Mr Neville Serlui And Mr Stephen Harris,"7 Hill RoadLondon NW8 9QE",10
"8 Quantock GardensLondonNW2 1PH",02/11/2017 00:00,,Mr Seyed Zolfaghari,"7 Regency ParadeLondon NW3 5EG",6
"29 Cotswold GardensLondonNW2 1QT",31/10/2017 00:00,,Teddy Nazim,"5 Grampian GardensGolders GreenLondon NW2 1JH",6
"86 Bell LaneLondonNW4 2AE",28/11/2017 00:00,,Mrs Lalita Ramtohul,"86 Bell LaneHendonLondon NW4 2AE",5
"Flat 11Temple Fortune CourtTemple Fortune LaneLondonNW11 7TR",02/01/2018 00:00,,Mr Desmond Scott,"112 Hampstead Way London,  NW11 7XY",5
"861A High RoadLondonN12 8PT",18/01/2018 00:00,,Mr Malidly Paget,"117 Whitchurch GardensEdgwareHA8 6PG ",5
"Flat C53 Church RoadLondonNW4 4DU",30/11/2017 00:00,,Sentware Ltd,"51 Church RoadHendonLondon NW4 4DU",3
"34B The Market PlaceFalloden WayLondonNW11 6JJ",28/12/2017 00:00,,Max Thomas Family Holdings,"599A Green LanesLondon N8 0RL",5
"21 Leeside CrescentLondonNW11 0DA",04/01/2018 00:00,,Mr Charles Teff,"5 Eastville AvenueLondonNW11 0HD",6
"56 Wheatley CloseLondonNW4 4LG",03/01/2018 00:00,,Mr Stephen Harris,"141 Edgwarebury LaneEdgware,Middlesex HA8 8ND",5
"17 Parade MansionsVivian AvenueLondonNW4 3YD",30/01/2018 00:00,,Mr David Prince,"6 Vivian AvenueLondonNW4 3YA",10
"15 Squires LaneLondonN3 2AN",25/10/2017 00:00,,Loucas Pagonis,"210 Streatfield RoadKentonHarrow HA3 9BX",6
"192 Cricklewood BroadwayLondonNW2 3EB",12/12/2017 00:00,,Mr Ahmad Darwiche,"Flat 7 284 Kilburn Lane London W10 4BW",4
"5 Ashbourne AvenueLondonNW11 0DP",09/08/2018 00:00,,Davis Darren Philip,"Flat A60 Brookside Road NW11 9NG",11
"10A Churchfield AvenueLondonN12 0NT",13/09/2017 00:00,,H Rahman,"22 Woodstock CloseMacclesfieldCheshire SK10 3DZ",4
"74 Ridgeview RoadLondonN20 0HL",02/11/2017 00:00,,Dr Rizwan Hanif,"586 Chorley New RoadLostockBolton BL6 4DW",5
"91A East End RoadLondonN2 0SU",16/03/2018 00:00,,Mr Vinasithamby Nagendram,"11 Chestnut Drive PinnerHAS 1LX",4
"477 Watford WayLondonNW4 4TR",08/09/2017 00:00,,Mark Fruin,"Flat 9Ian Hamilton House40 Doric Way LondonNW1 1LH",5
"35 Hillcourt AvenueLondonN12 8EY",28/11/2017 00:00,,Dr Nancy Devlin,"Pudding House3 Treacle Lane, Rushden VillageNorth Hertforshire SG9 0SJ",5
"9 Norwich WalkEdgwareHA8 0TZ",23/03/2018 00:00,,Mr Elvin Asgarov,"Avea Management Ltd138 Brent StreetHendon, London NW4 2DR",4
"2 Bedford RoadLondonN2 9DA",08/12/2017 00:00,,Coll McSweeney And McSweeney Partnership,"4 Killarney CourtLodge CrescentWaltham Cross EN8 8EW",5
"49 Hadley RoadBarnetHertsEN5 5HG",21/11/2017 00:00,,Mr Stephen Paul Masters,"35A York RoadBarnet EN5 1LN",10
"20 Edgeworth AvenueLondonNW4 4EY",02/02/2018 00:00,,Mrs Fereshteh Guillon,"3A Holland Park RoadLondon W14 8NA",
"24 Great North WayLondonNW4 1HY",03/10/2017 00:00,,Russel Fraser And James Jason Fraser,"C/O Jason Russell20 Parson StreetLondonNW4 1QB",5
"First Floor Flat178 - 180 West Hendon BroadwayLondonNW9 7AA",23/04/2018 00:00,,Mr Selvathurai Srigananathan,"117 Woodcock Hill Kewton HA3 0JW",10
"28B The Market PlaceFalloden WayLondonNW11 6JJ",28/12/2017 00:00,,Max Thomas Family Holdings,"599A Green LanesLondon N8 0RL",5
"1 Endersleigh GardensLondonNW4 4RX",19/02/2018 00:00,,Dave Kuntal,"27 Burnham CourtBrent StreetHendonLondon NW4 2RE",6
"61 Alexandra RoadLondonNW4 2RX",17/11/2017 00:00,,PHILIP WILLS,"61 ALEXANDRA ROADHENDONLONDON, NW4 2RX",9
"13 Sevington RoadLondonNW4 3SA",06/12/2017 00:00,,Miss Daren Philip Davis,"Flat 18 Westhill CourtMillfield LaneLondon N6 6JJ",5
"26 Woodside Park RoadLondonN12 8RP",11/08/2017 00:00,,Mrs Sharon Freilich (Frey),"5 Sentinal SquareLondon NW4 2EL",12
"5C Abercorn RoadLondonNW7 1JD",07/02/2018 00:00,,Mr Robert Okharedia,"13 Ibironke CrescentOff Okunola Aina StreetMendeMarylandLagosNigeria",5
"124 Hillside GardensBarnetEN5 2NL",26/01/2018 00:00,,Mr Dayananda Sastry Tagaram,"124 Hillside GardensBarnet EN5 2NL",5
"60 The ValeLondonNW11 8SJ",30/11/2017 00:00,,EHSL Ltd,"Nicholas House, River FrontEnfield EN1 3SZ",5
"68 Brent TerraceLondonNW2 1BY",19/03/2018 00:00,,Aaron Schwebel,"52 Green LaneLondonNW4 2AH",5
"17 Alwyn GardensLondonNW4 4XP",22/05/2018 00:00,,WAN CHEUNG WING MUI,"16 Rugby CloseNottingham, NG5 9RL",5
"9B Station RoadLondonN3 2SB",31/08/2018 00:00,,Ms Rushton Deborah,"InglenookAlmeley RoadEardisleyHerefordHR3 6PP",5
"16 Pembroke RoadLondonN10 2HR",02/11/2017 00:00,,Miss Emma Cooper,"22 Park AvenueLondon NW11 7SJ",5
"1 Elizabeth CloseBarnetEN5 4DP",26/01/2018 00:00,,Mr Hasmukhlal Vora,"1 Elizabeth CloseBarnetHertfordshire EN5 4DP",9
"56 Hendale AvenueLondonNW4 4LS",22/01/2018 00:00,,Mr Moshe Tsemah,"49 Cranbourne GardensLondonNW11 0HU",
"743B Finchley RoadLondonNW11 8DL",05/12/2017 00:00,,Mr Steven Bitton,"51 Leavesden CourtMallard RoadAbbots LangleyHerts WD5 0GT",5
"47 Rosemary AvenueLondonN3 2QP",19/12/2017 00:00,,Robert Bialek,"61 Queens AvenueLondon N3 2NN",5
"45 Rosemary AvenueLondonN3 2QP",19/12/2017 00:00,,Mr Robert Bialek,"61 Queens AvenueLondon N3 2NN",5
"4 Montpelier RoadLondonN3 2ER",05/03/2018 00:00,,Robert Bialek,"61 Queens AvenueLondon N3 2NN",5
"10 Cromwell RoadLondonN3 2ET",05/03/2018 00:00,,Robert Bialek,"61 Queens AvenueLondon N3 2NN",5
"12 Prothero GardensLondonNW4 3SL",28/12/2017 00:00,,Buta Living LTD,"Buta Living LTD640A Finchley RoadLondon   NW11 7RR",5
"137 Beaufort ParkLondonNW11 6DA",14/12/2017 00:00,,Mrs Katie Watson-Steward,"47 Chester RoadLondonN19 5DF",5
"115 Osidge LaneLondonN14 5DS",15/09/2017 00:00,,Mr Alek Asslaninan,"1 Bradgate CloseCuffleyEN6 4RF",7
"45 Victoria RoadLondonNW4 2RP",15/09/2017 00:00,,LEELA DAVIS,"13 SEVINGTON ROADHENDON, LONDON, NW4 3SA",5
"21B Gratton TerraceLondonNW2 6QE",28/02/2018 00:00,,Mrs Wendy Deacon,"43A Riffel RoadLondonNW2 4PB",6
"32 RiversideLondonNW4 3TX",20/03/2018 00:00,,Mr Narinda Rahania,"9 Grafton RoadHandsworth BirminghamB21 8PN",5
"71 Cleveland GardensLondonNW2 1DX",05/07/2018 00:00,,Mr Teddy Nazim,"5 Grampian GardensLondonNW2 1JH",7
"First Floor Flat113 Golders Green RoadLondonNW11 8HR",30/11/2018 00:00,,Mr Gabriel Constantinides,"55 Fontayne AvenueChigwellIG7 5HD",9
"20B The Market PlaceLondonNW11 6JJ",26/07/2018 00:00,,Dr Ali-Reza Hashemi,"9 The Market Place LondonNW11 6LB",
"7 Sandringham RoadLondonNW11 9DR",30/06/2018 00:00,,Avita Enterprise Ltd,"Ground Floor Right Office 5 Accommodation RoadLondonNW11 8ED",5
"First And Second Floor Maisonette3 Dollis RoadLondonN3 1RB",15/02/2018 00:00,,Ms Purdey Collier,"9 Warren HouseBeckford CloseLondonW14 8TT",5
"Lenihan Lodge48A Moxon StreetBarnetEN5 5TS",08/05/2018 00:00,,Mr Neil Cornelius & Mrs Stephanie Lenihan,"7A Bourne HillPalmers GreenLondonN13 4LJ",5
"93 Somerton RoadLondonNW2 1RU",15/06/2018 00:00,,Mr Gaetano Barba,"34 Ger-y-LlanPenrhyncoch, AberystwythWales SY23 3HQ",8
"40 Pennine DriveLondonNW2 1PD",02/04/2018 00:00,,Ms Samia Ibrahim,"Pennine HousePennine DriveLondonNW2 1PA",5
"61 Hendon WayLondonNW2 2LX",29/03/2018 00:00,,Dr Wafa Abu-Huwaij,"61 Hendon WayLondonNW2 2LX",5
"36 Blessbury RoadEdgwareHA8 0SX",09/05/2018 00:00,,Mr  Tito Cuaresma-Tacbi,"50 Blessbury RoadEdgwareHA8 0SX",4
"23 Selborne GardensLondonNW4 4SH",22/05/2018 00:00,,Mr Rassool  Vali Pour Azari,"1 Banks RoadBorehamwoodWD6 5QR",5
"22B Sylvester RoadLondonN2 8HN",30/05/2018 00:00,,Pattichi Properties Ltd,"266 Creighton AvenueLondonN2 9BD",5
"112 Oakleigh Road SouthLondonN11 1LB",08/11/2018 00:00,,Mr Narsinh Vasani,"79 Crescent WayLondonN12 0QX",5
"35 Horsham AvenueLondonN12 9BG",05/07/2018 00:00,,Mr Randhir Natt,"75 Creighton AvenueMuswell HillLondon N10 1NR",5
"Flat 4Wendover CourtFinchley RoadLondonNW2 2PG",10/01/2019 00:00,,Mr Alfred  Yazdiha,"29 Dollis AvenueLondonN3 1DA",6
"40 Bulwer RoadBarnetEN5 5JB",17/07/2018 00:00,,Mr Nicholas Mott,"142 Normandy AvenueBarnet Herts EN5 2HS",6
"315 Deansbrook RoadEdgwareHA8 9DD",17/07/2018 00:00,,Mr Besnik Dedei,"121 Watling AvenueEdgwareMiddlesex HA8 0LY",6
"141A Station RoadEdgwareHA8 7JG",31/07/2018 00:00,,Mr Fraz Haider,"291 Cricklewood Lane LONDONNW2 2JL",5
"61A The BurroughsLondonNW4 4AX",03/11/2018 00:00,,Mr Chana Dakshi Karunathilake,"56 Station ParadeUxbridgeUB9 5ET",5
"1 Dehar CrescentLondonNW9 7BD",18/12/2018 00:00,,Mr Mohammed Mirza,"20 Wise Lane Mill Hill London NW7 2RE",7
"4 AnsonLower StrandLondonNW9 5LT",02/11/2018 00:00,,Mr Rakesh Shah,"19 Sudbury Hill CloseWembleyHA0 2QR",5
"12 Garratt RoadEdgwareHA8 9AW",07/08/2018 00:00,,Mr Saed Sattarpour-Fahhih,"49 Dryfield RoadEdgware HA8 9JN",8
"20 Cleveland GardensLondonNW2 1DY",27/02/2018 00:00,,Mr Teddy Nazim,"5 Grampian GardensLondonNW2 1JH",5
"73 Templars AvenueLondonNW11 0NR",09/05/2018 00:00,,Buta Living Ltd,"640A Finchley RoadLondon NW11 7RR",5
"23 St Johns RoadLondonNW11 0PE",13/09/2018 00:00,,Ms Ruth Levy,"23 St Johns RoadLondonNW11 0PE",5
"25 Park MansionsHendon WayLondonNW4 3LN",06/03/2018 00:00,,Mrs Nita Patel,"OakhurstBarnet LaneLondonN20 8AP",6
"Flat 3Queens MansionsWatford WayLondonNW4 3AN",05/04/2018 00:00,,Easy Jet Properties Ltd,"Ariston Property Group530 Hornsey RoadN19 3QN",5
"5 Prayle GroveLondonNW2 1AS",30/05/2018 00:00,,Easy Management Ltd,"The Lodge 37 Hendon Lane N3 1RY",6
"3 Somerton RoadLondonNW2 1RH",21/08/2018 00:00,,Mr Gaetano Angelo Barba,"34 Ger-Y-LlanPenrhyncochAberystwyth WalesSY23 3HQ",8
"37 Longfield AvenueLondonNW7 2EH",14/08/2018 00:00,,Mr Krzystof Milla,"29 Finchley LaneLondon NW4 1BX",5
"7 Beechvale CloseLondonN12 9AW",23/01/2018 00:00,,Mrs Rajeshwari V Sagar,"80 The HighwayStanmoreMiddlesexHA7 3PN",5
"67 Dallas RoadLondonNW4 3JD",29/03/2018 00:00,,Mr Suresh Agheda,"46 Lynsey DriveHarrowHA3 0TD",5
"186 Cricklewood BroadwayLondonNW2 3EB",12/09/2018 00:00,,Mr Omar Ilyas Butt,"4 Fearns House Tewkesbury RoadWest EalingLondon W13 0BX",9
"40 Crewys RoadLondonNW2 2AA",12/09/2018 00:00,,Miss Julia Raquel Calonga,"40 Crewys RoadLondon NW2 2AA",8
"55 - 57 Netherlands RoadBarnetEN5 1BP",20/12/2018 00:00,,Mr Sisil Wimalaratone,"361 Cockfosters RoadBarnetEN4 0JT",17
"5 Woodstock AvenueLondonNW11 9RG",25/04/2019 00:00,,Mr Kamyar Mansouri,"155 Golders Green Road,Golders Green, London NW11 9BX.",11
"977B Finchley RoadLondonNW11 7HA",15/02/2018 00:00,,Mr Ben Mozes,"26 St Georges RoadLondon NW11 0LR",5
"43 The GroveLondonN3 1QT",02/03/2018 00:00,,Mr David Breslaw,"Regency Estates2 Frognal Parade158 Finchley RoadNW3 5HH",12
"10 Gilbert GroveEdgwareHA8 0HL",23/10/2018 00:00,,Mr Jason Ho,"240 Carlton Avenue East Wembley HA9 8PZ",6
"23A Colindale AvenueLondonNW9 5DS",20/02/2018 00:00,,Mr Ciaran McNicholas,"14 Draycott CloseKentonMiddlesex HA3 0BP",5
"31 Hamilton RoadLondonNW11 9EH",21/08/2018 00:00,,Mr Zev Adler,"15 Highfield AvenueLondonNW11 9EU",5
"67 The BurroughsLondonNW4 4AX",23/10/2018 00:00,,Miss Claudia Smith,"Romneys House, Holly Bush Hill, London NW3 6SH.",4
"22 Somerton RoadLondonNW2 1SA",21/05/2018 00:00,,Mr Nabil Rassam,"64 Cholmley GardensFortune Green RoadLondon NW6 1AJ",10
"48 Russell GardensLondonNW11 9NL",10/09/2018 00:00,,Mr Josh Moore,"93 Bell LaneLondon NW4 2AR",9
"46 Sevington RoadLondonNW4 3RX",18/09/2018 00:00,,Mr Mykhaylo Datsyuk,"Gravity Estates40 Glenwood Grove London NW9 8HH",5
"54 Colchester RoadEdgwareHA8 0RA",26/11/2018 00:00,,Mr Bo Huang,"44 St Marys Crescent LondonNW4 4LH",4
"2 Banstock RoadEdgwareHA8 9JJ",27/02/2018 00:00,,Mr Shahagha Hussaini,"1 Tithe WalkLondon NW7 2PY",5
"81 Hampden WayLondonN14 5AU",15/05/2018 00:00,,Mr Anand Shukla,"4 Mill DriveRuislipLondonHA4 7GL",5
"25 Bittacy RoadLondonNW7 1BP",09/11/2018 00:00,,MRS Annie Swynnerton,"79 Sebright RoadBarnetEN5 4HP",5
"27 North CrescentLondonN3 3LL",22/05/2018 00:00,,Mrs Susanna Joseph,"40 Allandale AvenueFinchleyLondon N3 3PJ",8
"34 Johns AvenueLondonNW4 4EN",04/09/2018 00:00,,Pravinchandra Pindolia,"99 BroadwayNew MostonManchesterM40 3PH",10
"42 Greyhound HillLondonNW4 4JP",27/09/2018 00:00,,Mrs Guoying Wu,"101 Headstone Lane HarrowHA2 6LJ",5
"24 Hale LaneLondonNW7 3PN",27/09/2018 00:00,,Mr Peter Steyne,"8 Valencia RoadStanmoreMiddlesexHA7 4JH",13
"14A The PromenadeEdgwarebury LaneEdgwareHA8 7JZ",20/02/2018 00:00,,Mr Michael Kauffer,"17 Pangbourne DriveStanmoreMiddx HA7 4QX",5
"16 Hoop LaneLondonNW11 8JL",20/02/2018 00:00,,Mr Uriel Levy,"Nico Investments Ltd21 Holly Park GardensLondonN3 3NG",17
"140 Hendon WayLondonNW2 2NG",02/03/2018 00:00,,Mr Gregory Valentine,"36 The ValeLondonNW11 8SG",11
"4 Grampian GardensLondonNW2 1JG",19/07/2018 00:00,,Mr Teddy Nazim,"5 Grampian GardensGolders GreenLondon NW2 1JH",5
"67 Wilberforce RoadLondonNW9 6AT",08/01/2019 00:00,,Mr Mohammed Mirza,"20 Wise Lane Mill Hill  London NW7 2RE",9
"8 Orchard CrescentEdgwareHA8 9PW",11/10/2018 00:00,,Mrs Anna Etingen,"14 Highview GardensLondonHA8 9UE",9
"23 Alyth GardensLondonNW11 7EN",18/10/2018 00:00,,Mr Naftali Cohen,"23 Alyth GardensLondonNW11 7EN",10
"10 Colindale AvenueLondonNW9 5DR",23/10/2018 00:00,,Mr Peter Steyne,"8 Valencia RoadStanmoreHA7 4JH",3
"5A Burlington ParadeGratton TerraceLondonNW2 6QW",30/10/2018 00:00,,Mr Paul Bailey,"15 Tanners LaneBurfordOxon OX18 4NA",4
"5 Sneath AvenueLondonNW11 9AJ",23/02/2018 00:00,,Mr Godfrey Minsky,"13 Red RoadBorehamwoodHerts WD6 4SR",7
"16 Old Rectory GardensEdgwareMiddxHA8 7LS",15/11/2018 00:00,,Mr Albert Yeo,"3 Brookvale RoadPriorsleeTelfordTF2 9RL",6
"Flat 3Kennyland CourtHendon WayLondonNW4 3LU",17/05/2018 00:00,,Mr Brian Schama,"Quadrant House Floor 64 Thomas More Square London E1W 1YW",5
"39 Alexandra RoadLondonNW4 2SB",06/11/2018 00:00,,Mr Paramjit Bhinder,"57 Audley RoadHendon, LondonNW4 3EU",6
"39 Dartmouth RoadLondonNW4 3HY",05/04/2018 00:00,,Mr Danius Radivilavicius,"77 Atherstone CourtDelamere TerraceLondon W2 6PH",5
"12 Wroughton TerraceLondonNW4 4LE",02/11/2018 00:00,,Mr Robert Dyan,"7 Holly Park Finchley London N3 3JA",6
"199 Blundell RoadEdgwareHA8 0JJ",23/10/2018 00:00,,Mr Peter Steyne,"8 Valencia RoadStanmore HA7 4JH",5
"42 Waverley GroveLondonN3 3PX",26/01/2018 00:00,,Brookpark Hotels LTD,"42 Waverley GroveLondonN3 3PX",5
"45 Beaufort ParkLondonNW11 6BS",06/03/2018 00:00,,Mrs Lee Dein,"6 Connaught DriveFinchleyLondon NW11 6BJ",5
"18 Maxwelton CloseLondonNW7 3NA",06/03/2018 00:00,,Mr Sudhir Hathi,"155 Beverley DriveEdgwareMiddlesex HA8 5NJ",5
"60 Glebe RoadLondonN3 2AX",13/03/2018 00:00,,Mr Tunde Atoyebi,"Suite 29 Prospect House,2 Athenaem RoadWhetstone N20 9AE",5
"82 Brook AvenueEdgwareHA8 9XA",21/11/2018 00:00,,Mykhaylo Datsyuk,"40 Glenwood Grove London NW9 8HH",7
"373 Watford WayLondonNW4 4TE",25/01/2018 00:00,,Dr Dharmanie Maganda Makalanda,"11 Drapers RoadEnfield Middlesex EN2 8LT",5
"18 Clitterhouse RoadLondonNW2 1DG",26/06/2018 00:00,,Mr Charles Teff,"5 Eastville Avenue LondonNW11 0DH",5
"103 Deans LaneEdgwareHA8 9PD",06/11/2018 00:00,,Mr Marius Iacob Solovastru,"9 Donnington RoadLondonHA3 0NB",14
"96 Station RoadLondonN3 2SG",25/09/2018 00:00,,Mr Mark Flynn,"2B Balfour GroveLondonN20 0SJ",11
"44 Greyhound HillLondonNW4 4JP",16/10/2018 00:00,,Mr Mr Frank Mordecai & Mrs Gillian Cohen,"PO Box 2451Netanya 4212302Israel",
"10 West ViewLondonNW4 2SY",30/10/2018 00:00,,Mr John Needleman,"7 Aldenham GroveRadlettHertfordshire WD7 7BW",6
"150 Cheviot GardensLondonNW2 1QA",15/02/2018 00:00,,Mrs Shijia Kit,"332 Watford WayHendonLondon NW4 4UY",5
"66 Highfield AvenueLondonNW11 9TY",15/08/2018 00:00,,Mr Daren Davis,"Flat A60 Brookside RoadLondonNW11 9NG",5
"22 Colindale AvenueLondonNW9 5DR",23/10/2018 00:00,,Mr Peter Steyne,"8 Valencia RoadStanmoreHA7 4JH",3
"237 Watford WayLondonNW4 4SL",30/10/2018 00:00,,Mr Krzysztof Milla,"MDream Property29 Finchley LaneHendonLondon NW4 1BX",9
"49 Grenville PlaceLondonNW7 3SF",10/05/2018 00:00,,Ms Anjalee Bhurton,"115 Farm RoadLondonHA8 9LR",5
"18 Montagu RoadLondonNW4 3ES",17/05/2018 00:00,,Mr Urrish Patel,"39 Cool Oak Lane LondonNW9 7BH",7
"The SpaniardsSpaniards RoadLondonNW3 7JJ",27/12/2018 00:00,,MITCHELLS & BUTLERS RETAIL LIMITED,"27 Fleet StreetBirminghamB3 1JP",9
"18 Swannell WayLondonNW2 1FB",07/02/2018 00:00,,Mrs  Parita Patel,"37 Honeyman CloseBrondesbury  ParkLondonNW6 7AZ",5
"7 Dehar CrescentLondonNW9 7BD",16/01/2019 00:00,,Mr Mohammed Mirza,"20 Wise LaneMill HillLondon NW7 2RE",6
"145 Colindale AvenueLondonNW9 5HB",27/09/2018 00:00,,Mr Peter Steyne,"8 Valencia RoadStanmoreHA7 4JH",5
"44 Ashbourne AvenueLondonNW11 0DS",21/08/2018 00:00,,Mrs Dinah Heller,"123 Leeside Crescent LondonNW11 0JN",10
"Flat 12ANorthumberland House237 Ballards LaneLondonN3 1LB",27/02/2018 00:00,,Mr Rajesh Melwani,"75 Mayflower LodgeRegents Park RoadLondon N3 3HX",5
"31 The LoningLondonNW9 6DR",13/04/2018 00:00,,Mr Imran Khalid,"31 The LoningLondonNW9 6DR",5
"279 Golders Green RoadLondonNW11 9JJ",17/05/2018 00:00,,Mr Samuel Gabay,"Netzach Israel Limited188 Great North Way RoadLondon NW4 1DY",10
"83 Dollis ParkLondonN3 1BT",07/09/2018 00:00,,Wildwood Properties Ltd,"Gei House141 Cricklewood BroadwayLondonNW2 3HY",11
"3 Balmoral AvenueLondonN11 3QA",27/06/2018 00:00,,Mr Hitesh Modi,"20 Ames CloseLutonBedfordshireLU3 4AS",10
"95 Goldbeaters GroveEdgwareHA8 9DR",28/06/2018 00:00,,Mr Besnik Dedei,"315 Deansbrook RoadEdgwareMiddlesexHA8 9DD",6
"60 Gresham GardensLondonNW11 8PD",31/07/2018 00:00,,Mr Tony Graham,"26 Balfour RoadLondonN5 2HE",5
"14 Brent WayLondonN3 1AL",25/01/2018 00:00,,Mr Daniel Rayan,"Flat 8, Block COssington Bulidings London W1U 4BJ",9
"12B The PromenadeEdgwarebury LaneEdgwareHA8 7JZ",20/02/2018 00:00,,Mr Michael Kauffer,"17 Pangbourne DriveStanmoreMiddx HA7 4QX",5
"24 Wallcote AvenueLondonNW2 1AU",30/04/2018 00:00,,Caring Properties Limited,"143 Wargrave AvenueLondonN15 6TX",6
"625A Watford WayLondonNW7 3JN",11/07/2018 00:00,,Mr Martin Kaye,"4 Copthall GardensMill Hill NW7 2NG",7
"Flat 5Wendover CourtFinchley RoadLondonNW2 2PG",07/08/2018 00:00,,Mr Alfred Yazdiha,"29 Dollis AvenueLondonN3 1DA",6
"4 DessouterLittle StrandLondonNW9 5PB",01/11/2018 00:00,,Mr Rakesh Shah,"19 Sudbury Hill CloseWembleyHA0 2QR",5
"19 Clifton GardensLondonNW11 7ER",11/09/2018 00:00,,Mrs Oznur Kahveci,"66 Clitterhouse RoadLondon NW2 1DJ",10
"72 Durham RoadLondonN2 9DS",20/02/2018 00:00,,Dimitrios Phaphitis,"42 Baneberry DriveFeatherstoneWolverhamptonWV10 7TR",10
"55 Waterfall RoadSouthgateN11 1JE",31/05/2018 00:00,,Mr Simon Gerrard,"Martyn Gerrard House197 Ballards LaneLondonN3 1LP",5
"39 Woodville RoadLondonNW11 9TP",12/06/2018 00:00,,"Mr Stuart FeldmanFeldman","16 Hillcrest AvenueLondon NW11 0EN",5
"1183A Finchley RoadLondonNW11 0AA",06/09/2018 00:00,,Mr Marjan Keqaj,"208 Markhouse RoadWalthamstowLondonE17 8EP",8
"29 Naylor RoadLondonN20 0HE",07/08/2018 00:00,,Mr Muhammed Miah,"11 Fakenham CloseLondonNW7 2SD",5
"1 Cloister RoadLondonNW2 2NN",21/08/2018 00:00,,Rooms And Studios London Ltd,"73 Maygrove RoadLondon NW6 2EG",4
"46 Hurstwood RoadLondonNW11 0AT",12/06/2018 00:00,,Buta Living Ltd,"640A Finchley RoadLondonNW11 7RR",8
"1 Wallcote AvenueLondonNW2 1AX",31/07/2018 00:00,,Abraham Spitzer,"AH & E Investments Ltd55 Fairholt RoadLondonN16 5EW",6
"21 Highfield AvenueLondonNW11 9EU",13/09/2018 00:00,,Mr Albert Toledano,"30 Sherwood RoadLondonNW4 1AD",5
"Rosedale House198 Alexandra RoadLondonN10 2ES",24/04/2018 00:00,,WhiteHall Park Ltd,"76 Havershock HillLondonNW3 2BE",4
"9B Finchley LaneLondonNW4 1BN",17/05/2018 00:00,,Brian Schama,LEEDAN INVESTMENTS LIMITED,5
"22 Nether StreetLondonN12 7NL",16/10/2018 00:00,,Mr Chhagan Mistry,"19 Reservoir RoadSouthgateLondon N14 4BB",8
"35 Park RoadLondonNW4 3PL",21/06/2018 00:00,,Mr David Goldsmith,"54 Jessica CrescentTottonSouthampton SO40 2BP",5
"48 Woolmead AvenueLondonNW9 7AY",30/06/2018 00:00,,Mr Mohammed Mirza,"20 Wise LaneMill HillLondon NW7 2RE",7
"49 Rowsley AvenueLondonNW4 1AP",20/03/2018 00:00,,Mr Jonathan Trup,"51 Glenmore RoadLondonNW3 4DA",6
"Flat 18BParade MansionsVivian AvenueLondonNW4 3YD",23/05/2018 00:00,,Mr Mario Ioannou,"36 Mount Pleasant CockfostersBarnetEN4 9HH",5
"133A Station RoadLondonN3 2SP",11/09/2018 00:00,,Mr Gad Levy,"1 Spring Place, Windermere Avenue,London N3 3QB.",5
"400 Watford WayLondonNW4 4XE",28/08/2018 00:00,,Mr Sunny Depala,"75 Hall LaneLondon NW4 4TJ",5
"46 Wilton RoadLondonN10 1LS",26/09/2018 00:00,,Mr Steve Masters,"35A York RoadLondonEN5 1LN",13
"4 Hendale AvenueLondonNW4 4LR",27/09/2018 00:00,,Mrs Ester Roiter,"35 Hendale Avenue London  NW4 4LU ",5
"Upper Floor69 Templars AvenueLondonNW11 0NR",13/02/2018 00:00,,Buta Living Limited,"640A Finchley RoadLondonNW11 7RR",7
"99 Woodstock AvenueLondonNW11 9RH",21/03/2018 00:00,,Mr Abdol Jabbar Nejabat,"8 Heathfield GardensLondonNW11 9HX",8
"Flat B115 Bell LaneLondonNW4 2AR",04/06/2018 00:00,,Mr Charles Teff,"5 Eastville AvenueGolders GreenLondon NW11 0HD",4
"3 Cuneo MewsLondonNW7 1JQ",09/05/2018 00:00,,Xiang -Kang Chen,"26 Gillespie RoadLondonN5 1LN",5
"72 Woodstock AvenueLondonNW11 9RJ",10/09/2018 00:00,,Mr Xinglong Wang,"Flat 4 South Hill Park,London, NW3 2SB",5
"30 Ravenshurst AvenueLondonNW4 4EG",27/11/2018 00:00,,Mr Haim Gurvitz,"124 Sunny Gardens RoadHendonLondon NW4 1RY",8
"123 Fairfield CrescentEdgwareHA8 9AL",26/04/2018 00:00,,Mr Avraham Mizrachi,"4 ElmsideStoneyfields LaneEdgwareHA8 9SG",12
"22 Old Rectory GardensEdgwareHA8 7LS",13/04/2018 00:00,,Mr Hossein Javid,"133 Green LaneEdgwareHA8 8EL",8
"66 Hamilton RoadLondonNW11 9EJ",28/08/2018 00:00,,Mr Neil Sheinfeld,"70-78 West Hendon BroadwayLondon NW9 7BT",5
"71 Sheaveshill AvenueLondonNW9 6SA",12/09/2018 00:00,,Mr Ahmed Assadi,"71 Sheaveshill AvenueLondonNW9 6SA",10
"25 Elmshurst CrescentLondonN2 0LN",20/03/2018 00:00,,Mrs Leora Dein,"6 Connaught DriveLondonNW11 6BJ",5
"5 Trevor GardensEdgwareMiddxHA8 0EY",26/10/2018 00:00,,Mr Peter Steyne,"8 Valencia RoadStanmoreHA7 4JH",5
"19 Edgware WayEdgwareMiddxHA8 9SS",03/11/2018 00:00,,Mr Khalid Puri,"5 Great Leys Court Beningfield Drive London ConeyAL2 1GJ",9
"22 Annesley AvenueLondonNW9 5DY",23/10/2018 00:00,,Mr Peter Steyne,"8 Valencia RoadStanmore HA7 4JH",3
"2 Woodville GardensLondonNW11 9ED",22/02/2018 00:00,,Mr Craig Rich,"56 Glengall RoadEdgwareHA8 8SX",6
"28 Glebe CrescentLondonNW4 1BU",13/09/2018 00:00,,Mr Milla Krzysztof,"29 Finchley RoadLondonNW4 1BX",7
"211A Deansbrook RoadEdgwareMiddxHA8 9BU",02/10/2018 00:00,,Mr Peter Steyne,"8 Valencia RoadStanmoreHA7 4JH",7
"3 Woodstock AvenueLondonNW11 9RG",25/04/2019 00:00,,Mr Kamyar Mansouri,"155 Golders Green RoadLondonNW11 9BX",12
"29 St Marys RoadLondonNW11 9UE",10/04/2018 00:00,,Mr Zev Adler,"15 Highfield AvenueLondonNW11 9EU",9
"Flat 6Kennyland CourtHendon WayLondonNW4 3LU",25/05/2018 00:00,,Mr Shivam Yadave,"61 Whitchurch GardensEdgwareMiddlesex HA8 6PF",5
"26 Moorlands AvenueLondonNW7 2DF",12/06/2018 00:00,,Mrs Carol Akiwumi,"1 Green AvenueLondonNW7 4QB",5
"Flat 11Beechcroft CourtBeechcroft AvenueLondonNW11 8BP",17/05/2018 00:00,,Ms Annabel Baruch,"Barlondon Ltd35 Ballards LaneLondon N3 1XW",5
"100 Watford WayLondonNW4 4TF",16/10/2018 00:00,,Mr Aryeh Sufrin,"17 Sydney GroveLondonNW4 2EJ",14
"23 St Marys RoadLondonNW11 9UE",17/09/2019 00:00,,Mr Jawaid Sheikh,"19 St Thomas RoadLondonN14 6AJ",9
"1 Ambrose AvenueLondonNW11 9AP",27/11/2018 00:00,,Mr Jaber Abeeat,"84 Fortune Green RoadLondonNW6 1DS",10
"4A Burlington ParadeGratton TerraceLondonNW2 6QW",30/10/2018 00:00,,Mr Paul Bailey,"15 Tanners Lane Burford Oxon OX18 4NA",4
"63 Woodlands AvenueLondonN3 2NS",24/04/2018 00:00,,Mrs Li Shiqi,"11 Blackhorse RoadLondon  E17 7AH",7
"14 Nether StreetLondonN12 7NL",31/10/2018 00:00,,Mr Chhagan Mistry,"19 Reservoir RoadLondonN14 4BB",7
"99 Booth RoadLondonNW9 5JU",23/01/2018 00:00,,Group 365 LTD,"30-32 St Georges DriveLondon SW1V 4BN",9
"First Floor Flat1 Cat HillBarnetEN4 8HG",16/03/2018 00:00,,Ralph  Bailey,"118 TollgateColney HeathAL4 0PY",6
"Flat 21Florence MansionsVivian AvenueLondonNW4 3UY",30/04/2018 00:00,,Mr Sheldon Howard,"23 Glanleam RoadStanmore, MiddxNA7 4NW",5
"100 Longmore AvenueBarnetEN5 1JY",31/10/2018 00:00,,Mrs Mr Jayesh Jayant Patel And Mrs Tina Patel,"40 Holloways LaneWelham GreenHatfieldAL9 7NS",8
"Flat 6Dollis CourtCrescent RoadLondonN3 1HR",07/02/2018 00:00,,Mr RODD LAIRD RAMSAY,"Flat 7 24 Bridge LaneLondonEC4Y 8DT",4
"37 Littlefield RoadEdgwareHA8 0TB",09/05/2018 00:00,,Mr Tito Cuaresma-Tacbi,"50 Blessbury RoadEdgware, Middlesex HA8 0SX",5
"81 Quinta DriveBarnetEN5 3DA",10/05/2018 00:00,,Group 365 Ltd,"30-32 St Georges Drive London  SW1V 4BN",12
"113 Etchingham Park RoadLondonN3 2EE",23/05/2018 00:00,,Mr Juan Diego Posada,"Little Pyne HouseUpton PyneDevon EX5 5EG",7
"30 Torrington ParkLondonN12 9SS",15/03/2018 00:00,,Wildwood Properties Ltd,"GEI House141 Cricklewood BroadwayLondonNW2 3HY",21
"50 The BurroughsLondonNW4 4AN",20/02/2018 00:00,,Mrs Alison Kanter,"C/o Roundtree Real Estate1 Sentinel SquareBrent Street, HendonNW4 2EL",3
"59 Holders Hill AvenueLondonNW4 1ES",14/05/2018 00:00,,Mr Joseph Skandrani,"59 Holders Hill AvenueLondonNW4 1ES",5
"8 Oakview GardensLondonN2 0NJ",10/05/2018 00:00,,Mr Loucas Demetriou,"40 High RoadLondonN2 9PJ",5
"17 Pymmes Green RoadLondonN11 1DE",25/01/2018 00:00,,Mr Paul Doran Jones,"86 London RoadGuildfordSurrey GU1 1SS",5
"19 Greenway GardensLondonNW9 5AY",23/02/2018 00:00,,Mr Chee Yee Tan,"18 Rankin CloseLondonNW9 6SR",4
"40A Gratton TerraceLondonNW2 6QE",28/02/2018 00:00,,Mrs Wendy Deacon,"43A Riffel RoadLondonNW2 4PB",7
"2 Grasvenor AvenueBarnetEN5 2BZ",08/11/2018 00:00,,Ms Mary Garland,"5 Nuns LaneSt AlbansAL1 2HS",5
"11 Richmond RoadLondonN2 8JT",21/12/2017 00:00,,Michelle O' Connell,"5 The Willows1025 High RoadLondonN20 0QE",5
"Flat 12Temple Fortune MansionsFinchley RoadLondonNW11 0QR",30/03/2018 00:00,,Mr Steven Harris,"Connaught House1-3 Mount StreetLondon W1K 3NB",5
"17 Booth RoadLondonNW9 5JS",27/04/2018 00:00,,Ms Kanchan Parmar,"17 Booth RoadLondonNW9 5JS",9
"1 Rickard CloseLondonNW4 4XH",20/11/2018 00:00,,Mrs Zena Behrman,"27 Prothero GardensHendonLondon NW4 3SJ",5
"1 The GroveLondonN3 1QN",14/05/2018 00:00,,Mr Asif Hassan,"23 Michleham DownLondonN12 7JJ",14
"10 Horton AvenueLondonNW2 2SA",20/03/2018 00:00,,Miss Miss Ana Clara De Souza Ramos Nogueira,"10 Adeney Close LondonW6 8ET",3
"1 Alyth GardensLondonNW11 7EN",20/03/2018 00:00,,Mr  Norman Gabay,"99 The RidgewayLondonNW11 9RX",5
"34 Booth RoadLondonNW9 5JR",09/05/2018 00:00,,Mrs Kanchan Parmar,"17 Booth RoadLondonNW9 5JS",5
"Flat 7Alba CourtAlba GardensLondonNW11 9NP",12/07/2018 00:00,,Dr Fazal Mahmud,"5 Walkers RidgeCamberleySurreyGU15 2DF",5
"6 Cumbrian GardensLondonNW2 1EF",27/02/2018 00:00,,Mr Teddy Nazim,"5 Grampian GardensLondonNW2 1JH",4
"30 Clitterhouse RoadLondonNW2 1DJ",29/03/2018 00:00,,Mr Patrick Keegan,"3 Clayton RoadLeedsLS10 2HE",5
"2A Longfield AvenueLondonNW7 2EG",21/05/2018 00:00,,Mr Mohammad Hussain Chaudhary,"2A Longfield AvenueMill HillLondon NW7 2EG",7
"24 Nether StreetLondonN12 7NL",08/05/2018 00:00,,Mr Chhagan Mistry,"19 Reservoir RoadLondonN14 4BB",5
"20 Woodside GroveLondonN12 8QU",24/04/2018 00:00,,Wildwood Properties Ltd,"GEI House141 Cricklewood BroadwayLondon NW2 3HY",16
"124 Hamilton RoadLondonNW11 9EA",15/05/2018 00:00,,Mr Rye Ramdenee,"264 Cranbrook RoadIlford IG1 4UR",6
"15 Edgecumbe AvenueLondonNW9 4AT",14/08/2018 00:00,,KNK(Global) Enterprise Ltd,"71-75 Shelton StreetCovent GardenLondonWC2H 9JQ",6
"1 GrebeBroadhead StrandLondonNW9 5PS",13/12/2018 00:00,,Mr Rakesh Shah,"19 Sudbury Hill CloseWembley HA0 2QR",5
"3 Albany Row12 The CausewayLondonN2 0XB",01/11/2018 00:00,,Mr Feon Chen,"8 Castle Gogar RiggEdinburghScotlandEH12 9FP",5
"53 Greenfield GardensLondonNW2 1HT",03/04/2018 00:00,,Mr Habib Ebadollahzadeh-Namini,"47 Vernon CourtHendon Way NW2 2PE",6
"12 Westfield RoadLondonNW7 3BL",29/06/2018 00:00,,Mr Kyriacos Kyriacou,"12 Westfield RoadLondonNW7 3BL",10
"6 Wroughton TerraceLondonNW4 4LE",21/09/2018 00:00,,Mr Luigi La Falce,"16 Ashley WalkLondon NW7 1DU",5
"18 Nether StreetLondonN12 7NL",23/10/2018 00:00,,Mr Peter Steyne,"8 Valencia RoadStanmoreMiddxHA7 4JH",7
"89 Sevington RoadLondonNW4 3RU",14/06/2018 00:00,,Mr Krzysztof Milla,"MDream Property29 Finchley LaneLondon NW4 1BX",10
"4 Moxon StreetBarnetEN5 5TY",04/12/2018 00:00,,Mr Helal Uddin,"4 Wortley RoadEast HamLondonE6 1AY",6
"24 Friern Barnet LaneLondonN11 3LX",21/09/2018 00:00,,Mr David Graham Frank Lee,"The Hollies 20 Hatton StreetWellingboroughNN8 5AW",5
"15 Brentfield GardensLondonNW2 1JP",20/02/2018 00:00,,Mr Ofer Lupo,"78 Golders Green RoadP.O.Box 345London NW11 8AL",5
"61 Greyhound HillLondonNW4 4JN",11/10/2018 00:00,,Mr Gholamreza Nikzamir,"61 Greyhound HillLondonNW4 4JN",5
"29 Sandringham RoadLondonNW11 9DR",15/06/2018 00:00,,Mr  Zamen Ali,"1A Golders Green RoadLondonNW11 8DY",7
"Flat 17Vernon CourtHendon WayLondonNW2 2PD",15/06/2018 00:00,,Mr Alfred Yazdiha,"29 Dollis AvenueLondonN3 1DA",6
"138 Ballards LaneLondonN3 2PA",29/11/2018 00:00,,Mr Petru Lucuta,"30 Preston Hill HarrowHA3 9SD",9
"2A East Barnet RoadBarnetEN4 8RW",19/02/2019 00:00,,Mrs Yvette Hartland,"21 Weirdale AvenueWhetstoneLondonN20 0AN",5
"Flat 25Wendover CourtFinchley RoadLondonNW2 2PG",05/03/2019 00:00,,Mr Alfred Yazdiha,"29 Dollis AvenueLondonN3 1DA",5
"226 Cricklewood LaneLondonNW2 2PU",02/04/2019 00:00,,Mr John Mccormick,"LFK Ltd65 Woodcock HillKentonHarrow",9
"88 Hamilton RoadLondonNW11 9DY",26/03/2010 00:00,,Dreamview Management,"34 Golders Green RoadLondonNW11 8LL",7
"13 Golders WayLondonNW11 8JY",04/04/2019 00:00,,Dreamview  Management,"34 Golders Green RoadLondonNW11 8EL",
"24 Talbot CrescentLondonNW4 4PE",16/07/2019 00:00,,Mrs Saira Don,"Dillon Care Ltd24 Talbot CrescentLondon NW4 4PE",6
"20 King Edward RoadBarnetHertsEN5 5AP",23/04/2019 00:00,,Ms Mary Mason,"Solace Women's AidUnit 5-7 Blenheim Court62 Brewery RoadLondonN7 9NY",19
"54 Bell LaneLondonNW4 2AE",28/03/2019 00:00,,Mr Alexander James Friedmann,"23 Glebe CrescentLondonNW4 1BT",5
"48 Great North WayLondonNW4 1HS",09/11/2018 00:00,,Mr Eddie Kashi,"18 Foreland Court Holders Hill RoadHendon, LondonNW4 1LG",9
"14 Langham GardensEdgwareHA8 9EG",21/12/2018 00:00,,Mr Vasant Bhojani,"60 Ravenscroft AvenueWembleyMiddlesex HA9 9TL",5
"347 Hendon WayLondonNW4 3NB",20/02/2019 00:00,,Mr Aviram Cohen,"BarakaGreenbank CrescentLondon NW4 2LA",5
"Flat 10Wendover CourtFinchley RoadLondonNW2 2PG",05/03/2019 00:00,,Mr Alfred Yazdiha,"29 Dollis AvenueLondonN3 1DA",7
"Flat 41Wendover CourtFinchley RoadLondonNW2 2PH",05/03/2019 00:00,,Mr Alfred Yazdiha,"29 Dollis AvenueLondonN3 1DA",6
"Flat 24Wendover CourtFinchley RoadLondonNW2 2PG",05/03/2019 00:00,,Mr Alfred Yazdiha,"29 Dollis AvenueLondonN3 1DA",6
"69 Dallas RoadLondonNW4 3JD",12/02/2019 00:00,,Mr Swapan Paul,"33 Barn WayLondonHA9 9NS",10
"60 Babington RoadLondonNW4 4LD",16/01/2019 00:00,,Ms Saniye Kucukbalaban,"60 Babington RoadHendonLondon NW4 4LD",5
"144 Oakleigh Road NorthLondonN20 0UL",12/03/2019 00:00,,Stef & Philips Ltd,"68 Aldermans Hill London N13 4PP",5
"39 Lichfield RoadLondonNW2 2RG",10/09/2019 00:00,,Mr Peter Steyne,"Concorde HouseGrenville PlaceMill HillNW7 3SA",13
"124 Hamilton RoadLondonNW11 9EA",15/08/2019 00:00,,Mr Michael Mizrachi,"Home Studios 4U Ltd12-16 Portsdown MewsLondonNW11 7HD",6
"38 Heriot RoadLondonNW4 2DG",07/08/2019 00:00,,Mr Manoj Patel,"14 Foscote Road London NW4 3SD",5
"23A Dollis ParkLondonN3 1HJ",18/01/2019 00:00,,Mr Nicholas John Mathers,"56 Horn Hill Whitwell Hitchen HertsSG4 8AR",5
"19 Sturgess AvenueLondonNW4 3TR",19/03/2019 00:00,,Miss Gratzia Levy,"45 Sherwood RoadLondonNW4 1AE",6
"61A Golders Green RoadLondonNW11 8EL",16/04/2019 00:00,,Dreamview Management,"34 Golders Green Road LondonNW11 8LL",5
"85 Prayle GroveLondonNW2 1BB",11/12/2018 00:00,,Caring Properties Limited,"143 Wargrave AvenueLondonN15 6TX",6
"4 Glebe RoadLondonN3 2AX",10/01/2019 00:00,,Mr Tago Umenyilora,"47 Netherlands RoadNew BarnetBarnet EN5 1BP",5
"2 Bellevue RoadLondonN11 3ER",11/12/2018 00:00,,Mr Mark Kaye,"Sonesta4 Knowl WayElstreeHerts WD6 3NB",
"36 Hillside DriveEdgwareMiddxHA8 7PG",21/12/2018 00:00,,Mrs Shuming Chen,"2 AlbanwoodWatfordWD25 7BZ",10
"182 Station RoadLondonN3 2SG",13/03/2019 00:00,,Mr Olivier Levenfiche,"The Levoltan Corporation Ltd233 Regents Park RoadLondonN3 3PQ",11
"Flat 2Wendover CourtFinchley RoadLondonNW2 2PG",02/05/2019 00:00,,Mr Alfred Yazdiha,"29 Dollis Avenue LondonN3 1DA",8
"16 Sevington RoadLondonNW4 3SB",08/10/2019 00:00,,Mr Shah Agha Hussaini,"1 Tithe WalkLondon HendonNW7 2PY",14
"49 Hillfield AvenueLondonNW9 6NY",28/11/2018 00:00,,Mr Martin Sean Prendergast,"192 Wellington RoadEnfield London EN1 2RT",5
"20 Second AvenueLondonNW4 2RN",11/01/2019 00:00,,Mrs Amy Kong,"8 Clarendon Gardens LondonNW4 4UU",5
"47 Edgeworth CrescentLondonNW4 4HA",27/02/2019 00:00,,Mr Giorgio Timanti,"22 Harmsworth WayLondonN20 8JT",5
"4 Claremont RoadLondonNW2 1BP",22/03/2019 00:00,,Mrs Margaret Fitzgerald,"10 Claremont RoadLondonNW2 7BP",11
"48 Watling AvenueEdgwareHA8 0LT",16/04/2019 00:00,,Mr Adey Fasogbon,"48 Watling AvenueEdgwareHA8 0LT",6
"69 Greyhound HillLondonNW4 4JN",18/12/2018 00:00,,Mr Sami Barakas,"Flat 2, Ibis Court105 Hendon LaneN3 3TP",5
"11A Woodhouse RoadLondonN12 9EN",29/01/2019 00:00,,Mr Joel Gerard,"Milloyd Investnments Ltd44 Little CommonStanmoreHA7 3BZ",10
"8 Lichfield RoadLondonNW2 2RE",11/04/2019 00:00,,Mr Alan Rossiter,"37 Anson RoadLondonNW2 3UY",11
"36 Glebe CrescentLondonNW4 1BU",18/06/2019 00:00,,M Dream Property Ltd,"29 Finchley Lane London  NW4 1BX",5
"Flat 87 Russell ParadeGolders Green RoadLondonNW11 9NN",02/07/2019 00:00,,Mr Shailesh Kadiwar,"C/O Moreland903 - 905 Finchley RoadLondonNW11 7PE",5
"121 Watling AvenueEdgwareMiddxHA8 0LY",25/02/2019 00:00,,Mr Besnik Dedei,"37 Thirleby RoadEdgware MiddlesexHA8 0HE",6
"Flat 8Brent View HouseNorth Circular RoadLondonNW11 9LE",12/04/2019 00:00,,,"Elegant Property Group336 Ballards LaneLondonN12 0EY",5
"28 Wessex GardensLondonNW11 9RT",30/07/2019 00:00,,Mr Daniel Selby,"84 Temple Fortune LaneLondonNW11 7TX",9
"13 Egerton GardensLondonNW4 4BB",05/02/2019 00:00,,London Homestead Property Management Ltd,"Highview House6 Queens RoadHendonNW4 2TH",5
"32 Gervase RoadEdgwareHA8 0EP",25/04/2019 00:00,,Mr Steyne Peter,"Concorde HouseGrenville PlaceMill Hill NW7 3SA",5
"30 Greenway GardensLondonNW9 5AX",04/04/2019 00:00,,Mr Aryazaid Nezami,"18 Tithe CloseLondonNW7 2QD",5
"32 Holders Hill CrescentLondonNW4 1ND",22/03/2019 00:00,,Mr Alfred Yazdiha,"29 Dollis AvenueLondonN3 1DA",8
"28 Portsdown AvenueLondonNW11 0NG",04/07/2019 00:00,,Harry Twyford,"C/O West And City Management Ltd37A Walm LaneLondonNW2 4QU",5
"83 SouthfieldsLondonNW4 4NA",10/01/2019 00:00,,Mr Zvi Adler,"5 Ascot Place20 Marsh Lane Stanmore Middlesex HA7 4HH",5
"203 Watford WayLondonNW4 4SL",19/02/2019 00:00,,Mr Rakesh Shah,"19 Sudbury Hill CloseLondon HA0 2QR",6
"20 Mountfield RoadLondonN3 3NE",04/03/2019 00:00,,Mr Oliver Levenfiche,"The Leviltan Corporation Ltd233 Regents Park RoadLondon N3 3LF",8
"4 Romney RowBrent TerraceLondonNW2 1BW",28/03/2019 00:00,,Ab-Flatmate LTD,"5A Accomodation RoadLondonNW11 8ED",5
"3 Gloucester GardensLondonNW11 9AB",23/07/2019 00:00,,Mr Farzad Zahab,"78 Wise LaneLondonNW7 2RG",20
"1 Somaford GroveBarnetEN4 8UL",04/07/2019 00:00,,Mr Wesley Paul Gaughan,"Unit 2 Wrotham Business ParkBarnetHerts EN5 4SZ",7
"16 Station RoadLondonNW4 4PZ",04/12/2018 00:00,,Ajit Varsani,"39 Regal WayHarrowMiddlesexHA3 0RZ",8
"63 Avenue RoadLondonN12 8PY",25/06/2019 00:00,,Mr Shen Yan,"21 Lorian CloseLondonN12 7DW",5
"97A Golders Green RoadLondonNW11 8EN",22/05/2019 00:00,,Mr Robert Thompson,"Russmore Property Company Ltd42 South Molton Street London W1K 5RR",5
"Flat 232 Montpelier RiseLondonNW11 9DS",15/05/2019 00:00,,Mr Jaysukh Thakrar,"30 Montpelier Rise Golders Green London NW11 9DS",5
"20A Church TerraceLondonNW4 4JU",26/02/2019 00:00,,Mr Yoav Tal,"My ConstructionUnit 5, Sayer HouseOxgate LaneLondon NW2 7JN",5
"27 Trinity RoadLondonN2 8JJ",07/02/2019 00:00,,Mr Marcus Newbold,"St Ledger Investments Ltd121 Junction Road LondonN19 5PX ",4
"Flat 30Wendover CourtFinchley RoadLondonNW2 2PH",05/03/2019 00:00,,Mr Alfred Yazdiha,"29 Dollis AvenueLondonN3 1DA",5
"53 Albert RoadLondonNW4 2SH",10/05/2019 00:00,,Mr Jonathan Lipton,"21A West Heath RoadLondon NW3 7UU",5
"6 Princes AvenueLondonN3 2DB",06/06/2019 00:00,,Mr Gerald Kennedy,"6 Princes AvenueFinchley CentralLondonN3 2DB",7
"28 Brentmead PlaceLondonNW11 9LH",18/12/2018 00:00,,Mr Hamid Kamyab,"24 Llanvanor RoadLondonNW2 2AP",16
"2 North End RoadLondonNW11 7PH",04/06/2019 00:00,,Mr Dorian Nineberg,"1 Bramley CloseMill HillNW7 4BR",11
"15 Endersleigh GardensLondonNW4 4RX",13/12/2018 00:00,,Ms Issabella Gyebi,"15 Endersleigh GardensLondonNW4 4RX",5
"58 Sevington RoadLondonNW4 3RX",23/07/2019 00:00,,Mrs Pari-Vash Fahimian,"24 Sherwood RoadLondon NW4 1AD",5
"238 East End RoadLondonN2 8AX",25/01/2019 00:00,,Mr Adamos Neophytou,"40 Abbots Gardens East Finchley London N2 0JQ",10
"20 Church TerraceLondonNW4 4JU",08/02/2019 00:00,,Mr Yoav Tal,"My ConstructionUnit 5, Sayer HouseOxgate LaneLondon NW2 7JN",5
"94 Cumbrian GardensLondonNW2 1EL",13/08/2019 00:00,,Mr Teddy Nazim,"5 Grampian GardensLondonNW2 1JH",6
"40 Sunningfields RoadLondonNW4 4RL",04/04/2019 00:00,,Mrs Bela Ivanova,"22 Capitol WayLondon NW9 0EQ",4
"8 Leopold RoadLondonN2 8BE",03/12/2019 00:00,,Mr Simon Collins,"21 Woodstock RoadLondon NW11 8ES",5
"6 Balfour GroveLondonN20 0SJ",05/06/2019 00:00,,Mrs Gunawathy Kuganesan,"345 Oakleigh Road NorthLondon N20 0RJ",6
"9 St Margarets RoadEdgwareMiddxHA8 9UP",28/05/2019 00:00,,Mr Ahmet Eren,"228 Old Church RoadLondonE4 8BT",7
"34 North End RoadLondonNW11 7PT",28/05/2019 00:00,,Mr Dorian Nineberg,"1 Bramley CloseMill HillNW7 4BR",5
"Second And Third Floor Maisonette8 North End RoadLondonNW11 7PH",18/06/2019 00:00,,Mr Simon Daruish,"Huntvale London Limited673 Finchley RoadLondon NW2 2JP",5
"224 Ballards LaneLondonN3 2LX",26/04/2019 00:00,,Mr Sotos Antoniades,"527B Green LanesLondonN4 1AN",5
"47 Russell GardensLondonNW11 9NJ",06/06/2019 00:00,,Mrs Hannah Davidoff,"ABC Estates (London) Ltd51 Brent StreetLondonNW4 2EA",6
"62 Crewys RoadLondonNW2 2AD",08/01/2019 00:00,,Mr William McGowan,"300 Neasden LaneLondonNW10 0EP",5
"15A Nant RoadLondonNW2 2AL",03/01/2019 00:00,,Mr Uri Shakuri Kamara,"318 Watford WayLondonNW4 4UY",7
"24 Cyprus RoadLondonN3 3RY",22/02/2019 00:00,,Mr Olivier Levenfiche,"233 Regents Park RoadLondon N3 3LF",10
"4 Garratt RoadEdgwareHA8 9AW",30/05/2019 00:00,,Mr Amar Shah,"20 Jesmond Way Stanmore Middx HA7 4QR",6
"4 Selborne GardensLondonNW4 4SJ",23/05/2019 00:00,,Mr Saqlan Ahmed,"33 Tenterden DriveHendonNW4 1EA",6
"6 Fursby AvenueLondonN3 1PL",23/05/2019 00:00,,Mrs Jayshree Pabari,"5 Falcon Close Leicester Forest East Leicester LE3 3NP",5
"41 SouthfieldsLondonNW4 4LX",20/11/2018 00:00,,Roundtree Real Estates,"4 Sentinel SquareLondonNW4 2EL",5
"8 Ravenscroft AvenueLondonNW11 0RY",30/11/2018 00:00,,Rosh Investments Ltd,"Neon House688 Finchley RoadLondonNW11 7NP",13
"14 Yew GroveLondonNW2 3AD",06/06/2019 00:00,,Jabreal Limited,"34 St Georges RoadLondon NW11 0LR",8
"13 Annesley AvenueLondonNW9 5ED",10/09/2019 00:00,,Viable Properties LTD,"27 Old Glouchester Street  London  WC1N  3AX",4
"12 Babington RoadLondonNW4 4LD",13/08/2019 00:00,,M Dream Property Ltd,"29 Finchley Lane London NW4 1BX",
"110 Normandy AvenueBarnetEN5 2HS",27/06/2019 00:00,,Mr Stephen Peter Smyth,"3 Frederick CloseLondon W2 2HD",6
"37 - 39 West Heath DriveLondonNW11 7QG",18/12/2018 00:00,,Mr Nicos Ladas,"20-22 Leinster Square LondonW2 4PR",23
"1 Grosvenor RoadLondonN3 1EY",21/05/2019 00:00,,Avita Enterprise Ltd,"Ground Floor Right Office 5 Accommodation RoadLondonNW11 8ED",5
"48 Lichfield GroveLondonN3 2JP",06/12/2018 00:00,,Mrs Tahira Piracha,"202 The Pavillion St Johns Wood RoadNW8 7HB",7
"32 Hillcrest AvenueLondonNW11 0EN",29/01/2019 00:00,,Mr Spencer Shalom Meyers,"107 Bridge Lane Golders Green LondonNW11 0EU",5
"231 Crescent RoadBarnetEN4 8SB",19/02/2019 00:00,,Rev Rupert Lazar,"East Barnet Baptist Church Crescent Road London EN4 8PS",4
"7 Kenerne DriveBarnetEN5 2NW",14/05/2019 00:00,,Mr Tony Isaku,"7 Kenerne DriveLondonEN5 2NW",6
"39 Station RoadLondonNW4 4PN",30/07/2019 00:00,,Mr Chin Soo,"39 Station RoadHendonLondonNW4 4PN",10
"Flat 4Chesterfield Court42 Ravenscroft AvenueLondonNW11 8AU",16/07/2019 00:00,,Rent With Us Ltd,"13 West Hampstead MewsLondon NW6 3BB",5
"4 Templars CrescentLondonN3 3QS",25/07/2019 00:00,,Mr Georgios Dimitrios Patros,"4 Templars CrescentFinchleyLondonN3 3QS",8
"85A Golders Green RoadLondonNW11 8EN",04/04/2019 00:00,,Dreamview  Management,"34 Golders Green RoadLondonNW11 8EL",9
"42 Babington RoadLondonNW4 4LD",03/01/2019 00:00,,Ms Muzeyyen Kucukbalaban,"42 Babington RoadLondonNW4 4LD",9
"77A Golders Green RoadLondonNW11 8EN",29/03/2019 00:00,,Dreamview Management,"34 Golders Green Road LondonNW11 8LL",14
"26 Golders RiseLondonNW4 2HR",30/04/2019 00:00,,Mr Hadi Sarbaz,"63 Bittacy RiseMill Hill LondonNW7 2HH",10
"42 Princes AvenueLondonN3 2DB",04/04/2019 00:00,,Mr James Kent,"15 Osborn GardensMill HillLondon NW7 1DY",5
"827 Finchley RoadLondonNW11 8AJ",26/04/2019 00:00,,Mr Murad Shamsi,"827 Finchley RoadLondon NW11 8AJ",
"9 Herbert RoadLondonNW9 6AJ",26/04/2019 00:00,,Mrs Nita Patel,"Oakhurst Barnet Lane TotteridgeLondonN20 8AP",6
"Courtlands24 Northumberland RoadBarnetEN5 1ED",27/06/2019 00:00,,Byron Funds Consulting LTD,"20 Benjamin RoadHigh Wycombe HP13 6SR",12
"8 Sedgemere AvenueLondonN2 0SX",14/12/2018 00:00,,Mr Mustafa Uzel,"23 Barn Way Wembley  HA9 9NT",5
"53 Station RoadLondonN3 2SH",26/02/2019 00:00,,L & G Properties,"79 College RoadHarrow HA1 1BD",13
"15A Albert RoadLondonNW4 2SH",11/04/2019 00:00,,Mr Krzysztof Milla,"29 Finchley LaneLondonNW4 1BX",4
"26 Clovelly AvenueLondonNW9 6DT",08/05/2019 00:00,,Veema (UK) Limited,"161 Green Lane RoadLeicester LE5 3TQ",5
"1 Bovingdon LaneLondonNW9 5WJ",29/01/2019 00:00,,Mrs Margerie Adam,"36 Booth RoadLondonNW9 5JR",12
"186A West Hendon BroadwayLondonNW9 7EE",23/04/2019 00:00,,Mr Mohammed Aslam Mirza,"20 Wise Lane Mill Hill London NW7 2RE",6
"14 Old Rectory GardensEdgwareHA8 7LS",21/02/2019 00:00,,Mr Adrian Pearson,"22 Saint Birstan GardensAndoverHantsSP10 4NY",6
"26 - 30 Golders Green CrescentLondonNW11 8LE",28/03/2019 00:00,,Akelius Residential Limited,"10 Bloomsbury Way London WC1A 2SL",70
"41 Colin CrescentLondonNW9 6EU",08/08/2019 00:00,,Mr Prakash Asani,"56 Woodfield Avenue Colindale London NW9 6PJ",5
"14 Somerton RoadLondonNW2 1SA",02/04/2019 00:00,,Mr Fagner Gomes De Almeida,"42 Crewys RoadLondonNW2 2AA",10
"38 Prospect RoadLondonNW2 2JU",15/05/2019 00:00,,Mrs Brigitte Rudd,"54 New Cavendish Street London W1G 8TG",4
"602 Finchley RoadLondonNW11 7RX",14/05/2019 00:00,,Mr George Kovari,"1 Scotts CloseStock HammondBucksMK17 9RQ",15
"201 Watford WayLondonNW4 4SL",05/06/2019 00:00,,M Dream Property Ltd,"29 Finchely Lane London NW4 1BX",4
"167 Booth RoadLondonNW9 5JX",07/02/2019 00:00,,Mr James Michael Duggan,"Flat 3/126 EslanadeGreenoakPA16 7RU",4
"Flat 71Moreland CourtFinchley RoadLondonNW2 2TP",05/02/2019 00:00,,Mr Alfred Yazdiha,"29 Dollis AvenueLondon N3 1DA",5
"4 Woodside GroveLondonN12 8QU",15/02/2019 00:00,,Mr Peter Steyne,"8 Valencia RoadStanmoreMiddlesexHA7 4JH",10
"137 Station RoadLondonN3 2SP",22/02/2019 00:00,,Mr Olivier Levenfiche,"233 Regents Park RoadLondon N3 3Lf",9
"Flat 23Wendover CourtFinchley RoadLondonNW2 2PG",05/03/2019 00:00,,Mr Alfred Yazdiha,"29 Dollis AvenueLondonN3 1DA",6
"Rowedean Residential Home99 Northumberland RoadBarnetHertsEN5 1EB",11/06/2019 00:00,,Mr Chhagan Mistry,"19 Reservoir RoadLondonN14 4BB",14
"43 Macdonald RoadLondonN11 3JB",13/11/2018 00:00,,Mr Andrew Anthony Kelly,"43 MacDonald RoadLondonN11 3JB",8
"19 Selborne GardensLondonNW4 4SH",13/12/2018 00:00,,Mr Itzhak Elran,"Major HouseWaterloo RoadLondon NW2 7JR",5
"1 SouthfieldsLondonNW4 4LX",08/01/2019 00:00,,Mr Sean Noel O'Hagan,"15 Rosecroft GardensNeasdenLondon NW2 6HX",9
"20C Church TerraceLondonNW4 4JU",31/01/2019 00:00,,Mr Yoav Tal,"My ConstructionUnit 5, Sayer HouseOxgate LaneLondon NW2 7JN",5
"51 Hall LaneLondonNW4 4TJ",09/04/2019 00:00,,Mrs Syma Kadri,"53 Hall LaneLondon NW4 4TJ",5
"8 Woodside LaneLondonN12 8RB",29/01/2019 00:00,,Mr Martin Werth,"23 Holden RoadLondon N12 8HP",5
"63A Golders Green RoadLondonNW11 8EL",29/03/2019 00:00,,Dreamview Management,"Dreamview Management34 Golders Green RoadLondonNW11 8LL",10
"121 Osidge LaneLondonN14 5DS",05/06/2019 00:00,,Tower Estates (Lodge) Ltd,"18 Aldermans Hill Palmers Green N13 4PN",5
"3 Elm GroveLondonNW2 3AE",11/07/2019 00:00,,Mrs Sheila Rigley,"27 Abbey AvenueSt.AlbansHertsAL3 4BH",11
"110 Hampden WayLondonN14 5AX",11/07/2019 00:00,,Mr Savvakis Harkos,"Harkos Investments LTD 27 Cliffton GardensEnfieldEN2 7PL",5
"38 Babington RoadLondonNW4 4LD",13/11/2019 00:00,,Mr Shehzad Jiwa,"Flat 9 82 Seymour Street London W2 2JB",5
"57A Golders Green RoadLondonNW11 8EL",22/03/2019 00:00,,Dreamview Management,"34 Golders Green RoadLondonNW11 8LL",10
"93A Station RoadEdgwareHA8 7JG",25/07/2019 00:00,,Mr Anil Jobanputra,"3 Mansion House DriveStanmoreHA7 3GA",6
"34 Sunningfields RoadLondonNW4 4RL",17/07/2019 00:00,,Mr Raffi Kesisyan,"19 Holders Hill AvenueHendonLondon NW4 1EN",5
"57B Green LaneLondonNW4 2AG",13/08/2019 00:00,,Mrs Hannah Davidoff,"51 Brent Street London NW4 2EA",5
"18 Woodside AvenueLondonN12 8BG",04/07/2019 00:00,,Logis 1 Ltd,"First Floor 736 High Road North FinchleyN12 9QD",5
"30B The Market PlaceFalloden WayLondonNW11 6JJ",01/08/2019 00:00,,Mr Eric Elbaz,"Joobet Ltd30 The Market PlaceFalloden WayLondon NW11 6JJ",5
"1A Crown TerraceCricklewood LaneLondonNW2 1EY",16/07/2019 00:00,,Miss Fran Fichter,"Flat 27, Cleve House7-9 Cleve RoadLondon NW6 3RN",5
"49 Brookhill RoadBarnetEN4 8SF",28/02/2019 00:00,,Mr Besnik Berisha,"83 Layfield CrescentLondon NW4 3UD",6
"2A Park View RoadLondonN3 2JB",27/02/2019 00:00,,Mr Vishal Sharma,"Flat 159The Perspective Building 100 Westminister Bridge RoadLondon SE1 7XB",5
"10 Gervase RoadEdgwareHA8 0EP",30/04/2019 00:00,,Mr Peter Steyne,"Concorde HouseGrenville PlaceMill Hill NW7 3SA",4
"38 Hall LaneLondonNW4 4TN",18/06/2019 00:00,,Mr Krzysztof Milla,"29 Finchley LaneLondon NW4 1BX",5
"Flat 3Chesterfield Court42 Ravenscroft AvenueLondonNW11 8AU",18/06/2019 00:00,,Rent With Us,"13 West Hampstead Mews London NW6 3BB",4
"8 Hoop LaneLondonNW11 8JL",23/07/2019 00:00,,Mr Farzad Zahab,"78 Wise LaneLondonNW7 2RG",13
"17 Queens RoadLondonNW4 2TL",01/08/2019 00:00,,M Dream Property Ltd,"29 Finchley LaneLondonNW4 1BX",7
"308 Watford WayLondonNW4 4UX",04/01/2019 00:00,,Mr Biligondalai Hai,"168 The ValeLondonNW11 8SN",6
"105 North End RoadLondonNW11 7TA",13/03/2019 00:00,,Mrs Rustomjee Feroza,"Flat 1 26 Craven Street LondonWC2N 5NT",5
"220 Church Hill RoadBarnetEN4 8PP",12/02/2019 00:00,,Mr John Dunn,"37 Linthorpe RoadCockfostersEN4 9BX",4
"37 Woodville RoadLondonNW11 9TP",09/10/2019 00:00,,Mr Stuart Feldman,"16 Hillcrest Avenue London NW11 0EN",7
"18 Yew GroveLondonNW2 3AD",06/09/2018 00:00,,Adil Property Partnership,"34-36 London RoadWembleyHA9 7EX",9
"9 Beaconsfield RoadLondonN11 3AA",22/11/2018 00:00,,Mrs Teresa Rees,"Grange Farm Mattishall RoadHoningham NorfolkNR9 5BA",10
"20B Church TerraceLondonNW4 4JU",30/01/2019 00:00,,Mr Yoav Tal,"My ConstructionUnit 5, Sayer HouseOxgate LaneLondon NW2 7JN",5
"1 Hayes CrescentLondonNW11 0DG",08/02/2019 00:00,,Mr Mohammed Iqbal Chaudhri,"49 Brim Hill LondonN2 0HA",5
"Flat 40Wendover CourtFinchley RoadLondonNW2 2PH",05/03/2019 00:00,,Mr Alfred Yazdiha,"29 Dollis AvenueLondonN3 1DA",6
"6 Golders WayLondonNW11 8JY",16/04/2019 00:00,,Dreamview Management,"34 Golders Green RoadLondon NW11 8LL",12
"7 Lingard AvenueLondonNW9 5YZ",15/08/2019 00:00,,Mrs Amrita Shravat,"36 Saxon DriveLondon W3 0NR",5
"975B Finchley RoadLondonNW11 7HA",16/09/2019 00:00,,Mr Ben Mozes,"26 St Georges RoadLondonNW11 0LR",5
"Flat 76Moreland CourtFinchley RoadLondonNW2 2TP",05/02/2019 00:00,,Mr Alfred Yazdiha,"29 Dollis AvenueLondonN3 1DA",5
"35 Oak GroveLondonNW2 3LS",21/12/2018 00:00,,Mr Michael Moran,"24 Sherbone GardensKingsburyNW9 9TE",6
"316 Watford WayLondonNW4 4UY",08/02/2019 00:00,,Mr Yoel Kamara,"318 Watford Way HendonLondonNW4 4UY",5
"60 Arden RoadLondonN3 3AE",13/03/2019 00:00,,Mr Olivier Levenfiche,"Levoltan Corporation Limited233 Regents Park RoadLondon N3 3PQ",12
"9 Fairfield AvenueLondonNW4 3TN",28/03/2019 00:00,,Akelius UK Twelve Limited,"10 Bloomsbury Way LondonWC1A 2SL",10
"144 St Margarets RoadEdgwareMiddxHA8 9UX",30/10/2019 00:00,,Mr Ali Madani,"67 Nascotwood RoadWatfordWD17 4SJ",12
"149 Audley RoadLondonNW4 3EN",01/08/2019 00:00,,Mr Michael Mizrachi,"Homes Studios 4U LTD12-16 Portsdown MewsLondon NW11 7HD",10
"14 Sneath AvenueLondonNW11 9AH",15/08/2019 00:00,,Mr Michael Mizrachi,"Homes Studios 4U LTD12-16 Portsdown MewsLondon NW11 7HD",10
"21 Alders RoadEdgwareMiddxHA8 9QG",02/10/2018 00:00,,Mr Paresh Sodha,"445 Kenton Road C/O Primeglobe Ltd HarrowHA3 0XY",10
"3 Nursery RoadLondonN2 9RA",08/01/2019 00:00,,Miss Emine Bicer,"3 Nursery RoadEast FinchleyLondon N2 9RA",4
"33 Page StreetLondonNW7 2EL",18/12/2018 00:00,,Mr Robert Gowar,"18 Colindeep LaneLondonNW4 4SG",5
"First Floor Flat41 Russell RoadLondonNW9 6AB",10/12/2018 00:00,,Mr Uri Kamara,"318 Watford WayHendonLondon NW4 4UY",4
"15 New Way RoadLondonNW9 6HR",17/07/2020 00:00,,Mr Firdaus Ahmad,"15 New Way RoadLondonNW9 6HR",10
"33B The Market PlaceFalloden WayLondonNW11 6JY",31/01/2019 00:00,,Ms Natalia Ozherelyeva,"Upper Flat 57 Castletown RoadLondonW14 9HG",5
"41 Long LaneLondonN3 2PS",10/01/2019 00:00,,Mr Xingjian Zhou,"CityRooms.com LTDFirst Floor 3-5 Globe RoadLondonE1 4DT",5
"4 Edgeworth CrescentLondonNW4 4HG",05/03/2019 00:00,,Avea Management Ltd,"138 Brent Street LondonNW4 2DR",6
"7 Wenlock GardensLondonNW4 4XJ",30/04/2019 00:00,,Mr Krzystof Milla,"29 Finchley LaneLondonNW4 1BX",5
"8 Pymmes Green RoadLondonN11 1BY",21/05/2019 00:00,,Mr Vasos Sotiri,"8 Pymmes Green RoadNew SouthgateLondonN11 1BY",10
"52 Babington RoadLondonNW4 4LD",28/03/2019 00:00,,Mr Huan Liu,"15 Vernon Drive Stanmore HA7 4LD",5
"96 Brent Park RoadLondonNW4 3HP",03/01/2019 00:00,,Mr Michael Rosenfield,"24 Highfield CourtHighfield RoadLondonNW11 9LT",6
"81 Watford WayLondonNW4 4RS",28/02/2019 00:00,,Mr Hassan Farkhari,"81 Watford WayLondonNW4 4RS",12
"94 Hendon LaneLondonN3 3SL",26/02/2019 00:00,,Mr Olivier Levenfiche,"The Levoltan Corporation Ltd233 Regent Park RoadLondonN3 3PQ",12
"2 Gaydon LaneLondonNW9 5WA",08/03/2019 00:00,,Mr Shimon Biton,"Portman Property Company Limited24 Garth RoadLondonNW2 2NJ",11
"35 Redbourne AvenueLondonN3 2BP",12/09/2019 00:00,,Grey Oak 800 Ltd,"Unit 1, First Floor 146 - 148 Granville Industrial EstateGranville RoadNW2 2LD",13
"10 Fuller StreetLondonNW4 4QL",02/09/2019 00:00,,Ms Sally Haisha Chen,"12 Windermere RoadLondonW5 4TD",4
"27 Layfield RoadLondonNW4 3UH",21/12/2018 00:00,,AAA Projects Ltd,"Sutherland House70-78 West Hendon BroadwayLondon NW9 7BT",6
"1023 High RoadLondonN20 0QA",26/03/2019 00:00,,Mrs Helen Sieou,"86 Sudbury Court DriveHarrowMIDDLESEXHA1 3TF",10
"20 Sandringham RoadLondonNW11 9DP",02/10/2019 00:00,,Mr Fatih Ridvan Kussan,"36 St Margarets Avenue London N20 9LJ",6
"15 Hurstwood RoadLondonNW11 0AS",13/08/2019 00:00,,M Dream Property Ltd,"29 Finchley LaneLondon NW4 1BX",11
"52 Victoria RoadBarnetEN4 9PE",12/09/2019 00:00,,Mr Jonathan Pye,"83 Victoria RoadNew BarnetHertsEN4 9PE",5
"9 Brent View RoadLondonNW9 7EH",28/11/2018 00:00,,Mr Mohammad Reza Imani,"56 Woodhouse Road London N12 0RJ",5
"21 Beaconsfield RoadLondonN11 3AA",04/12/2018 00:00,,Mr Noel Mccaffrey,"22 Hemington AvenueLondonN11 3LR",7
"285 Cricklewood LaneLondonNW2 2JJ",08/01/2019 00:00,,Mr Ilgar Ali,"21B St Marys RoadLondonNW11 9UE",7
"66 Rosemary AvenueLondonN3 2QN",14/12/2018 00:00,,Mr Sadegh Jodieri,"101 GreenwayLondonN20 8EL",6
"10 Guildown AvenueLondonN12 7DQ",12/09/2019 00:00,,Mr Kafil Hassan,"753 High RoadNorth FinchleyN12 81G",5
"39 Hendale AvenueLondonNW4 4LP",25/02/2019 00:00,,Mr David Castro,"10 Agamemnon RoadWest HampsteadLondon NW6 1DY",5
"1363 High RoadLondonN20 9LN",12/03/2019 00:00,,Mr Julius Oberegger,"Haven Bistro And Bar1363 High RoadLondonN20 9LN",10
"22 Babington RoadLondonNW4 4LD",23/05/2019 00:00,,Mr Avney Nathan,"76 Brookside RoadLondon NW11 9NG",6
"20B Gratton TerraceLondonNW2 6QE",23/09/2019 00:00,,Mr Richard Phillips,"Whitehill Farm SewellBedsLU6 1RP",5
"860 Finchley RoadLondonNW11 6AB",03/01/2019 00:00,,Hampstead Garden Suburbs Trust Ltd,"862 Finchley RoadLondonNW11 6AB",5
"15 Montagu RoadLondonNW4 3ER",04/06/2019 00:00,,Mrs Wei Lei,"104 Rushgrove AvenueLondon NW9 6RD",6
"318 Watford WayLondonNW4 4UY",25/02/2019 00:00,,Mr Uri Shakuri Kamara,"318 Watford Way Hendon London NW4 4UY",6
"63 Greyhound HillLondonNW4 4JN",23/09/2019 00:00,,M Dream Property Ltd,"29 Finchley RoadLondon NW4 1BX",5
"4 Stanley RoadLondonN2 0NB",24/10/2019 00:00,,Mr Vishal Kakar,"VK Residential And Consultancy Ltd61 Rodney StreetAlexander HouseLiverpoolL1 9ER",5
"21 Sevington RoadLondonNW4 3SA",29/01/2019 00:00,,Mr Jaber Abeeat,"84 Fortune Green Road LondonNW6 1DS",10
"179 Sunny Gardens RoadLondonNW4 1SG",15/01/2019 00:00,,Mr Ezekiel Menashi,"13 Ashley Lane Hendon LondonNW4 1SG",11
"Flat 29Eagle LodgeGolders Green RoadLondonNW11 8BD",07/08/2019 00:00,,Mr Jorge Sanchez,"Oliver Walton Ltd First Floor 3-5 Globe RoadLondonE1 4DT",5
"Flat 22Wendover CourtFinchley RoadLondonNW2 2PG",17/04/2019 00:00,,Mr Nicholas Henry Kibel,"79 Holders Hill DriveLondonNW4 1NN",5
"Flat 224 East End RoadLondonN3 3QT",23/05/2019 00:00,,Mr Sarju Shah,"845 Honeypot LaneStanmoreHA7 1AR",
"32 Hall LaneLondonNW4 4TN",03/12/2019 00:00,,Mr John Cockburn,"35 Holders Hill DriveLondonNW4 1NL",10
"Flat 75Moreland CourtFinchley RoadLondonNW2 2TP",05/02/2019 00:00,,Mr Alfred Yazdiha,"29 Dollis AvenueLondonN3 1DA",5
"62 Kenilworth RoadEdgwareHA8 8XD",29/03/2019 00:00,,Mrs Francisca Onyeocha,"15 Lynton AvenueLondonNW9 6PB",5
"975A Finchley RoadLondonNW11 7HA",12/09/2019 00:00,,Mr Ben Mozes,"26 St Georges RoadLondonNW11 0LR",5
"977A Finchley RoadLondonNW11 7HA",10/09/2019 00:00,,Mr Ben Mozes,"26 St Georges RoadLondon NW11 0LR",5
"Flat 122 Park RoadLondonNW4 3PS",01/10/2019 00:00,,Ms Sumon Chohan,"11 Vaughan Avenue London NW4 4HT",5
"34 Alexandra RoadLondonNW4 2SA",26/09/2019 00:00,,M Dream Property Ltd,"29 Finchley Lane LondonNW4 1BX",5
"26 Mountfield RoadLondonN3 3NE",28/02/2019 00:00,,Mr Olivier Levenfiche,"The Leviltan Corporation Ltd233 Regents Park RoadLondonN3 3PQ",9
"73 Station RoadLondonNW4 4PH",12/09/2019 00:00,,M Dream Property Ltd,"29 Finchley LaneLondonNW4 1BX",6
"24A Bell LaneLondonNW4 2AD",17/09/2019 00:00,,Mr Peter Khemaney,"The Annex 6 Wellington RoadLondonNW8 9SP",6
"26 Pennine DriveLondonNW2 1PD",04/12/2018 00:00,,Mrs Limor Nouriel,"19 Tretawn Park LondonNW7 4PS",5
"333 Watling AvenueEdgwareMiddxHA8 0NF",04/01/2019 00:00,,Mr Gil Tati,"14 Aldridge AvenueEdgware Middlesex HA8 8TA",5
"190A West Hendon BroadwayLondonNW9 7EE",13/12/2018 00:00,,Mr Ramaben Patel,"19 Willowcourt AvenueHarrowHA3 8ET",5
"193 Golders Green RoadLondonNW11 9BY",07/05/2019 00:00,,Rosh Investments Ltd,"Neon House688 Finchley RoadLondonNW11 7NN",15
"35 Brent Park RoadLondonNW4 3HN",05/02/2019 00:00,,Mr Alfred George Yogaratnam,"2 Alderton CrescentHendonLondonNW4 3XT",5
"2 Duncan CloseBarnetHertsEN5 5JJ",19/02/2019 00:00,,Mr Rahim Ahmed,"36 Firs AvenueLondonN11 3NG",5
"20 Florence StreetLondonNW4 1QH",16/01/2019 00:00,,Mr Krzysztof Milla,"M Dream Property29 Finchley LaneLondon NW4 1BX",5
"51 East WalkBarnetEN4 8JU",20/08/2019 00:00,,Mr Feriz Domi,"2 Rayleigh RoadPalmers GreenN13 5QR",6
"7 Esmar CrescentLondonNW9 7BL",17/12/2018 00:00,,Mr Shifar Miah,"45 Prayle GroveLondonNW2 1BB",8
"93 Waterfall RoadSouthgateN11 1BT",29/01/2019 00:00,,Mr Jamshed Bomanji,"73 Howcroft CrescentLondonN3 1PA",6
"17B Golders Green RoadLondonNW11 8DY",18/06/2020 00:00,,Mr Ayal Shalom,"35A Walm LaneWillesden Green London NW2 5SH",8
"33 Ravenscroft AvenueLondonNW11 8BH",14/08/2020 00:00,,Mr Joel Hirsch,"52 West Heath DriveGolders GreenLondonNW11 7QH",
"30 Wycombe GardensLondonNW11 8AL",23/10/2020 00:00,,Mr Joel Hirsch,"52 West Heath DriveGolders GreenLondonNW11 7QH",
"Flat 2101 East End RoadLondonN2 0SU",23/10/2020 00:00,,Mrs Josephine Bowman,"6 Brownlow RoadLondonN3 1NA",4
"31 Chapel CourtLondonN2 8DB",13/11/2019 00:00,,Mr Anthony Tejuoso,"1 Harley Street London W1G 9QD",5
"145 Cotswold GardensLondonNW2 1PL",17/03/2020 00:00,,Mr Harold Ezenwa,"146 Randolph AvenueLondon W9 1PG",9
"43 Cleveland GardensLondonNW2 1EA",18/03/2020 00:00,,English Estates Ltd,"C/o Teddy Nazim 5 Grampian GardensGolders GreenLondonNW2 1JH",5
"Flat 30Windsor CourtGolders Green RoadLondonNW11 9PP",13/11/2020 00:00,,Hendon Estates LTD,"142 Brent Street LondonNW4 2DR",5
"21 Compton CloseLondonNW11 8SX",26/11/2019 00:00,,Mr Jibrael Al-Afrangi,"76 Pine RoadLondonNW2 6A",6
"Flat 4Orchard Mead House733 Finchley RoadLondonNW11 8DJ",29/10/2019 00:00,,Mr Samar Shaukat Khan,"28 Heton GardensHendon London NW4 4XS",4
"17 Grampian GardensLondonNW2 1JH",18/12/2019 00:00,,English Estates LTD,"C/O Teddy Nazin5 Grampian GardensGolders Green LondonNW2 1JH",5
"144 Station RoadLondonN3 2SG",10/03/2020 00:00,,Ms Ling Zhou,"144 Station RoadLondon N3 2SG",6
"8 Hutton GroveLondonN12 8DT",11/12/2020 00:00,,Mr Chhagan Mistry,"C/O Trymax Investments LTD19 Reservoir RoadLondonN14 4BB",6
"15 Chambers GardensLondonN2 9AL",27/11/2019 00:00,,Mr Bernard Reilly,"84A Waggon RoadBarnet HertsEN4 0PP",5
"12 Stuart AvenueLondonNW9 7AT",10/10/2019 00:00,,Maple Estate & Letting Agents Ltd,"41 Station RoadHarrowHA1 2UA",8
"22 Parade MansionsVivian AvenueLondonNW4 3JR",17/07/2020 00:00,,Dynasty Estates Limited,"Moda Business CentreStirling WayBorehamwoodWD6 2BW",9
"Alpha HouseMarket PlaceLondonN2 8BD",25/09/2020 00:00,,Mr Achilleas Spyrou,"18 Creighton AvenueMuswell HillLondonN10 1NU",
"Flat 3Sheila HouseNorth Circular RoadLondonNW11 9LD",23/10/2020 00:00,,Mr Dov Grunfeld,"65 Ashbourne AvenueLondonNW11 0DT",5
"11 Woodside LaneLondonN12 8RB",17/10/2019 00:00,,Mr Jolil Shah,"5 Mickledore Ampthill SquareLondonNW1 2JX",8
"75 Sturgess AvenueLondonNW4 3TR",26/11/2019 00:00,,M Dream Property Ltd,"29 Finchley Lane London NW4 1BX",8
"27 New Trinity RoadLondonN2 8EE",20/11/2019 00:00,,Mr Alexander Shaw,"63 Halliwick RoadLondon N10 1AA",5
"141 Station RoadLondonNW4 4NJ",28/01/2021 00:00,,Mr Ishtiaq Ahmed,"40-42 The Burroughs HendonLondonNW4 4AP",15
"151 Victoria RoadBarnetEN4 9PB",24/09/2020 00:00,,Mr Henry Otchere And Mrs Annemarie Otchere,"40 Cowper RoadSouthgateLondonN14 5RS",7
"24 Finchley LaneLondonNW4 1DL",14/08/2020 00:00,,Mr Philip Davis & Darren Davis,"Flat A60 Brookside RoadLondonNW11 9NG",
"24 Strathmore GardensLondonN3 2HL",17/09/2019 00:00,,Mr Nathalal Patel,"21 Station RoadFinchley CentralLondonN3 2SB",10
"33 Heathfield GardensLondonNW11 9HY",17/12/2019 00:00,,Enhanced Management (UK) Ltd,"19 Claremont RoadLondonNW2 1BP",10
"49 Heming RoadEdgwareHA8 9AB",26/02/2012 00:00,,Mr Walter Vethanayagam,"26 Elmwood AvenueHarrow Middlesex HA3 8AH",6
"Ground Floor Flat5 Beechcroft AvenueLondonNW11 8BJ",18/02/2020 00:00,,Vedados Limited,"40 Forestdale LondonN14 7DX",7
"33 Wenlock RoadEdgwareHA8 9JG",31/07/2020 00:00,,Mr Tushar Shah,"512 Kenton RoadHarrowHA3 9DJ",6
"44A Station RoadLondonNW4 3SX",14/08/2020 00:00,,Mr Samuel Apeagyei,"25 Keys Court1 Henrietta Way Campbell ParkMilton KeynesMK9 4BD",
"78 Brentmead PlaceLondonNW11 9LJ",04/09/2020 00:00,,Mr Norman Olsfanger,"57A Wimpole StreetLondonW1G 8YP",5
"13 St Albans RoadBarnetEN5 4LN",31/03/2020 00:00,,Ms Anh Dao Carrick,"192 Woodseer StreetLondon E1 5HQ",5
"8 Prayle GroveLondonNW2 1AR",14/05/2020 00:00,,Mr Yechezkel Silber,"Caring Properties Ltd143 Wargrave AvenueLondonN15 6TX",6
"242 East Barnet RoadBarnetEN4 8TF",17/07/2020 00:00,,Mrs Elizabeth Endzweig,"Rear Of 123 Clapton CommonLondonE5 9AB",11
"16 Heathfield GardensLondonNW11 9HX",27/11/2020 00:00,,Mr Arvin Patel,"L.G.Property Investments LtdUnit A715 North Circular RoadLondonNW2 7AH",
"1 Kestrel CloseLondonNW9 5DJ",19/03/2021 00:00,,Mr William Hung,"50 Angus GardensLondon, NW9 5LE",5
"29 Glebe CrescentLondonNW4 1BT",22/10/2020 00:00,,M Dream Property Ltd,"29 Finchley LaneLondon NW4 1BX",6
"159 Station RoadLondonNW4 4NH",03/12/2019 00:00,,Mr Joseph Walsh,"Flat 20 Alexandra Mansions 347 West End LaneLondonNW6 1LU",10
"Flat 14BParade MansionsVivian AvenueLondonNW4 3YD",07/01/2020 00:00,,Mr Robert Mehmet,"7 The LincolnsMill Hill London NW7 4PD",5
"14 The DriveLondonNW11 9SR",09/10/2020 00:00,,Mr Daren Philip Davis,"60 Brookside RoadLondonNW11 9NG",
"59 Leeside CrescentLondonNW11 0HA",05/05/2020 00:00,,Mr Michael Mizrachi,"Home Studio 4U Ltd12-16 Portsdown MewsLondonNW11 7HD",10
"48 St Georges RoadLondonNW11 0LR",14/05/2020 00:00,,Mr Greg Goorwitch,"30 MiddlewayLondonNW11 6SG",
"11 Brentfield GardensLondonNW2 1JP",02/10/2020 00:00,,Mr Abdul Sheikh,"4 Shamrock Way LondonN14 5RY",
"267 Nether StreetLondonN3 1PD",14/08/2020 00:00,,Mr Marc Lim,"Elm Park Lodge4 Elm Park RoadLondon N3 1EB",
"32 Ash GroveLondonNW2 3LL",07/01/2021 00:00,,Ms Rosemarie Espinosa,"93 Walm Lane LondonNW2 4QG",
"56 Hervey CloseLondonN3 2HD",12/11/2019 00:00,,Avani And Kaushik Budhdeo,"77 Hervey CloseLondonN3 2HD",5
"17 North End RoadLondonNW11 7RJ",13/11/2019 00:00,,Mrs Anne Elliott,"Goldmoss HouseThe Sedums, Common RoadKensworth, Dunstable LU6 2PN",10
"74 Highfield AvenueLondonNW11 9TT",02/04/2021 00:00,,Mr Leonard Brenig,"29 Princes Park AvenueLondonNW11 0JR",6
"35 New Trinity RoadLondonN2 8EE",16/01/2020 00:00,,Mr Alexander Shaw,"63 Halliwick RoadLondon N10 1AA",4
"29 New Trinity RoadLondonN2 8EE",28/11/2019 00:00,,Mr Alexander Shaw,"63 Halliwick RoadLondon N10 1AA",4
"34 Sevington RoadLondonNW4 3RX",02/04/2021 00:00,,Mr Manoj Patel,"14 Foscote RoadLondonNW4 3SD",
"63 Wilberforce RoadLondonNW9 6AT",09/01/2020 00:00,,Urvish Patel,"39 Cool Oak Lane London  NW9 7BH",6
"5 Elms AvenueLondonNW4 2PL",02/01/2019 00:00,,Mr Chris Shaw,"14 Cosbycote AvenueHerne HillLondonSE24 0DY",6
"First And Second Floor Maisonette60 Beaconsfield RoadLondonN11 3AE",12/11/2019 00:00,,Mr Christakis Pringis,"15B Fox Lane London N13 4AB",5
"22 Caddington RoadLondonNW2 1RS",31/10/2019 00:00,,Miss Ronelle Solomon,"Flat B 47 Priory RoadLondon NW6 4NS",6
"227A Golders Green RoadLondonNW11 9ES",19/12/2019 00:00,,Mr Harry Twyford,"37A Walm Lane London NW2 4QU",4
"36 Grampian GardensLondonNW2 1JG",29/01/2020 00:00,,Mr Teddy Nazim,"5 Grampian GardensGolders Green London NW2 1JH",5
"16 Montrose AvenueEdgwareHA8 0DW",31/03/2020 00:00,,Mr Iqan Ahmed,"40 The BurroughsHendonLondonNW4 4AP",10
"11 Dollis ParkLondonN3 1HJ",25/09/2020 00:00,,Mr Abraham Mahgerefteh,"71 Cholmley GardensLondonNW6 1UL",
"166 Granville RoadLondonNW2 2LD",06/11/2020 00:00,,Mrs Yvonne Burkinshaw,"28 Loom LaneRadlettHertsWD7 8AD",4
"446 Watford WayLondonNW7 2QH",11/12/2020 00:00,,Ms Jacqueline Beckwith,"446 Watford WayLondonNW7 2QH",5
"130 Cat HillBarnetHertsEN4 8HU",30/08/2019 00:00,,Mr Jonathan Slater,"54 Heath Drive Potters Bar EN6 1EJ",11
"190 Watford WayLondonNW4 4UA",19/02/2020 00:00,,Mr Yechezkel Silber,"143 Wargrave AvenueLondonN15 6TX",11
"9 Woodgrange AvenueLondonN12 0PT",19/02/2021 00:00,,ETB Management LTD,"346 Lordship Lane LONDONN17 7QX",6
"22 Robin LaneLondonNW4 1EU",14/05/2020 00:00,,Omniville Limited,"23 Filey Avenue London N16 6JL",7
"32 Finchley LaneLondonNW4 1DL",15/05/2020 00:00,,Mr Abraham Cohen,"The Lodge 37 Hendon Lane London N3 1RY",
"13 Brent TerraceLondonNW2 1BX",29/05/2020 00:00,,Mr Yechezkel Silber,"Caring Properties Ltd143 Wargrave AvenueLondonN15 6TX",5
"46B Western AvenueLondonNW11 9HJ",21/02/2021 00:00,,Mr Ben Mozes,"26 St Georges RoadLondonNW11 0LR",5
"25 Lichfield RoadLondonNW2 2RN",03/12/2019 00:00,,Marble Sales & Lettings,"23 High RoadWillesden London NW10 2TE",5
"67 Vivian AvenueLondonNW4 3XE",27/02/2020 00:00,,Miss Amal Aziz,"125 Littlefield RoadLondonHA8 0TE",11
"326 West Hendon BroadwayLondonNW9 6AE",16/07/2021 00:00,,Ms Karen Enoe,"324 The Broadway London NW9 6AE ",5
"60 Brookside RoadLondonNW11 9NG",10/12/2019 00:00,,Mr Daren Philip Davis,"Flat A60 Brookside RoadLondonNW11 9NG",9
"8 Alderton CrescentLondonNW4 3XT",07/01/2020 00:00,,Mr Hatim Shaikhali,"4 Cranbourne DrivePinnerHA5 1BZ",6
"Flat 37Bentfield House26 Heritage AvenueLondonNW9 5GE",17/07/2020 00:00,,Mr Mr Boon Mong Eng,"Berkeley Seventy-Seven LimitedCare Of Osborne Clarke LLP2 Temple Back EastTemple Quay Bristol BS1 6EG",5
"10A East Barnet RoadBarnetEN4 8RW",16/10/2020 00:00,,Mr Joel Frankel,"Data House43-45 Stamford HillLondonN16 5SR",
"2 Princes AvenueLondonN3 2DB",19/02/2021 00:00,STELFORT ESTATE AGENTS,Mrs Hena Schwartz,"9 Overlea RoadClaptonLondonE5 9BG",
"16 Queens AvenueLondonN3 2NP",28/11/2019 00:00,,Mr Vijay Shaunak,"42 Lucien RoadLondon SW17 8HN",6
"5 Lodge RoadLondonNW4 4DD",08/05/2020 00:00,,M Dream Property Ltd,"29 Finchley RoadLondonNW4 1BX",5
"5 Everdale CourtThe CausewayLondonN2 0XD",05/03/2020 00:00,,Mr Roderick Neil Greenhalgh,"43A Old Park RoadPalmers Green LondonN13 4RG",5
"753B Finchley RoadLondonNW11 8DL",25/02/2020 00:00,,Mr Asaf Cohen,"Buckingham House 45 Vivian AvenueLondonNW4 3XA",5
"3 St Johns AvenueLondonN11 3BX",11/09/2020 00:00,,Mr Craige Samspon,"Willenhall Lodge 10 Great North Road Barnet EN5 1JP",8
"10 Highbury SquareLondonN14 5AE",23/10/2020 00:00,,Mr Kapil Gadlay,"33 Links DriveRadlettHerts WD7 8BD",5
"7 Beechcroft AvenueLondonNW11 8BJ",17/09/2019 00:00,,Mykhaylo Datsyuk And Yosef Shoota,"18 Golders Green RoadLondonNW11 8EH",13
"Flat 5Parade MansionsVivian AvenueLondonNW4 3XR",31/10/2019 00:00,,Mr Rajesh Melwani,"75 Mayflower LodgeRegents Park RoadLondonN3 3HX",8
"120 Hendon WayLondonNW2 2NG",04/12/2019 00:00,,Miss Stavrini Phylactou,"116 The ValeLondon NW11 8SL",
"12 Shirehall LaneLondonNW4 2PD",24/03/2020 00:00,,Mr Laurence Foux,"48 Cranbourne Gardens London NW11 0JD",6
"32 Temple GardensLondonNW11 0LL",24/03/2020 00:00,,Mr Michael Mizrachi,"Homes Studios 4U LTD12-16 Portsdown MewsLondon NW11 7HD",10
"11 Garrick AvenueLondonNW11 9AR",04/09/2020 00:00,,Mr Saeed Dehghani,"23 Copthall DriveMill HillNW7 2ND",
"211 Colney Hatch LaneLondonN10 1AP",21/04/2020 00:00,,Mr Dean Morrison,"22 Abbey CourtAbbey RoadLondonNW8 0AU",5
"80 Highfield AvenueLondonNW11 9TT",18/02/2020 00:00,,Mr Asher Abraham,"44 The Ridgeway London NW11 8QS",5
"39 Endersleigh GardensLondonNW4 4SD",26/11/2019 00:00,,Mr Chong Deng,"22 Faber GardensLondon NW4 4NR",5
"66 Sturgess AvenueLondonNW4 3TS",26/11/2019 00:00,,Dr Sima Motamen-Samadian,"12 The Vale LondonNW11 8SG",6
"31 New Trinity RoadLondonN2 8EE",19/12/2019 00:00,,Mr Shaw Alexander,"118 Fortune Green RoadWest Hamstead London NW6 1DH",5
"75 Audley RoadLondonNW4 3EU",29/01/2020 00:00,,Mr Robert Mehmet,"7 The LincolnsLondonNW7 4PD",4
"155 Booth RoadLondonNW9 5JX",25/02/2020 00:00,,Mr Ramesh Pindoria,"383 High RoadLondonNW10 2JR",8
"Flat 222 Park RoadLondonNW4 3PS",29/10/2019 00:00,,Mr Sumon Chohan,"11 Vaughan AvenueLondon NW4 4HT",5
"1 Brentfield GardensLondonNW2 1JP",07/05/2020 00:00,,Mr Nathan Halpern,"7 Brookside RoadLondonNW11 9ND",10
"80 Cleveland GardensLondonNW2 1DU",27/11/2020 00:00,,Mrs Dilara Begum,"16 Cleveland GardensLondonNW2 1DY",6
"45 Cleveland GardensLondonNW2 1EA",05/03/2020 00:00,,English Estates Ltd,"C/o Teddy Nazim 5 Grampian GardensGolders GreenLondonNW2 1JH",5
"3 Woodland WayLondonNW7 2JP",12/03/2020 00:00,,Mr Albert Zubaida,"2 Marion RoadMill Hill London NW7 4AN",13
"36 Sunningfields RoadLondonNW4 4RL",24/03/2020 00:00,,Mr Chirag Gadher,"203 Preston HillHarrowLondonHA3 9UL",8
"125 Friern Barnet RoadLondonN11 3DY",23/04/2020 00:00,,Louisianna Properties Limited,"820A Green LanesWinchmore HillLondon N21 2RT",15
"2 Woodcroft AvenueLondonNW7 2AG",21/04/2020 00:00,,Mr Davood Kalani,"23 Grahame Park Way London NW7 2LA",5
"7 Elm Park RoadLondonN3 1EG",16/04/2020 00:00,,Miss Melissa Lim,"Flat 7, 77 Holden Road London N12 7DP",6
"Flat 17 Golders RiseLondonNW4 2HX",22/10/2019 00:00,,Mr Anna Panteli,"56 Sevington RoadLondon NW4 3RX",4
"37 Alexandra GroveLondonN12 8HE",28/11/2019 00:00,,Mrs Vijayani Bashir,"35 Alexandra GroveNorth Finchley London N12 8HE",6
"246A Station RoadEdgwareHA8 7AU",16/01/2020 00:00,,ECO VERWALTUNGS AG,"C/o Ironstone UK Ltd10 Ely PlaceEC1N 6RY",8
"2 Brentfield GardensLondonNW2 1JP",17/12/2019 00:00,,Mr Nathan Halpern,"7 Brookside RoadLondon NW11 9ND",10
"59A The BurroughsLondonNW4 4AX",26/06/2020 00:00,,Mr Sivaguru Sivaneswaran,"46 Twyford RoadHarrow MiddlesexHA2 0SL",5
"12 Queens WayLondonNW4 2TN",27/02/2020 00:00,,Mr Vishwa Singhania,"12A Queens WayLondonNW4 2TN",12
"13A Sevington RoadLondonNW4 3SA",21/04/2020 00:00,,Mr Sridhar Mandadi,"29 - 31 Tottenham Lane London N8 9BD",7
"Flat 6Queens MansionsWatford WayLondonNW4 3AN",28/11/2019 00:00,,Mr William Aziz,"25 Beaulieu CloseLondon NW9 6SB",5
"16 Richmond GardensLondonNW4 4RT",17/03/2020 00:00,,Mr Michael Murphy,"3/5 Vivian AvenueLondonNW4 3UT",5
"237 Oakleigh Road NorthLondonN20 0TX",17/07/2020 00:00,,Mr Ali Reza Karami,"1 Fieldside Cottages Barnet Lane N20 8AT",5
"7 Hollyfield AvenueLondonN11 3BY",17/09/2019 00:00,,Mrs Varsha Visavadia,"ILLY Computer Systems Ltd11 Hoxton SquareLondon N1 6NU",6
"Flat 175 Hamilton RoadLondonNW11 9EH",28/11/2019 00:00,,Dr Sima Motamen-Samadan,"12 The ValeLondonNW11 8SG",5
"86 Great North WayLondonNW4 1HN",17/12/2019 00:00,,Mr Krzystof Milla,"29 Finchley Lane London NW4 1BX",6
"28 Macdonald RoadLondonN11 3JB",10/09/2019 00:00,,Mr Chhaganlal Chabnaiya,"17 The RidgewayLondonN3 2PG",
"25 Old Rectory GardensEdgwareHA8 7LS",29/05/2020 00:00,,Mr Amanullah Kochi,"25 Old Rectory GardensEdgware HA8 7LS",4
"345 Hendon WayLondonNW4 3NB",29/10/2019 00:00,,Mr Aviram Cohen,"BarakaGreenbank CrescentLondon NW4 2LA",6
"36 Elmcroft CrescentLondonNW11 9SY",26/02/2020 00:00,,Mr Yehuda Reichman,"13 Norfolk AvenueLondonN15 6JX",7
"654 Finchley RoadLondonNW11 7NT",08/05/2020 00:00,,Gouliev Capital Ltd,"654 Finchley RoadLondon NW11 7NT",6
"3 Woodgrange AvenueLondonN12 0PT",17/03/2020 00:00,,Mr Georgios Josif,"25 Newmans WayBarnetHertsEN4 0LR",9
"244 East Barnet RoadBarnetEN4 8TF",17/07/2020 00:00,,Mrs Elizabeth Endzwig,"Rear Of 123 Clapton CommonLondonE5 9AB",13
"21 Layfield RoadLondonNW4 3UH",18/03/2020 00:00,,Mr Sheptim Ilazi,"21 Layfield RoadLondonNW4 3UH",8
"16 Woodstock AvenueLondonNW11 9SL",18/02/2020 00:00,,Mr Jacob Gertner,"10 Green Lane Hendon London NW4 2NN",19
"Flat 2Sheila HouseNorth Circular RoadLondonNW11 9LD",18/02/2020 00:00,,Mr Jacob Ostreicher,"1A Enville Court, Cazenove Road, London N16 6AS.",6
"58 Hendon WayLondonNW2 2NR",05/05/2020 00:00,,Ms Fareeha Amir,"3 Woodside GroveLondon N12 8QT",5
"85A Cricklewood LaneLondonNW2 1HR",08/05/2020 00:00,,Tellmount Properties LTD,"43 Bridge Lane London NW11 0ED",6
"100 Clitterhouse CrescentLondonNW2 1DA",29/05/2020 00:00,,Mr Yechezkel Silber,"Caring Properties Ltd143 Wargrave AvenueLondonN15 6TX",5
"1328A High RoadLondonN20 9HJ",14/05/2020 00:00,Morgan Managament Limited,Charlford Limited,"113 Brent StreetLondonNW4 2DX",4
"81 Gordon RoadLondonN3 1ER",23/04/2020 00:00,,Miss Melissa Lim,"Elm Park Lodge4 Elm Park RoadLondonN3 1EB",4
"16 Park RoadLondonNW4 3PS",24/03/2020 00:00,,Mr Kantilal Vachhani,"25 Rundell CrescentHendon London NW4 3BS",5
"13 Beverley GardensLondonNW11 9DG",30/10/2019 00:00,,Mr Abraham Dodi,"441 Edgeware RoadLondonW2 1TH",11
"8 Meadow DriveLondonNW4 1SA",08/07/2021 00:00,,Mr Bahram Azimi,"24 Lisselton HouseBelle Vue EstateLondon NW4 2BJ",10
"32 Finchley LaneLondonNW4 1DL",04/06/2021 00:00,,Mr Joseph Adler,"New Burlington House 1075 Finchley RoadLondon NW11 0PU",
"9 Courtleigh GardensLondonNW11 9JX",23/10/2020 00:00,,M Dream Property Ltd,"29 Finchley Lane LondonNW4 1BX",
"29 Manor Park GardensEdgwareMiddxHA8 7NB",19/02/2021 00:00,,Mr Anand Shah,"20 Jesmond WayStanmore MiddxHA7 4QR",10
"Flat 5Wykeham CourtWykeham RoadLondonNW4 2TE",29/10/2019 00:00,,Mr Vivek Chohan,"20 Brampton DriveLondonNW7 2AY",5
"Flat 5Chesterfield Court42 Ravenscroft AvenueLondonNW11 8AU",24/03/2020 00:00,,Rent With Us Limited,"13 West Hampstead MewsLondonNW6 3BB",6
"674A High RoadLondonN12 9PT",29/01/2021 00:00,,Project Elementary Ltd,"3 Abercorn CloseLondon NW7 1JG",10
"123 Leeside CrescentLondonNW11 0JN",04/09/2020 00:00,,Sam Estates,"Unit 9B, The High Cross CentreFountayneLondonN15 4BE",
"34B Bittacy HillLondonNW7 1LB",11/02/2020 00:00,,Mrs Camilla Solanki,"171 Woodhouse RoadLondonN12 9NN",5
"63 Russell RoadLondonNW9 6AB",17/09/2019 00:00,,Mr Zahoor Ahmad,"17 Poolsford RoadColindale London NW9 6HP",5
"688 Finchley RoadLondonNW11 7NN",07/11/2019 00:00,,Rosh Investments Ltd,"Neon House688 Finchley RoadLondon NW11 7NN",19
"853 - 855 Finchley RoadLondonNW11 8LX",30/01/2020 00:00,,Mr Daniel Jacobs,"84 Audley RoadLondon NW4 3HB",
"The Moorings3 Hammers LaneLondonNW7 4BY",19/02/2021 00:00,,Mr Peter Steyne,"Concorde House Grenville Place Mill Hill NW7 3SA",
"5 Sturgess AvenueLondonNW4 3TR",12/09/2019 00:00,,Mrs Bela Ivanova,"22 Capitol WayLondonNW9 0EQ",6
"33 Torrington ParkLondonN12 9TB",11/12/2020 00:00,,Mrs Sarita Langdon,"18 Sellers Hall CloseLondonN3 1JL",11
"749 Finchley RoadLondonNW11 8DL",25/02/2020 00:00,,Mrs Julia Raquel Calonga,"40 Crewys RoadLondonNW2 2AA",6
"15 Somerset RoadLondonNW4 4EP",17/03/2020 00:00,,Mr Ahkamel Islam,"84 Broad Walk London N21 3BJ",5
"Flat 1Crescent CourtGolders Green CrescentLondonNW11 8JP",19/09/2019 00:00,,Mr Jorge Sanchez,"Oliver Walton LtdFirst Floor, 3 - 5 Globe RoadLondonE1 4DT",5
"8 Fuller StreetLondonNW4 4QL",22/10/2019 00:00,,Mr Rakesh Shah,"19 Sudbury Hill Close Wembley HA0 2QR",8
"First And Second Floor Maisonette11 Templars AvenueLondonNW11 0PB",03/12/2019 00:00,,Mrs Marian Hubbell,"95 Widney RoadKnowleSolihullB93 9EA",5
"83 Victoria RoadBarnetHertsEN4 9PE",12/02/2021 00:00,,Mr Jonathan Pye,"83 Victoria RoadBarnetEN4 9PE",6
"36 Nethercourt AvenueLondonN3 1PT",16/04/2020 00:00,,Miss Melissa Lim,"Flat 7, 77 Holders Road London N12 7DP",6
"17 Elm Park RoadLondonN3 1EG",21/04/2020 00:00,,Miss Melissa Lim,"Flat 7, 77 Holden RoadLondon N12 7DP",6
"2 Thorverton RoadLondonNW2 1RE",08/10/2021 00:00,,Miss Roisin Muluihill,"6 Constantine RoadLondonNW3 2NG",
"19 Ranelagh DriveEdgwareHA8 8HJ",18/09/2020 00:00,,Mrs Ancuta Solovastru,"9 Donnington Road London  HA3 0NB",13
"132A Cricklewood BroadwayLondonNW2 3EE",16/10/2020 00:00,,Mr Moreno Pericolo,"92 Anson RoadLondonNW2 6AG",5
"157A Brent StreetLondonNW4 4DJ",17/09/2019 00:00,,Samuel Gabay,"188 Great North Way LondonNW4 1DY",5
"2 Scout WayLondonNW7 3JW",29/10/2019 00:00,,,"Rent Connect 258 Capability Green Bussiness ParkLutonLU1 3LU",10
"8 Rosemont AvenueLondonN12 0BX",20/08/2020 00:00,,Mrs Camilla Solanki,"CraigoverSt Andrews Close LondonN12 8BA",10
"105 Booth RoadLondonNW9 5JU",19/11/2019 00:00,,Mr Mohammed Niavarani,"41 Millwood Cardiff CF14 0TL",4
"11A Woodhouse RoadLondonN12 9EN",28/11/2019 00:00,,Mr Tiago Miguel Lopes,"12 Addington Drive London N12 0PH",10
"45B Golders Green RoadLondonNW11 8EL",14/11/2019 00:00,,Mr Joseph Dangoor,"57 Golders Green RoadLondonNW11 8EL",5
"43 Woolmead AvenueLondonNW9 7AX",30/04/2021 00:00,,Beverley Stillerman,"34 Canons DriveEdgwareMiddlesex HA8 7QT",6
"164 Granville RoadLondonNW2 2LD",13/11/2020 00:00,,Mrs Yvonne Burkinshaw,"28 Loom LaneRadlettWD7 8AD",5
"71 Ravensdale AvenueLondonN12 9HR",07/01/2020 00:00,,Mr Matt Bricka,"25 Shortlands Road LondonE10 7AH",6
"18 Granville RoadLondonN12 0HJ",12/03/2020 00:00,,Mrs Gail Blain,"4 Hillside GardensEdgwareHA8 8HE",10
"35 Ashbourne AvenueLondonNW11 0DT",21/08/2020 00:00,,Mr Daren Davis,"18 West Hill CourtMillfield LaneLondonN6 6JJ",10
"44A Cricklewood LaneLondonNW2 1HD",15/05/2020 00:00,,Mr Allan Campbell,"46 Cricklewood LaneLondonNW2 1HD",5
"64 Babington RoadLondonNW4 4LD",05/11/2020 00:00,,Mr Dinesh Patel,"66 Babington RoadLondonNW4 4LD",6
"9 Golders GardensLondonNW11 9BP",29/01/2021 00:00,,Mr Kamyar Mansouri,"155 Golders Green RoadLondonNW11 9BX",
"12 Cyprus RoadLondonN3 3RY",31/10/2019 00:00,,Live-in Guardians LTD,"Carradine House 237 Regents Park RoadLondon N3 3LF",6
"14 Ravenscroft AvenueLondonNW11 0RY",25/09/2020 00:00,,Mr Elli Abramov,"36 MiddlewayLondonNW11 6SG",12
"14 Southbourne CrescentLondonNW4 2JY",03/12/2019 00:00,,Mr Daren Davis,"18 West Hill CourtLondon N6 6JJ",6
"40B The Market PlaceFalloden WayLondonNW11 6JP",26/06/2020 00:00,,State Centre Ltd,"13 West Hampstead Mews LondonNW6 3BB",5
"49 Garth RoadLondonNW2 2NH",05/02/2021 00:00,,Softstate Limited,"20 - 22 Wenlock RoadLondon N7 7GU",5
"4 Finchley ParkLondonN12 9JN",09/10/2020 00:00,,Mr Rassool Vali Pour Azari,"Ryan EstatesStation Road BorehamwoodHertsWD6 1DP",
"16 Hollickwood AvenueLondonN12 0LT",26/03/2021 00:00,,Mr Courtney Harris,"Suite 408B, Cumberland House80 Scrubs Lane NW10 6RF",4
"22 Ash GroveLondonNW2 3LL",26/09/2019 00:00,,Mrs Tania Gudka,"8 Jordan CloseWatfordHertsWD25 7AF",6
"10 Hutton GroveLondonN12 8DT",16/10/2019 00:00,,Mrs Vivayanti Bashir,"35 Alexandra Grove North Finchley London N12 8HE",6
"337 Hendon WayLondonNW4 3NB",19/12/2019 00:00,,Mr Aviram Cohen,"BarakaGreenbank Crescent London NW4 2LA",10
"87 Holders Hill DriveLondonNW4 1NN",18/09/2020 00:00,,Ms Michaela Kainz,"36 Waverley GroveLondon N3 3PX",5
"18 Elms AvenueLondonNW4 2PG",16/07/2021 00:00,,Mrs Corinne Korn,"4 Elms AvenueLondonNW4 2PG",6
"255 Colney Hatch LaneLondonN11 3DH",12/09/2019 00:00,,Mr Andrew Wedd,"139 Benfleet RoadEssex United Kingdom SS7 1QF",5
"655A Watford WayLondonNW7 3JR",06/11/2019 00:00,,Rent Connect,"258 Capability Green Bussiness ParkLutonLU1 3LU",10
"655A Watford WayLondonNW7 3JR",06/11/2019 00:00,,Rent Connect,"258 Capability Green Bussiness ParkLutonLU1 3LU",6
"54 Fairfield CrescentEdgwareHA8 9AH",07/11/2019 00:00,,Mr Walter Vethanayagam,"26 Elmwood AvenueHarrowMiddxHA3 8AH",7
"Flat 1Monkville MansionsFinchley RoadLondonNW11 0AJ",19/12/2019 00:00,,Arpom Ltd,"23 Kingsgate AvenueLondon N3 3DH",5
"41 Selborne GardensLondonNW4 4SH",09/01/2020 00:00,,Mr Aviram Cohen,"BarakaGreenbank CrescentLondonNW4 2LA",6
"88 Station RoadLondonN3 2SG",29/01/2021 00:00,,Ms Shalini Aujla,"16 Windor RoadLondon N3 3SS",
"12A Second AvenueLondonNW4 2RN",19/02/2021 00:00,,Mr Charles Teff,"5 Eastvillle Avenue LondonNW11 0HD",5
"Flat 2Monkville MansionsFinchley RoadLondonNW11 0AJ",07/01/2020 00:00,,Arpom Ltd,"23 Kingsgate AvenueLondonN3 3DH",6
"46 Ambrose AvenueLondonNW11 9AN",05/02/2021 00:00,,Mr Daren Davis,"Flat A60 Brookside RoadLondonNW11 9NG",
"Flat 639A Golders Green RoadLondonNW11 8EE",10/12/2020 00:00,,Mr Hazem Salem,"Flat 3- 39A , Golders Green RoadLondonNW11 8EE",8
"754A Finchley RoadLondonNW11 7TH",10/09/2019 00:00,,Sherrards Properties,"Flat 22,  2 Avenue Road, London,  NW8 7PU",6
"44A The BroadwayLondonNW7 3LH",18/02/2020 00:00,,Greggs PLC,"Gould RoadTwickenhamTW2 62T",5
"340A Regents Park RoadLondonN3 2LN",19/02/2021 00:00,,Tekagac Sultan,"140 The FairwayLondon N14 4NN",6
"49 SouthfieldsLondonNW4 4LX",27/11/2020 00:00,,Mr Sunday Agwaze,"47 SouthfieldsLondonNW4 4LX",
"211 Watford WayLondonNW4 4SL",26/02/2021 00:00,,AAA Premier Management LTD,"5A Russell GardensLondon NW11 9NJ",5
"23 Dudley RoadLondonN3 2QR",04/01/2020 00:00,,Mr Chetin Malyali,"41 Brairfield AvenueLondon N3",
"157B Brent StreetLondonNW4 4DJ",02/10/2019 00:00,,Mr Samuel Gabay,"188 Great North Way London NW4 1DY",5
"14 Litchfield WayLondonNW11 6NJ",25/03/2021 00:00,,Ms Sharon Jacobs,"14 Litchfield WayLondonNW11 6NJ",5
"5 Gloucester GardensLondonNW11 9AB",11/12/2020 00:00,,Bercleys Properties Ltd,"Data House 43 Stamford HillLondonN16 5SR",10
"139 Montrose AvenueEdgwareMiddxHA8 0DZ",06/11/2019 00:00,,Miss Mingjuan Pan,"139 Montrose AvenueEdgwareHA8 0DZ",4
"33 New Trinity RoadLondonN2 8EE",28/11/2019 00:00,,Mr Alexander Shaw,"63 Halliwick RoadLondon N10 1AA",4
"Flat 13Queens MansionsWatford WayLondonNW4 3AN",04/12/2019 00:00,,Mr William Aziz,"25 Beaulieu CloseLondon NW9 5SB",5
"75 Hervey CloseLondonN3 2HH",11/02/2020 00:00,,Mr Kausik Budhdeo,"77 Hervey CloseLondonN3 2HH",5
"Flat 15Windsor CourtGolders Green RoadLondonNW11 9PP",26/03/2021 00:00,,Mr Benjamin Shaw,"7 Clifton HillLondon NW8 0QE",5
"31 Elm GroveLondonNW2 3AE",20/11/2020 00:00,,Mrs Regine Lovell,"Flat B 12 Milverton RoadLondonNW6 7AS",8
"190 Great North WayLondonNW4 1DY",12/02/2021 00:00,,M Dream Property Ltd,"29 Finchley LaneLondonNW4 1BX",6
"36 Selborne GardensLondonNW4 4SJ",05/02/2021 00:00,,Mr Iqan Ahmed,"42 The BurroughsHendon LondonNW4",8
"1174 High RoadLondonN20 0LH",06/08/2021 00:00,,Mr Ioannis Argyrou,"Bayshill House Barnet Lane ElstreeWD6 3QU",5
"Flat 4Golders CourtWoodstock RoadLondonNW11 8QG",22/10/2019 00:00,,Mr Peter Panayiotou,"Rent With Us Ltd13 West Hamstead Mews London NW6 3BB",5
"17A Hendon WayLondonNW2 2LX",07/01/2020 00:00,,Mr Syed Mehdi Ali Meerza,"14 Pursley RoadLondon NW7 2BT",4
"38 Elmcroft CrescentLondonNW11 9SY",03/07/2020 00:00,,Mr Garmen Sahakian,"Greenfield House Barnet RoadArkley Herts EN5 3JU",10
"47 Netherlands RoadBarnetEN5 1BP",26/11/2020 00:00,,Mr Tagbo Umenyilora,"47 Netherlands RoadBarnetEN5 1BP",5
"37 New Trinity RoadLondonN2 8EE",23/01/2020 00:00,,Mr Alexander Shaw,"63 Halliwick RoadLondonN10 1AA",4
"38A Station RoadEdgwareMiddxHA8 7AB",28/05/2020 00:00,,Mr Hassan Zabeti-Targhi,"86 Woodstock Avenue Golders Green London NW11 9RJ",9
"31 Torrington ParkLondonN12 9TB",11/12/2020 00:00,,Mrs Sarita Langdon,"18 Sellers Hall CloseLondonN3 1JL",
"28 Swannell WayLondonNW2 1FB",12/02/2021 00:00,,Ms Shyhrete Veliu,"47 Venice HouseLondon HA0 1QL",5
"Flat 4Florence MansionsVivian AvenueLondonNW4 3UY",06/11/2019 00:00,,Suman Enterprises Limited,"11 Vaughan Avenue London NW4 4HT",5
"12A Oakdene ParkLondonN3 1EU",26/03/2020 00:00,,Mr Asif Bashir,"35 Alexandra GroveFinchley London N12 8HE",6
"17 Churchfield AvenueLondonN12 0NS",08/10/2021 00:00,,Project Elementary LTD,"3 Abercorn CloseLondon NW7 1JG",6
"125B High RoadLondonN2 8AG",12/03/2021 00:00,,Mrs Delia Andrews,"Long Bredy Farm DorchesterDorset DT2 9HP",4
"7 Golders GardensLondonNW11 9BP",03/09/2021 00:00,,Ms Kamyar Mansouri,"155 Golders Green RoadLondonNW11 9BX",
"29 Clifton RoadLondonN3 2AS",19/11/2021 00:00,,Rent Result Ltd,"49 Benskin Road LondonWD18 0HN",6
"51 Brent View RoadLondonNW9 7EJ",03/09/2021 00:00,,Mr Michael Fitzgerald,"10 Claremont RoadLondonNW2 1BP",9
"68B Cricklewood LaneLondonNW2 1HJ",11/02/2022 00:00,,Mrs Keisha Thomas,"2 Lodge End Croxley Green Hertforshire WD3 3RP",5
"14A Bell LaneLondonNW4 2AD",07/01/2022 00:00,,Mr Leor Nissim,"4 Fairholme GardensFinchley LondonN3 3EB",5
"307 Watford WayLondonNW4 4TG",18/02/2022 00:00,,Mrs Anru Chen,"15 Alderton Crescent London NW4 3XU",
"Flat 633A - 35A Golders Green RoadLondonNW11 8EE",05/02/2021 00:00,,Mr Abdul Aziz Mohamed,"1 High Street Colliers WoodLondonSW19 2JE",5
"87 Park RoadLondonNW4 3PA",23/04/2021 00:00,,Mrs Iryna Osukhovska,"12 St Alban's HillHemel HempsteadHP3 9NG",7
"Flat 15Clandon HouseClandon GardensLondonN3 3BD",06/08/2021 00:00,,Mr Yosef Zekaria,"33 Woodcroft Avenue London NW7 2AH",5
"10 Purley AvenueLondonNW2 1SJ",11/02/2022 00:00,,Mrs Perla Lagnado-Agami Levy,"50 The ValeLondonNW11 8SG",
"7 Chiltern GardensLondonNW2 1PU",02/12/2021 00:00,,Ms Imtiaz Akther,"179 Lewisham WayLondonSE4 1UY",6
"43 Nether StreetLondonN12 7NN",04/03/2022 00:00,,Ms Jenny Lui,"CarltonChurch CrescentLondonN3 1BE",7
"14A East Barnet RoadBarnetEN4 8RW",04/03/2022 00:00,,Ms Fiona Keaveney,"11 Cedar Rise Southgate N14 5NJ",5
"93A Leeside CrescentLondonNW11 0JL",04/02/2022 00:00,,Mr Josef Kemal,"Get Properties 2 Ltd105 Hendon LaneFlat 2, Ibis CourtLondon N3 3TP",14
"Flat 27Clandon HouseClandon GardensLondonN3 3BD",06/08/2021 00:00,,Mr Yosef Zekaria,"33 Woodcroft AvenueLondonNW7 2AH",5
"78 Crewys RoadLondonNW2 2AD",11/02/2022 00:00,,Mr Neel Khiroya,"Tango Properties Ltd3rd FloorSovereign House1 Albert PlaceFinchley CentralLondonN3 1QB",7
"108B Holden RoadLondonN12 7EA",26/03/2021 00:00,,Nice Properties & Management Ltd,"3 Abercorn CloseLondon NW7 1JG",5
"3 Carlton RoadLondonN11 3EX",04/03/2022 00:00,,Ms Shalini Aujla,"16 Windsor RoadLondonN3 3SS",5
"174A West Hendon BroadwayLondonNW9 7AA",18/03/2022 00:00,,Mr Fatehali Alidina,"80 Woodgrange AvenueLondonN12 0PS",9
"20 Nant RoadLondonNW2 2AT",18/02/2022 00:00,,Mrs Myriam Bouhnik,"9 Sterling Mansion 12 Canfield Gardens LondonNW6 3JT",6
"Flat 11Clandon HouseClandon GardensLondonN3 3BD",06/08/2021 00:00,,Mr Yosef Zekaria,"33 Woodcroft AvenueLondonNW7 2AH",5
"44 Allington RoadLondonNW4 3DE",06/05/2022 00:00,,Mrs Rambai Halai,"35 Allington RoadLondonNW4 3EA",10
"259 The ValeLondonNW11 8TN",05/02/2021 00:00,,As London Properties 3 LTD,"1st Floor Cloister House New Bailey StreetM3 5FS",10
"Flat BGraseby House5 Fitzjohn AvenueBarnetEN5 2HE",09/04/2021 00:00,,THE ROYAL FREE CHARITY,"The Royal Free Charity Pond StreetLONDONNW3 2QG",8
"42 Goldbeaters GroveEdgwareHA8 0QB",25/11/2021 00:00,,Mr Bahran Salehzehi,"387 Watling AvenueEdgware, MiddlesexHA8 0NG",7
"31 Woodland WayLondonNW7 2JP",25/02/2022 00:00,,Mr Neil Goodman,"5 Sunnyside Terrace Colindale NW9 5DL",5
"Flat 37Clandon HouseClandon GardensLondonN3 3BD",06/08/2021 00:00,,"Mr Yosef ZekariaLondonNW7 2AH","33 Woodcroft AvenueLondonNW7 2AH",5
"16 Stuart AvenueLondonNW9 7AT",16/07/2021 00:00,,Mr Atul Unadkat,"29A Uxbridge RoadStanmoreMiddxHA7 3LH",
"8A Bell LaneLondonNW4 2AD",11/03/2022 00:00,,Ashila Limited,"Office 2 Newstead Court33 Brent StreetHendonLondonNW4 2EF",6
"115 Woodstock AvenueLondonNW11 9RL",18/02/2022 00:00,,Arlen Properties Ltd,"9 Burroughs GardensBreasy PlaceHendonLondonNW4 4AU",7
"23 Dingwall GardensLondonNW11 7ET",04/03/2022 00:00,,Mr Partha Dey,"Warren Farm Warren Lane ClophillMK45 4AS",11
"12A East Barnet RoadBarnetEN4 8RW",29/07/2022 00:00,,Bercleys Properties Ltd,"Date House43 - 45 Stamford HillLondon N16 5SR",
"8 Brunswick GroveLondonN11 1HN",30/04/2021 00:00,,Mrs Joanne Knights,"125 Russell LaneLondon N20 0AZ",5
"41 Russell RoadLondonN20 0TN",23/04/2021 00:00,,Mr Khalid Hussain,"311 St Albans Road WestHatfield HertfordshireAL10 9RJ",5
"24 Ash GroveLondonNW2 3LL",16/07/2021 00:00,,Mrs Miray Boukarroum,"105 High Road  London NW10 2SL",
"236A Regents Park RoadLondonN3 3HP",10/09/2021 00:00,,Mr Edmond Levy,"Elco House22-24 Homecroft RoadLondonN22 5EL",
"145 Golders Green RoadLondonNW11 9BN",01/04/2022 00:00,,Mr Ronen Kohali,"6 Fairholme CloseLondonN3 3EE",
"15 Oakview GardensLondonN2 0NJ",25/06/2021 00:00,,Ms Tamara Amobi,"Flat 109, Mercury House2 Jude StreetE16 1FF",5
"Flat 39Clandon HouseClandon GardensLondonN3 3BD",06/08/2021 00:00,,Mr Joseph Yosef Zekaria,"33 Woodcroft AvenueLondonNW7 2AH",5
"Flat 17Clandon HouseClandon GardensLondonN3 3BD",06/08/2021 00:00,,Mr Joseph Yosef Zekaria,"33 Woodcroft AvenueLondonNW7 2AH",5
"2 Hamilton RoadLondonNW11 9EJ",04/02/2022 00:00,,Mr Namir Moslawy,"45 Sherwood RoadLondonNW4 1AE",6
"269 Nether StreetLondonN3 1PD",28/01/2022 00:00,,Mr Harpinder Bhohi,"45 Lansdowne RoadFinchleyLondon",5
"1061A Finchley RoadLondonNW11 0PU",22/04/2021 00:00,,Mrs Deepika Kaushik Desai,"Shreeji Krupa13 Kinloss GardensLondonN3 3DU",5
"5C Sunnyside TerraceThe HydeLondonNW9 5DL",05/11/2021 00:00,,Mr Neil Goodman,"5 Sunny Side TerraceColindale NW9 5DL",5
"29 Nant RoadLondonNW2 2AL",28/01/2022 00:00,,Miss Margaret Hacker,"46 Hodford RoadLondonNW11 8NN",6
"7 Edwin RoadEdgwareHA8 9EY",08/10/2021 00:00,,Mrs Minotti Shah,"148A Totteridge LaneLondonN20 8JJ",6
"34 Llanvanor RoadLondonNW2 2AP",06/05/2022 00:00,,Miss Lily Saltoun,"34 Llanvanor RoadLondonNW2 2AP",5
"55 Woodland WayLondonNW7 2JP",21/05/2021 00:00,,Mr Neil Goodman,"5 Sunnyside TerraceThe HydeLondonNW9 5DL",6
"2A Bruce RoadBarnetEN5 4LS",25/06/2021 00:00,,Mr Kurt Fritzsch,"35 Ballards LaneLondonN3 1XW",10
"143 Claremont RoadLondonNW2 1AH",06/08/2021 00:00,,Mr Muhammad Ataur Rahman Chowdhury,"17 Wallcote AvenueCricklewoodLondonNW2 1AX",8
"1 Falkland AvenueLondonN3 1QR",01/04/2022 00:00,,Galaxy Property Letting Ltd,"160 Junction Road LondonN19 5QQ",11
"5 St Marys AvenueLondonN3 1SN",28/01/2021 00:00,,M Dream Property,"29 Finchley LaneLondon NW4 1BX",11
"43 Woodcote AvenueLondonNW7 2PG",14/05/2021 00:00,,Mr Fani Shaheen And Vishaal Patel,"CraigowerSt Andrews CloseN12 8BA",9
"25 Selborne GardensLondonNW4 4SH",02/07/2021 00:00,,Mr Aviram Cohen,"Baraka Greenbank Crescent NW4 2LA",5
"16 Hayward RoadLondonN20 0HA",21/10/2021 00:00,,Mr Azad Ayub,"36 Wightman RoadLondonN4 1RU",5
"73B Golders Green RoadLondonNW11 8EL",04/03/2022 00:00,,Mrs Deepika Kaushik Desai,"13 Kinloss Gardens London N3 3DU",5
"7A Long LaneLondonN3 2PR",25/03/2022 00:00,,City Estates Limited,"141A Stamford Hill London N16 5LG",6
"Flat GGraseby House5 Fitzjohn AvenueBarnetEN5 2HE",23/04/2021 00:00,,The Royal Free Charity,"The Royal Free Charity Pond StreetLondon NW3 2QG",8
"857 Finchley RoadLondonNW11 8LX",16/04/2021 00:00,,Mr Haig Sahakian,"Greenfield House Barnet RoadArkley HertsEN5 3JU",29
"24A Bell LaneLondonNW4 2AD",16/07/2021 00:00,,Ashila Limited,"Office 2 Newstead Court 33 BrentstreetLondonNW4 2EF",6
"5B Sunnyside TerraceThe HydeLondonNW9 5DL",02/12/2021 00:00,,Mr Neil Goodman,"5 Sunny Side TerraceColindale NW9 5DL",5
"2 Glebe CrescentLondonNW4 1BU",01/04/2022 00:00,,M Dream Property LTD,"29 Finchley LaneLondonNW4 1BX",7
"Hostel58 Station RoadLondonNW4 3SX",25/06/2021 00:00,,Primebury Property Ltd,"8 Crespigny RoadHendon, LondonNW4 3DY",10
"Bald Faced Stag69 High RoadLondonN2 8AB",03/09/2021 00:00,,Green King Retailing Limited,"Westgate StreetBury St EdmundsSuffolkIP33 1QT",14
"32 Ashurst RoadLondonN12 9AX",06/08/2021 00:00,,Mr Benjimin Okakpu,"38 Buxted Road London N12 9HG",5
"74 Clitterhouse CrescentLondonNW2 1DA",10/09/2021 00:00,,AS London Properties 3 LTD,"Cloister House New Bailey StM3 5FS",4
"3 Plantagenet RoadBarnetEN5 5JG",29/07/2022 00:00,,Mr David Chapman,"1 Clyde VillasHadley Green RoadBarnetEN5 5PP",5
"16A East Barnet RoadNew BarnetHertsEN4 8RW",05/02/2021 00:00,,Mr Kurt Fritzsch,"35 Ballards Lane LondonN3 1XW",
"28 Kings CloseLondonNW4 2JT",07/01/2022 00:00,,Mr Naresh Ladwa,"13 Kings CloseLondonNW4 2JT",
"112 Grove RoadLondonN12 9EA",16/07/2021 00:00,,Mr Jeffery Asamoah,"15 Ruskin RoadTottenham N17 8ND",6
"Flat EGraseby House5 Fitzjohn AvenueBarnetEN5 2HE",16/04/2021 00:00,,The Royal Free Charity,"The Royal Free CharityPond StreetLONDONNW3 2QG",8
"411 Oakleigh Road NorthLondonN20 0RS",17/02/2022 00:00,,Mr Jeremy Balcombe,"4 Asmara RoadLondon NW2 3ST",8
"44 Gainsborough GardensLondonNW11 9BL",25/02/2022 00:00,,Mr Ronnie Stekel,"T/A Park Centre PropertiesC/o 34 Golders Green RoadLondonNW11 8LL",5
"2 Selvage LaneLondonNW7 3SP",08/04/2022 00:00,,Mr Peter Steyne,"Concorde HouseGrenville Place Mill HillNW7 3SA",11
"1021A Finchley RoadLondonNW11 7ES",23/04/2021 00:00,Robert Irving Burns,Hofftone Property Investments Ltd,"Unit 4 Lockwood Industrial ParkMill Mead RoadLondonN17 9QP",4
"140 Clitterhouse RoadLondonNW2 1DN",03/09/2021 00:00,,Mr Gerhard Ampofo,"142 Clitterhouse RoadLondonNW2 1DN",5
"11 Oakleigh GardensEdgwareHA8 8EA",08/10/2021 00:00,,Mr Jayendra Patel,"35 Gordon Avenue StanmoreHA7 3QQ",6
"57 Selborne GardensLondonNW4 4SH",27/08/2021 00:00,,LR Property Investments Limited,"78 Queens Road Watford WD17 2LA",
"58 Sturgess AvenueLondonNW4 3TS",21/05/2021 00:00,,Mr Namir Moslawy,"45 Sherwood RoadLondonNW4 1AE",9
"20 Mays LaneBarnetEN5 2EE",12/08/2021 00:00,,Stelfort LTD,"117 Junction RoadLondonN19 5PX",5
"3 Heather GardensLondonNW11 9HS",23/07/2021 00:00,,Mr Eli Langberg,"The Lodge 37 Hendon Lane LondonN3 1RY",
"63 Well RoadBarnetEN5 3EA",05/11/2021 00:00,,Mr David Breisch,"Conway Crescent Ltd96 Forburg RoadLondonN16 6HT",5
"640A High RoadLondonN12 0NL",17/12/2021 00:00,,Big Greek Investments LTD,"22 Ashlyn GroveHornchurchRM11 2QD",6
"110 Wood StreetBarnetEN5 4BY",29/01/2021 00:00,,Mr Paul Collins,"The Den Barnet RoadEN5 3HY",6
"108 Holden RoadLondonN12 7EA",12/03/2021 00:00,,Nice Properties & Management Ltd,"3 Abercorn CloseLondonNW7 1JG",5
"Flat HGraseby House5 Fitzjohn AvenueBarnetEN5 2HE",30/04/2021 00:00,,The Royal Free Charity,"The Royal Free Charity Pond Street London NW3 2QG",10
"51A Watling AvenueEdgwareMiddxHA8 0LF",26/11/2021 00:00,,Mr Roger Lament,"11A Upper George StreetLutonBedsLU1 2RD",5
"125 Finchley LaneLondonNW4 1DA",06/05/2022 00:00,,Mr Marcus Hadjithoma,"Flat 316-B Stucley PlaceLondonNW1 8NS",5
"147 Cotswold GardensLondonNW2 1PL",19/11/2021 00:00,,Miss Naz Ettefagh,"Flat 6Lampard House8 Maida AvenueLondonW2 1SS",8
"12 Wilton RoadBarnetHertsEN4 9DX",19/11/2021 00:00,,William And Tracey Mackey,"97 Orchard DrivePark StreetSt AlbansAL2 2QL",10
"3 Oak GroveLondonNW2 3LS",21/01/2022 00:00,,Mrs Zelda Anne Horn,"85 Chatsworth RoadLondonNW2 4BH",8
"18A Bell LaneLondonNW4 2AD",01/04/2022 00:00,,Mrs Swetha Patel,"Office 2 Newstead Court33 Brent StHendon NW4 2EF",6
"Flat CGraseby House5 Fitzjohn AvenueBarnetEN5 2HE",09/04/2021 00:00,,The Royal Free Charity,"Pond StreetLONDONNW3 2QG",8
"Flat DGraseby House5 Fitzjohn AvenueBarnetEN5 2HE",16/04/2021 00:00,,The Royal Free Charity,"The Royal Free Charity Pond StreetLONDONNW3 2QG",8
"49 Beaconsfield RoadLondonN11 3AA",08/10/2021 00:00,,Mr Mark Flynn,"2B Balfour GroveWhetstone LondonN20 0SJ",
"25 Booth RoadLondonNW9 5JS",12/02/2021 00:00,,Mr Stephen Harris,"C/O 141 Edgwarebury Lane EdgwareLondonHA8 8ND",9
"52B Ballards LaneLondonN3 2BU",23/04/2021 00:00,,Mr MinQiu Yu,"Flat 93 Felix Court11 Charcot RoadLondonNW9 5ZE",5
"14 Cyprus RoadLondonN3 3RY",18/03/2022 00:00,,Mr Nicholas Lipinski,"7 Sanford RoadBromleyBR2 9AL",17
"84 Galsworthy RoadLondonNW2 2SH",17/09/2021 00:00,,SG London Properties 2 LTD,"Cloister HouseNew Bailey St M3 5FS",5
"60 Sturgess AvenueLondonNW4 3TS",17/09/2021 00:00,,Mr Pardooman Panchkowry,"24 Eastern StAylesburyBucksHP20 1BJ",5
"117 Woodstock AvenueLondonNW11 9RL",08/10/2021 00:00,,Mr Asher Abraham,"44 The Ridgeway LondonNW11 8GS",11
"787 Finchley RoadLondonNW11 8DP",25/03/2022 00:00,,Mr Nicholas Lipinski,"7 Sanford RoadBromleyBR2 9AL",24
"71 Richmond RoadBarnetEN5 1SF",15/10/2021 00:00,,Mrs Natalie Viccars,"10 MeadwayWestcliff-on-SeaEssexSS0 8PJ",6
"50 Sinclair GroveLondonNW11 9JG",22/10/2021 00:00,,Mr Joseph Kemal,"Get Properties 3 LTD179 Regents Park RoadLondonN3 3PB",
"3 Woodside GroveLondonN12 8QT",17/12/2021 00:00,,Ms Manisha Makani,"23 Brunswick Grove LondonN11 1HN",9
"2 Sunny Gardens RoadLondonNW4 1RT",17/12/2021 00:00,,Mrs Morita Swan,"2 Sunny Gardens RoadLondonNW4 1RT",9
"Flat AGraseby House5 Fitzjohn AvenueBarnetEN5 2HE",22/04/2021 00:00,,Royal Free Charity,"The Royal Free HospitalPond StreetLONDONNW3 2QG",8
"Flat 35Clandon HouseClandon GardensLondonN3 3BD",06/08/2021 00:00,,Mr Yosef Zekaria,"33 Woodcroft AvenueLondonNW7 2AH",5
"Flat 2162 Hendon WayLondonNW2 2NE",24/12/2021 00:00,,Mr Bekim Cera,"41B Uphill Drive London NW9 0BX",5
"175 Sunny Gardens RoadLondonNW4 1SG",03/12/2021 00:00,,Little Chestnut Properties Limited,"171 Ballards LaneFinchleyLondon N3 1LP",5
"1 Alba GardensLondonNW11 9NS",23/07/2021 00:00,,Mrs Malka Halibard,"65A Watford Way LondonNW4 3AQ",
"1 Rookery CloseLondonNW9 6QJ",04/06/2021 00:00,,TRA Properties Limited,"46 Kenneth CrescentWillesden GreenLondonNW2 4PN",
"47 Glenthorne RoadLondonN11 3HU",28/05/2021 00:00,,Mr Mustafa Ali,"61 Hamilton RoadCockfostersBarnetEN4 9HD",6
"99 Hervey CloseLondonN3 2HH",19/11/2021 00:00,,Mrs Lisa Graves,"Penny And Lisa Lettings And Management 131A Ballards Lane London N3 1LT",5
"Flat 13Clandon HouseClandon GardensLondonN3 3BD",06/08/2021 00:00,,Mr Yosef Zekaria,"33 Woodcroft AvenueLondonNW7 2AH",5
"44 Barfield AvenueLondonN20 0DD",11/06/2021 00:00,,Mr Sabah Ahmed,"1 Somerset Gardens LondonHA0 3BP",5
"95 Sherrards WayBarnetEN5 2BP",07/01/2022 00:00,,Mr Besnik Dedei,"95 Sherrards WayBarnetEN5 2BP",6
"68 Pymmes Green RoadLondonN11 1DD",05/03/2021 00:00,,Mr Chandrakant Khimji,"19 Clifton RoadFinchley London N3 2AS",5
"18 Balmoral AvenueLondonN11 3QA",12/03/2021 00:00,,Ms Suk Yi Leung,"9 Boundary StreetLincolnLincolnshireLN5 8NJ",2
"97A Russell LaneLondonN20 0BA",12/03/2021 00:00,,Mr Demetri Demetriou,"8 Gresham AvenueLondonN20 0XL",5
"218A Station RoadEdgwareHA8 7AU",05/03/2021 00:00,,Better Properties Limited,"129 Stamford Hill  London N16 5TW",
"48 Bridge LaneLondonNW11 0EG",21/01/2022 00:00,,Mrs Zelda Anne Horn,"85 Chatsworth LaneLondonNW2 4BH",11
"339 Hendon WayLondonNW4 3NB",07/01/2022 00:00,,Mr Aviram Cohen,"BarakaGreen Bank Crescent NW4 2LA",7
"12 Hoop LaneLondonNW11 8JL",08/10/2021 00:00,,Mr Joseph Schischa,"14 The RidgewayLondonNW11 8TB",10
"32 Grosvenor RoadLondonN3 1EX",11/02/2022 00:00,,Dr Hamid Bahai,"34 North CrescentLondonN3 3LL",
"Flat 1Florence MansionsVivian AvenueLondonNW4 3UY",04/03/2022 00:00,,Mr Riaz Don,"59 Woodville Road LondonNW11 9TS",5
"91 Woodgrange AvenueLondonN12 0PT",04/02/2022 00:00,,Mr Aimal Syal,"91 Woodgrange AvenueLondonN12 0PT",6
"49 Ridge HillLondonNW11 8PR",28/05/2021 00:00,,Mrs Perla Lagnado-Agami Levi,"50 The ValeLondonNW11 8SG",
"34 West AvenueLondonNW4 2LJ",23/11/2021 00:00,,Mr Ronen Kohali,"6 Fairholme Close LONDON N3 3EE",5
"11 Cloister GardensEdgwareHA8 9QJ",21/01/2022 00:00,,Mrs Anna Etingen,"14 Highview GardensEdgwareHA8 9UE",10
"28 Prayle GroveLondonNW2 1AY",29/01/2021 00:00,,Chris Philippou,"Stef & Philips LtdThe Grange, 100 High StreetLondonN14 6BN ",6
"101A Colney Hatch LaneLondonN10 1LR",25/06/2021 00:00,,Rent Result Ltd,"49 Benskin RoadLondonWD18 OHN",5
"18 Banstock RoadEdgwareHA8 9JJ",08/10/2021 00:00,,Mrs Minotti Shah,"148A Totteridge LaneLondonN20 8JJ",5
"19 Second AvenueLondonNW4 2RR",07/05/2021 00:00,,Mr Solomon Sakkas,"81 NorthiamLondonN12 7JH",5
"5A Sunnyside TerraceThe HydeLondonNW9 5DL",02/12/2021 00:00,,Mr Neil Goodman,"5 Sunny Side TerraceColindale NW9 5DL",5
"150 Bells HillBarnetEN5 2SL",29/04/2022 00:00,,Clifstons Ltd,"53 Princess Park Avenue LondonNW11 0JR",5
"7 Ferncroft AvenueLondonN12 0LN",01/04/2022 00:00,,Mr Ledi GJata,"21A High StreetLondonE13 0AD",8
"14 Avenue RoadLondonN12 8PY",26/11/2021 00:00,,Mr David Chapman,"1 Clyde VillasHadley Green RoadBarnetEN5 5PP",5
"15 Oakwood DriveEdgwareHA8 9LG",18/02/2022 00:00,,Mr Yossi Joseph Meshulam,"38 Penshurst GardensLondonHA8 9TP",
"776A Finchley RoadLondonNW11 7TH",25/02/2022 00:00,,Rabimitz Limited,"1B Bethune RoadLondon N16 5BW",5
"19A Watling AvenueEdgwareHA8 0LQ",09/04/2021 00:00,,Pamir UK Bakery Trading Ltd,"19 Watling Avenue Burnt Oak HA8 0LQ",6
"84 Brent Park RoadLondonNW4 3HP",03/02/2022 00:00,,Mr Zia Hussain,"29 Sneyd RoadCricklewoodLondon NW2 6AL",5
"17 Alderton CrescentLondonNW4 3XU",08/04/2022 00:00,,Mrs Adith Soffair,"57 Lawrence AvenueLondonNW7 4NL",10
"203A West Hendon BroadwayLondonNW9 7DE",19/03/2021 00:00,,Mr Sirous Jamalfar,"21 Purley Avenue  London  NW2 1AH",10
"203A West Hendon BroadwayLondonNW9 7DE",19/03/2021 00:00,,Mr Sirous Jamalfar,"21 Purley Avenue  London  NW2 1AH",10
"9 Friern ParkLondonN12 9DE",21/05/2021 00:00,,Mr Pankaj Shah,"7 Friern ParkLondonN12 9DE",5
"First Floor Flat61 Eton AvenueLondonN12 0BD",15/10/2021 00:00,,Mr Mario Guida,"61A Eton Avenue North Finchley N12 0BD",5
"69 Briarfield AvenueLondonN3 2LG",18/03/2022 00:00,,Mr Kishan Patel,"369 Regents Park RoadLondonN3 1DE",11
"First Floor Flat66 North End RoadLondonNW11 7SY",25/03/2022 00:00,,Mr Benze Liu,"2 Firecrest DriveLondonNW3 7ND",7
"151 Hendon WayLondonNW2 2NB",01/09/2022 00:00,,Ms Samia Ibrahim,"Pennine HousePennine DriveLondonNW2 1PA",10
"78 Bedford RoadLondonN2 9DA",05/02/2021 00:00,,Mrs Maria Sakka,"81 NorthiamWoodside ParkLondonN12 7JH",
"75 Sunny Gardens RoadLondonNW4 1SJ",05/03/2021 00:00,,Mr Krzysztof Milla,"29 Finchley LaneLondonNW4 1BX",
"9 Wroughton TerraceLondonNW4 4LE",16/07/2021 00:00,,Mr Michael Winkler,"Flat 3Blakes Lodge64 Hendon LaneLondonN3 1SB",
"4 Bibsworth RoadLondonN3 3RP",18/03/2022 00:00,,Mr Nicholas Lipinski,"7 Sanford RoadBromley BR2 9AL",
"38 Woolmead AvenueLondonNW9 7AY",04/03/2022 00:00,,Mr Daniel Stern,"28 Woolmead AvenueLondon NW9 7AY",5
"Flat 9Kennyland CourtHendon WayLondonNW4 3LU",23/04/2021 00:00,,Mr Charley Chalon Cohen,"Buckingham House45 Vivian AvenueLondonNW4 3XA",5
"Ground Floor Flat35 Llanvanor RoadLondonNW2 2AR",04/05/2021 00:00,,Mr Meredith Yates,"Flat 1, Banff HouseGlenmore RoadLondonNW3 4DG",
"230 Watford WayLondonNW4 4UA",27/08/2021 00:00,,Ms Yin Fu,"Apt 6.01, 1 Kings Gate Walk LondonSW1E 6AN",5
"157 Cat HillBarnetEN4 8HS",29/04/2022 00:00,,Mr  Mrs Theophanis & Anastasia Theophanous,"C/O MR PAUL ALEXANDROU, DE VERE LETTING BUREAU175 HIGH STREETBARNETHERTFORDSHIREEN5 5SU",10
"91B Church RoadLondonNW4 4DP",29/01/2021 00:00,,Mr Min Qiu Yu,"91B Church RoadLondon02/12/195507877 856 564Property Owner93 Felix Court, 11 Charcot RoadNW9 5ZE",6
"16 Crewys RoadLondonNW2 2AA",22/07/2021 00:00,,Mr Amir Haddadi,"365 Ballards Lane London N12 8LL",
"8 Clovelly AvenueLondonNW9 6DT",18/03/2022 00:00,,Mr Chin Soo,"8 Clovelly AvenueLondonNW9 6DT",7
"411 Oakleigh Road NorthLondonN20 0RS",14/04/2022 00:00,,Mr Robin Powell,"2 Asmara Road LondonNW2 3ST",8
"21 Edrick RoadEdgwareHA8 9HY",02/09/2022 00:00,,Mr Gary Bloch,"HighbankGreenbank CrescentLondonNW4 2LA",5
"79 Watford WayLondonNW4 4RS",28/05/2021 00:00,,Mr Ishtiaq Ahmed,"42 The Burroughs HendonNW4 4AD",
"10 Plantagenet RoadBarnetEN5 5JG",24/06/2022 00:00,,Stef And Philips LTD,"Stef And PhilipsThe Grange 100 High Street LondonN14 6BN",8
"16 Cyprus RoadLondonN3 3RY",25/03/2022 00:00,,Mr Nicholas Lipinski,"7 Sanford RoadBromleyBR2 9AL",19
"6 Park DriveLondonNW11 7SH",11/02/2022 00:00,,Mrs Nanette Milner,"30 Wellington Avenue South Tottenham LondonN15 6AS",5
"11 Courtleigh GardensLondonNW11 9JX",01/04/2022 00:00,,Mr Krzysztof Milla,"29 Finchley LaneHendonNW4 1BX",9
"First And Second Floor Maisonette61 Albert RoadLondonNW4 2SH",28/05/2021 00:00,,Mr Gerard Doherty,"14 Babington RoadLondonNW4 4LD",5
"First And Second Floor Maisonette4 Mountfield RoadLondonN3 3NB",20/05/2022 00:00,,Dr Fouad Shat,"82 St John StreetLondonUnited KingdomEC1M 4JN",5
"First Floor Flat432 Finchley RoadLondonNW2 2HY",05/03/2021 00:00,,Mrs Yuk Chan,"29 Beaulieu Close Colindale NW9 6SB",5
"Flat 29Clandon HouseClandon GardensLondonN3 3BD",06/08/2021 00:00,,Mr Yosef Zekaria,"33 Woodcroft AvenueLondonNW7 2AH",5
"41 Woodland WayLondonNW7 2JP",17/02/2022 00:00,,Mrs Hana Rabee,"24 Manor Hall Avenue London NW4 1NX",10
"77 Prayle GroveLondonNW2 1BB",29/07/2022 00:00,,Mr Binyomin Horovitz,"The Capital Property Group LTD48 Leabourne RoadLondonN16 6TA",6
"Flat 41Clandon HouseClandon GardensLondonN3 3BD",06/08/2021 00:00,,Mr Yosef Zakaria,"33 Woodcroft AvenueLondonNW7 2AH",5
"41 Manor RoadBarnetHertsEN5 2JQ",11/03/2022 00:00,,Mr David Beckett,"Metropolitan House 5th Floor 3 Drakes Lane Potters Bar EN6 1AG",11
"102 Holders Hill RoadLondonNW4 1LL",29/04/2022 00:00,,Lev Blauer Ltd,"78 Queens Road LondonWD17 2LA",8
"First Floor Flat23 Russell GardensLondonNW11 9NJ",06/05/2022 00:00,,Mr Ben Mozes,"26 St Georges RoadLondon NW11 0LR",5
"Flat 115 Dartmouth RoadLondonNW4 3JA",26/02/2021 00:00,,Mr Harishchandra Ratna,"1 Elm AvenueHendon London NW4 2PL",5
"Flat 35Herald Court130 Colindale AvenueLondonNW9 4AX",25/06/2021 00:00,,Mr Ross Cheung,"Flat 4 Denver Court1 Guardian AvenueLondonNW9 4AW",5
"14 Greenway CloseLondonNW9 5AZ",29/04/2022 00:00,,Mrs Irena Lupu,"54 Purbrock AvenueWatfordHertfordshireWD25 0AD",8
"48 Babington RoadLondonNW4 4LD",05/03/2021 00:00,,Mr Mehdi Bazargan,"5 Johns Avenue Hendon London",5
"First Floor Flat92 Woodstock AvenueLondonNW11 9RJ",23/04/2021 00:00,,Mrs Jenny Cohen,"33 West Avenue London NW4 2LL",7
"58 Colin GardensLondonNW9 6EJ",23/04/2021 00:00,,Mr Chong Deng,"22 Faber GardensLondon NW4 4NR",5
"46 Dartmouth RoadLondonNW4 3HX",15/10/2021 00:00,,James Mackay,"46 Dartmouth Road LondonNW4 3HX",5
"12 Gratton TerraceLondonNW2 6QE",01/04/2022 00:00,,Mrs Keren Mail,"20 Neeld CrescentLondonNW4 3RR",7
"St Peters Bourne40 Oakleigh Park SouthLondonN20 9JN",05/03/2021 00:00,,David  Vincent,"40 Oakleigh Park SouthWhetstoneN20 9JN",
"346A Regents Park RoadLondonN3 2LJ",05/03/2021 00:00,,Mr Kim Teo,"36 Gerrard Street LondonW1D 5QA",6
"1065A Finchley RoadLondonNW11 0PU",21/10/2021 00:00,,Tang Ltd,"1065 Finchley RoadLondonNW11 0PU",4
"166 Mays LaneBarnetEN5 2LT",01/10/2021 00:00,,Mr Mehran Chereh,"23 Weston CourtBoscobel CrescentWolverhamptonWV1 1QG",6
"10 Cyprus RoadLondonN3 3RY",18/03/2022 00:00,,Mr Nicholas Lipinski,"7 Sanford RoadBromleyBR2 9AL",9
"398A Finchley RoadLondonNW2 2HR",06/08/2021 00:00,,Mr Jonathan Conway,"55 The Upper DriveHoveEast SussexBN3 6NA",
"59 Albert RoadLondonNW4 2SH",29/04/2022 00:00,,Mr Joseph Cohen,"121 Leeside CrescentGolders GreenNW11 0JN",5
"68 Great North WayLondonNW4 1HS",04/05/2021 00:00,,Serviced Estates Ltd,"90 Cumbrian GardensLondonNW2 1EL",
"42 Clifton GardensLondonNW11 7EL",16/12/2021 00:00,,Circle Wood LTD,"1st Floor, Stanhope House4-8 Highgate High StreetLondonN6 5JL",6
"6 Beaufort GardensLondonNW4 3QP",25/03/2022 00:00,,Tigress Land Limited,"35 Allington RoadLondonNW4 3EA",
"60 Cotswold GardensLondonNW2 1PG",20/05/2022 00:00,,Mr Reza Shahrestani,"Flat 3, 11 Manstone RoadLondon NW2 3XH",13
"223A Golders Green RoadLondonNW11 9ES",23/04/2021 00:00,,Mr Paul Alterman,"14 Lodge RoadLondonNW4 4EF",5
"Flat 2The Spinney22 Hendon Wood LaneLondonNW7 4HR",21/05/2021 00:00,,Gerard Fitzgerald,"The Ridge28/30  Hendon Wood LaneLondonNW7 4HR",5
"5G Sunnyside TerraceThe HydeLondonNW9 5DL",05/11/2021 00:00,,Mr Neil Goodman,"5 Sunny Side TerraceColindale NW9 5DL",5
"1 Ibsley WayCockfostersEN4 9EY",15/10/2021 00:00,,Mrs Natalie Viccars,"10 MeadwayWestcliff-on-SeaEssexSS0 8PJ",
"30 Finchley LaneLondonNW4 1DL",21/01/2022 00:00,,Dr Wing Sing Kwan,"30 Finchley LaneLondonNW4 1DL",
"7 The DriveLondonNW11 9ST",08/04/2022 00:00,,Mr Neil Goodman,"5 Sunnyside TerraceColindaleNW9 5DL",11
"751B Finchley RoadLondonNW11 8DL",25/03/2022 00:00,,Mr Fagner Gomes De Alemeida,"Crewys LTD42 Crewys Road London NW2 2AA",5
"97 Fairfield CrescentEdgwareHA8 9AL",18/03/2022 00:00,,Mr Niranjan Uthayakumar,"3 Woodway CrescentHarrow Ha1 2NH",6
"144 St Margarets RoadEdgwareMiddxHA8 9UX",24/02/2022 00:00,,Mr Ali Madani,"67 Nascotwood RoadWatfordWD17 4SJ",12
"154 Long LaneLondonN3 2HX",01/06/2021 00:00,,ZFA Group,"971 Romford RoadLondonE12 5JR",4
"16 Brentfield GardensLondonNW2 1JP",06/08/2021 00:00,,Roselion Ltd,"5 North End RoadLondon NW11 7RJ",5
"14 Daniel PlaceLondonNW4 3PG",04/03/2022 00:00,,Mr Chong Deng,"27 Glebe CrescentHendonLondonNW4 1BT",12
"Flat 23Clandon HouseClandon GardensLondonN3 3BD",06/08/2021 00:00,,Mr Yosef Zekaria,"33 Woodcroft AvenueLondonNW7 2AH",5
"Flat 9Clandon HouseClandon GardensLondonN3 3BD",06/08/2021 00:00,,Mr Yosef Zakaria,"33 Woodcroft Avenue LondonNW7 2AH",5
"Flat 25Clandon HouseClandon GardensLondonN3 3BD",06/08/2021 00:00,,Mr Yosef Zekeria,"33 Woodcroft AvenueLondonNW7 2AH",5
"31 Renters AvenueLondonNW4 3QY",14/04/2022 00:00,,Ronnie Ellinson,"C/o Unit 9BThe High Cross CentreFountyne RdN15 4BE",5
"Flat FGraseby House5 Fitzjohn AvenueBarnetEN5 2HE",16/04/2021 00:00,,The Royal Free Charity,"The Royal Free Charity Pond StreetLONDONNW3 2QG",8
"1 Edgwarebury GardensEdgwareHA8 8LL",13/05/2022 00:00,,Mr Sami Barakas,"Triple VVV 3 LTD179 Regents Park RoadN3 3PB",10
"31 Park MansionsVivian AvenueLondonNW4 3UU",01/04/2022 00:00,,Dr Anthony Kaye,"11 Portland RoadOxfordOX2 7EZ",5
"85 Victoria RoadBarnetEN4 9PE",22/07/2022 00:00,,Mr Jon Pye,"83 Victoria RoadNew Barnet EN4 9PE",5
"ShanklinHolden RoadLondonN12 8HT",15/04/2021 00:00,,Nice Properties & Management LTD,"3 Abercorn CloseLondonNW7 1JG",6
"Flat 7Clandon HouseClandon GardensLondonN3 3BD",06/08/2021 00:00,,Mr Yosef Zakaria,"33 Woodcroft Avenue LondonNW7 2AH",5
"London Borough Of BarnetBuilding 4 North London Business ParkOakleigh Road SouthLondonN11 1NP",20/04/2022 00:00,,,,
"110 Prayle GroveLondonNW2 1BE",15/07/2022 00:00,,AG London Properties 2 Ltd,"1st Floor, Cloister House Riverside, New Bailey Street, ManchesterM3 2FS",6
"25B Finchley LaneLondonNW4 1BN",02/09/2022 00:00,,Mr Simon Levy,"67 Brent Street Hendon NW4 2EA",5
"24 Wallcote AvenueLondonNW2 1AU",22/07/2022 00:00,,SG London Holdings 2 Ltd,"1st Floor, Cloister House RiversideNew Bailey StreetManchesterM3 5FS",6
"101 Clitterhouse RoadLondonNW2 1DL",24/06/2022 00:00,,Mr Gezim Nikolli,"110 Clitterhouse RoadLondonNW2 1DL",6
"78A Hendon WayLondonNW2 2NG",26/08/2022 00:00,,Mrs Melania Ilieff,"78 Hendon WayLondonNW2 2NG",
"Flat 8Eagle LodgeGolders Green RoadLondonNW11 8BD",01/09/2022 00:00,,Ms Rachel Hobdell,"61 Greenfield GardensLondonNW2 1HU",5
