REFERENCE,ADDRESS,UPRN,ISSUED,TRADENAME,LICENSE OWNER,LICENSE OWNER ADDRESS,TOTAL OCCUPANTS,TOTAL PERMITTED
HMOM/15/51993,"15 Page StreetLondonNW7 2EL",200090176,25/08/2017 00:00,,"James Joseph, Joseph James And Bernadette Catherine Walsh","15 Page StreetLondonNW7 2EL",,
HMOM/16/52523,"27 St Johns RoadLondonNW11 0PE",200106472,07/04/2016 00:00,,Mrs Marta Eduardo Dos Santos Narciso,"142 Sunny Gardens RoadLondonNW4 1SE",,
HMOAA/16/53838,"3 Francklyn GardensEdgwareHA8 8RT",200044004,15/11/2016 00:00,,Miss Finda GBONDO,"2 Falcon WayMiddlesexHarro9wHA8 0TP",2,5
HMOAA/16/53847,"28 Grosvenor RoadLondonN3 1EX",200053505,07/12/2016 00:00,,Mr Pervez Roy,"377 Nether StreetLondonN3 1JN",4,5
HMOAA/16/53625,"136A Brent StreetLondonNW4 2DR",200013688,20/10/2016 00:00,,Mr Vinodkant Shah,"15 Hillbury AvenueKentonMiddxHA3 8EP",,
HMOAA/16/53626,"7 Edwin RoadEdgwareHA8 9EY",200036926,13/09/2016 00:00,,Mrs Minotti Shah,"148A Totteridge LaneLondonN20 8JJ",,
HMOAA/16/53627,"18 Banstock RoadEdgwareHA8 9JJ",200006939,13/09/2016 00:00,,Mrs Minotti Shah,"148A Totteridge LaneLondonN20 8JJ",,
HMOM/16/53633,"51A Watling AvenueEdgwareMiddxHA8 0LF",200122699,15/09/2016 00:00,,Roger Lament,"11A Upper George StreetLutonBedsLU1 2RD",,
HMOM/16/53636,"2 Hamilton RoadLondonNW11 9EJ",200055668,21/10/2016 00:00,,Mr Namir Moslawy,"45 Sherwood RoadLondonNW4 1AE",,
HMOAA/16/53638,"First Floor Flat35 Llanvanor RoadLondonNW2 2AR",200226753,07/11/2016 00:00,,Mr Meredith Yates,"1 Banff HouseGlenmore RoadLondonNW3 4DG",4,5
HMOAA/16/53640,"77 Devonshire RoadLondonNW7 1DR",200032711,16/09/2016 00:00,,Mr Kalevi Kenton,"67 Wise LaneLondonNW7 2RH",,
HMOAA/16/53672,"127 Finchley LaneLondonNW4 1DA",200041336,01/12/2016 00:00,,Mr Kaye (Kaczynski),"21 Cranbourne GardensTemple FortuneLondonNW11 0HS",5,5
HMOAA/16/53982,"5 Audley RoadLondonNW4 3EX",200005448,21/11/2016 00:00,,Mr Chhottabhai Mistry,"12 Elliot RoadLondonNW4 3DL",4,5
HMOAL/16/54013,"15 Manor Park RoadLondonN2 0SN",200077992,03/08/2017 00:00,,Jacob Moore And Mrs M. Galperin-Moore,"15 Manor Park Road, London, N2 0SN  ",0,6
HMOM/16/54028,"Flat 3Willow HouseThe Grange EstateLondonN2 8EL",200115794,14/11/2016 00:00,,MR Paul Ergatoudis,"High Ash PropertySuite 846 Dorset StLondon W1U 7NB",4,5
HMOM/15/52360,"60 Sturgess AvenueLondonNW4 3TS",200109964,03/03/2016 00:00,,Mr Pardooman Panchkowry,"24 Easter StreetAylesburyBucksHP20 1BJ",,
HMOAA/16/53697,"30 Finchley LaneLondonNW4 1DL",200041246,21/10/2016 00:00,,Mr Wing Sing Kwan,"30 Finchley LaneLondonNW4 1DL",,
HMOAA/16/53714,"32 Church Hill RoadBarnetEN4 8TA",200022549,15/11/2016 00:00,,Mr Mick Dervish,"23 Mount PleasantBarnetEN4 9ES",,
HMOAA/16/53733,"269 Nether StreetLondonN3 1PD",200084674,31/10/2016 00:00,,Mr Harpinder Bhohi,"45 Lansdowne RoadFinchleyLondon",4,5
HMOM/16/53001,"135 Station RoadLondonN3 2SP",200108316,21/06/2016 00:00,,Mr Toby Spanier,"Old Church CottageChurch GreenMardenTN12 9HN",,
HMOAA/16/54069,"107A Sunny Gardens RoadLondonNW4 1SH",200227082,13/12/2016 00:00,,Mr John Cockburn,"35 Holders Hill DriveHendonLondonNW4 1NL",5,5
HMOM/16/54097,"30 Temple Fortune MansionsFinchley RoadLondonNW11 0QX",200041954,13/12/2016 00:00,,Abbey Commrecial Limited,"113 Brent StreetLondonNW4 2DX",8,10
HMOAA/16/53660,"14 Avenue RoadLondonN12 8PY",200005664,15/09/2016 00:00,,Mr David Chapman,"1 Clyde VillasHadley Green RoadBarnetEN5 5PP",,
HMOAA/16/53860,"Flat 266 Park RoadLondonNW4 3PH",10093298185,05/12/2016 00:00,,Paul Grant,"Chess Estates6 Vivian AvenueHendonLondonNW4 3PH",4,7
HMOM/15/52412,"81 Cumbrian GardensLondonNW2 1EH",200030005,03/03/2016 00:00,,Mr Ali Amirani,"21 Cheviot GardensLondonNW2 1QJ",,
HMOAA/16/53509,"Flat 2162 Hendon WayLondonNW2 2NE",10091040915,11/10/2016 00:00,,Mr Bekim Cera,"Flat 2162 Hendon WayLondonNW2 2NE",,
HMOMA/16/53708,"99A Colney Hatch LaneLondonN10 1LR",200026135,30/09/2016 00:00,,Mr Bhupendra Patel,"174/176 Colney Hatch LaneLondonN10 1ET",,
HMOAA/16/53792,"58 Sevington RoadLondonNW4 3RX",200102399,23/11/2016 00:00,,Elias Fahimian,"2A Sherwood RoadLondonNW4 1AD",5,5
HMOM/16/53816,"100 Audley RoadLondonNW4 3HG",200005545,18/11/2016 00:00,,Milemoor Investments LTD,"149 ALBION ROADLONDONN16 9JU",8,7
HMOAA/16/54036,"103 Sheaveshill AvenueLondonNW9 6RZ",200102762,08/03/2017 00:00,,Mr Lawrence Osei-Amoaten,"77 High GrovePlumsteadLondonSE18 2PU",5,5
HMOAA/16/53617,"Flat 27 Huntingdon RoadLondonN2 9DX",200141144,18/11/2016 00:00,,CAPITAL HOMES (LONDON) LIMITED,"104 High RoadEast FinchleyLondonN2 9EB",4,5
HMOAA/16/54238,"25 Babington RoadLondonNW4 4LD",200005952,31/01/2017 00:00,,Mr Dinesh Patel,"66 Babington RoadLondonNW4 4LD",4,5
HMOAA/16/54247,"129 Finchley LaneLondonNW4 1DA",200041338,22/12/2016 00:00,,Mr Kaye (Kaczynski),"21 Cranbourne GardensLondonNW11 0HS",5,5
HMOAA/16/54043,"63 Sheaveshill AvenueLondonNW9 6SA",200102726,08/03/2017 00:00,,Mr Lawrence Osei-Amoaten,"77 High Grove PlumsteadLondonSE18 2PU",5,5
HMOAA/16/54047,"43 Lynton AvenueLondonNW9 6PB",200076413,14/03/2017 00:00,,Mr Lawrence Osei-Amoateni,"77High GrovePlumsteadLondonSE18 2PU",5,5
HMOAA/16/53668,"175 Sunny Gardens RoadLondonNW4 1SG",200111125,17/10/2016 00:00,,LITTLE CHESTNUT PROPERTIES LIMITED,"171 Ballards LaneFinchleyLondon N3 1LP",,
HMOAL/16/53676,"9 First AvenueLondonNW4 2RL",200042954,07/09/2016 00:00,,BRIAN MORRIS IAN SOLOMONS,"Flat 4Robart HouseLodge LaneLondonN12 8JN",,
HMOAA/16/54257,"Flat 4Sheila HouseNorth Circular RoadLondonNW11 9LD",200086034,27/01/2017 00:00,,Mr Maurice Brandeis,"Flat 4Carmel CourtGloucester GardensLondonNW11 9AD",6,6
HMOM/16/53102,"1113A Finchley RoadLondonNW11 0QB",200041542,29/06/2016 00:00,,Mr Kosha Hussain,"1113A Finchley RoadLondonNW11 0QB",,
HMOM/16/53096,"124 Station RoadLondonN3 2SG",200108306,17/10/2017 00:00,,Ms Sharon Samuel,"15 Clifton RoadLondonN3 2AS",5,5
HMOM/16/54059,"69 Briarfield AvenueLondonN3 2LG",200014632,09/12/2016 00:00,,Mr Kishan Patel,"369 Regents Park RoadLondonN3 1DE",8,11
HMOAA/16/54070,"51 SouthfieldsLondonNW4 4LX",200105022,31/10/2017 00:00,,Douglas Martin Estate Agents,"18 Central CircusLondonNW4 3AS",5,5
HMOM/16/54073,"13 Wilberforce RoadLondonNW9 6BA",200126564,13/12/2016 00:00,,John Cockburn,"35 Holders Hill Drive Hendon London NW4 1NL",5,10
HMOAA/16/53510,"Flat 77 Russell ParadeGolders Green RoadLondonNW11 9NN",200229962,11/10/2016 00:00,,Mr Shailesh Kadiwar,"C/o Moreland Estates Ltd903 - 905 Finchley RoadLondonNW11 7PE",,
HMOM/16/53016,"108 The ValeLondonNW11 8SL",200117313,17/02/2017 00:00,,Mr Giorgios Katyotakis,"108 The ValeLondonNW11 8SL",4,7
HMOAL/16/53689,"24 Ambrose AvenueLondonNW11 9AN",200003613,21/09/2016 00:00,,David Elman,"640A Finchley RoadLondonNW11 7RR",,
HMOAA/16/53622,"138A Brent StreetLondonNW4 2DR",200013690,26/10/2016 00:00,,Mr Madhukant Soni,"102 Brampton GroveKentonMiddlesexHA3 8LF",5,5
HMOAL/16/53709,"98A High StreetEdgwareHA8 7HF",200062630,26/05/2017 00:00,,Mr Gerald Zeidman,"67 St Margarets RoadEdgwareHA8 9UT",,
HMOAA/16/54127,"8 Woodville GardensLondonNW11 9ED",200130907,04/01/2017 00:00,,Shedan Limited,"New Burlington House1075 Finchley RoadLondonNW11 OPU",5,3
HMOAA/16/54175,"140 West Hendon BroadwayLondonNW9 7AA",200124735,09/12/2016 00:00,,Mr Abioduh Olufemi Ogunsanwo,"9 Broadfields North HarrowMiddlesexLondonHA2 6NH",6,5
HMOAA/16/54241,"60 Highfield AvenueLondonNW11 9UD",200062852,28/06/2017 00:00,,Mr Daren Philip Davis,"Flat 18 Westhill CourtMillfield LaneLondonN6 6JJ",8,8
HMOM/16/53192,"49 Beaconsfield RoadLondonN11 3AA",200008461,22/07/2016 00:00,,Mr Mark Flynn,"96 Station RoadLondonN3 2SG",,
HMOM/16/53658,"14 Sneath AvenueLondonNW11 9AH",200104074,01/11/2016 00:00,,D. Rye Ramdenee,"264 Cranbrook RoadIlfordIG1 4UR",7,10
HMOAA/16/54079,"12 Gratton TerraceLondonNW2 6QE",200051020,21/12/2016 00:00,,Keren Mail,"20 Neeld CrescentLondonNW4 3RR",10,7
HMOM/16/52567,"15 DownageLondonNW4 1AS",200034087,23/04/2018 00:00,,Mr Elvin Asgarov,"44 Sterling AvenueEdgwareHA8 8BS",9,10
HMOAA/16/53163,"56 The CroftBarnetEN5 2TL",200115070,06/10/2016 00:00,,Ms Foluso Komolafe,"56 The CroftBarnetEN5 2TL",,
HMOM/16/53169,"Flat 1 - 11248 Regents Park RoadLondonN3 3HN",200222246,11/07/2016 00:00,,Mr Prakash Patel,"27 Station RoadLondonN3 2SB",,
HMOM/16/53170,"190 Hale LaneEdgwareHA8 9RF",200054975,19/07/2016 00:00,,Mr Obaid Chhapra,"190 Hale LaneEdgwareHA8 9RF",,
HMOAA/16/54085,"14A East Barnet RoadBarnetEN4 8RW",200034880,15/12/2016 00:00,,Paul Keaveney,"11 Cedar RiseSouthgateLondonN14 5NJ",4,5
HMOAA/16/54086,"44 Gainsborough GardensLondonNW11 9BL",200046134,21/12/2016 00:00,,Mr Ronnie Stekel,"T/A Park Centre PropertiesC/o 34 Golders Green RoadLondonNW11 8LL",5,5
HMOAA/16/53836,"31 Woodland WayLondonNW7 2JP",200129428,08/12/2016 00:00,,Mr Neil Goodman,"5 Sunnyside TerraceColidaleLondonNW9 5DL",6,5
HMOM/16/53834,"50 Sinclair GroveLondonNW11 9JG",200104012,05/09/2016 00:00,,Mr Joseph Kemal,"Get Properties 3 Ltd49 Cranbourne GardensLondonNW11 0HU",,
HMOAA/16/53759,"99 Hervey CloseLondonN3 2HH",200060242,16/11/2016 00:00,,Ms Lisa Graves,"Lisa Lettings And Management 131A Ballards Lane London N3 1LT",4,5
HMOAA/16/53783,"43 Brockenhurst GardensLondonNW7 2JY",200015552,29/11/2016 00:00,,Mr Premier Property Managements Limited,"24 Lynmouth AvenueEnfieldEN1 2LR",4,3
HMOAA/16/54533,"62B Cricklewood LaneLondonNW2 1HJ",200148574,14/04/2017 00:00,,Mr John & Mrs Mary Casey,"7 Gardiner AveuneCricklewoodLondonNw2 4AN",6,5
HMOM/16/52715,"166 Mays LaneBarnetEN5 2LT",200080417,28/04/2016 00:00,,Mr Mehran Chereh,"23 Weston CourtBoscobel CrescentWolverhamptonWV1 1QG",0,6
HMOAL/16/53466,"36 Babington RoadLondonNW4 4LD",200219291,30/09/2016 00:00,,Julie Grant,"C/O Aldermartin Baines & Cuthbert51 Brent Street NW4 2EA",,
HMOM/16/53469,"4 Forres GardensLondonNW11 7EX",200043651,15/11/2016 00:00,,Mr Krste Krivcevski,"8 Dingwall GardensLondonNW11 7ET",6,6
HMOM/16/54260,"19 Rundell CrescentLondonNW4 3BS",200099928,24/10/2017 00:00,,Mr Danny Hermon,"109 High StreetWealdstoneHA3 5OL",4,5
HMOAA/16/54408,"11 Galsworthy RoadLondonNW2 2SD",200046608,06/02/2017 00:00,,Mr Brendan Moran,"9 Sonia GardensLondonNW10 1AG",,
HMOM/16/52966,"145 Golders Green RoadLondonNW11 9BN",200049048,19/07/2016 00:00,,Mr Ronen Kohali,"6 Fairholme CloseLondonN3 3EE",,
HMOM/16/52980,"37 The DriveLondonNW11 9SX",200115281,05/08/2016 00:00,,Ms Umbreen Lalljee,"128 CliftonST N08Block 5KarachiPakistan",,
HMOAA/16/53785,"30 Foscote RoadLondonNW4 3SD",200043894,17/11/2016 00:00,,Ephram Abraham,"42 DownageLondonNW4 1AH",6,5
HMOAA/16/54078,"Ashbourne Parade1A Finchley RoadLondonNW11 0AD",200226130,07/12/2016 00:00,,Mrs Francis Goldin,"50 The RidgewayStanmoreLondonHA7 4BD",4,4
HMOM/16/54049,"4 Goldsmith AvenueLondonNW9 7HS",200049424,21/11/2016 00:00,,Nazar Meslawy,"43A Flower LaneLondonNW7 2JN",4,5
HMOAA/16/54667,"5 Rowen AvenueLondonNW9 4AA",10093297390,25/03/2017 00:00,,Rajni Jain,"231A Edgware RoadColindaleLondonNW9 6LU",5,5
HMOM/16/53024,"6 Prayle GroveLondonNW2 1AR",200094382,12/04/2017 00:00,,Mr Bartosz Horbaczewski,"51 Prayle GroveLondonNW2 1BB",,
HMOM/16/53330,"96 Clitterhouse CrescentLondonNW2 1DA",200024456,04/08/2016 00:00,,Mr Joseph Kahan,"44 Cedra CourtCazenove RoadLondonN16 6AT",,
HMOM/16/53577,"7 - 8 Central CircusLondonNW4 3JS",200219679,30/01/2019 00:00,,Shepherd Cox Mixed Use (Hendon) Limited,"2nd Floor, 32-33 Gosfield Street LondonW1W 6HL",6,9
HMOAA/16/53866,"136A Station RoadLondonNW4 3SN",200108368,23/11/2016 00:00,,Mr John Leigh,"8 Harford WalkLondonN2 0JB",,
HMOAA/16/54606,"34 Babington RoadLondonNW4 4LD",200005959,25/02/2017 00:00,,Mr Mehdi Bakkani,"Taylor Bond194-196 Finchley RoadLondonNW3 6BX",5,5
HMOM/16/52705,"99 Hamilton RoadLondonNW11 9EE",200055762,30/03/2016 00:00,,Mr Kish Sundaralingham,"West CallipersPenmans GreenKings LangleyWD4 9AY",,
HMOAA/16/53592,"86 Galsworthy RoadLondonNW2 2SH",200046678,15/11/2016 00:00,,Mr Anthony Moran,"24 St Marys Park, Royston, SG8 7XB",4,5
HMOM/16/54063,"Flat 19ThornburyPrince Of Wales CloseLondonNW4 4QW",200094663,06/04/2017 00:00,,Anthony Ranabahu,"18 Central CircusHendon",4,5
HMOAA/16/54370,"103 Hendon WayLondonNW2 2LY",200059393,13/12/2016 00:00,,Mr Fagner De Almeida,"42 Crewys RoadLondonNW2 2AA",4,5
HMOM/16/54584,"26 Endersleigh GardensLondonNW4 4SD",200038177,12/04/2017 00:00,,Mr Krzysztof Milla,"29 Finchley LaneLondonNW4 1BX",6,5
HMOAA/16/54585,"59 Albert RoadLondonNW4 2SH",200002433,28/02/2017 00:00,,Mr Joseph Cohen,"91 Bell LaneLondonNW4 2BP",4,5
HMOM/16/52468,"23 Dingwall GardensLondonNW11 7ET",200032880,31/03/2016 00:00,,Mr Partha Dey,"10 Aspen WaySilsoeMK45 4GF",,
HMOM/16/52469,"55 Woodland WayLondonNW7 2JP",200129445,30/03/2016 00:00,,Mr Neil Goodman,"5 Sunnyside TerraceThe HydeLondonNW9 5DL",,
HMOM/16/52478,"20 Halton CloseLondonN11 3HQ",200197461,30/03/2016 00:00,,Mr Danial Salehi Fashami,"2 Haslemere AvenueLondonNW4 2PX",,
HMOM/16/54526,"198 Golders Green RoadLondonNW11 9AL",200204749,10/02/2017 00:00,,Trentwood Ltd,"149 Albion RoadLondonN16 9JU",4,10
HMOAA/16/54528,"19 Cricklewood LaneLondonNW2 1HN",200029157,10/02/2017 00:00,,Mr Danish Zafar,"C/o 22 Sinclair GroveLondonNW11 9JG",11,12
HMOAA/16/54321,"16 Sanderstead AvenueLondonNW2 1SG",200101237,28/12/2016 00:00,,Gail Wulfsohn,"Flat 8 116 Gifford StreetLondonN1 0DD",4,5
HMOAA/16/54323,"14 Sturgess AvenueLondonNW4 3TS",200109918,08/05/2018 00:00,,Deborah Pliskin,"15 Bay CourtPopes LaneW5 4NE",4,5
HMOM/16/54425,"77 Friern Barnet RoadLondonN11 3EH",200044924,24/11/2017 00:00,,RADOJKA ZEKAVICA,"25 Beech HillHadleywoodBarnetEN4 0JN",10,14
HMOAA/16/54542,"125 Finchley LaneLondonNW4 1DA",200041334,08/02/2017 00:00,,Mr Marcus Hadjithoma,"Flat 316-B Stucley PlaceLondonNW1 8NS",4,4
HMOM/16/53428,"5 Lorne TerraceBibsworth RoadLondonN3 3RW",200011041,12/10/2016 00:00,,ULS (UK) Ltd,"Enigma House24-26 Arcadia AvenueLondonN3 3JU",,
HMOAA/16/53000,"246 East Barnet RoadBarnetEN4 8TF",200035154,12/08/2016 00:00,,Mr Steve Masters,"35A York RoadBarnetEN5 1LN",,
HMOAA/16/53710,"66 Audley RoadLondonNW4 3HB",200005511,21/09/2016 00:00,,Mr Richard Lipman,"14 Lancaster RoadLondonN6 4TA",,
HMOAA/16/53738,"First Floor Flat61 Eton AvenueLondonN12 0BD",200132156,07/09/2016 00:00,,Mr Mario Guida,"19B Grove RoadLondonN12 9EB",,
HMOM/16/53184,"21 Holmfield AvenueLondonNW4 2LP",200066213,19/12/2016 00:00,,Mr Elvin Asgarov,"44 Sterling AvenueEdgwareHA8 8BS",3,6
HMOM/16/53186,"78A Hendon WayLondonNW2 2NG",200059231,16/06/2016 00:00,,Mrs Melania Ilieff,"78 Hendon WayLondonNW2 2NG",,
HMOAA/16/53566,"20 Glebe CrescentLondonNW4 1BU",200047418,29/09/2016 00:00,,Mrs Rosa Castagno,"171 Sunny Gardens RoadLondonNW4 1SG",,
HMOM/16/53568,"187 The ValeLondonNW11 8TL",200117390,17/10/2016 00:00,,Mr Kamlesh Mistry,"194 The ValeLondonNW11 8SR",,
HMOAA/16/53713,"16A The PromenadeEdgwarebury LaneEdgwareHA8 7JZ",200116682,18/11/2016 00:00,,Dahlia Weinreich,"C/o 5 Orchard CrescentEdgwareMiddlesexHA8 9PP",5,5
HMOM/16/53336,"15 Glebe CrescentLondonNW4 1BT",200047413,12/08/2016 00:00,,Ms Beata Polak,"Laporte9 Finchley LaneLondonNW4 1BN",,
HMOM/16/53336,"15 Glebe CrescentLondonNW4 1BT",200047413,12/08/2016 00:00,,Mr Leslie Simon Golding,"C/o Laports9 Finchley LaneHendonLondonNW4 1BN",,
HMOAA/16/53877,"34 The HookBarnetEN5 1LQ",200116133,16/11/2016 00:00,,Miss Azadeh Husseini,"24 Bittacy RiseLondonNW7 2HG",,
HMOAA/16/53521,"17 Engel ParkLondonNW7 2HE",200038213,16/09/2016 00:00,,Mr Kalevi Kenton,"67 Wise LaneLondonNW7 2RH",,
HMOAA/16/53797,"122 Holden RoadLondonN12 7EA",200064992,09/11/2016 00:00,,Rapture Residential Ltd,"Beacon House 113 KingswayLondonWC2B 6PP",,
HMOAA/16/53752,"78 Crewys RoadLondonNW2 2AD",200028812,21/10/2016 00:00,,Neel Khiroya,"Tango Properties Ltd3rd FloorSovereign House1 Albert PlaceFinchley CentralLondonN3 1QB",,
HMO/16/53878,"93A Leeside CrescentLondonNW11 0JL",200072120,04/11/2016 00:00,,Mr Josef Kemal,"Get Properties 2 Limited93A Leeside CrescentLondon NW11 0JL",,
HMOM/16/53522,"241A Deansbrook RoadEdgwareHA8 9BX",200031462,30/09/2016 00:00,,Mrs Michal Booker,"The Garden HouseBattlers Green FarmRadlettHerts WD7 8PH",6,4
HMOAA/16/53523,"1 Ibsley WayCockfostersEN4 9EY",200067704,13/09/2016 00:00,,Mrs Natalie Viccars,"Flat 338Princess Park Manor East WingRoyal DriveLondonN11 3GX",,
HMOAA/16/53524,"71 Richmond RoadBarnetEN5 1SF",200098299,13/09/2016 00:00,,Mrs Natalie Viccars,"Flat 338Princess Park Manor East WingRoyal DriveLondonN11 3GX",,
HMOAA/16/53869,"57 Church CrescentLondonN3 1BL",200141380,10/04/2017 00:00,,Mrs Marilyn Kaczynski,"21 Cranbourne GardensLondonNW11 0HS",7,7
HMOAA/16/53869,"57 Church CrescentLondonN3 1BL",200141380,10/04/2017 00:00,,Mr Martin Kaczynski,"39 Nelson RoadStanmoreMiddlesexHA7 4ES",7,7
HMOM/16/53879,"174A West Hendon BroadwayLondonNW9 7AA",200124644,04/11/2016 00:00,,FATEHALI ALIDINA,"80 Woodgrange AvenueLondonN12 0PS",,
HMOAA/16/53884,"122 Finchley LaneLondonNW4 1DB",200041332,01/11/2016 00:00,,John And Kim Palazyk,"Laynes House526-528 Watford WayNW7 4RS",0,5
HMOAA/16/54024,"23 Clitterhouse RoadLondonNW2 1DH",200024500,21/11/2016 00:00,,Mr Upendra Khatri,"261 Camrose AvenueEdgwareHA8 6AH",5,5
HMOAA/16/54045,"15 Park View GardensLondonNW4 2PR",200091340,04/10/2017 00:00,,Douglas Martin Estate Agents,"18 Central CircusHendonNW4 3AS",5,5
HMOAA/16/54066,"81 SouthfieldsLondonNW4 4NA",200105039,10/10/2017 00:00,,Douglas Martin Estate Agents Limited,"Harben HouseHarben ParadeFinchley RoadLondon, NW3 6LH",5,5
HMOAA/16/54118,"81C Vivian AvenueLondonNW4 3EL",200139671,11/01/2017 00:00,,Mr Justin Dewinter,"Rose Cottage AnnexChurch EndLondon NW4 4jt",1,9
HMOAA/16/54128,"70 Audley RoadLondonNW4 3HB",200005515,17/02/2017 00:00,,Ms Naila Rahman,"7 Hutchings WalkLondonNW11 6LT",5,5
HMOM/16/53198,"31 Ravenshurst AvenueLondonNW4 4EG",200097191,27/07/2016 00:00,,Mr Azmat Quraishi,"470 Banbury RoadOxfordOX2 7RG",,
HMOAA/16/53721,"281B Long LaneLondonN2 8JW",200224870,15/09/2016 00:00,,Southwood Property Company Ltd.,"Unit 2, 6 Lodge DrivePalmers GreenLondonN13 5LB",,
HMOAA/16/53885,"770 Finchley RoadLondonNW11 7TH",200204134,03/11/2016 00:00,,Mr V Patel,"770 Finchley RoadLondonNW11 7TH",4,5
HMOAA/16/53892,"Flat 5Brent View HouseNorth Circular RoadLondonNW11 9LE",200085994,02/11/2016 00:00,,Mr Salim Modi,"Flat 215 Greycoat PlaceLondonSW1P 1SB",5,5
HMOM/16/53906,"91 Woodgrange AvenueLondonN12 0PT",200128991,03/11/2016 00:00,,Mr Aimal Syal,"91 Woodgrange AvenueLondonN12 0PT",,
HMOM/16/53912,"7 Alyth GardensLondonNW11 7EN",200003512,03/11/2016 00:00,,Mr Boaz Zilberman,"12 Helenslea AvenueLondonNW11 8ND",5,8
HMOM/16/53914,"43 Sneath AvenueLondonNW11 9AJ",200104103,16/12/2016 00:00,,PMC Management & Collections Ltd,"95 Mortimer StreetLondonNW11 0AB",11,5
HMOAA/16/53934,"42 Crewys RoadLondonNW2 2AA",200028776,04/01/2017 00:00,,Ms Juliet Calonga,"40 Crewys RoadLondonNW2 2AA",5,5
HMOAA/16/53663,"48 Bridge LaneLondonNW11 0EG",200014756,03/11/2016 00:00,,Mrs Zelda Anne Horn,"85 Chatsworth LaneLondonNW2 4BH",,
HMOM/16/53944,"3 Carlton RoadLondonN11 3EX",200019442,03/11/2016 00:00,,Ms Shalini Aujla,"16 Windsor RoadLondonN3 3SS",5,5
HMOAA/16/54133,"10 Hamilton RoadLondonNW11 9EJ",200055676,04/01/2017 00:00,,Mrs Evelyn Blum,"34 Sneath AvenueLondonNW11 9AH",7,5
HMOM/16/54164,"712A High RoadLondonN12 9QD",200060442,02/12/2016 00:00,,Mrs Azita Rabiei,"88 Torrington ParkLondonN12 9PJ",,
HMOAA/16/54021,"2 Courthouse GardensLondonN3 1PX",200027612,07/12/2016 00:00,,MRS Caroline Clasen,"96 Eaton TerraceLondonSW1W 8UG",6,5
HMOAA/16/54033,"188 The ValeLondonNW11 8SR",200117391,07/12/2016 00:00,,Mr Eliezer Benedikt,"29 Fountayne RoadLondonN16 7EA",7,6
HMOAA/16/54084,"23 Sydney GroveLondonNW4 2EJ",200112234,27/06/2017 00:00,,Mr Daren Philip Davis,"18 Westhill CourtMillfield LaneLondonN6 6JJ",8,6
HMOAA/16/54108,"22A Mount RoadLondonNW4 3PU",200083304,03/02/2017 00:00,,Mr Richard Lipman,"14 Lancaster Road London N6 4TA",4,4
HMOM/16/54110,"789 Finchley RoadLondonNW11 8DP",200042205,24/11/2016 00:00,,Mr Geoffrey Whitworth,"789 Finchley RoadLondonNW11 8DP",5,12
HMOM/16/52839,"16 Stuart AvenueLondonNW9 7AT",200109833,26/04/2016 00:00,,Mr Atul Unadkat,"178 Ealing RoadWembleyHA0 4QD",,
HMOM/16/53210,"48 Hall LaneLondonNW4 4TN",200055329,22/11/2016 00:00,,Mrs Enerita Novruzaj,"48 Hall LaneLondonNW4 4TN",,
HMOM/16/53213,"32 Garrick AvenueLondonNW11 9AS",200046834,28/07/2016 00:00,,Mr David Halibard,"22 Ravenscroft AvenueLondonNW11 0RY",,
HMOM/16/53217,"78 Hertford RoadLondonN2 9BU",200060114,27/07/2016 00:00,,Mario And  Panayiota Parson,"",,
HMOAA/16/54236,"23 Babington RoadLondonNW4 4LD",200005950,22/12/2016 00:00,,Dinesh Patel,"66 Babington Road London NW4 4LD",,
HMOAA/16/53679,"3 Oak GroveLondonNW2 3LS",200087091,03/11/2016 00:00,,Mrs Zelda Anne Horn,"85 Chatsworth RoadLondonNW2 4BH",,
HMOAL/16/54239,"68 Babington RoadLondonNW4 4LD",200005976,31/12/2016 00:00,,Mr Dinesh Patel,"66 Babington RoadLondonNW4 4LD",7,5
HMOAA/16/54244,"4 The RidgewayLondonNW11 8TB",200116905,09/12/2016 00:00,,Mr Chaim David Wolchover,"6 The RidgewayLondonNW11 8TB",6,5
HMOM/16/53574,"33 Page StreetLondonNW7 2EL",200090185,17/10/2016 00:00,,Mr Robert Gowar,"18 Colindeep LaneLondonNW4 4SG",5,5
HMOAA/16/54055,"37 Percy RoadLondonN12 8BT",200093245,29/11/2016 00:00,,Mrs Sheela Shah,"94 Bow LaneLondonN12 0JP",4,5
HMOAA/16/54172,"3 AerovilleLondonNW9 5JT",200002059,07/02/2017 00:00,,Pawel Trezeciak,"3 AerovilleLondonNW9 5JT",5,5
HMOM/16/54290,"453 Watford WayLondonNW4 4TR",200122373,15/06/2017 00:00,,Mr Stephen Harris And  Serloi Neville,"7 Hill RoadLondonNW8 9QE",7,7
HMOM/16/54198,"5 Bampton DriveLondonNW7 2AY",200139708,22/12/2016 00:00,WD17 1AP,Mr Adam Benjamin Leyens,"25 Windermere AvenueLondonN3 3QX",4,5
HMOM/16/52694,"126 The GreenwayLondonNW9 5AP",200115918,11/08/2016 00:00,,Mr Arben Dervisholli,"11 St Mary's AvenueTeddingtonTW11 0HZ",,
HMOM/16/52983,"1 Rookery CloseLondonNW9 6QJ",200099142,10/05/2016 00:00,,Mrs Rukhsana Ali,"46 Kenneth CrescentWillesden GreenLondonNW2 4PN",,
HMOMA/16/53227,"34A Gainsborough RoadLondonN12 8AG",200195334,30/06/2016 00:00,,Mr Rodrigo Chenkel,"Uptown Properties735 High RoadLondonN12 0BP",,
HMOAA/16/54371,"32 Squires LaneLondonN3 2AT",200105860,20/12/2016 00:00,,Mrs Icial Lawrence,"106 Ridley RoadForest GateLondonE7 0LX",0,5
HMOAA/16/54348,"31 Park MansionsVivian AvenueLondonNW4 3UU",200120906,17/02/2017 00:00,,Dr Anthony Kaye,"11 Portland RoadOxfordOX2 7EZ",4,5
HMOAA/16/54373,"2 Selvage LaneLondonNW7 3SP",200102190,31/01/2017 00:00,,Mr Peter Steyne,"8 Valencia RoadStanmoreHA7 4JH",10,11
HMOAA/16/54383,"33 Caddington RoadLondonNW2 1RP",200018782,08/02/2017 00:00,,Claire Fullerton,"65 Riverview Gardens Barnes LondonSW13 8QZ",4,5
HMOM/16/54459,"57 Selborne GardensLondonNW4 4SH",200102050,09/12/2016 00:00,,LR Property Investments Limited,"Lev PropertiesImperial Place4 Maxwell RoadBorehamwood WD6 1JN",,
HMOAA/16/54467,"5 Manor WayLondonNW9 6JD",200078348,09/06/2017 00:00,,Mrs Jenny Dong,"67 Chestnut GroveIlfordIG6 3AS",6,5
HMOMA/16/53003,"15 Oakwood DriveEdgwareHA8 9LG",200089006,07/07/2016 00:00,,Mr Yossi Joseph Meshulam,"99 Harrowes MeadeEdgwareHA8 8RS",,
HMOAA/16/53422,"10 Purley AvenueLondonNW2 1SJ",200208867,01/11/2016 00:00,,Mrs Perla LAGNADO-AGAMI LEVY,"50 The ValeLondonNW11 8SG",,
HMOAA/16/54385,"150 Sunny Gardens RoadLondonNW4 1SE",200111112,03/02/2017 00:00,,Ms Beata Polak,"9 Finchley LaneHendonLondonNW4 1NB",4,4
HMOAA/16/54390,"34 The ValeLondonNW11 8SG",200117241,17/05/2018 00:00,,IPMLS Ltd,"24 Fowey AvenueIG4 5JT",6,7
HMOM/16/54393,"51 Albert RoadLondonNW4 2SH",200002425,02/12/2016 00:00,,Mr Nir Alexander,"33 Hameyasdim St.Gan YashiaIsrael38850",,
HMOMA/16/53920,"34 Mountfield RoadLondonN3 3NE",200083391,08/11/2016 00:00,,C J O'Shea Group Ltd,"Unit 1 Granard Business CentreBunns LaneLondonNW7 2DZ",7,10
HMOM/16/54506,"14 Daniel PlaceLondonNW4 3PG",200030764,14/03/2017 00:00,,Mr Chong Deng,"27 Glebe CrescentHendonLondonNW4 1BT",,
HMOM/16/54509,"67 Albert RoadLondonNW4 2SH",200002438,14/03/2017 00:00,,Roger And Judith Lord,"69 Albert RoadLondonNW4 2SH",0,5
HMOAA/16/54532,"Flat 3Brent View HouseNorth Circular RoadLondonNW11 9LE",200085992,14/03/2017 00:00,,Mr Jacob Ostreicher,"1A Enville CourtCazenove RoadLondonN16 6AS",5,5
HMOAA/16/53252,"135 Cricklewood LaneLondonNW2 1HS",200029220,01/12/2016 00:00,,Mr Daniel Selby,"84 Temple Fortune LaneLondonNW11 7TX",,
HMOAA/16/53766,"9 Hemswell DriveLondonNW9 5WN",200058690,15/11/2016 00:00,,Ms Sureyya Allam,"136 Colin GardensLondonNW9 6ER",6,4
HMOAA/16/54352,"198 Squires LaneLondonN3 2QT",200106014,25/04/2017 00:00,,Mrs Suzanne Clinton-Davis,"10 Hendon AvenueLondonN3 1UE",4,5
HMOAA/16/54412,"14 Greenway CloseLondonNW9 5AZ",200053061,22/02/2017 00:00,,Mrs Irena Lupu,"54 Purbrock AvenueWatfordHertfordshireWD25 0AD",5,5
HMOM/16/54420,"44 Allington RoadLondonNW4 3DE",200003124,02/02/2017 00:00,,Mrs Ramai Halai,"35 Allington RoadLondonNW4 3EA",11,10
HMOM/16/54447,"59 Netherlands RoadBarnetEN5 1BS",200084889,20/02/2017 00:00,,Mrs Chandrika Wimalaratne,"361 Cockfosters RoadBarnetEN4 0JT",7,10
HMOM/16/54460,"32 Babington RoadLondonNW4 4LD",200005958,03/02/2017 00:00,,Mr Manoj Patel,"14 Foscote RoadLondonNW4 3SD",5,5
HMOAA/16/54464,"225 Hale LaneEdgwareHA8 9QF",200055002,21/02/2017 00:00,,Mr Neil Goodman,"37 Belsize AvenueBelsize ParkCamdenNW3 4BN",5,7
HMOAA/16/54465,"227 Hale LaneEdgwareHA8 9QF",200055004,08/03/2017 00:00,,Mr Neil Goodman,"37 Belsize AvenueLondonNW3 4BN",6,9
HMOAA/16/54498,"21 Robin LaneLondonNW4 1EU",200051860,04/04/2017 00:00,,Mr Babak Emami,"21 Robin LaneLondonNW4 1EU",6,6
HMOAL/16/54503,"5 Beaufort GardensLondonNW4 3QN",200008528,03/03/2017 00:00,,Mr Dinesh Patel,"66 Babington RoadLondonNW4 4LD",5,5
HMOM/16/54512,"38A Watling AvenueEdgwareHA8 0LR",200152165,25/02/2017 00:00,,Mr Adam Harris,"1 Drayton RoadBorehamwoodHertsWD6 2DA",4,4
HMOAA/16/54403,"79 Friern Barnet RoadLondonN11 3EH",200044925,29/09/2017 00:00,,Mr Dhunnoo Haresh,"33 BrookdaleNew SouthgateLondonN11 1BP",7,13
HMOM/16/52698,"11 Cloister GardensEdgwareHA8 9QJ",200024655,12/05/2016 00:00,,Mrs Anna Etingen,"14 Highview GardensEdgwareHA8 9UE",8,10
HMOM/16/52929,"236A Regents Park RoadLondonN3 3HP",200097545,09/06/2016 00:00,,Mr Edmond Levy,"Elco House22-24 Homecroft RoadLondonN22 5EL",,
HMOAA/16/54637,"Flat 6Willow HouseThe Grange EstateLondonN2 8EL",200115797,06/04/2017 00:00,,Miss Brunilda Pura,"6 St Anna RoadBarnetEN5 2QJ",5,5
HMOM/16/52566,"10 Plantagenet RoadBarnetEN5 5JG",200208744,04/04/2016 00:00,,Mr Chris Phillipou,"Stef And Philips Ltd68 Aldermans HillLondonN13 4PP",,
HMOM/16/53373,"97 Fairfield CrescentEdgwareHA8 9AL",200039472,06/01/2017 00:00,,Mr Niranjan Uthayakumar,"25 Caldwell RoadWatfordHertfordshireWD19 6EP",7,6
HMOM/16/53374,"7 Chiltern GardensLondonNW2 1PU",200021996,04/08/2016 00:00,,Ms Imtiaz Akther,"179 Lewisham WayLondonSE4 1UY",,
HMOM/16/53700,"28 Kings CloseLondonNW4 2JT",200069431,27/09/2016 00:00,,Mr Naresh Ladwa,"13 Kings CloseLondonNW4 2JT",,
HMOAA/16/53851,"9 Ashbourne AvenueLondonNW11 0DP",200200330,24/03/2017 00:00,,Mr Barry Korman,"4 Eastside RoadLondonNW11 0BA",6,10
HMOM/16/54538,"115 Woodstock AvenueLondonNW11 9RL",200130686,02/06/2017 00:00,,Arlen Properties Ltd,"9 Burroughs GardensHendonLondonNW4 4AU",6,7
HMOAA/16/54539,"3 Plantagenet RoadBarnetEN5 5JG",200093599,22/02/2017 00:00,,Mr David Chapman,"1 Clyde VillasHadley Green RoadBarnetEN5 5PP",5,5
HMOM/16/54600,"11 Courtleigh GardensLondonNW11 9JX",200027779,25/04/2017 00:00,,Mr Krzysztof Milla,"29 Finchley LaneHendonNW4 1BX",7,9
HMOAA/16/54246,"43 Nether StreetLondonN12 7NN",200084276,16/12/2016 00:00,,Ms Jenny Lui,"CarltonChurch CrescentLondonN3 1BE",,
HMOAA/16/54663,"57 Albert RoadLondonNW4 2SH",200002431,15/03/2017 00:00,,Elvin Asgarou,"44 Sterling AvenueEdgwareHA8 8BS",5,5
HMOM/15/52304,"49 Ridge HillLondonNW11 8PR",200222275,09/02/2016 00:00,,Mrs Perl Lagnado Agami Levi,"50 The ValeLondonNW11 8SG",,
HMOAA/16/53717,"285B Long LaneLondonN2 8JW",200224872,15/09/2016 00:00,,Junita Ltd. T/A Stephen Gracey,"Unit 2, 6 Lodge DrivePalmer GreenLondonN13 5LB",,
HMOM/16/54273,"35 Gratton TerraceLondonNW2 6QE",200051044,10/02/2017 00:00,,Mr Conrad Patrick Healy,"20 Johnston TerraceLondonNW2 6QJ",5,5
HMOMA/16/53138,"398A Finchley RoadLondonNW2 2HR",200145916,27/07/2016 00:00,,Mr Jonathan Conway,"55 The Upper DriveHoveEast SussexBN3 6NA",,
HMOAA/16/54691,"7 Grampian GardensLondonNW2 1JH",200049903,09/03/2017 00:00,,Mr Teddy Nazim,"5 Grampian GardensGolder GreenLondonNW2 1JH",4,5
HMOM/16/54696,"67A The BroadwayLondonNW7 3BU",200114000,07/03/2017 00:00,,Mr Adam Harris,"1 Drayton RoadBorehamdwoodHertsWD6 2DA",5,9
HMOM/17/54771,"2 Sandringham RoadLondonNW11 9DP",200101382,03/04/2017 00:00,,Mr Iian Hatuka,"2 Sandringham RoadLondonNW11 9DP",4,5
HMOM/17/55024,"1A Manor Park GardensEdgwareHA8 7NB",200077906,10/05/2017 00:00,,Mr Roger Fortune,"Langdon Communities2A Camrose HouseCamrose AvenueHA8 6EG",5,5
HMOAA/17/55709,"10A Parson StreetLondonNW4 1QB",200091852,07/03/2018 00:00,,Mr Russell Fraser,"20 Parson StreetHendon, LondonNW4 1QB",4,5
HMOAA/17/55338,"19 Audley RoadLondonNW4 3EX",200005462,06/06/2017 00:00,,HOMAYOON HOODFAR,"31 ROWSLEY AVENUSHENDON, LONDONNW4 1AP",5,5
HMOAA/17/55725,"Flat 9Bouchier HouseThe Grange EstateLondonN2 8NH",200115508,29/06/2017 00:00,,Mrs Lucy Wenneker,"100 East End RoadLondon N3 2SX",5,5
HMOAA/17/55757,"32 Bedford RoadLondonN2 9DA",200008937,07/08/2017 00:00,,Mr Jonathan Roberts,"19 Woodland Grove  Weybridge Surrey  KT13 9EF",4,5
HMOAA/17/55873,"60 Wycherley CrescentBarnetEN5 1AP",200131545,04/08/2017 00:00,,Mr Lenos  Kyriacou Tsialis,"27 Manor View London  N3 2ST",6,7
HMOAA/17/55870,"Flat 4Acacia Court1 Brent GreenLondonNW4 2HA",200139632,13/09/2017 00:00,,Mr Shailesh Kadiwar,"903-905 Finchley RoadLondonNW11 7PE",3,4
HMOAA/17/55426,"6 Pocklington CloseLondonNW9 5WS",200093693,04/08/2017 00:00,,Mr Anton Gjoka,"Flat 3 Tollington House62 Forty LaneMiddlesexHA9 9RJ",3,5
HMOAA/17/55994,"Flat 40Burnham CourtBrent StreetLondonNW4 2RE",200013791,18/01/2018 00:00,,Mr Avi Kogan,"64 Audley RoadLondonNW4 3HB",4,4
HMOAA/17/56001,"36 Corringham RoadLondonNW11 7BU",200027269,11/08/2017 00:00,,Mr Gold Fast Delivery For You LTD,"10 Horton AvenueLondonNW2 2SA",0,10
HMOAA/17/56038,"42 Tithe WalkLondonNW7 2QA",200117936,11/08/2017 00:00,,Mr Obinna Kene Ikegulu,"19 Croft House 21 Heritage Avenue Colindale NW9 5XY",7,6
HMOM/17/55294,"24 Llanvanor RoadLondonNW2 2AP",200074332,24/05/2017 00:00,,MR HAMID  KAMYAB,"24 LLANVANOR ROADLONDONNW2 2AP",6,12
HMOM/17/56165,"24 Oak GroveLondonNW2 3LP",200087112,25/09/2017 00:00,,Juliano Guerra,"208 Villiers RoadNW2 5PU",8,8
HMOAA/17/55926,"11 St Marys CrescentLondonNW4 4LJ",200106763,06/10/2017 00:00,,Mr Feroza Rustomjee,"26 Craven Street LONDONWC2N 5NT",,
HMOM/17/55949,"24 Southbourne CrescentLondonNW4 2JY",200104897,26/07/2017 00:00,,Mr Richard Keene,"24 Southbourne Crescent HendonLONDON NW4 2JY",6,7
HMOAA/17/55979,"117 High RoadLondonN2 8AG",200206012,11/08/2017 00:00,,Costas Avraam,"60 RiverwayPalmers GreenLondon N13 5LJ",6,8
HMOM/17/54823,"10 Bell LaneLondonNW4 2AD",200009429,25/04/2017 00:00,,Mr Simon Nissim,"4 Fairholme GardensLondonN3 3EB",7,10
HMOM/17/54824,"12 Bell LaneLondonNW4 2AD",200009431,25/04/2017 00:00,,Mr Simon Nissim,"4 Fairholme GardensLondonN3 3EB",6,8
HMOAA/17/54826,"14 Thorverton RoadLondonNW2 1RE",200117750,03/04/2017 00:00,,Mr James Keane,"14 Thorverton RoadCricklewoodLondonNW2 1RE",6,6
HMOAA/17/55571,"123 Cheviot GardensLondonNW2 1QB",200021792,17/10/2017 00:00,,MR CHRIS FORDYCE,"14 SUNNY HILLS HENDON LONDONNW4 4LL",5,5
HMOAA/17/56061,"Flat 8313A Ballards LaneLondonN12 8LY",200163307,05/10/2017 00:00,,Zeezee Ranginkaman,"12 Sheaveshill ParadeSheaveshill AvenueLondon, NW9 6RS",0,4
HMOAA/17/55156,"Flat 358 Sunningfields RoadLondonNW4 4RL",200110807,21/07/2017 00:00,,Mr Jayson Russell & James Fraser,"Swantek Investments LtdC/o 20 Parson StreetHendonLondonNW4 1QB",4,5
HMOM/17/56009,"37A Park MansionsVivian AvenueLondonNW4 3UU",200218550,07/08/2017 00:00,,Martin McDonnell,"4 Broadway MansionsMill Hill BroadwayLondon NW7 3TH",5,5
HMOAA/17/56022,"54 Highfield AvenueLondonNW11 9UD",200062846,11/08/2017 00:00,,Matin Behzad,"38 Wessex GardensGolders GreenLondon NW11 9RR",5,5
HMOAA/17/56046,"41 Woodville RoadBarnetEN5 5HD",200130986,18/08/2017 00:00,,Mr Nicolaos Andrews,"51 Tudor Road Barnet Herts EN5 5NW",10,12
HMOM/17/56074,"20 Thorverton RoadLondonNW2 1RE",200117756,06/10/2017 00:00,,Miss Christine Bouilly,"6 Ashford Road LondonNW2 6TP",,
HMOAA/17/55327,"32 Grosvenor RoadLondonN3 1EX",200053509,20/04/2017 00:00,,Dr Hamid Bahai,"34 North CrescentLondonN3 3LL",,
HMOAA/17/55527,"5 Chadbury CourtWatford WayLondonNW7 2QG",200122477,12/06/2017 00:00,,Ashley Brannan,"40 Byron MewsLONDON NW3 2NQ",4,4
HMOAA/17/55674,"32 Algernon RoadLondonNW4 3TA",200003021,06/11/2017 00:00,,Stefan Labuda,"39 Vivian Avenue HendonLONDONNW4 3UX",7,7
HMOM/17/56135,"43 Woolmead AvenueLondonNW9 7AX",200131175,04/10/2017 00:00,,Beverley Stillerman,"34 Canons DriveEdgwareMiddlesex HA8 7QT",6,8
HMOAA/17/56147,"4 Alexandra RoadLondonNW4 2SA",200002962,27/07/2017 00:00,,Mr Krzysztof Milla,"29 Finchley LaneLondon  NW4 1BX",4,5
HMOM/17/54812,"43 Oak GroveLondonNW2 3LS",200087130,10/02/2017 00:00,,Mr Dominic Cawley,"2C Cromwell RoadMuswell HillLondonN10 2PD",7,7
HMOAA/17/56219,"42 Goldbeaters GroveEdgwareHA8 0QB",200048381,05/12/2017 00:00,,Bahran Salehzehi,"387 Watling AvenueEdgware, MiddlesexHA8 0NG",6,5
HMOAA/17/55618,"55 Station RoadLondonNW4 4PH",200108432,13/07/2017 00:00,,MRS SAMANTHA WOODROW,"5 ROSARY GARDENS BUSHEY HEATHHERTSWD23 4GF",5,5
HMOM/17/55846,"9 Wroughton TerraceLondonNW4 4LE",200131453,28/06/2017 00:00,,Mr Michael Winkler,"Flat 3Blakes Lodge64 Hendon LaneLondonN3 1SB",,
HMOAA/17/55293,"20A Parson StreetLondonNW4 1QB",200091856,14/07/2017 00:00,,JAMES JAYSON,"525A CHURCHILL HOUSE137-139 BRENT STREETHENDON, LONDON,NW4 4DJ",5,5
HMOAA/17/55729,"3 Ridge RoadLondonNW2 2QT",200098437,12/08/2017 00:00,,Mr Benjamin George Wilson,"48 Fitzjohn AvenueBarnet Hertfordshire EN5 2HW",4,
HMOAA/17/56300,"12 Langley ParkLondonNW7 2AA",200071155,06/10/2017 00:00,,Dr Helena Benson,"12 St. Georges RoadLondonNW11 0LR",8,5
HMOAA/17/56358,"1 WestsideLondonNW4 4XD",200125785,24/11/2017 00:00,,Amrishbhai S. & Swatiben A. Gor,"390 Watford Way, Hendon, London NW4 4XE.",5,5
HMOM/17/56363,"22 Wycombe GardensLondonNW11 8AL",200131572,27/10/2017 00:00,,Mr Abraham Hirsch,"22 Wycombe GardensLondonNW11 8AL",,
HMOMA/17/55380,"3B The BroadwayFriern Barnet RoadLondonN11 3DT",200029425,13/07/2017 00:00,,MARIO TYRIMOU,"46 THE WOODLANDSSOUTHGATELONDON N14 5RX",0,4
HMOAA/17/54992,"Flat 22Heathway CourtFinchley RoadLondonNW3 7TS",200042739,11/04/2017 00:00,,Mr Hamid Rahbari & Shahla Alagheband,"239 West Heath RoadLondonNW3 7UB",6,5
HMOAA/17/55637,"Flat 4Edward House15 Hendon LaneLondonN3 1RT",200058993,13/09/2017 00:00,,Manisha Patel Daksha Hirani &,"51 GLENDALE GARDENSMIDDLESEXHA9 8PR",4,5
HMOAA/17/55862,"157 Cat HillBarnetEN4 8HS",200019891,19/05/2017 00:00,,Mr  Mrs Theophanis  Anastasia Theophanous,"155 Cat HillBarnetEN4 8HS",0,10
HMOAA/17/56407,"Upper Floor8 St Marys RoadLondonNW11 9UG",200134169,19/10/2017 00:00,,Mr Russell Caller,"22 Hill TopLondon NW11 6EE",4,5
HMOM/17/56410,"386A Finchley RoadLondonNW2 2HP",200226796,03/10/2017 00:00,,Mr Hemal Mithani,"Mithani Properties Ltd20A Halliford StreetCorner Of Elizabeth AvenueIslington N1 3HD",4,5
HMOM/17/56411,"16 Leicester RoadLondonN2 9EA",200197964,04/11/2017 00:00,,Malcolm Coates,"8 Totnes Walk, London N2 0AD.",4,5
HMOAA/17/56542,"50 Wheatley CloseLondonNW4 4LG",200125955,09/11/2018 00:00,,Mrs Zena Behrman,"27 Prothero Gardens London NW4 3SJ",5,5
HMOM/17/56578,"15 Woodside Park RoadLondonN12 8RT",200130489,28/11/2017 00:00,,Mrs Sharon Freilich,"5 Sentinel SquareHendon, LondonNW4 7EL",8,13
HMOAA/17/56801,"1 Elvington LaneLondonNW9 5WB",200037967,19/01/2018 00:00,,Rev Mordechai Nissim,"22 Herlot RoadLondonNW4 2DG",4,5
HMOM/17/56828,"4 Kingswood CloseLondonN20 9PX",200070190,05/03/2018 00:00,,Mr David Ford,"1 Kingswood  CloseWhetstone  London N20 9PX",5,5
HMOAA/17/56500,"Flat 12Wykeham CourtWykeham RoadLondonNW4 2TE",200131586,07/11/2017 00:00,,Mr EDMOND ABRAHAM,"27 Wykeham RoadLondon NW4 2TE",4,5
HMOAA/17/57003,"46 Oak Tree DriveLondonN20 8QH",200087193,04/01/2018 00:00,,Mr Francis Osei-TuTu,"7 Brooke RoadLondon E17 9HH",5,6
HMOAA/17/55185,"23 Broadfields AvenueEdgwareHA8 8PF",200015256,14/04/2017 00:00,,Elegant Property Group,"336 Ballards LaneLondonN12 0EY",5,5
HMOAA/17/55244,"19 Johns AvenueLondonNW4 4EN",200068670,06/06/2017 00:00,,LISA GITA VELENSKI,"44 TENTERDEN DRIVE HENDONLONDONNW4 1EE",6,5
HMOAA/17/55281,"487 Watford WayLondonNW4 4TR",200122390,12/05/2017 00:00,,MR ROMAN OSCAR,"UNIT 101152-154 COLES GREEN ROADNW2 2HD",6,5
HMOAA/17/55473,"35 Millson CloseLondonN20 0LQ",200081847,26/06/2017 00:00,,MAJOR ROBERT JACKSON,"9 PINE WOOD GARDENS  MIRFIELD WEST YORKSHIREWF14 9TB",4,5
HMOM/17/55263,"5A Sutton ParadeChurch RoadLondonNW4 1RR",200111559,21/07/2017 00:00,,JAMES JAYSON,"525A CHURCHHILL HOUSE137 - 139 BRENT STREETHENDON LONDONNW4 4DJ",4,5
HMOM/17/55280,"Flat 1Kennyland CourtHendon WayLondonNW4 3LU",200059506,05/09/2017 00:00,,Hanover Chase Properties Limited,"Hanover Chase Properties LimitedS25A CHURCHILL HOUSE137-139 BRENT STREETHENDON, LONDONNW4 4OJ",5,5
HMOAA/17/55537,"First And Second Floor Maisonette2 Huntingdon RoadLondonN2 9DU",200145288,12/06/2017 00:00,,MR JOHN ALEXANDER,"FLAT 3 72 MARYLANDS ROAD LONDON W9 2DR",4,5
HMOAA/17/55769,"87 Blundell RoadEdgwareHA8 0JA",200012095,18/08/2017 00:00,,Mr Robert Walters,"9 Hazel MeadBarnet Arkley EN5 3LP",5,5
HMOAA/17/56562,"26A Oakleigh Road SouthLondonN11 1NH",200131961,20/03/2018 00:00,,Mr Robert Walter,"59 Burnham Green RoadWelwyn HertfordshireAL6 0NH",4,3
HMOAA/17/57001,"1 Manor Park CrescentEdgwareHA8 7NL",200077854,02/01/2018 00:00,,Dr Benaiah George Bardi,"61 Lyndhurst GardensFinchley CentralLondon N3 1TA",3,9
HMOM/16/54710,"58 Colin GardensLondonNW9 6EJ",200025343,07/04/2017 00:00,,Mr Laszlo Sares,"25 Glebe CrescentLondonNW4 1BT",4,4
HMOAA/17/55014,"41 Heton GardensLondonNW4 4XS",200060315,27/04/2017 00:00,,Mrs Yung Lee,"39 Heton GardensHendonLondonNW4 4XS",4,5
HMOAA/17/55267,"67 Montpelier RiseLondonNW11 9DU",200082476,02/06/2017 00:00,,MR MR OLIVIER HENRI BENJAMIN  LEVENFICHE,"Levoltan Corporation 233 Regents Park RoadLondon N3 3LF.",6,6
HMOAA/17/56442,"65 Vivian AvenueLondonNW4 3XE",200120988,03/10/2017 00:00,,Mr Ken Lau,"25 Allington RoadHendonLondon NW4 3EA",7,7
HMOAA/17/56886,"175 Torrington ParkLondonN12 9AP",200118288,23/03/2018 00:00,,Ms Diana Mary Barrett,"22 Hollyfield Avenue London N11 3BY",4,5
HMOAA/17/56720,"65 Cheviot GardensLondonNW2 1QD",200021734,27/12/2017 00:00,,Mr Teddy Nazim,"5 Grampian Gardens Golders Green London NW2 1JH",5,4
HMOAA/17/56887,"9 Alders RoadEdgwareHA8 9QG",200002516,14/11/2017 00:00,,Mr Nirvair Chadha,"187 Station RoadEdgwareHA8 7JX",5,6
HMOAA/16/54728,"70 Golders Manor DriveLondonNW11 9HT",200049274,12/04/2017 00:00,,Mr Ankur Gandesha,"68 Golders Manor DriveGolders GreenLondonNW11 9HT",5,5
HMOAA/17/55370,"97 Station RoadLondonNW4 4NT",200108458,09/06/2017 00:00,,LENNOX FINLAYTER,"22 WATFORD WAYHENDONLONDON, NW4 3AD",5,5
HMOAA/17/55698,"1017 High RoadLondonN20 0QA",200061836,29/08/2017 00:00,,Wildwood Properties Ltd,"GEI House,141 Cricklewood BroadwayLondon NW2 3HY",8,13
HMOM/17/55733,"Flat 1129 High StreetBarnetEN5 5UZ",200154592,29/06/2017 00:00,,Mr Christodoulos Violaris,"12 Beaumont Place Hadley High Stone HertsEN5 4PR",5,5
HMOAA/17/55773,"12 Cheyne CloseLondonNW4 3NH",200021864,04/08/2017 00:00,,Mrs Ranjana Shandip Popat,"20 Western Drive Stanmore MiddxHA7 2EU",4,5
HMOAA/17/55532,"24 Annesley AvenueLondonNW9 5DY",200003805,29/06/2017 00:00,,MISS Rathika Bose,"48 St Georges AveKingsburyLONDONNW9 0JU",5,2
HMOM/17/55585,"42 Horton AvenueLondonNW2 2SA",200066929,14/06/2017 00:00,,MR HUGO PULQUEIRO,"46 CRICKLEWOOD BROADWAYNW2 3ET",10,7
HMOM/17/56751,"12 Wilton RoadBarnetHertsEN4 9DX",200127020,31/10/2017 00:00,,Willaim And Tracey Mackey,"97 Orchard DrivePark StreetSt AlbansAL2 2QL",5,10
HMOM/17/56930,"43 Fallow Court AvenueLondonN12 0EA",200040219,19/01/2018 00:00,,Jason Brown,"35 Litchfield Way London NW11 6NS",5,5
HMOM/17/56996,"11 Cloister GardensEdgwareHA8 9QJ",200024655,08/02/2018 00:00,,Mrs Anna Etingen,"14 Highview GardensEdgwareHA8 9UE",8,10
HMOAL/17/55065,"70 Beaconsfield RoadLondonN11 3AE",200008481,21/07/2017 00:00,,Damyanti Makani,"41 Osidge LaneLondon, N14 5JL",2,10
HMOAA/17/55068,"8 Water Brook LaneLondonNW4 2HB",200013495,22/05/2017 00:00,,Mr Rupen Badiani,"28 The Drove WayIstead RiseGravesendKent",4,5
HMOM/17/55070,"8 Sandringham RoadLondonNW11 9DP",200101388,28/04/2017 00:00,,Mr Ilkin Gouliev,"24A North End RoadLondonNW11 7PT",5,5
HMO/17/55072,"10 Sandringham RoadLondonNW11 9DP",200101390,08/05/2017 00:00,,Mr Ilkin Gouliev,"24A North End RoadLondonNW11 7PT",5,4
HMOAA/17/55131,"29 Boyne AvenueLondonNW4 2JL",200012986,10/05/2017 00:00,,Mr Daniel Schleider,"Symal HouseEdgware RoadLondonNW9 0HU",5,5
HMO/17/55193,"23 Ash GroveLondonNW2 3LN",200004529,01/08/2017 00:00,,NORA MARIAN O'NEIL,"90 GLADSTONE PARK GARDENSLONDONNW2 6JX",5,5
HMOM/17/55647,"39 Ravenshurst AvenueLondonNW4 4EG",200097199,28/06/2017 00:00,,Mr Mehdi Bakrani,"194-196 Finchley Road LONDON NW3 6BX",4,5
HMOAA/17/56625,"142 Hendon WayLondonNW2 2NG",200059432,10/10/2017 00:00,,Mr Greg Valentine,"36 The ValeLondonNW11 8SG",5,8
HMOM/17/56735,"167A Brent StreetLondonNW4 4DH",200013706,13/12/2017 00:00,,Mr Samuel Margolin,"Bergson PropertiesHoneywood House2A Wordsworth WalkLondonNW11 6AU",,
HMOAA/17/56845,"46B The Market PlaceFalloden WayLondonNW11 6JP",200078949,02/01/2018 00:00,,Mr Jonathan Bambaji,"14 Harmsworth Way London N20 8JU",5,5
HMOAA/17/57045,"14 Mays LaneBarnetEN5 2EE",200080279,19/12/2017 00:00,,Dr Khalid Mannan,"25 Uplands Drive,Brookmans ParkHatfield AL9 6PT",4,5
HMOAA/17/54901,"103 Cat HillBarnetEN4 8HP",200019837,16/06/2017 00:00,,ROWEN SIMPSON,"7 GEORGIA AVENUEWORTHINGWEST SUSSEXBN14 8AZ",4,7
HMOAA/17/55326,"25 Sturgess AvenueLondonNW4 3TR",200109929,05/06/2017 00:00,,PARESH PATEL,"22 Clarks MeadBushey HertsWD23 4JZ",4,5
HMOAA/17/55587,"Flat 15Thurlby CroftMulberry CloseLondonNW4 1QP",200083629,04/08/2017 00:00,,MR Jaspreet Singh GUJRAL,"2.4 Pulse Apartments  52 Lymington RoadLONDONNW6 1HQ",4,5
HMOM/17/56902,"147 Cotswold GardensLondonNW2 1PL",200027548,17/11/2017 00:00,,Miss Naz Ettefagh,"Flat 6Lampard House8 Maida AvenueLondonW2 1SS",,
HMOAA/17/55005,"347 Watford WayLondonNW4 4TE",200122304,18/04/2017 00:00,,Mr David Prince,"6 Vivian AvenueHendonNW4 3YA",,
HMOAA/17/55210,"3 St Marys RoadLondonNW11 9UE",200106820,12/06/2017 00:00,,ILKIN GOULIEV,"24A NORTH END ROADGOLDERS GREENLONDON NW11 7PT",5,5
HMO/17/55222,"Brookside65 Totteridge LaneLondonN20 8DU",200118547,06/06/2017 00:00,,MEFTAHI AZAR,"115 SUMMERS LANEN12 0QE",5,10
HMOAA/17/55304,"74 Park RoadLondonNW4 3PH",200091178,14/07/2017 00:00,,RAYMOND & ILANA CURTIS,"28 SOUTHOVERWOODSIDE PARKLONDONN12 7JE",5,5
HMOAA/17/56899,"Flat D965 Finchley RoadLondonNW11 7PE",200226289,08/12/2017 00:00,,Mr & Mrs Grinbaum,"45 Egerton GardensHendonLondon NW4 4BB",4,5
HMOAA/17/56911,"115 Squires LaneLondonN3 2AJ",200105933,01/02/2018 00:00,,Mr Ramin Ghaderi,"2 BroadwayFrien Barnet N11 3DT",4,4
HMOAA/17/54747,"34 Llanvanor RoadLondonNW2 2AP",200074341,03/04/2017 00:00,,Miss Lily Saltoun,"34 Llanvanor RoadLondonNW2 2AP",4,5
HMOAA/17/54760,"4 Station CloseLondonN3 2SE",200210030,03/04/2017 00:00,,Mr Benjamin Holroyd-Doveton,"21 Garfield Street Bedford MK41 7RZ",4,4
HMOM/17/56477,"4 Portsdown AvenueLondonNW11 0NB",200094077,06/11/2017 00:00,,Mrs Elsie Ann Krokatsis,"6 Portsdown AvenueGolders GreenLondon NW11 0NB",5,5
HMOAA/17/55269,"82 Kings CloseLondonNW4 2JT",200069485,05/06/2017 00:00,,RAPHAEL WEIISZ,"40 HOLDERS HILL CRESCENTHENDON, LONDONNW4 1ND",,
HMOAA/17/56734,"81 Hamilton RoadLondonNW11 9EE",200055747,06/11/2017 00:00,,Riaz Don,"59 Woodville Road, London NW11 9TS",5,5
HMOAA/17/55398,"134 Hamilton RoadLondonNW11 9EA",200055791,04/07/2017 00:00,,BUTA LIVING LTD,"640A FINCHLEY ROADLONDON, NW11 7RR",6,5
HMOAA/17/55898,"28 Gresham GardensLondonNW11 8PB",200053260,21/11/2017 00:00,,Leib Levison,"BC House 18 Lodge RoadNW4 4EF",5,5
HMOAA/17/54870,"50 Brent TerraceLondonNW2 1BX",200014204,03/07/2017 00:00,,Brent Investments Ltd,"22 Overlea RoadLondonE5 9BG",5,5
HMOM/17/56683,"8 Clarendon GardensLondonNW4 4UU",200023835,08/11/2017 00:00,,Mr Huan Liu,"15 Vernon DriveLondon HA7 2BP",5,8
HMOAA/17/56826,"756A Finchley RoadLondonNW11 7TH",200041645,02/01/2018 00:00,,Sherrards Properties,"Sherrards Properties 18 The Market Place London NW11 6JJ",5,5
HMOAA/17/56954,"63 Well RoadBarnetEN5 3EA",200123461,19/01/2018 00:00,,Mr Krzysztof Serwecinski,"55 Oakleigh AvenueEdgwareMiddlesex HA8 5DR",6,7
HMOM/17/55122,"25 St Johns RoadLondonNW11 0PE",200106470,08/05/2017 00:00,,Mrs Ruti Levy,"25 St Johns RoadGolders GreenLondonNW11 0PE",13,11
HMOAA/17/55125,"8 Kettlewell CloseLondonN11 3FB",200214708,13/04/2017 00:00,,Mr Andreou,"Blue Bell ViewBrookfield RoadWelshpoolSY21 7PY",4,4
HMOAA/17/55151,"64 Nether StreetLondonN12 7NG",200084303,21/07/2017 00:00,,Mrs Irene Fernandez,"133B Torrington ParkFinchleyLondonN12 9AN",6,7
HMOAA/17/55599,"137 Cricklewood LaneLondonNW2 1HS",200029222,28/04/2017 00:00,,Mr Daniel Selby,"84 Temple Fortune LaneLondonNW11 7TX",,
HMOM/17/56538,"33 Dallas RoadLondonNW4 3JB",200030480,24/10/2017 00:00,,Mr Rasik Halai,"104 Regal WayHarrowLondon HA3 0RY",5,5
HMOAA/17/55278,"15 Grosvenor GardensLondonNW11 0HL",200053457,11/05/2017 00:00,,MR HUGO PULQUEIRO,"46 CRICKLEWOOD BROADWAYLONDONNW2 3ET",9,10
HMOMA/17/56664,"158A High RoadLondonN2 9AS",200061134,30/11/2017 00:00,,Mrs Yvonne Bryson,"94 Chelwood AvenueHatfieldHerts AL10 0RE",7,5
HMOM/17/56792,"14 Gervase RoadEdgwareHA8 0EP",200047182,05/01/2018 00:00,,Mr Monir Eid-Arimoku,"Side Garden Flat43 Gervase RoadEdgware,  HA8 0EW",2,5
HMOAA/17/55164,"10 Rickard CloseLondonNW4 4XH",200098331,24/08/2017 00:00,,Mr Christopher Baker,"54-56 Barking RoadEast HamLondonE6 3BP",4,5
HMOAA/17/55298,"22A Parson StreetLondonNW4 1QB",200221967,14/07/2017 00:00,,MR JAMES JAYSON,"525A CHURCHILL HOUSE137-139 BRENT STREETHENDON, LONDON NW4 4DJ",5,5
HMOM/17/56504,"16 Percy RoadLondonN12 8BU",200093230,21/11/2017 00:00,,Navinlal Bhaji Patel,"27 Petworth RoadLondon N12 9HE",7,5
HMOAA/17/56544,"49 Wheatley CloseLondonNW4 4LG",200125954,26/01/2018 00:00,,Mrs Mrs Zena Behrman,"27 Prothero Gardens London  NW4 3SJ",5,5
HMOM/17/56763,"Flat B53 Church RoadLondonNW4 4DU",200154912,02/02/2018 00:00,,Sentware Ltd,"51 Church RoadHendonLondon NW4 4DU",0,5
HMOAL/17/56992,"361 Ballards LaneLondonN12 8LJ",200006212,02/11/2017 00:00,,ANDREAS CHARALAMBOUS,"ANTHEA LETTINGS2 DRAYTON PARKLONDON N5 1NU",4,9
HMOAA/17/55969,"4 Skipton CloseLondonN11 3EZ",200104057,13/09/2017 00:00,,Bhavin Parikh,"2 Garsdale CloseLondonN11 3EF",4,4
HMOM/17/55985,"10 Wenlock GardensLondonNW4 4XJ",200123634,16/10/2017 00:00,,Mr Anthony Louis O'Brien,"Copper EindeKelvedon RoadLT. BraxtedEssex CM8 3LD",6,6
HMOAA/17/55924,"980 - 982 High RoadLondonN20 0QG",200225171,24/08/2017 00:00,,ISMANATE INVESTMENTS LIMITED,"107-109 Great Portland Street, London, W1W 6QG",6,25
/HMOAA/17/55934,"15 Gunter GroveEdgwareHA8 0HB",200053911,27/10/2017 00:00,,Ms Cristina Morar,"75 Scott Road EdgwareMiddx HA8 5QR",5,5
HMOM/17/55491,"31 High StreetBarnetHertsEN5 5UW",200221128,23/06/2017 00:00,,Mr Doug Evans,"Mitchells And Butlers Retail Ltd27 Fleet StreetBirminghamB3 1JP",,
HMOAA/17/55601,"63 Station RoadLondonNW4 4PH",200108439,14/07/2017 00:00,,Mr Jonathan Woodrow,"5 Rosary GardensBushey HeathHertsWD23 4GF",5,5
HMOM/17/56116,"First Floor Flat116 Station RoadLondonNW4 3SN",200227327,22/05/2018 00:00,,Mr & Mrs Mattatia & Yaffa Haron,"29 Sunningfields RoadHendonLondon NW4 4QR",5,5
HMOAA/17/56141,"21 Briarfield AvenueLondonN3 2LG",200014604,14/09/2017 00:00,,Mr Pritam Bhova,"72 Tintern Avenue KingsburyLondon NW9 0RL",4,5
HMOAA/17/56017,"15 Alexandra RoadLondonNW4 2SB",200002970,29/11/2017 00:00,,Mrs Ester Bengigi,"15 Alexandra RoadLondonNW4 2SB",5,4
HMOAA/17/55486,"12A Oakleigh CourtChurch Hill RoadBarnetEN4 8UX",200140513,20/06/2017 00:00,,HAMWAYS LIMITED,"104 STATION ROAD EASTOXTED, SURREY RH8 0QB",4,4
HMOAA/17/55574,"124 Station RoadLondonNW4 3SN",200199998,10/07/2017 00:00,,Alan Mendelsohn,"34 ST. GEORGES ROADLONDON NW110LR",10,14
HMOM/17/55721,"129 Hamilton RoadLondonNW11 9EG",200055786,26/07/2017 00:00,,Radha Venga,"25 Greenfield Gardens, London NW2 1HT",,
HMOAA/17/56298,"64 Mays LaneBarnetEN5 2DZ",200212320,22/11/2017 00:00,,Mehul Patel,"144 Arlington RoadSouthgateLondon N14 5AT",6,6
HMOM/17/55703,"16 Newark WayLondonNW4 4JL",200085262,09/07/2018 00:00,,Alastair MacNaughton,"Flat 702, Navigation BuildingStation ApproachHayesMiddlesex UB3 4FF",4,6
HMOAA/17/55726,"24A Second AvenueLondonNW4 2RN",200101782,26/07/2017 00:00,,Renata Siepe,"32 Albert RoadLondon NW4 2SG",3,5
HMOM/17/55568,"2 Kingswood CloseLondonN20 9PX",200070188,04/07/2017 00:00,,DAVID FORD,"1 KINGSWOOD CLOSEWHETSTONE LONDON N20 9PX",5,5
HMOM/17/56197,"26 Parkside GardensBarnetEN4 8JR",200091799,06/07/2017 00:00,,Mr Manzoor Hussain,"1 Ferney RoadBarnetEN4 8LA",,
HMOAA/17/55063,"72 Walmington FoldLondonN12 7LL",200121250,10/05/2017 00:00,,Mrs Lisa Graves,"Oak ManorSt James RoadGoffs OakWaltham CrossEN7 6TS",5,5
HMOAA/17/55214,"14 Graham RoadLondonNW4 3HE",200049861,07/06/2018 00:00,,MR SULMAN RAHMAN,"1 RUNDELL CRESCENTHENDON, LONDONNW4 3HE",9,9
HMOM/17/56323,"10 Dollis ParkLondonN3 1HG",200033156,21/10/2017 00:00,,Yosef Zekaria,"33 Woodcroft AvenueMill HillLondon NW7 2AH",0,10
HMOAA/17/56428,"69 Cricklewood LaneLondonNW2 1HR",200029196,29/11/2017 00:00,,Ms Ayelet Avroya,"21 Grampian GardensLondon NW2 1JH",7,6
HMOM/17/56470,"1 Oak GroveLondonNW2 3LS",200087089,12/09/2017 00:00,,Mr Gooroodeo Jeetun,"69 Elm Park RoadLondonN3 1EG",,
HMOAA/17/55333,"6 Oakview GardensLondonN2 0NJ",200088965,08/05/2017 00:00,,RITU SINHA,"4 The Causeway, Finchley, London N2 0PR.",4,5
HMOMA/17/56238,"127 Lichfield GroveLondonN3 2JL",200073159,24/11/2017 00:00,,Mr Roman Oscar,"London Homes Estate Agent2 Broadway Friern Barnet RoadLondonN11 3DT",,
HMOM/17/56254,"20 West WayEdgwareHA8 9LB",200125038,06/10/2017 00:00,,Vishal Aggarwal,"10 Sandymount AvenueStanmore, MiddlesexHA7 4TY",7,8
HMOAA/17/56259,"13 Old Rectory GardensEdgwareHA8 7LS",200089327,08/12/2017 00:00,,Adrian Pearson,"22 Saint Birstan RoadAndover, HampshireSP10 4NY",3,5
HMOM/17/56274,"1st & 2nd Floor5 Beechcroft AvenueLondonNW11 8BJ",200009109,14/09/2017 00:00,,Alexis Matsukis,"Vedados Ltd40 ForestdaleSouthgate, LondonN14 7DX",6,9
HMOAA/17/56305,"22 Wenlock RoadEdgwareHA8 9JF",200123696,20/12/2017 00:00,,Mr Uri Neufeld,"68 Leeside CrescentLondonNW11 0LA",5,5
HMOAA/17/55085,"26 Leicester RoadLondonN2 9EA",200072592,26/04/2017 00:00,,Paul Charalambous,"4 King Edward RoadNew BarnetEN5 5AP",4,5
HMOM/17/56027,"14 Carlton CloseEdgwareHA8 7PY",200019419,13/09/2017 00:00,,Roger Fortune,"Langdon Communities 2A Camrose House EdgwareHA8 6EG",4,8
HMOAA/17/56258,"409 Long LaneLondonN2 8JN",200150707,02/11/2017 00:00,,Varshaben Kotecha,"138 Draycott Avenue,Harrow HA3 0BZ.",4,5
HMOMA/17/56613,"9 Falkland AvenueLondonN3 1QR",200220229,07/11/2017 00:00,,A.A.Z. PROPERTIES LIMITED,"Solar House 282 Chase Road London N14 6NZ",5,8
HMOAA/17/56716,"Flat 3Florence MansionsVivian AvenueLondonNW4 3UY",200120837,16/11/2017 00:00,,Mrs Aparna Puri,"31 Westwood DriveAmershamHP6 6RN",6,5
HMOM/17/56953,"7A Sheaveshill ParadeSheaveshill AvenueLondonNW9 6RS",200000145,19/01/2018 00:00,,Mr Stuart Diamond,"7 Sheaveshill ParadeSheaveshill AvenueLondon NW9 6RS",5,5
HMOAL/17/56981,"50 Sturgess AvenueLondonNW4 3TS",200109954,05/03/2018 00:00,,Wan Tai Debbie Cheung,"13 Wordsworth Walk London NW11 6AU",5,5
HMOAA/17/55635,"54 Cleveland GardensLondonNW2 1DY",200024027,05/10/2017 00:00,,Mr TEDDY NAZIM,"5 GRAMPIAN GARDENSGOLDERS GREENLONDON, NW2 1JH",5,5
HMOM/17/55943,"11 Haslemere AvenueLondonNW4 2PU",200057776,21/07/2017 00:00,,Ralph Koolander,"28 Brampton GroveHendonLondon NW4 4AQ",0,5
HMOM/17/56349,"111 Cotswold GardensLondonNW2 1PE",200027523,10/10/2017 00:00,,Arvin Patel,"L G Property Investments LtdUnit A, 715 North Circular RoadLondon NW2 7AH",0,10
HMOAA/17/56351,"39 Woodstock AvenueLondonNW11 9RG",200130635,31/10/2017 00:00,,Rabbi Moshe Dadoun,"18 Elm CloseLondonNW4 2PH",10,12
HMOM/17/56364,"6 Wentworth RoadLondonNW11 0RX",200223160,27/10/2017 00:00,,Mr Abraham Hirsch,"22 Wycombe GardensLondonNW11 8AL",,
HMOM/17/56719,"62 Babington RoadLondonNW4 4LD",200005973,28/12/2017 00:00,,Mr Narhari Khimani,"80 Worcester CrescentMill HillLondonNW7 4LL",5,5
HMOAA/17/55346,"451 Watford WayLondonNW4 4TR",200122372,26/06/2017 00:00,,SIMCHE FINKELSTEIN,"73A CLAPTON COMMONLONDON, E5 9AA",5,6
HMOAA/17/56468,"74 Clitterhouse CrescentLondonNW2 1DA",200024440,14/05/2018 00:00,,Mr Uri Neufeld,"68 Leeside CrescentLondonNW11 0LA",4,5
HMOAA/17/56626,"1 Portman GardensLondonNW9 5AS",200094032,04/01/2018 00:00,,Mr Abe Kantor,"Sutherland House70-78 West Hendon BroadwayLondon NW9 7BT",6,6
HMOAA/17/56877,"209 Colney Hatch LaneLondonN10 1AP",200026369,28/11/2017 00:00,,Ms Dawn Marie Benson,"128 VictoriaRoadAlexandra ParkLondon N22 7XQ",5,5
HMOAA/17/57027,"13 St Albans RoadBarnetEN5 4LN",200106135,02/01/2018 00:00,,Ms Anh Dao Carrick,"192 Woodseer StreetLondon E1 5HQ",5,5
HMOAA/17/54869,"52 Mays LaneBarnetEN5 2EE",200080317,08/05/2017 00:00,,Mr Shaheen Fani & Vishaal Patel,"6 Nursery AvenueFinchleyN3 2RD",2,4
HMOAA/17/55556,"297 - 303 Regents Park RoadLondonN3 1DP",200097555,04/07/2017 00:00,,MR MALGINDER ATWAL,"28 ELM GROVEHORNCHURCHESSEX, RM11 2QX",7,5
HMOAA/17/56825,"26 Renters AvenueLondonNW4 3RB",200098075,25/01/2018 00:00,,Mr Clement Aye,"26 Renters Avenue Hendon London NW4 3RB",6,5
HMOAA/17/55227,"64 Bertram RoadLondonNW4 3PP",200010759,30/06/2017 00:00,,Kerry - Ann Jeffery,"Flat 11 Viola Court Symphony Close EDGEWAREHA8 0EF",0,5
HMOAA/17/55340,"6A Varley ParadeThe HydeLondonNW9 6RR",200119970,19/06/2017 00:00,,MOHAMMED FAROOQI,"45 AVENUE GRIMALDILUTONBEDFORDSHIRE, LU3 1TJ",4,4
HMOAA/17/55393,"121 Woodstock AvenueLondonNW11 9RL",200130689,04/07/2017 00:00,,BUT A LIVING,"640A FINCHLEY ROADLONDONNW11 7RR",4,5
HMOM/17/55260,"887B Finchley RoadLondonNW11 8RR",200041702,25/09/2017 00:00,,"MR Jung Hyeon Kim Kim","887B Finchley RoadGolders Green LONDONNW11 8RR",7,9
HMOAA/17/57033,"366 Watford WayLondonNW4 4XA",200122323,16/11/2019 00:00,,Mr Neville Serlui And Mr Stephen Harris,"7 Hill RoadLondon NW8 9QE",5,10
HMOAA/17/54767,"Flat 8Sheila HouseNorth Circular RoadLondonNW11 9LD",200086038,05/04/2017 00:00,,Mr Jacob Ostreicher,"1A Envill CourtCazenove RoadN16 6AS",5,5
HMOM/17/55184,"87A Bell LaneLondonNW4 2AS",200009305,28/04/2017 00:00,,Mr Krzysztof Milla,"29 Finchley Lane LondonNW4 1BX",4,5
HMOM/17/55237,"13 Gratton TerraceLondonNW2 6QE",200051021,24/05/2017 00:00,,FIEDORCZYK MR WOJCIECH,"187 OLDFIELD LANE NORTHGREENFORDUB6 8PN",7,6
HMOM/17/55656,"35 Grosvenor RoadLondonN3 1EY",200053512,26/07/2017 00:00,,Wildwood Properties LTD,"GEI House 141 Cricklewood BroadwayLondon NW2 3HY",6,9
HMOAA/17/56162,"2 Derwent CrescentLondonN20 0QQ",200032510,11/08/2017 00:00,,Mr Ashwin  Dhanji Halaria,"9 Derwent Crescent LondonN20 0QN",6,6
HMOM/17/56527,"8 Quantock GardensLondonNW2 1PH",200095827,02/11/2017 00:00,,Mr Seyed Zolfaghari,"7 Regency ParadeLondon NW3 5EG",4,6
HMOM/17/56485,"29 Cotswold GardensLondonNW2 1QT",200027441,31/10/2017 00:00,,Teddy Nazim,"5 Grampian GardensGolders GreenLondon NW2 1JH",7,6
HMOM/17/56885,"86 Bell LaneLondonNW4 2AE",200009481,28/11/2017 00:00,,Mrs Lalita Ramtohul,"86 Bell LaneHendonLondon NW4 2AE",4,5
HMOAA/17/56928,"Flat 11Temple Fortune CourtTemple Fortune LaneLondonNW11 7TR",200113344,02/01/2018 00:00,,Mr Desmond Scott,"112 Hampstead Way London,  NW11 7XY",4,5
HMO/17/54810,"861A High RoadLondonN12 8PT",200224525,18/01/2018 00:00,,Mr Malidly Paget,"117 Whitchurch GardensEdgwareHA8 6PG ",4,5
HMOAA/17/55451,"359 Hendon WayLondonNW4 3LY",200059568,31/05/2017 00:00,,MR BOON LEE CHIA,"59 MONKS AVENUE NEW BARNETBARNET  LONDONEN5 1DA",5,5
HMOAA/17/55579,"9A Queens RoadLondonNW4 2TH",200227204,04/07/2017 00:00,,FAY & JACK ROSENBAUM,"6 WILTON COURT278 HALE LANEEDGWARE, MIDDLESEXHA8 8NG",4,5
HMOM/17/56764,"Flat C53 Church RoadLondonNW4 4DU",200154913,30/11/2017 00:00,,Sentware Ltd,"51 Church RoadHendonLondon NW4 4DU",0,3
HMOAA/17/57030,"34B The Market PlaceFalloden WayLondonNW11 6JJ",200078929,28/12/2017 00:00,,Max Thomas Family Holdings,"599A Green LanesLondon N8 0RL",4,5
HMOAA/17/57053,"21 Leeside CrescentLondonNW11 0DA",200072137,04/01/2018 00:00,,Mr Charles Teff,"5 Eastville AvenueLondonNW11 0HD",6,6
HMOAA/17/57080,"56 Wheatley CloseLondonNW4 4LG",200125961,03/01/2018 00:00,,Mr Stephen Harris,"141 Edgwarebury LaneEdgware,Middlesex HA8 8ND",5,5
HMOAA/17/55146,"85 Booth RoadLondonNW9 5JU",200012542,12/05/2017 00:00,,Mr Kui Wang,"111A Booth RoadLondonNW9 5JU",7,5
HMOAA/17/55174,"17 Parade MansionsVivian AvenueLondonNW4 3YD",200120883,30/01/2018 00:00,,Mr David Prince,"6 Vivian AvenueLondonNW4 3YA",6,10
HMOAA/17/56054,"15 Squires LaneLondonN3 2AN",200105843,25/10/2017 00:00,,Loucas Pagonis,"210 Streatfield RoadKentonHarrow HA3 9BX",5,6
HMOM/17/56607,"192 Cricklewood BroadwayLondonNW2 3EB",200028883,12/12/2017 00:00,,Mr Ahmad Darwiche,"Flat 7 284 Kilburn Lane London W10 4BW",6,4
HMOAA/17/54847,"5 Elm GroveLondonNW2 3AE",200037260,15/06/2017 00:00,,Michael Phillips,"57 Brondesbury ParkLondonNW6 7AY",,11
HMOM/17/55675,"5 Ashbourne AvenueLondonNW11 0DP",200200326,09/08/2018 00:00,,Davis Darren Philip,"Flat A60 Brookside Road NW11 9NG",9,11
HMOAA/17/56045,"10A Churchfield AvenueLondonN12 0NT",200023120,13/09/2017 00:00,,H Rahman,"22 Woodstock CloseMacclesfieldCheshire SK10 3DZ",4,4
HMOM/17/56555,"74 Ridgeview RoadLondonN20 0HL",200098622,02/11/2017 00:00,,Dr Rizwan Hanif,"586 Chorley New RoadLostockBolton BL6 4DW",8,5
HMOAA/17/56609,"91A East End RoadLondonN2 0SU",200154421,16/03/2018 00:00,,Mr Vinasithamby Nagendram,"11 Chestnut Drive PinnerHAS 1LX",4,4
HMOM/16/54678,"46 Fortis GreenLondonN2 9EL",200043834,07/04/2017 00:00,,Wintergold Estates Ltd,"C/o Midos Management Co Ltd121-123 Clapton CommonLondonE5 9AB",9,13
HMOM/17/55229,"13B Woodside AvenueLondonN12 8AN",200129884,22/06/2017 00:00,,THOMAS McGRATH,"FLAT 11 ANGEL WHARF 164 SHEPHERDESS WALKLONDON N1 7JL",5,6
HMOAA/17/55467,"30A Sedgemere AvenueLondonN2 0SX",200101844,17/06/2017 00:00,,HAMWAYS LTD,"104 STATION ROAD EAST OXTEDSURREY RHB 0QB",4,5
HMOAA/17/55813,"477 Watford WayLondonNW4 4TR",200122385,08/09/2017 00:00,,Mark Fruin,"Flat 9Ian Hamilton House40 Doric Way LondonNW1 1LH",4,5
HMOM/17/55817,"20 Holders Hill AvenueLondonNW4 1EP",200065144,11/08/2017 00:00,,Mr Satpal Mann,"184 East End RoadLondonN2 0PT",5,5
HMOAA/17/56694,"35 Hillcourt AvenueLondonN12 8EY",200063637,28/11/2017 00:00,,Dr Nancy Devlin,"Pudding House3 Treacle Lane, Rushden VillageNorth Hertforshire SG9 0SJ",4,5
HMOAA/17/56696,"9 Norwich WalkEdgwareHA8 0TZ",200086935,23/03/2018 00:00,,Mr Elvin Asgarov,"Avea Management Ltd138 Brent StreetHendon, London NW4 2DR",5,4
HMOM/17/56785,"2 Bedford RoadLondonN2 9DA",200139805,08/12/2017 00:00,,Coll McSweeney And McSweeney Partnership,"4 Killarney CourtLodge CrescentWaltham Cross EN8 8EW",5,5
HMOAA/17/57106,"2 St Margarets AvenueLondonN20 9LJ",200106488,22/11/2017 00:00,,Jalilo Joudani,"7 Buckingham AvenueWhetstoneLondonN20 9BU",6,7
HMOM/17/55720,"65 Brook AvenueEdgwareMiddxHA8 9UZ",200015723,26/05/2017 00:00,,Mr Mykhayo Datsyuk,"Gravity Estates Ltd40 Glenwood GroveLondonNW9 8HH",6,9
HMOM/17/56672,"6 St Marys CrescentLondonNW4 4LH",200106758,13/10/2017 00:00,,Mrs Wai Fong Lo,"Flat 62Croft House21 Heritage AvenueLondonNW9 5XY",,
HMOM/17/56752,"49 Hadley RoadBarnetHertsEN5 5HG",200054412,21/11/2017 00:00,,Mr Stephen Paul Masters,"35A York RoadBarnet EN5 1LN",6,10
HMOAA/17/55104,"14 Robin LaneLondonNW4 1EU",200051867,27/04/2017 00:00,,Mr Krzysztof Milla,"29 Finchley RoadLondonNW4 1BX",4,5
HMOAA/17/55109,"Flat 4York MansionsWest Hendon BroadwayLondonNW9 6BG",200124714,25/09/2017 00:00,,Mr Imram Shafique,"165 Earmilo RoadWalthamstowE17 8JP",4,5
HMOAA/17/55113,"23 Old Rectory GardensEdgwareHA8 7LS",200089337,28/04/2017 00:00,,Mr Roger Fortune,"Langdon Communities2A Camrose HouseCamrose AvenueEdgwareHA8 6EG",5,5
HMOAA/17/55284,"5 The LoningLondonNW9 6DR",200116412,24/07/2017 00:00,,MRS JAIN  RAJNI,"231A EDGWARE ROADCOLINDALE LONDONNW9 6DR",3,9
HMOAL/17/55514,"16 Helenslea AvenueLondonNW11 8ND",200058537,21/06/2017 00:00,,Mrs GINETTE SILBER,"23 Rodborough RoadLondonNW11 8SA",9,4
HMOM/17/56985,"20 Edgeworth AvenueLondonNW4 4EY",200036110,02/02/2018 00:00,,Mrs Fereshteh Guillon,"3A Holland Park RoadLondon W14 8NA",,
HMOAA/17/55157,"24 Great North WayLondonNW4 1HY",200051713,03/10/2017 00:00,,Russel Fraser And James Jason Fraser,"C/O Jason Russell20 Parson StreetLondonNW4 1QB",4,5
HMOM/17/56560,"First Floor Flat178 - 180 West Hendon BroadwayLondonNW9 7AA",200228158,23/04/2018 00:00,,Mr Selvathurai Srigananathan,"117 Woodcock Hill Kewton HA3 0JW",6,10
HMOAA/17/55714,"8A Parson StreetLondonNW4 1QB",200091865,28/07/2017 00:00,,Russell Fraser,"20 Parson StreetHendon, London NW4 1QB",5,6
HMOAA/17/57031,"28B The Market PlaceFalloden WayLondonNW11 6JJ",200078915,28/12/2017 00:00,,Max Thomas Family Holdings,"599A Green LanesLondon N8 0RL",4,5
HMOM/17/57108,"18 Queens RoadLondonNW4 2TL",200096199,19/12/2017 00:00,,Mandi Waisman,"Arlen Properties Plc9 Burroughs GardensHendonLondonNW4 4AU",6,10
HMOAA/17/55805,"161 Hendon WayLondonNW2 2NB",200059451,11/08/2017 00:00,,Mrs Sayda Ayoub Bey,"243 Creighton AvenueEast FinchleyN2 9BP",4,5
HMOAA/17/55833,"25B Finchley LaneLondonNW4 1BN",200041171,26/05/2017 00:00,,Flexi Holding Inc,"P.O.Box 227SMP Trustees LtdClinch HouseLord StreetDouglasIsle Of ManIM99 1RZ",4,4
HMOAA/17/56520,"1 Endersleigh GardensLondonNW4 4RX",200038153,19/02/2018 00:00,,Dave Kuntal,"27 Burnham CourtBrent StreetHendonLondon NW4 2RE",5,6
HMOM/17/55368,"61 Alexandra RoadLondonNW4 2RX",200002991,17/11/2017 00:00,,PHILIP WILLS,"61 ALEXANDRA ROADHENDONLONDON, NW4 2RX",4,9
HMOAA/17/55897,"13 Sevington RoadLondonNW4 3SA",200102349,06/12/2017 00:00,,Miss Daren Philip Davis,"Flat 18 Westhill CourtMillfield LaneLondon N6 6JJ",6,5
HMOAA/17/55899,"1 Woodside Park RoadLondonN12 8RT",200223394,04/08/2017 00:00,,Mr Ioannou Andreas Elias,"407 Green LanesLondonN4 1EY",7,12
HMOM/17/56024,"26 Woodside Park RoadLondonN12 8RP",200130500,11/08/2017 00:00,,Mrs Sharon Freilich (Frey),"5 Sentinal SquareLondon NW4 2EL",9,12
HMOAA/17/56798,"5C Abercorn RoadLondonNW7 1JD",200152539,07/02/2018 00:00,,Mr Robert Okharedia,"13 Ibironke CrescentOff Okunola Aina StreetMendeMarylandLagosNigeria",4,5
HMOAA/17/56894,"124 Hillside GardensBarnetEN5 2NL",200064093,26/01/2018 00:00,,Mr Dayananda Sastry Tagaram,"124 Hillside GardensBarnet EN5 2NL",5,5
HMOM/17/55309,"27 Western AvenueLondonNW11 9EY",200125499,31/05/2017 00:00,,BUTA LIVING,"640A Finchley Road LONDONNW11 7RR",8,6
HMOAA/17/55872,"43 The ValeLondonNW11 8SE",200117250,29/08/2017 00:00,,Mrs Najwa Dallal,"43 The Vale Golders Green London NW11 8SE",4,6
HMOAA/17/56794,"60 The ValeLondonNW11 8SJ",200117267,30/11/2017 00:00,,EHSL Ltd,"Nicholas House, River FrontEnfield EN1 3SZ",5,5
HMOAA/17/55661,"68 Brent TerraceLondonNW2 1BY",200014222,19/03/2018 00:00,,Aaron Schwebel,"52 Green LaneLondonNW4 2AH",5,5
HMOAA/17/55159,"19 Shirehall ParkLondonNW4 2QJ",200103284,14/04/2017 00:00,,Domo Securities Ltd,"Foframe House35-37 Brent StreetLondonNW4 2EF",7,7
HMOAA/17/55710,"17 Alwyn GardensLondonNW4 4XP",200003504,22/05/2018 00:00,,WAN CHEUNG WING MUI,"16 Rugby CloseNottingham, NG5 9RL",4,5
HMOAA/17/55820,"9B Station RoadLondonN3 2SB",200108208,31/08/2018 00:00,,Ms Rushton Deborah,"InglenookAlmeley RoadEardisleyHerefordHR3 6PP",4,5
HMOM/17/56557,"16 Pembroke RoadLondonN10 2HR",200092619,02/11/2017 00:00,,Miss Emma Cooper,"22 Park AvenueLondon NW11 7SJ",4,5
HMOAA/17/56591,"1 Elizabeth CloseBarnetEN5 4DP",200037032,26/01/2018 00:00,,Mr Hasmukhlal Vora,"1 Elizabeth CloseBarnetHertfordshire EN5 4DP",6,9
HMOAA/17/56608,"56 Hendale AvenueLondonNW4 4LS",200058787,22/01/2018 00:00,,Mr Moshe Tsemah,"49 Cranbourne GardensLondonNW11 0HU",,
HMOAA/17/56878,"743B Finchley RoadLondonNW11 8DL",200041625,05/12/2017 00:00,,Mr Steven Bitton,"51 Leavesden CourtMallard RoadAbbots LangleyHerts WD5 0GT",5,5
HMOAA/17/55287,"11 Cheyne CloseLondonNW4 3NH",200021863,17/05/2017 00:00,,KRZYSZTOF MILLA,"29 FINCHLEY LANELONDONNW4 1BX",5,5
HMOAA/17/56344,"47 Rosemary AvenueLondonN3 2QP",200099286,19/12/2017 00:00,,Robert Bialek,"61 Queens AvenueLondon N3 2NN",5,5
HMOAA/17/56345,"45 Rosemary AvenueLondonN3 2QP",200099284,19/12/2017 00:00,,Mr Robert Bialek,"61 Queens AvenueLondon N3 2NN",4,5
HMOAA/17/56346,"4 Montpelier RoadLondonN3 2ER",200082488,05/03/2018 00:00,,Robert Bialek,"61 Queens AvenueLondon N3 2NN",4,5
HMOAA/17/56347,"10 Cromwell RoadLondonN3 2ET",200029759,05/03/2018 00:00,,Robert Bialek,"61 Queens AvenueLondon N3 2NN",4,5
HMOAA/17/56466,"12 Prothero GardensLondonNW4 3SL",200095329,28/12/2017 00:00,,Buta Living LTD,"Buta Living LTD640A Finchley RoadLondon   NW11 7RR",8,5
HMOAA/17/56917,"137 Beaufort ParkLondonNW11 6DA",200008661,14/12/2017 00:00,,Mrs Katie Watson-Steward,"47 Chester RoadLondonN19 5DF",4,5
HMO/17/55216,"776A Finchley RoadLondonNW11 7TH",200041658,19/05/2017 00:00,,CHARLES TEFF,"5 EASTVILLE AVENUE LONDONNW11 7TH",4,5
HMOM/17/55283,"3B Finchley LaneLondonNW4 1BN",200041182,26/07/2017 00:00,,MR JAMES JAYSON,"S25A CHURCHILL HOUSE137-139 BRENT STREETHENDON, LONDON  NW4 4DJ",5,5
HMOAA/17/55416,"17 Wilberforce RoadLondonNW9 6AT",200126566,19/06/2017 00:00,,MR SEAN NOEL O'HAGAN,"15 ROSECROFT  GARDENS  NEASDENLONDONNW2 6HX",5,5
HMOM/17/56320,"115 Osidge LaneLondonN14 5DS",200089851,15/09/2017 00:00,,Mr Alek Asslaninan,"1 Bradgate CloseCuffleyEN6 4RF",5,7
HMOAA/17/55315,"45 Victoria RoadLondonNW4 2RP",200120561,15/09/2017 00:00,,LEELA DAVIS,"13 SEVINGTON ROADHENDON, LONDON, NW4 3SA",5,5
HMOAA/17/55676,"31 The DriveLondonNW11 9SX",200115275,30/06/2017 00:00,,Dr Chiaka Anthony Bandele Anozie,"Box 19, Group 324 RR3,Selkirk, Manitoba,Canada RIA 2A8",4,5
HMOAA/17/57472,"21B Gratton TerraceLondonNW2 6QE",200051030,28/02/2018 00:00,,Mrs Wendy Deacon,"43A Riffel RoadLondonNW2 4PB",6,6
HMOAA/18/57619,"32 RiversideLondonNW4 3TX",200098888,20/03/2018 00:00,,Mr Narinda Rahania,"9 Grafton RoadHandsworth BirminghamB21 8PN",4,5
HMOM/18/58142,"71 Cleveland GardensLondonNW2 1DX",200024044,05/07/2018 00:00,,Mr Teddy Nazim,"5 Grampian GardensLondonNW2 1JH",6,7
HMOAA/18/58334,"First Floor Flat113 Golders Green RoadLondonNW11 8HR",200145998,30/11/2018 00:00,,Mr Gabriel Constantinides,"55 Fontayne AvenueChigwellIG7 5HD",7,9
HMOAA/18/58331,"20B The Market PlaceLondonNW11 6JJ",200078899,26/07/2018 00:00,,Dr Ali-Reza Hashemi,"9 The Market Place LondonNW11 6LB",,
HMOM/18/58344,"7 Sandringham RoadLondonNW11 9DR",200101387,30/06/2018 00:00,,Avita Enterprise Ltd,"Ground Floor Right Office 5 Accommodation RoadLondonNW11 8ED",8,5
HMOAA/17/57297,"First And Second Floor Maisonette3 Dollis RoadLondonN3 1RB",200029467,15/02/2018 00:00,,Ms Purdey Collier,"9 Warren HouseBeckford CloseLondonW14 8TT",4,5
HMOM/18/57943,"Lenihan Lodge48A Moxon StreetBarnetEN5 5TS",200138916,08/05/2018 00:00,,Mr Neil Cornelius & Mrs Stephanie Lenihan,"7A Bourne HillPalmers GreenLondonN13 4LJ",5,5
HMOAA/18/58361,"93 Somerton RoadLondonNW2 1RU",200104613,15/06/2018 00:00,,Mr Gaetano Barba,"34 Ger-y-LlanPenrhyncoch, AberystwythWales SY23 3HQ",6,8
HMOAA/17/57365,"17 Alderton CrescentLondonNW4 3XU",200002548,05/01/2018 00:00,,Mrs Adith Soffair,"57 Lawrence AvenueLondonNW7 4NL",8,10
HMOAA/18/57747,"40 Pennine DriveLondonNW2 1PD",200092899,02/04/2018 00:00,,Ms Samia Ibrahim,"Pennine HousePennine DriveLondonNW2 1PA",5,5
HMOAA/18/57770,"61 Hendon WayLondonNW2 2LX",200059356,29/03/2018 00:00,,Dr Wafa Abu-Huwaij,"61 Hendon WayLondonNW2 2LX",0,5
HMOAA/18/57936,"36 Blessbury RoadEdgwareHA8 0SX",200011944,09/05/2018 00:00,,Mr  Tito Cuaresma-Tacbi,"50 Blessbury RoadEdgwareHA8 0SX",5,4
HMOAA/18/58076,"23 Selborne GardensLondonNW4 4SH",200102021,22/05/2018 00:00,,Mr Rassool  Vali Pour Azari,"1 Banks RoadBorehamwoodWD6 5QR",5,5
HMOM/18/58135,"22B Sylvester RoadLondonN2 8HN",200112693,30/05/2018 00:00,,Pattichi Properties Ltd,"266 Creighton AvenueLondonN2 9BD",4,5
HMOAA/18/58301,"112 Oakleigh Road SouthLondonN11 1LB",200088888,08/11/2018 00:00,,Mr Narsinh Vasani,"79 Crescent WayLondonN12 0QX",5,5
HMOM/18/58435,"35 Horsham AvenueLondonN12 9BG",200066833,05/07/2018 00:00,,Mr Randhir Natt,"75 Creighton AvenueMuswell HillLondon N10 1NR",3,5
HMOM/18/58429,"Flat 4Wendover CourtFinchley RoadLondonNW2 2PG",200042652,10/01/2019 00:00,,Mr Alfred  Yazdiha,"29 Dollis AvenueLondonN3 1DA",5,6
HMOAA/18/58431,"40 Bulwer RoadBarnetEN5 5JB",200219607,17/07/2018 00:00,,Mr Nicholas Mott,"142 Normandy AvenueBarnet Herts EN5 2HS",6,6
HMOAA/18/58443,"315 Deansbrook RoadEdgwareHA8 9DD",200031752,17/07/2018 00:00,,Mr Besnik Dedei,"121 Watling AvenueEdgwareMiddlesex HA8 0LY",5,6
HMOAA/18/58444,"141A Station RoadEdgwareHA8 7JG",200107879,31/07/2018 00:00,,Mr Fraz Haider,"291 Cricklewood Lane LONDONNW2 2JL",3,5
HMOAA/18/58460,"61A The BurroughsLondonNW4 4AX",200227367,03/11/2018 00:00,,Mr Chana Dakshi Karunathilake,"56 Station ParadeUxbridgeUB9 5ET",6,5
HMOAA/18/58465,"1 Dehar CrescentLondonNW9 7BD",200031906,18/12/2018 00:00,,Mr Mohammed Mirza,"20 Wise Lane Mill Hill London NW7 2RE",8,7
HMOAA/18/58520,"4 AnsonLower StrandLondonNW9 5LT",200075628,02/11/2018 00:00,,Mr Rakesh Shah,"19 Sudbury Hill CloseWembleyHA0 2QR",3,5
HMOAA/18/58506,"12 Garratt RoadEdgwareHA8 9AW",200046790,07/08/2018 00:00,,Mr Saed Sattarpour-Fahhih,"49 Dryfield RoadEdgware HA8 9JN",8,8
HMOAA/17/57390,"20 Cleveland GardensLondonNW2 1DY",200023993,27/02/2018 00:00,,Mr Teddy Nazim,"5 Grampian GardensLondonNW2 1JH",5,5
HMOAA/18/57869,"73 Templars AvenueLondonNW11 0NR",200113129,09/05/2018 00:00,,Buta Living Ltd,"640A Finchley RoadLondon NW11 7RR",6,5
HMOM/18/58512,"149 Audley RoadLondonNW4 3EN",200219277,06/08/2018 00:00,,Mr Ramdenee Rye,"264 Cranbrook RoadIlfordEssex IG1 4UR",7,10
HMOAA/18/58534,"8 Eastville AvenueLondonNW11 0HD",200036053,22/08/2018 00:00,,Mrs Ada Onuorah,"5 Great FishersAshfordKentTN23 5JB",7,7
HMOAA/18/58562,"23 St Johns RoadLondonNW11 0PE",200106468,13/09/2018 00:00,,Ms Ruth Levy,"23 St Johns RoadLondonNW11 0PE",5,5
HMOM/18/58576,"95 Station RoadLondonN3 2SH",200108277,08/06/2018 00:00,,Mrs Tara Tammy Parnell,"15 Pinewood DriveHorningNorfolkNR12 8LZ",5,10
HMOAL/18/57528,"17 Hendon WayLondonNW2 2LX",200059323,06/02/2018 00:00,,Asad Meerza,"40 Hocroft RoadLondon NW2 2BL",9,10
HMOAA/18/57673,"25 Park MansionsHendon WayLondonNW4 3LN",200059130,06/03/2018 00:00,,Mrs Nita Patel,"OakhurstBarnet LaneLondonN20 8AP",5,6
HMOAA/18/57803,"Flat 3Queens MansionsWatford WayLondonNW4 3AN",200122091,05/04/2018 00:00,,Easy Jet Properties Ltd,"Ariston Property Group530 Hornsey RoadN19 3QN",5,5
HMOAA/18/58095,"5 Prayle GroveLondonNW2 1AS",200094381,30/05/2018 00:00,,Easy Management Ltd,"The Lodge 37 Hendon Lane N3 1RY",6,6
HMOAA/18/58591,"3 Somerton RoadLondonNW2 1RH",200104561,21/08/2018 00:00,,Mr Gaetano Angelo Barba,"34 Ger-Y-LlanPenrhyncochAberystwyth WalesSY23 3HQ",6,8
HMOM/18/58616,"37 Longfield AvenueLondonNW7 2EH",200075126,14/08/2018 00:00,,Mr Krzystof Milla,"29 Finchley LaneLondon NW4 1BX",6,5
HMOAA/17/57192,"7 Beechvale CloseLondonN12 9AW",200009163,23/01/2018 00:00,,Mrs Rajeshwari V Sagar,"80 The HighwayStanmoreMiddlesexHA7 3PN",5,5
HMOM/18/57724,"67 Dallas RoadLondonNW4 3JD",200030497,29/03/2018 00:00,,Mr Suresh Agheda,"46 Lynsey DriveHarrowHA3 0TD",7,5
HMOM/18/58661,"186 Cricklewood BroadwayLondonNW2 3EB",200028880,12/09/2018 00:00,,Mr Omar Ilyas Butt,"4 Fearns House Tewkesbury RoadWest EalingLondon W13 0BX",5,9
HMOM/18/58677,"40 Crewys RoadLondonNW2 2AA",200028774,12/09/2018 00:00,,Miss Julia Raquel Calonga,"40 Crewys RoadLondon NW2 2AA",8,8
HMOM/18/58690,"55 - 57 Netherlands RoadBarnetEN5 1BP",200073526,20/12/2018 00:00,,Mr Sisil Wimalaratone,"361 Cockfosters RoadBarnetEN4 0JT",15,17
HMOM/17/57188,"5 Woodstock AvenueLondonNW11 9RG",200130598,25/04/2019 00:00,,Mr Kamyar Mansouri,"155 Golders Green Road,Golders Green, London NW11 9BX.",10,11
HMOAA/17/57295,"977B Finchley RoadLondonNW11 7HA",200041722,15/02/2018 00:00,,Mr Ben Mozes,"26 St Georges RoadLondon NW11 0LR",5,5
HMOM/17/57373,"43 The GroveLondonN3 1QT",200116056,02/03/2018 00:00,,Mr David Breslaw,"Regency Estates2 Frognal Parade158 Finchley RoadNW3 5HH",10,12
HMOAA/18/58709,"10 Gilbert GroveEdgwareHA8 0HL",200047338,23/10/2018 00:00,,Mr Jason Ho,"240 Carlton Avenue East Wembley HA9 8PZ",8,6
HMOM/18/58779,"10 Brentfield GardensLondonNW2 1JP",200014426,07/02/2019 00:00,,Solomon Adler,"48 Riverside Road LONDONN15 6DA",6,6
HMOM/17/57320,"23A Colindale AvenueLondonNW9 5DS",200025541,20/02/2018 00:00,,Mr Ciaran McNicholas,"14 Draycott CloseKentonMiddlesex HA3 0BP",4,5
HMOAA/18/58248,"31 Hamilton RoadLondonNW11 9EH",200055697,21/08/2018 00:00,,Mr Zev Adler,"15 Highfield AvenueLondonNW11 9EU",5,5
HMOAA/18/58767,"67 The BurroughsLondonNW4 4AX",200114373,23/10/2018 00:00,,Miss Claudia Smith,"Romneys House, Holly Bush Hill, London NW3 6SH.",4,4
HMOAA/18/58033,"22 Somerton RoadLondonNW2 1SA",200104575,21/05/2018 00:00,,Mr Nabil Rassam,"64 Cholmley GardensFortune Green RoadLondon NW6 1AJ",5,10
HMOM/18/58800,"48 Russell GardensLondonNW11 9NL",200100289,10/09/2018 00:00,,Mr Josh Moore,"93 Bell LaneLondon NW4 2AR",2,9
HMOM/18/58821,"46 Sevington RoadLondonNW4 3RX",200102387,18/09/2018 00:00,,Mr Mykhaylo Datsyuk,"Gravity Estates40 Glenwood Grove London NW9 8HH",9,5
HMOAA/18/58951,"54 Colchester RoadEdgwareHA8 0RA",200024850,26/11/2018 00:00,,Mr Bo Huang,"44 St Marys Crescent LondonNW4 4LH",4,4
HMOAA/17/57414,"2 Banstock RoadEdgwareHA8 9JJ",200006923,27/02/2018 00:00,,Mr Shahagha Hussaini,"1 Tithe WalkLondon NW7 2PY",1,5
HMOM/18/57972,"81 Hampden WayLondonN14 5AU",200056383,15/05/2018 00:00,,Mr Anand Shukla,"4 Mill DriveRuislipLondonHA4 7GL",5,5
HMOAA/18/58029,"25 Bittacy RoadLondonNW7 1BP",200011739,09/11/2018 00:00,,MRS Annie Swynnerton,"79 Sebright RoadBarnetEN5 4HP",4,5
HMOAA/18/58042,"27 North CrescentLondonN3 3LL",200086097,22/05/2018 00:00,,Mrs Susanna Joseph,"40 Allandale AvenueFinchleyLondon N3 3PJ",7,8
HMOMA/18/58808,"34 Johns AvenueLondonNW4 4EN",200068685,04/09/2018 00:00,,Pravinchandra Pindolia,"99 BroadwayNew MostonManchesterM40 3PH",6,10
HMOMA/18/58808,"34 Johns AvenueLondonNW4 4EN",200068685,04/09/2018 00:00,,Mr Dinesh Patel,"66 Babington RoadHendon London NW4 4LD",6,10
HMOAA/18/58813,"42 Greyhound HillLondonNW4 4JP",200053337,27/09/2018 00:00,,Mrs Guoying Wu,"101 Headstone Lane HarrowHA2 6LJ",4,5
HMOM/18/57942,"102 Holders Hill RoadLondonNW4 1LL",200065530,29/05/2018 00:00,,Lev Blauer Ltd,"Monument House1st Floor215 Marsh RoadPnnerHA5 5NE",8,7
HMOM/18/58823,"24 Hale LaneLondonNW7 3PN",200055183,27/09/2018 00:00,,Mr Peter Steyne,"8 Valencia RoadStanmoreMiddlesexHA7 4JH",8,13
HMOM/17/57341,"14A The PromenadeEdgwarebury LaneEdgwareHA8 7JZ",200116679,20/02/2018 00:00,,Mr Michael Kauffer,"17 Pangbourne DriveStanmoreMiddx HA7 4QX",5,5
HMOM/17/57354,"16 Hoop LaneLondonNW11 8JL",200066619,20/02/2018 00:00,,Mr Uriel Levy,"Nico Investments Ltd21 Holly Park GardensLondonN3 3NG",17,17
HMOM/18/57546,"140 Hendon WayLondonNW2 2NG",200059430,02/03/2018 00:00,,Mr Gregory Valentine,"36 The ValeLondonNW11 8SG",6,11
HMOAA/18/58130,"4 Grampian GardensLondonNW2 1JG",200049900,19/07/2018 00:00,,Mr Teddy Nazim,"5 Grampian GardensGolders GreenLondon NW2 1JH",6,5
HMOM/18/58216,"67 Wilberforce RoadLondonNW9 6AT",200126591,08/01/2019 00:00,,Mr Mohammed Mirza,"20 Wise Lane Mill Hill  London NW7 2RE",5,9
HMOM/18/58859,"8 Orchard CrescentEdgwareHA8 9PW",200089587,11/10/2018 00:00,,Mrs Anna Etingen,"14 Highview GardensLondonHA8 9UE",9,9
HMOM/18/58868,"1065A Finchley RoadLondonNW11 0PU",200041530,09/11/2018 00:00,,Mrs Beverley Rosenblatt,"The Bank House 19 Stanmore HillMiddxHA7 3DS",5,4
HMOAA/18/58924,"71 Finchley LaneLondonNW4 1BY",200041289,27/09/2018 00:00,,Chlodreas Ltd,"Leytonstone House3 Hanbury Drive London E11 1GA",6,10
HMOM/18/59025,"23 Alyth GardensLondonNW11 7EN",200003528,18/10/2018 00:00,,Mr Naftali Cohen,"23 Alyth GardensLondonNW11 7EN",10,10
HMOAA/18/58910,"10 Colindale AvenueLondonNW9 5DR",200025630,23/10/2018 00:00,,Mr Peter Steyne,"8 Valencia RoadStanmoreHA7 4JH",5,3
HMOM/18/59048,"5A Burlington ParadeGratton TerraceLondonNW2 6QW",200051072,30/10/2018 00:00,,Mr Paul Bailey,"15 Tanners LaneBurfordOxon OX18 4NA",4,4
HMOM/17/57368,"5 Sneath AvenueLondonNW11 9AJ",200104065,23/02/2018 00:00,,Mr Godfrey Minsky,"13 Red RoadBorehamwoodHerts WD6 4SR",4,7
HMOM/18/58865,"16 Old Rectory GardensEdgwareMiddxHA8 7LS",200089330,15/11/2018 00:00,,Mr Albert Yeo,"3 Brookvale RoadPriorsleeTelfordTF2 9RL",7,6
HMOAA/18/58282,"Flat 3Kennyland CourtHendon WayLondonNW4 3LU",200059521,17/05/2018 00:00,,Mr Brian Schama,"Quadrant House Floor 64 Thomas More Square London E1W 1YW",5,5
HMOAA/18/59017,"39 Alexandra RoadLondonNW4 2SB",200002981,06/11/2018 00:00,,Mr Paramjit Bhinder,"57 Audley RoadHendon, LondonNW4 3EU",6,6
HMOAA/18/57819,"39 Dartmouth RoadLondonNW4 3HY",200030839,05/04/2018 00:00,,Mr Danius Radivilavicius,"77 Atherstone CourtDelamere TerraceLondon W2 6PH",4,5
HMOAA/18/58894,"12 Wroughton TerraceLondonNW4 4LE",200131456,02/11/2018 00:00,,Mr Robert Dyan,"7 Holly Park Finchley London N3 3JA",6,6
HMOM/17/57497,"59 Elliot RoadLondonNW4 3DN",200037205,25/01/2018 00:00,,MONITA LIU,"54 CRESPIGNY ROADLONDONNW4 3DX",7,7
HMOAA/18/58991,"199 Blundell RoadEdgwareHA8 0JJ",200012207,23/10/2018 00:00,,Mr Peter Steyne,"8 Valencia RoadStanmore HA7 4JH",5,5
HMOM/17/57217,"42 Waverley GroveLondonN3 3PX",200123156,26/01/2018 00:00,,Brookpark Hotels LTD,"42 Waverley GroveLondonN3 3PX",6,5
HMOAA/18/57614,"45 Beaufort ParkLondonNW11 6BS",200008569,06/03/2018 00:00,,Mrs Lee Dein,"6 Connaught DriveFinchleyLondon NW11 6BJ",5,5
HMOM/18/57624,"18 Maxwelton CloseLondonNW7 3NA",200079954,06/03/2018 00:00,,Mr Sudhir Hathi,"155 Beverley DriveEdgwareMiddlesex HA8 5NJ",4,5
HMOAA/18/57686,"60 Glebe RoadLondonN3 2AX",200047504,13/03/2018 00:00,,Mr Tunde Atoyebi,"Suite 29 Prospect House,2 Athenaem RoadWhetstone N20 9AE",5,5
HMOM/18/57886,"82 Brook AvenueEdgwareHA8 9XA",200015737,21/11/2018 00:00,,Mykhaylo Datsyuk,"40 Glenwood Grove London NW9 8HH",7,7
HMOAA/17/57289,"373 Watford WayLondonNW4 4TE",200122330,25/01/2018 00:00,,Dr Dharmanie Maganda Makalanda,"11 Drapers RoadEnfield Middlesex EN2 8LT",0,5
HMOAA/18/58114,"18 Clitterhouse RoadLondonNW2 1DG",200024495,26/06/2018 00:00,,Mr Charles Teff,"5 Eastville Avenue LondonNW11 0DH",5,5
HMOM/18/58857,"103 Deans LaneEdgwareHA8 9PD",200031291,06/11/2018 00:00,,Mr Marius Iacob Solovastru,"9 Donnington RoadLondonHA3 0NB",7,14
HMOM/18/58870,"96 Station RoadLondonN3 2SG",200108278,25/09/2018 00:00,,Mr Mark Flynn,"2B Balfour GroveLondonN20 0SJ",9,11
HMOAA/18/58960,"44 Greyhound HillLondonNW4 4JP",200053338,16/10/2018 00:00,,Mr Mr Frank Mordecai & Mrs Gillian Cohen,"PO Box 2451Netanya 4212302Israel",5,
HMOAA/18/59051,"10 West ViewLondonNW4 2SY",200124941,30/10/2018 00:00,,Mr John Needleman,"7 Aldenham GroveRadlettHertfordshire WD7 7BW",6,6
HMOAA/17/57352,"150 Cheviot GardensLondonNW2 1QA",200021819,15/02/2018 00:00,,Mrs Shijia Kit,"332 Watford WayHendonLondon NW4 4UY",4,5
HMOM/18/58233,"66 Highfield AvenueLondonNW11 9TY",200062862,15/08/2018 00:00,,Mr Daren Davis,"Flat A60 Brookside RoadLondonNW11 9NG",8,5
HMOAA/18/58909,"22 Colindale AvenueLondonNW9 5DR",200025639,23/10/2018 00:00,,Mr Peter Steyne,"8 Valencia RoadStanmoreHA7 4JH",5,3
HMOM/18/59076,"237 Watford WayLondonNW4 4SL",200122214,30/10/2018 00:00,,Mr Krzysztof Milla,"MDream Property29 Finchley LaneHendonLondon NW4 1BX",7,9
HMOM/18/57964,"49 Grenville PlaceLondonNW7 3SF",200053184,10/05/2018 00:00,,Ms Anjalee Bhurton,"115 Farm RoadLondonHA8 9LR",5,5
HMOMA/18/57834,"18 Montagu RoadLondonNW4 3ES",200082373,17/05/2018 00:00,,Mr Urrish Patel,"39 Cool Oak Lane LondonNW9 7BH",5,7
HMOM/18/58856,"The SpaniardsSpaniards RoadLondonNW3 7JJ",200105335,27/12/2018 00:00,,MITCHELLS & BUTLERS RETAIL LIMITED,"27 Fleet StreetBirminghamB3 1JP",9,9
HMOM/17/57353,"18 Swannell WayLondonNW2 1FB",10093298044,07/02/2018 00:00,,Mrs  Parita Patel,"37 Honeyman CloseBrondesbury  ParkLondonNW6 7AZ",4,5
HMOAA/18/57667,"Flat 5Crescent CourtGolders Green CrescentLondonNW11 8JP",200048566,20/03/2018 00:00,,Mrs Ada Onuorah,"5 Great FishersAshfordKent TN23 5JB",5,5
HMOAA/18/58204,"7 Dehar CrescentLondonNW9 7BD",200031912,16/01/2019 00:00,,Mr Mohammed Mirza,"20 Wise LaneMill HillLondon NW7 2RE",6,6
HMOAA/18/58898,"145 Colindale AvenueLondonNW9 5HB",200025736,27/09/2018 00:00,,Mr Peter Steyne,"8 Valencia RoadStanmoreHA7 4JH",5,5
HMOM/18/59004,"44 Ashbourne AvenueLondonNW11 0DS",200004617,21/08/2018 00:00,,Mrs Dinah Heller,"123 Leeside Crescent LondonNW11 0JN",6,10
HMOM/18/57543,"Flat 12ANorthumberland House237 Ballards LaneLondonN3 1LB",200006824,27/02/2018 00:00,,Mr Rajesh Melwani,"75 Mayflower LodgeRegents Park RoadLondon N3 3HX",4,5
HMOAA/18/57761,"31 The LoningLondonNW9 6DR",200116437,13/04/2018 00:00,,Mr Imran Khalid,"31 The LoningLondonNW9 6DR",5,5
HMOM/18/58086,"279 Golders Green RoadLondonNW11 9JJ",200049130,17/05/2018 00:00,,Mr Samuel Gabay,"Netzach Israel Limited188 Great North Way RoadLondon NW4 1DY",0,10
HMOM/18/58259,"83 Dollis ParkLondonN3 1BT",200033220,07/09/2018 00:00,,Wildwood Properties Ltd,"Gei House141 Cricklewood BroadwayLondonNW2 3HY",11,11
HMOM/18/58386,"3 Balmoral AvenueLondonN11 3QA",200006868,27/06/2018 00:00,,Mr Hitesh Modi,"20 Ames CloseLutonBedfordshireLU3 4AS",5,10
HMOAA/18/58398,"95 Goldbeaters GroveEdgwareHA8 9DR",200048433,28/06/2018 00:00,,Mr Besnik Dedei,"315 Deansbrook RoadEdgwareMiddlesexHA8 9DD",0,6
HMOAA/18/58440,"60 Gresham GardensLondonNW11 8PD",200053291,31/07/2018 00:00,,Mr Tony Graham,"26 Balfour RoadLondonN5 2HE",5,5
HMOM/17/57131,"14 Brent WayLondonN3 1AL",200014337,25/01/2018 00:00,,Mr Daniel Rayan,"Flat 8, Block COssington Bulidings London W1U 4BJ",6,9
HMOM/17/57338,"12B The PromenadeEdgwarebury LaneEdgwareHA8 7JZ",200116678,20/02/2018 00:00,,Mr Michael Kauffer,"17 Pangbourne DriveStanmoreMiddx HA7 4QX",5,5
HMOAA/18/57880,"24 Wallcote AvenueLondonNW2 1AU",200121162,30/04/2018 00:00,,Caring Properties Limited,"143 Wargrave AvenueLondonN15 6TX",6,6
HMOM/18/58253,"625A Watford WayLondonNW7 3JN",200122438,11/07/2018 00:00,,Mr Martin Kaye,"4 Copthall GardensMill Hill NW7 2NG",5,7
HMOM/18/58434,"Flat 5Wendover CourtFinchley RoadLondonNW2 2PG",200042663,07/08/2018 00:00,,Mr Alfred Yazdiha,"29 Dollis AvenueLondonN3 1DA",5,6
HMOM/18/58519,"4 DessouterLittle StrandLondonNW9 5PB",200074072,01/11/2018 00:00,,Mr Rakesh Shah,"19 Sudbury Hill CloseWembleyHA0 2QR",6,5
HMOM/18/58657,"19 Clifton GardensLondonNW11 7ER",200024284,11/09/2018 00:00,,Mrs Oznur Kahveci,"66 Clitterhouse RoadLondon NW2 1DJ",8,10
HMOM/18/57590,"72 Durham RoadLondonN2 9DS",200034613,20/02/2018 00:00,,Savvas And Dimitrios Phaphitis,"42 Baneberry DriveFeatherstoneWolverhamptonWV10 7TR",0,10
HMOM/18/58222,"55 Waterfall RoadSouthgateN11 1JE",10093299342,31/05/2018 00:00,,Mr Simon Gerrard,"Martyn Gerrard House197 Ballards LaneLondonN3 1LP",5,5
HMOAA/18/58262,"39 Woodville RoadLondonNW11 9TP",200211843,12/06/2018 00:00,,"Mr Stuart FeldmanFeldman","16 Hillcrest AvenueLondon NW11 0EN",4,5
HMOM/18/58442,"1183A Finchley RoadLondonNW11 0AA",200041548,06/09/2018 00:00,,Mr Marjan Keqaj,"208 Markhouse RoadWalthamstowLondonE17 8EP",6,8
HMOAA/18/58463,"29 Naylor RoadLondonN20 0HE",200083860,07/08/2018 00:00,,Mr Muhammed Miah,"11 Fakenham CloseLondonNW7 2SD",5,5
HMOAA/18/58579,"1 Cloister RoadLondonNW2 2NN",200024675,21/08/2018 00:00,,Rooms And Studios London Ltd,"73 Maygrove RoadLondon NW6 2EG",4,4
HMOAA/18/58004,"46 Hurstwood RoadLondonNW11 0AT",200067403,12/06/2018 00:00,,Buta Living Ltd,"640A Finchley RoadLondonNW11 7RR",6,8
HMOAA/18/58332,"1 Wallcote AvenueLondonNW2 1AX",200121139,31/07/2018 00:00,,Abraham Spitzer,"AH & E Investments Ltd55 Fairholt RoadLondonN16 5EW",6,6
HMOAA/18/58354,"21 Highfield AvenueLondonNW11 9EU",200062811,13/09/2018 00:00,,Mr Albert Toledano,"30 Sherwood RoadLondonNW4 1AD",6,5
HMOM/18/57830,"Rosedale House198 Alexandra RoadLondonN10 2ES",200002858,24/04/2018 00:00,,WhiteHall Park Ltd,"76 Havershock HillLondonNW3 2BE",5,4
HMOAA/18/58279,"9B Finchley LaneLondonNW4 1BN",200041213,17/05/2018 00:00,,Brian Schama,LEEDAN INVESTMENTS LIMITED,3,5
HMOM/18/58509,"385B Long LaneLondonN2 8JN",200221506,22/08/2018 00:00,,Mr Ural Salih,"385A Long LaneLondonN2 8JN",2,7
HMOM/18/58683,"22 Nether StreetLondonN12 7NL",200084261,16/10/2018 00:00,,Mr Chhagan Mistry,"19 Reservoir RoadSouthgateLondon N14 4BB",5,8
HMOAA/18/59037,"55 Alexandra RoadLondonNW4 2RX",200002988,18/10/2018 00:00,,Mr Michael Doukaki,"60 High RoadLondonN2 9PN",6,8
HMOM/18/58355,"34 Newark WayLondonNW4 4JL",200208171,27/06/2018 00:00,,Mr Krzysztof Milla,"M Dream Property Ltd29 Finchley Lane LondonNW4 1BX",7,7
HMOM/18/58376,"35 Park RoadLondonNW4 3PL",200091154,21/06/2018 00:00,,Mr David Goldsmith,"54 Jessica CrescentTottonSouthampton SO40 2BP",3,5
HMOM/18/58415,"48 Woolmead AvenueLondonNW9 7AY",200131178,30/06/2018 00:00,,Mr Mohammed Mirza,"20 Wise LaneMill HillLondon NW7 2RE",8,7
HMOM/18/57653,"49 Rowsley AvenueLondonNW4 1AP",200099809,20/03/2018 00:00,,Mr Jonathan Trup,"51 Glenmore RoadLondonNW3 4DA",6,6
HMOAA/18/58082,"Flat 18BParade MansionsVivian AvenueLondonNW4 3YD",200120886,23/05/2018 00:00,,Mr Mario Ioannou,"36 Mount Pleasant CockfostersBarnetEN4 9HH",5,5
HMOM/18/58607,"133A Station RoadLondonN3 2SP",200225898,11/09/2018 00:00,,Mr Gad Levy,"1 Spring Place, Windermere Avenue,London N3 3QB.",4,5
HMOAA/18/58692,"400 Watford WayLondonNW4 4XE",200122351,28/08/2018 00:00,,Mr Sunny Depala,"75 Hall LaneLondon NW4 4TJ",5,5
HMOM/18/58768,"46 Wilton RoadLondonN10 1LS",200127149,26/09/2018 00:00,,Mr Steve Masters,"35A York RoadLondonEN5 1LN",8,13
HMOAA/18/58781,"4 Hendale AvenueLondonNW4 4LR",200058737,27/09/2018 00:00,,Mrs Ester Roiter,"35 Hendale Avenue London  NW4 4LU ",6,5
HMOAA/17/57239,"Upper Floor69 Templars AvenueLondonNW11 0NR",200133752,13/02/2018 00:00,,Buta Living Limited,"640A Finchley RoadLondonNW11 7RR",5,7
HMOM/18/57654,"99 Woodstock AvenueLondonNW11 9RH",200130682,21/03/2018 00:00,,Mr Abdol Jabbar Nejabat,"8 Heathfield GardensLondonNW11 9HX",9,8
HMOAA/18/58112,"Flat B115 Bell LaneLondonNW4 2AR",200009506,04/06/2018 00:00,,Mr Charles Teff,"5 Eastville AvenueGolders GreenLondon NW11 0HD",4,4
HMOM/18/57670,"3 Cuneo MewsLondonNW7 1JQ",10091042286,09/05/2018 00:00,,Xiang -Kang Chen,"26 Gillespie RoadLondonN5 1LN",4,5
HMOAA/18/57821,"Flat 8Eagle LodgeGolders Green RoadLondonNW11 8BD",200048791,10/04/2018 00:00,,Ms Rachel Hobdell,"61 Greenfield GardensLondonNW2 1HU",5,5
HMOAA/18/58806,"72 Woodstock AvenueLondonNW11 9RJ",200130655,10/09/2018 00:00,,Mr Xinglong Wang,"Flat 4 South Hill Park,London, NW3 2SB",5,5
HMOM/18/58842,"30 Ravenshurst AvenueLondonNW4 4EG",200097190,27/11/2018 00:00,,Mr Haim Gurvitz,"124 Sunny Gardens RoadHendonLondon NW4 1RY",6,8
HMOM/17/57305,"123 Fairfield CrescentEdgwareHA8 9AL",200039485,26/04/2018 00:00,,Mr Avraham Mizrachi,"4 ElmsideStoneyfields LaneEdgwareHA8 9SG",12,12
HMOAA/18/57813,"22 Old Rectory GardensEdgwareHA8 7LS",200089336,13/04/2018 00:00,,Mr Hossein Javid,"133 Green LaneEdgwareHA8 8EL",5,8
HMOAA/18/58574,"66 Hamilton RoadLondonNW11 9EJ",200055732,28/08/2018 00:00,,Mr Neil Sheinfeld,"70-78 West Hendon BroadwayLondon NW9 7BT",5,5
HMOAA/18/58666,"71 Sheaveshill AvenueLondonNW9 6SA",200102734,12/09/2018 00:00,,Mr Ahmed Assadi,"71 Sheaveshill AvenueLondonNW9 6SA",8,10
HMOAA/18/57564,"16 Hayward RoadLondonN20 0HA",200058026,20/02/2018 00:00,,Mr Azad Ayub,"36 Wightman RoadLondonN4 1RU",5,5
HMOM/18/57615,"25 Elmshurst CrescentLondonN2 0LN",200037770,20/03/2018 00:00,,Mrs Leora Dein,"6 Connaught DriveLondonNW11 6BJ",4,5
HMOAA/18/58905,"5 Trevor GardensEdgwareMiddxHA8 0EY",200118793,26/10/2018 00:00,,Mr Peter Steyne,"8 Valencia RoadStanmoreHA7 4JH",5,5
HMOM/18/58906,"19 Edgware WayEdgwareMiddxHA8 9SS",200036321,03/11/2018 00:00,,Mr Khalid Puri,"52 Siskin CloseBusheyHertsWD23 2HN",5,9
HMOAA/18/58930,"8 Clovelly AvenueLondonNW9 6DT",200024769,25/07/2018 00:00,,Mr Chin Soo,"8 Clovelly AvenueLondonNW9 6DT",5,7
HMOAA/18/58989,"22 Annesley AvenueLondonNW9 5DY",200003803,23/10/2018 00:00,,Mr Peter Steyne,"8 Valencia RoadStanmore HA7 4JH",5,3
HMOM/17/57406,"2 Woodville GardensLondonNW11 9ED",200130906,22/02/2018 00:00,,Mr Craig Rich,"56 Glengall RoadEdgwareHA8 8SX",5,6
HMOM/18/58828,"28 Glebe CrescentLondonNW4 1BU",200047426,13/09/2018 00:00,,Mr Milla Krzysztof,"29 Finchley RoadLondonNW4 1BX",4,7
HMOAA/18/58902,"211A Deansbrook RoadEdgwareMiddxHA8 9BU",200031446,02/10/2018 00:00,,Mr Peter Steyne,"8 Valencia RoadStanmoreHA7 4JH",4,7
HMOM/17/57189,"3 Woodstock AvenueLondonNW11 9RG",200130596,25/04/2019 00:00,,Mr Kamyar Mansouri,"155 Golders Green RoadLondonNW11 9BX",11,12
HMOM/17/57273,"29 St Marys RoadLondonNW11 9UE",200106842,10/04/2018 00:00,,Mr Zev Adler,"15 Highfield AvenueLondonNW11 9EU",10,9
HMOAA/18/57956,"Flat 6Kennyland CourtHendon WayLondonNW4 3LU",200059524,25/05/2018 00:00,,Mr Shivam Yadave,"61 Whitchurch GardensEdgwareMiddlesex HA8 6PF",0,5
HMOM/18/57965,"26 Moorlands AvenueLondonNW7 2DF",200082770,12/06/2018 00:00,,Mrs Carol Akiwumi,"1 Green AvenueLondonNW7 4QB",4,5
HMOAA/18/58010,"Flat 11Beechcroft CourtBeechcroft AvenueLondonNW11 8BP",200009082,17/05/2018 00:00,,Ms Annabel Baruch,"Barlondon Ltd35 Ballards LaneLondon N3 1XW",4,5
HMOAA/18/58820,"100 Watford WayLondonNW4 4TF",200122159,16/10/2018 00:00,,Mr Aryeh Sufrin,"17 Sydney GroveLondonNW4 2EJ",6,14
HMOM/18/59031,"23 St Marys RoadLondonNW11 9UE",200106839,17/09/2019 00:00,,Mr Jawaid Sheikh,"19 St Thomas RoadLondonN14 6AJ",,9
HMOM/18/59036,"1 Ambrose AvenueLondonNW11 9AP",200003588,27/11/2018 00:00,,Mr Jaber Abeeat,"84 Fortune Green RoadLondonNW6 1DS",9,10
HMOAA/18/59049,"4A Burlington ParadeGratton TerraceLondonNW2 6QW",200155592,30/10/2018 00:00,,Mr Paul Bailey,"15 Tanners Lane Burford Oxon OX18 4NA",4,4
HMOM/18/57790,"63 Woodlands AvenueLondonN3 2NS",200129750,24/04/2018 00:00,,Mrs Li Shiqi,"11 Blackhorse RoadLondon  E17 7AH",5,7
HMOAA/18/59030,"14 Nether StreetLondonN12 7NL",200084254,31/10/2018 00:00,,Mr Chhagan Mistry,"19 Reservoir RoadLondonN14 4BB",5,7
HMOAA/17/57243,"99 Booth RoadLondonNW9 5JU",200012556,23/01/2018 00:00,,Group 365 LTD,"30-32 St Georges DriveLondon SW1V 4BN",10,9
HMOAA/17/57350,"First Floor Flat1 Cat HillBarnetEN4 8HG",200156720,16/03/2018 00:00,,Ralph  Bailey,"118 TollgateColney HeathAL4 0PY",5,6
HMOAL/18/57929,"Flat 21Florence MansionsVivian AvenueLondonNW4 3UY",200120836,30/04/2018 00:00,,Mr Sheldon Howard,"23 Glanleam RoadStanmore, MiddxNA7 4NW",5,5
HMOAA/18/58972,"100 Longmore AvenueBarnetEN5 1JY",200075432,31/10/2018 00:00,,Mrs Mr Jayesh Jayant Patel And Mrs Tina Patel,"40 Holloways LaneWelham GreenHatfieldAL9 7NS",7,8
HMOAA/17/57124,"Flat 6Dollis CourtCrescent RoadLondonN3 1HR",200028451,07/02/2018 00:00,,Mr RODD LAIRD RAMSAY,"Flat 7 24 Bridge LaneLondonEC4Y 8DT",4,4
HMOAA/18/57935,"37 Littlefield RoadEdgwareHA8 0TB",200074172,09/05/2018 00:00,,Mr Tito Cuaresma-Tacbi,"50 Blessbury RoadEdgware, Middlesex HA8 0SX",5,5
HMOAA/18/57968,"81 Quinta DriveBarnetEN5 3DA",200096356,10/05/2018 00:00,,Group 365 Ltd,"30-32 St Georges Drive London  SW1V 4BN",0,12
HMOM/18/58032,"113 Etchingham Park RoadLondonN3 2EE",200038726,23/05/2018 00:00,,Mr Juan Diego Posada,"Little Pyne HouseUpton PyneDevon EX5 5EG",6,7
HMOM/17/57442,"30 Torrington ParkLondonN12 9SS",200118160,15/03/2018 00:00,,Wildwood Properties Ltd,"GEI House141 Cricklewood BroadwayLondonNW2 3HY",14,21
HMOM/17/57240,"50 The BurroughsLondonNW4 4AN",200222818,20/02/2018 00:00,,Mrs Alison Kanter,"C/o Roundtree Real Estate1 Sentinel SquareBrent Street, HendonNW4 2EL",4,3
HMOM/17/57444,"59 Holders Hill AvenueLondonNW4 1ES",200221270,14/05/2018 00:00,,Mr Joseph Skandrani,"59 Holders Hill AvenueLondonNW4 1ES",7,5
HMOM/18/57983,"8 Oakview GardensLondonN2 0NJ",200088967,10/05/2018 00:00,,Mr Loucas Demetriou,"40 High RoadLondonN2 9PJ",4,5
HMOAA/17/57139,"17 Pymmes Green RoadLondonN11 1DE",200095725,25/01/2018 00:00,,Mr Paul Doran Jones,"86 London RoadGuildfordSurrey GU1 1SS",3,5
HMOM/17/57360,"19 Greenway GardensLondonNW9 5AY",200053090,23/02/2018 00:00,,Mr Chee Yee Tan,"18 Rankin CloseLondonNW9 6SR",5,4
HMOAA/17/57471,"40A Gratton TerraceLondonNW2 6QE",200051008,28/02/2018 00:00,,Mrs Wendy Deacon,"43A Riffel RoadLondonNW2 4PB",7,7
HMOAA/18/58977,"2 Grasvenor AvenueBarnetEN5 2BZ",200050913,08/11/2018 00:00,,Ms Mary Garland,"5 Nuns LaneSt AlbansAL1 2HS",5,5
HMOAA/17/57304,"11 Richmond RoadLondonN2 8JT",200209234,21/12/2017 00:00,,Michelle O' Connell,"5 The Willows1025 High RoadLondonN20 0QE",4,5
HMOAA/18/57809,"Flat 12Temple Fortune MansionsFinchley RoadLondonNW11 0QR",200041932,30/03/2018 00:00,,Mr Steven Harris,"Connaught House1-3 Mount StreetLondon W1K 3NB",4,5
HMOM/18/57839,"17 Booth RoadLondonNW9 5JS",200012490,27/04/2018 00:00,,Ms Kanchan Parmar,"17 Booth RoadLondonNW9 5JS",7,9
HMOM/17/57294,"1 Rickard CloseLondonNW4 4XH",200098322,20/11/2018 00:00,,Mrs Zena Behrman,"27 Prothero GardensHendonLondon NW4 3SJ",4,5
HMOM/18/57872,"1 The GroveLondonN3 1QN",200222870,14/05/2018 00:00,,Mr Asif Hassan,"23 Michleham DownLondonN12 7JJ",6,14
HMOAA/18/57710,"10 Horton AvenueLondonNW2 2SA",200066902,20/03/2018 00:00,,Miss Miss Ana Clara De Souza Ramos Nogueira,"10 Adeney Close LondonW6 8ET",6,3
HMOM/18/57786,"60 Cotswold GardensLondonNW2 1PG",200027472,29/03/2018 00:00,,Mr Mohammed Nawrozzadeh,"2 ParkfieldChorleywoodRichmansworthHertfordshireWD3 5AY",7,10
HMOM/18/57738,"1 Alyth GardensLondonNW11 7EN",200003506,20/03/2018 00:00,,Mr  Norman Gabay,"99 The RidgewayLondonNW11 9RX",0,5
HMOM/18/57837,"34 Booth RoadLondonNW9 5JR",200012502,09/05/2018 00:00,,Mrs Kanchan Parmar,"17 Booth RoadLondonNW9 5JS",5,5
HMOAA/18/58530,"Flat 7Alba CourtAlba GardensLondonNW11 9NP",200002251,12/07/2018 00:00,,Dr Fazal Mahmud,"5 Walkers RidgeCamberleySurreyGU15 2DF",4,5
HMOAA/17/57386,"6 Cumbrian GardensLondonNW2 1EF",200029930,27/02/2018 00:00,,Mr Teddy Nazim,"5 Grampian GardensLondonNW2 1JH",5,4
HMOAA/18/57802,"30 Clitterhouse RoadLondonNW2 1DJ",200024507,29/03/2018 00:00,,Mr Patrick Keegan,"3 Clayton RoadLeedsLS10 2HE",4,5
HMOM/18/57588,"2A Longfield AvenueLondonNW7 2EG",200090201,21/05/2018 00:00,,Mr Mohammad Hussain Chaudhary,"2A Longfield AvenueMill HillLondon NW7 2EG",3,7
HMOAA/18/57918,"24 Nether StreetLondonN12 7NL",200084263,08/05/2018 00:00,,Mr Chhagan Mistry,"19 Reservoir RoadLondonN14 4BB",5,5
HMOM/18/57919,"20 Woodside GroveLondonN12 8QU",200130282,24/04/2018 00:00,,Wildwood Properties Ltd,"GEI House141 Cricklewood BroadwayLondon NW2 3HY",7,16
HMOM/18/57957,"124 Hamilton RoadLondonNW11 9EA",200055782,15/05/2018 00:00,,Mr Rye Ramdenee,"264 Cranbrook RoadIlford IG1 4UR",6,6
HMOM/18/58557,"15 Edgecumbe AvenueLondonNW9 4AT",10093297680,14/08/2018 00:00,,KNK(Global) Enterprise Ltd,"71-75 Shelton StreetCovent GardenLondonWC2H 9JQ",5,6
HMOM/18/59041,"1 GrebeBroadhead StrandLondonNW9 5PS",200015384,13/12/2018 00:00,,Mr Rakesh Shah,"19 Sudbury Hill CloseWembley HA0 2QR",5,5
HMOAA/18/59091,"3 Albany Row12 The CausewayLondonN2 0XB",200210558,01/11/2018 00:00,,Mr Feon Chen,"8 Castle Gogar RiggEdinburghScotlandEH12 9FP",5,5
HMOAA/18/57804,"53 Greenfield GardensLondonNW2 1HT",200052579,03/04/2018 00:00,,Mr Habib Ebadollahzadeh-Namini,"47 Vernon CourtHendon Way NW2 2PE",6,6
HMOAA/18/58098,"12 Westfield RoadLondonNW7 3BL",200125572,29/06/2018 00:00,,Mr Kyriacos Kyriacou,"12 Westfield RoadLondonNW7 3BL",5,10
HMOMA/18/58763,"6 Wroughton TerraceLondonNW4 4LE",200131450,21/09/2018 00:00,,Mr Luigi La Falce,"16 Ashley WalkLondon NW7 1DU",5,5
HMOAA/17/57261,"Flat 1Florence MansionsVivian AvenueLondonNW4 3UY",200120823,07/02/2018 00:00,,Mr Krzysztof  Milla,"29 Finchley LaneLondonNW4 1BX",6,5
HMOAA/18/58904,"18 Nether StreetLondonN12 7NL",200084258,23/10/2018 00:00,,Mr Peter Steyne,"8 Valencia RoadStanmoreMiddxHA7 4JH",6,7
HMOAA/18/58278,"89 Sevington RoadLondonNW4 3RU",200102431,14/06/2018 00:00,,Mr Krzysztof Milla,"MDream Property29 Finchley LaneLondon NW4 1BX",8,10
HMOM/18/59029,"4 Moxon StreetBarnetEN5 5TY",200150994,04/12/2018 00:00,,Mr Helal Uddin,"4 Wortley RoadEast HamLondonE6 1AY",0,6
HMOM/18/59064,"24 Friern Barnet LaneLondonN11 3LX",200044490,21/09/2018 00:00,,Mr David Graham Frank Lee,"The Hollies 20 Hatton StreetWellingboroughNN8 5AW",5,5
HMOAA/17/57211,"15 Brentfield GardensLondonNW2 1JP",200014431,20/02/2018 00:00,,Mr Ofer Lupo,"78 Golders Green RoadP.O.Box 345London NW11 8AL",5,5
HMOM/18/58744,"61 Greyhound HillLondonNW4 4JN",200053355,11/10/2018 00:00,,Mr Gholamreza Nikzamir,"61 Greyhound HillLondonNW4 4JN",5,5
HMOM/18/58304,"29 Sandringham RoadLondonNW11 9DR",200101409,15/06/2018 00:00,,Mr  Zamen Ali,"1A Golders Green RoadLondonNW11 8DY",6,7
HMOAA/18/58337,"Flat 17Vernon CourtHendon WayLondonNW2 2PD",200059281,15/06/2018 00:00,,Mr Alfred Yazdiha,"29 Dollis AvenueLondonN3 1DA",4,6
HMOM/18/59321,"138 Ballards LaneLondonN3 2PA",200006713,29/11/2018 00:00,,Mr Petru Lucuta,"30 Preston Hill HarrowHA3 9SD",7,9
HMOAA/18/59733,"2A East Barnet RoadBarnetEN4 8RW",200141313,19/02/2019 00:00,,Mrs Yvette Hartland,"21 Weirdale AvenueWhetstoneLondonN20 0AN",4,5
HMOM/18/59929,"32 Bernhart CloseEdgwareHA8 0SH",200198977,16/01/2019 00:00,,Mr Dhiresh Doshi,"70 Hale Grove Gardens Mill Hill LONDON NW7 3LU",0,5
HMOAA/18/59976,"Flat 25Wendover CourtFinchley RoadLondonNW2 2PG",200042636,05/03/2019 00:00,,Mr Alfred Yazdiha,"29 Dollis AvenueLondonN3 1DA",5,5
HMOM/19/60055,"226 Cricklewood LaneLondonNW2 2PU",200029269,02/04/2019 00:00,,Mr John Mccormick,"LFK Ltd65 Woodcock HillKentonHarrow",10,9
HMOM/19/60071,"88 Hamilton RoadLondonNW11 9DY",200055754,26/03/2019 00:00,,Dreamview Management,"34 Golders Green RoadLondonNW11 8LL",6,7
HMOM/19/60073,"13 Golders WayLondonNW11 8JY",10091038819,04/04/2019 00:00,,Dreamview  Management,"34 Golders Green RoadLondonNW11 8EL",8,9
HMOAA/19/60104,"24 Talbot CrescentLondonNW4 4PE",200112765,16/07/2019 00:00,,Mrs Saira Don,"Dillon Care Ltd24 Talbot CrescentLondon NW4 4PE",6,6
HMOM/19/60114,"20 King Edward RoadBarnetHertsEN5 5AP",200221370,23/04/2019 00:00,,Ms Mary Mason,"Solace Women's AidUnit 5-7 Blenheim Court62 Brewery RoadLondonN7 9NY",17,19
HMOME/19/60130,"54 Bell LaneLondonNW4 2AE",200009462,28/03/2019 00:00,,Mr Alexander James Friedmann,"23 Glebe CrescentLondonNW4 1BT",4,5
HMOAA/18/59290,"48 Great North WayLondonNW4 1HS",200051736,09/11/2018 00:00,,Mr Eddie Kashi,"18 Foreland Court Holders Hill RoadHendon, LondonNW4 1LG",6,9
HMOAA/18/59888,"14 Langham GardensEdgwareHA8 9EG",200071026,21/12/2018 00:00,,Mr Vasant Bhojani,"60 Ravenscroft AvenueWembleyMiddlesex HA9 9TL",4,5
HMOM/18/59948,"347 Hendon WayLondonNW4 3NB",200059563,20/02/2019 00:00,,Mr Aviram Cohen,"BarakaGreenbank CrescentLondon NW4 2LA",4,5
HMOAA/18/59977,"Flat 10Wendover CourtFinchley RoadLondonNW2 2PG",200042618,05/03/2019 00:00,,Mr Alfred Yazdiha,"29 Dollis AvenueLondonN3 1DA",7,7
HMOAA/18/59982,"Flat 41Wendover CourtFinchley RoadLondonNW2 2PH",200042654,05/03/2019 00:00,,Mr Alfred Yazdiha,"29 Dollis AvenueLondonN3 1DA",5,6
HMOAA/18/59984,"Flat 24Wendover CourtFinchley RoadLondonNW2 2PG",200042635,05/03/2019 00:00,,Mr Alfred Yazdiha,"29 Dollis AvenueLondonN3 1DA",6,6
HMOM/18/59986,"69 Dallas RoadLondonNW4 3JD",200219990,12/02/2019 00:00,,Mr Swapan Paul,"33 Barn WayLondonHA9 9NS",5,10
HMOM/18/59310,"60 Babington RoadLondonNW4 4LD",200005972,16/01/2019 00:00,,Ms Saniye Kucukbalaban,"60 Babington RoadHendonLondon NW4 4LD",5,5
HMOME/18/59736,"144 Oakleigh Road NorthLondonN20 0UL",200088434,12/03/2019 00:00,,Stef & Philips Ltd,"68 Aldermans Hill London N13 4PP",5,5
HMOM/19/60751,"39 Lichfield RoadLondonNW2 2RG",200221456,10/09/2019 00:00,,Mr Peter Steyne,"Concorde HouseGrenville PlaceMill HillNW7 3SA",7,13
HMOM/19/60935,"124 Hamilton RoadLondonNW11 9EA",200055782,15/08/2019 00:00,,Mr Michael Mizrachi,"Home Studios 4U Ltd12-16 Portsdown MewsLondonNW11 7HD",6,6
HMOAA/19/60975,"38 Heriot RoadLondonNW4 2DG",200059831,07/08/2019 00:00,,Mr Manoj Patel,"14 Foscote Road London NW4 3SD",4,5
HMOAA/19/60019,"23A Dollis ParkLondonN3 1HJ",200033133,18/01/2019 00:00,,Mr Nicholas John Mathers,"56 Horn Hill Whitwell Hitchen HertsSG4 8AR",4,5
HMOM/19/60025,"19 Sturgess AvenueLondonNW4 3TR",200109923,19/03/2019 00:00,,Miss Gratzia Levy,"45 Sherwood RoadLondonNW4 1AE",6,6
HMOM/19/60064,"657A Watford WayLondonNW7 3JR",200122457,01/04/2019 00:00,,UK Room (London) Ltd,"1 Drayton RoadBorehamwoodWD6 2DA",10,10
HMOM/19/60064,"657A Watford WayLondonNW7 3JR",200122457,01/04/2019 00:00,,UK Room (London) Ltd,"1 Drayton RoadBorehamwoodWD6 2DA",10,10
HMOM/19/60085,"61A Golders Green RoadLondonNW11 8EL",200048699,16/04/2019 00:00,,Dreamview Management,"34 Golders Green Road LondonNW11 8LL",8,5
HMOM/18/59137,"4 Everdale CourtThe CausewayLondonN2 0XD",200114445,04/12/2018 00:00,,Mr Christopher Chinyere Oti,"15 Dryden RoadBush Hill ParkEnfield EN1 2PR",4,5
HMOAA/18/59271,"85 Prayle GroveLondonNW2 1BB",200094461,11/12/2018 00:00,,Caring Properties Limited,"143 Wargrave AvenueLondonN15 6TX",6,6
HMOAA/18/59274,"4 Glebe RoadLondonN3 2AX",200047448,10/01/2019 00:00,,Mr Tago Umenyilora,"47 Netherlands RoadNew BarnetBarnet EN5 1BP",5,5
HMOM/18/59318,"7 Ferncroft AvenueLondonN12 0LN",200040767,29/11/2018 00:00,,Mrs Jane Goodwin-Matthews,"1 Park MeadowAldcliffeLancaster LA1 5LE",5,5
HMOAA/18/59342,"2 Bellevue RoadLondonN11 3ER",200223457,11/12/2018 00:00,,Mr Mark Kaye,"Sonesta4 Knowl WayElstreeHerts WD6 3NB",,
HMOM/18/59435,"36 Hillside DriveEdgwareMiddxHA8 7PG",200063973,21/12/2018 00:00,,Mrs Shuming Chen,"2 AlbanwoodWatfordWD25 7BZ",8,10
HMOM/18/59873,"182 Station RoadLondonN3 2SG",200108351,13/03/2019 00:00,,Mr Olivier Levenfiche,"The Levoltan Corporation Ltd233 Regents Park RoadLondonN3 3PQ",6,11
HMOME/19/60411,"Flat 2Wendover CourtFinchley RoadLondonNW2 2PG",200042630,02/05/2019 00:00,,Mr Alfred Yazdiha,"29 Dollis Avenue LondonN3 1DA",8,8
HMOME/19/60625,"10 Gainsborough GardensLondonNW11 9BL",200046100,21/06/2019 00:00,,Mr Zaynal Abedin,"6 Ambrose AvenueLondonNW11 9AN",5,5
HMOM/19/60869,"16 Sevington RoadLondonNW4 3SB",200102352,08/10/2019 00:00,,Mr Shah Agha Hussaini,"1 Tithe WalkLondon HendonNW7 2PY",0,14
HMOAA/18/59254,"49 Hillfield AvenueLondonNW9 6NY",200063835,28/11/2018 00:00,,Mr Martin Sean Prendergast,"192 Wellington RoadEnfield London EN1 2RT",7,5
HMOM/18/59392,"20 Second AvenueLondonNW4 2RN",200101817,11/01/2019 00:00,,Mrs Amy Kong,"8 Clarendon Gardens LondonNW4 4UU",5,5
HMOAA/18/59889,"47 Edgeworth CrescentLondonNW4 4HA",200036241,27/02/2019 00:00,,Mr Giorgio Timanti,"22 Harmsworth WayLondonN20 8JT",4,5
HMOM/19/60105,"4 Claremont RoadLondonNW2 1BP",200023657,22/03/2019 00:00,,Mrs Margaret Fitzgerald,"10 Claremont RoadLondonNW2 7BP",8,11
HMOAA/19/60123,"48 Watling AvenueEdgwareHA8 0LT",200211288,16/04/2019 00:00,,Mr Adey Fasogbon,"48 Watling AvenueEdgwareHA8 0LT",6,6
HMOAL/18/59406,"69 Greyhound HillLondonNW4 4JN",200053363,18/12/2018 00:00,,Mr Sami Barakas,"Flat 2, Ibis Court105 Hendon LaneN3 3TP",5,5
HMOM/18/59491,"11A Woodhouse RoadLondonN12 9EN",200129025,29/01/2019 00:00,,Mr Joel Gerard,"Milloyd Investnments Ltd44 Little CommonStanmoreHA7 3BZ",6,10
HMOM/19/60218,"8 Lichfield RoadLondonNW2 2RE",10093301071,11/04/2019 00:00,,Mr Alan Rossiter,"37 Anson RoadLondonNW2 3UY",5,11
HMOME/19/60492,"36 Glebe CrescentLondonNW4 1BU",200047431,18/06/2019 00:00,,M Dream Property Ltd,"29 Finchley Lane London  NW4 1BX",5,5
HMOM/19/60728,"Flat 87 Russell ParadeGolders Green RoadLondonNW11 9NN",200229963,02/07/2019 00:00,,Mr Shailesh Kadiwar,"C/O Moreland903 - 905 Finchley RoadLondonNW11 7PE",5,5
HMOME/18/59951,"121 Watling AvenueEdgwareMiddxHA8 0LY",200122833,25/02/2019 00:00,,Mr Besnik Dedei,"37 Thirleby RoadEdgware MiddlesexHA8 0HE",6,6
HMOME/19/60171,"Flat 8Brent View HouseNorth Circular RoadLondonNW11 9LE",200085997,12/04/2019 00:00,,,"Elegant Property Group336 Ballards LaneLondonN12 0EY",5,5
HMOM/19/60932,"28 Wessex GardensLondonNW11 9RT",200124146,30/07/2019 00:00,,Mr Daniel Selby,"84 Temple Fortune LaneLondonNW11 7TX",8,9
HMOAA/18/59688,"13 Egerton GardensLondonNW4 4BB",200036960,05/02/2019 00:00,,London Homestead Property Management Ltd,"Highview House6 Queens RoadHendonNW4 2TH",5,5
HMOAA/19/60330,"32 Gervase RoadEdgwareHA8 0EP",200047199,25/04/2019 00:00,,Mr Steyne Peter,"Concorde HouseGrenville PlaceMill Hill NW7 3SA",4,5
HMOAA/19/60366,"30 Greenway GardensLondonNW9 5AX",200053101,04/04/2019 00:00,,Mr Aryazaid Nezami,"18 Tithe CloseLondonNW7 2QD",0,5
HMOM/19/60416,"32 Holders Hill CrescentLondonNW4 1ND",200065227,22/03/2019 00:00,,Mr Alfred Yazdiha,"29 Dollis AvenueLondonN3 1DA",8,8
HMOAA/19/60777,"28 Portsdown AvenueLondonNW11 0NG",200094096,04/07/2019 00:00,,Harry Twyford,"C/O West And City Management Ltd37A Walm LaneLondonNW2 4QU",5,5
HMOAA/18/59185,"117 Woodstock AvenueLondonNW11 9RL",200130687,08/11/2018 00:00,,Mr Asher Abraham,"44 The Ridgeway LondonNW11 8GS",5,9
HMOME/18/59570,"83 SouthfieldsLondonNW4 4NA",200105040,10/01/2019 00:00,,Mr Zvi Adler,"5 Ascot Place20 Marsh Lane Stanmore Middlesex HA7 4HH",5,5
HMOM/18/59590,"203 Watford WayLondonNW4 4SL",200122183,19/02/2019 00:00,,Mr Rakesh Shah,"19 Sudbury Hill CloseLondon HA0 2QR",4,6
HMOM/18/59878,"20 Mountfield RoadLondonN3 3NE",200083381,04/03/2019 00:00,,Mr Oliver Levenfiche,"The Leviltan Corporation Ltd233 Regents Park RoadLondon N3 3LF",8,8
HMOM/18/59967,"20 WestsideLondonNW4 4XB",200125804,07/03/2019 00:00,,Mr Jaber Abeeat,"84 Fortune Green RoadLondonNW6 1DS",10,10
HMOAA/19/60423,"4 Romney RowBrent TerraceLondonNW2 1BW",200014265,28/03/2019 00:00,,Ab-Flatmate LTD,"5A Accomodation RoadLondonNW11 8ED",3,5
HMOM/19/60961,"3 Gloucester GardensLondonNW11 9AB",200048013,23/07/2019 00:00,,Mr Farzad Zahab,"78 Wise LaneLondonNW7 2RG",19,20
HMOAA/19/60965,"1 Somaford GroveBarnetEN4 8UL",200104303,04/07/2019 00:00,,Mr Wesley Paul Gaughan,"Unit 2 Wrotham Business ParkBarnetHerts EN5 4SZ",3,7
HMOM/18/59295,"16 Station RoadLondonNW4 4PZ",200108408,04/12/2018 00:00,,Ajit Varsani,"39 Regal WayHarrowMiddlesexHA3 0RZ",4,8
HMOAA/19/60389,"63 Avenue RoadLondonN12 8PY",200005706,25/06/2019 00:00,,Mr Shen Yan,"21 Lorian CloseLondonN12 7DW",7,5
HMOME/19/60502,"97A Golders Green RoadLondonNW11 8EN",200048729,22/05/2019 00:00,,Mr Robert Thompson,"Russmore Property Company Ltd42 South Molton Street London W1K 5RR",3,5
HMOAA/19/60504,"Flat 232 Montpelier RiseLondonNW11 9DS",10091041740,15/05/2019 00:00,,Mr Jaysukh Thakrar,"30 Montpelier Rise Golders Green London NW11 9DS",4,5
HMOM/18/59651,"20A Church TerraceLondonNW4 4JU",200159387,26/02/2019 00:00,,Mr Yoav Tal,"My ConstructionUnit 5, Sayer HouseOxgate LaneLondon NW2 7JN",6,5
HMOAA/18/59768,"27 Trinity RoadLondonN2 8JJ",200118950,07/02/2019 00:00,,Mr Marcus Newbold,"St Ledger Investments Ltd121 Junction Road LondonN19 5PX ",0,4
HMOAA/18/59983,"Flat 30Wendover CourtFinchley RoadLondonNW2 2PH",200042642,05/03/2019 00:00,,Mr Alfred Yazdiha,"29 Dollis AvenueLondonN3 1DA",5,5
HMOME/19/60418,"53 Albert RoadLondonNW4 2SH",200002427,10/05/2019 00:00,,Mr Jonathan Lipton,"21A West Heath RoadLondon NW3 7UU",7,5
HMOM/19/60566,"6 Princes AvenueLondonN3 2DB",200094732,06/06/2019 00:00,,Mr Gerald Kennedy,"6 Princes AvenueFinchley CentralLondonN3 2DB",6,7
HMOM/18/59326,"28 Brentmead PlaceLondonNW11 9LH",200014455,18/12/2018 00:00,,Mr Hamid Kamyab,"24 Llanvanor RoadLondonNW2 2AP",10,16
HMOM/19/60583,"2 North End RoadLondonNW11 7PH",200086238,04/06/2019 00:00,,Mr Dorian Nineberg,"1 Bramley CloseMill HillNW7 4BR",8,11
HMOAA/18/59255,"15 Endersleigh GardensLondonNW4 4RX",200038166,13/12/2018 00:00,,Ms Issabella Gyebi,"15 Endersleigh GardensLondonNW4 4RX",1,5
HMOME/19/60867,"58 Sevington RoadLondonNW4 3RX",200102399,23/07/2019 00:00,,Mrs Pari-Vash Fahimian,"24 Sherwood RoadLondon NW4 1AD",5,5
HMOM/18/59565,"238 East End RoadLondonN2 8AX",200035546,25/01/2019 00:00,,Mr Adamos Neophytou,"40 Abbots Gardens East Finchley London N2 0JQ",9,10
HMOM/18/59648,"20 Church TerraceLondonNW4 4JU",200159386,08/02/2019 00:00,,Mr Yoav Tal,"My ConstructionUnit 5, Sayer HouseOxgate LaneLondon NW2 7JN",6,5
HMOAA/18/59794,"94 Cumbrian GardensLondonNW2 1EL",200030018,13/08/2019 00:00,,Mr Teddy Nazim,"5 Grampian GardensLondonNW2 1JH",5,6
HMOAA/19/60020,"40 Sunningfields RoadLondonNW4 4RL",200110761,04/04/2019 00:00,,Mrs Bela Ivanova,"22 Capitol WayLondon NW9 0EQ",4,4
HMOAA/19/60524,"8 Leopold RoadLondonN2 8BE",200072656,03/12/2019 00:00,,Mr Simon Collins,"21 Woodstock RoadLondon NW11 8ES",4,5
HMOME/19/60663,"6 Balfour GroveLondonN20 0SJ",200006011,05/06/2019 00:00,,Mrs Gunawathy Kuganesan,"345 Oakleigh Road NorthLondon N20 0RJ",5,6
HMOM/19/60396,"9 St Margarets RoadEdgwareMiddxHA8 9UP",200106583,28/05/2019 00:00,,Mr Ahmet Eren,"228 Old Church RoadLondonE4 8BT",10,7
HMOM/19/60550,"34 North End RoadLondonNW11 7PT",200166684,28/05/2019 00:00,,Mr Dorian Nineberg,"1 Bramley CloseMill HillNW7 4BR",5,5
HMOM/19/60581,"61 The ValeLondonNW11 8SE",200117268,20/06/2019 00:00,,Mr Marcel Magalhaes,"61 The ValeLondon NW11 8SE",7,7
HMOAA/19/60648,"Second And Third Floor Maisonette8 North End RoadLondonNW11 7PH",200159976,18/06/2019 00:00,,Mr Simon Daruish,"Huntvale London Limited673 Finchley RoadLondon NW2 2JP",4,5
HMOAA/19/60267,"224 Ballards LaneLondonN3 2LX",200200901,26/04/2019 00:00,,Mr Sotos Antoniades,"527B Green LanesLondonN4 1AN",4,5
HMOM/19/60594,"47 Russell GardensLondonNW11 9NJ",200100288,06/06/2019 00:00,,Mrs Hannah Davidoff,"ABC Estates (London) Ltd51 Brent StreetLondonNW4 2EA",5,6
HMOM/18/59171,"62 Crewys RoadLondonNW2 2AD",200028796,08/01/2019 00:00,,Mr William McGowan,"300 Neasden LaneLondonNW10 0EP",5,5
HMOME/18/59438,"15A Nant RoadLondonNW2 2AL",200083770,03/01/2019 00:00,,Mr Uri Shakuri Kamara,"318 Watford WayLondonNW4 4UY",6,7
HMOM/18/59875,"24 Cyprus RoadLondonN3 3RY",200030206,22/02/2019 00:00,,Mr Olivier Levenfiche,"233 Regents Park RoadLondon N3 3LF",7,10
HMOME/19/60401,"4 Garratt RoadEdgwareHA8 9AW",200046782,30/05/2019 00:00,,Mr Amar Shah,"20 Jesmond Way Stanmore Middx HA7 4QR",9,6
HMOM/19/60455,"4 Selborne GardensLondonNW4 4SJ",200102002,23/05/2019 00:00,,Mr Saqlan Ahmed,"33 Tenterden DriveHendonNW4 1EA",,6
HMOAA/19/60598,"6 Fursby AvenueLondonN3 1PL",200045844,23/05/2019 00:00,,Mrs Jayshree Pabari,"5 Falcon Close Leicester Forest East Leicester LE3 3NP",4,5
HMOM/19/60752,"92 Woodlands AvenueLondonN3 2NR",200129777,28/06/2019 00:00,,Mr Ilir Skenderaj,"68 Larch CloseLondonN11 3NN",5,6
HMOM/18/59112,"41 SouthfieldsLondonNW4 4LX",200105012,20/11/2018 00:00,,Roundtree Real Estates,"4 Sentinel SquareLondonNW4 2EL",4,5
HMOM/18/59339,"8 Ravenscroft AvenueLondonNW11 0RY",200096977,30/11/2018 00:00,,Rosh Investments Ltd,"Neon House688 Finchley RoadLondonNW11 7NP",11,13
HMOM/19/60456,"14 Yew GroveLondonNW2 3AD",200131718,06/06/2019 00:00,,Jabreal Limited,"34 St Georges RoadLondon NW11 0LR",9,8
HMOAA/18/59689,"13 Annesley AvenueLondonNW9 5ED",200003795,10/09/2019 00:00,,Viable Properties LTD,"27 Old Glouchester Street  London  WC1N  3AX",5,4
HMOM/19/60812,"12 Babington RoadLondonNW4 4LD",200005939,13/08/2019 00:00,,M Dream Property Ltd,"29 Finchley Lane London NW4 1BX",,
HMOM/19/60917,"110 Normandy AvenueBarnetEN5 2HS",200085700,27/06/2019 00:00,,Mr Stephen Peter Smyth,"3 Frederick CloseLondon W2 2HD",5,6
HMOMA/18/59325,"37 - 39 West Heath DriveLondonNW11 7QG",200223177,18/12/2018 00:00,,Mr Nicos Ladas,"20-22 Leinster Square LondonW2 4PR",15,23
HMOM/19/60029,"1 Grosvenor RoadLondonN3 1EY",200053484,21/05/2019 00:00,,Avita Enterprise Ltd,"Ground Floor Right Office 5 Accommodation RoadLondonNW11 8ED",10,5
HMOAA/18/59143,"48 Lichfield GroveLondonN3 2JP",200073083,06/12/2018 00:00,,Mrs Tahira Piracha,"202 The Pavillion St Johns Wood RoadNW8 7HB",9,7
HMOME/18/59544,"32 Hillcrest AvenueLondonNW11 0EN",200063736,29/01/2019 00:00,,Mr Spencer Shalom Meyers,"107 Bridge Lane Golders Green LondonNW11 0EU",6,5
HMOAA/18/59696,"231 Crescent RoadBarnetEN4 8SB",200212003,19/02/2019 00:00,,Rev Rupert Lazar,"East Barnet Baptist Church Crescent Road London EN4 8PS",3,4
HMOM/19/60344,"7 Kenerne DriveBarnetEN5 2NW",200068834,14/05/2019 00:00,,Mr Tony Isaku,"7 Kenerne DriveLondonEN5 2NW",8,6
HMOM/19/60834,"39 Station RoadLondonNW4 4PN",200108417,30/07/2019 00:00,,Mr Chin Soo,"39 Station RoadHendonLondonNW4 4PN",5,10
HMOM/19/60866,"Flat 4Chesterfield Court42 Ravenscroft AvenueLondonNW11 8AU",200097024,16/07/2019 00:00,,Rent With Us Ltd,"13 West Hampstead MewsLondon NW6 3BB",4,5
HMOM/19/60936,"4 Templars CrescentLondonN3 3QS",200113143,25/07/2019 00:00,,Mr Georgios Dimitrios Patros,"4 Templars CrescentFinchleyLondonN3 3QS",5,8
HMOM/19/60076,"85A Golders Green RoadLondonNW11 8EN",200048719,04/04/2019 00:00,,Dreamview  Management,"34 Golders Green RoadLondonNW11 8EL",7,9
HMOM/18/59722,"42 Babington RoadLondonNW4 4LD",200005963,03/01/2019 00:00,,Ms Muzeyyen Kucukbalaban,"42 Babington RoadLondonNW4 4LD",7,9
HMOM/19/60095,"77A Golders Green RoadLondonNW11 8EN",200204683,29/03/2019 00:00,,Dreamview Management,"34 Golders Green Road LondonNW11 8LL",9,14
HMOME/19/60326,"26 Golders RiseLondonNW4 2HR",200049310,30/04/2019 00:00,,Mr Hadi Sarbaz,"63 Bittacy RiseMill Hill LondonNW7 2HH",8,10
HMOAA/19/60223,"42 Princes AvenueLondonN3 2DB",200094766,04/04/2019 00:00,,Mr James Kent,"15 Osborn GardensMill HillLondon NW7 1DY",5,5
HMOM/19/60240,"827 Finchley RoadLondonNW11 8AJ",200042229,26/04/2019 00:00,,Mr Murad Shamsi,"827 Finchley RoadLondon NW11 8AJ",,
HMOME/19/60286,"9 Herbert RoadLondonNW9 6AJ",200059758,26/04/2019 00:00,,Mrs Nita Patel,"Oakhurst Barnet Lane TotteridgeLondonN20 8AP",5,6
HMOM/19/60295,"Courtlands24 Northumberland RoadBarnetEN5 1ED",200086758,27/06/2019 00:00,,Byron Funds Consulting LTD,"20 Benjamin RoadHigh Wycombe HP13 6SR",9,12
HMOAA/18/59275,"8 Sedgemere AvenueLondonN2 0SX",200101875,14/12/2018 00:00,,Mr Mustafa Uzel,"23 Barn Way Wembley  HA9 9NT",4,5
HMOM/18/59941,"53 Station RoadLondonN3 2SH",200108233,26/02/2019 00:00,,L & G Properties,"79 College RoadHarrow HA1 1BD",9,13
HMOAA/19/60276,"15A Albert RoadLondonNW4 2SH",200002383,11/04/2019 00:00,,Mr Krzysztof Milla,"29 Finchley LaneLondonNW4 1BX",4,4
HMOM/19/60452,"26 Clovelly AvenueLondonNW9 6DT",200024787,08/05/2019 00:00,,Veema (UK) Limited,"161 Green Lane RoadLeicester LE5 3TQ",6,5
HMOAA/18/59578,"1 Bovingdon LaneLondonNW9 5WJ",200012843,29/01/2019 00:00,,Mrs Margerie Adam,"36 Booth RoadLondonNW9 5JR",8,12
HMOM/18/59680,"186A West Hendon BroadwayLondonNW9 7EE",200124651,23/04/2019 00:00,,Mr Mohammed Aslam Mirza,"20 Wise Lane Mill Hill London NW7 2RE",8,6
HMOM/18/59962,"14 Old Rectory GardensEdgwareHA8 7LS",200089328,21/02/2019 00:00,,Mr Adrian Pearson,"22 Saint Birstan GardensAndoverHantsSP10 4NY",6,6
HMOM/18/59988,"26 - 30 Golders Green CrescentLondonNW11 8LE",200220505,28/03/2019 00:00,,Akelius Residential Limited,"10 Bloomsbury Way London WC1A 2SL",44,70
HMOME/19/60968,"41 Colin CrescentLondonNW9 6EU",200025128,08/08/2019 00:00,,Mr Prakash Asani,"56 Woodfield Avenue Colindale London NW9 6PJ",4,5
HMOM/19/60415,"14 Somerton RoadLondonNW2 1SA",200104571,02/04/2019 00:00,,Mr Fagner Gomes De Almeida,"42 Crewys RoadLondonNW2 2AA",7,10
HMOAA/19/60496,"38 Prospect RoadLondonNW2 2JU",200208855,15/05/2019 00:00,,Mrs Brigitte Rudd,"54 New Cavendish Street London W1G 8TG",4,4
HMOM/19/60559,"602 Finchley RoadLondonNW11 7RX",200042111,14/05/2019 00:00,,Mr George Kovari,"1 Scotts CloseStock HammondBucksMK17 9RQ",13,15
HMOME/19/60596,"201 Watford WayLondonNW4 4SL",200122181,05/06/2019 00:00,,M Dream Property Ltd,"29 Finchely Lane London NW4 1BX",5,4
HMOAA/18/59311,"167 Booth RoadLondonNW9 5JX",200012630,07/02/2019 00:00,,Mr James Michael Duggan,"Flat 3/126 EslanadeGreenoakPA16 7RU",4,4
HMOME/18/59373,"Flat 71Moreland CourtFinchley RoadLondonNW2 2TP",200042595,05/02/2019 00:00,,Mr Alfred Yazdiha,"29 Dollis Avenue London N3 1DA",5,5
HMOME/18/59373,"Flat 71Moreland CourtFinchley RoadLondonNW2 2TP",200042595,05/02/2019 00:00,,Mr Alfred Yazdiha,"29 Dollis AvenueLondon N3 1DA",5,5
HMOM/18/59684,"4 Woodside GroveLondonN12 8QU",200211778,15/02/2019 00:00,,Mr Peter Steyne,"8 Valencia RoadStanmoreMiddlesexHA7 4JH",8,10
HMOM/18/59865,"137 Station RoadLondonN3 2SP",200108318,22/02/2019 00:00,,Mr Olivier Levenfiche,"233 Regents Park RoadLondon N3 3Lf",6,9
HMOME/18/59972,"Flat 23Wendover CourtFinchley RoadLondonNW2 2PG",200042634,05/03/2019 00:00,,Mr Alfred Yazdiha,"29 Dollis AvenueLondonN3 1DA",5,6
HMOM/19/60613,"Rowedean Residential Home99 Northumberland RoadBarnetHertsEN5 1EB",200208303,11/06/2019 00:00,,Mr Chhagan Mistry,"19 Reservoir RoadLondonN14 4BB",12,14
HMOM/18/59225,"43 Macdonald RoadLondonN11 3JB",200077370,13/11/2018 00:00,,Mr Andrew Anthony Kelly,"43 MacDonald RoadLondonN11 3JB",4,8
HMOAA/18/59390,"19 Selborne GardensLondonNW4 4SH",200102017,13/12/2018 00:00,,Mr Itzhak Elran,"Major HouseWaterloo RoadLondon NW2 7JR",4,5
HMOME/18/59548,"1 SouthfieldsLondonNW4 4LX",200104973,08/01/2019 00:00,,Mr Sean Noel O'Hagan,"15 Rosecroft GardensNeasdenLondon NW2 6HX",8,9
HMOM/18/59653,"20C Church TerraceLondonNW4 4JU",200159389,31/01/2019 00:00,,Mr Yoav Tal,"My ConstructionUnit 5, Sayer HouseOxgate LaneLondon NW2 7JN",4,5
HMOAA/19/60077,"51 Hall LaneLondonNW4 4TJ",200055332,09/04/2019 00:00,,Mrs Syma Kadri,"53 Hall LaneLondon NW4 4TJ",6,5
HMOM/18/59637,"8 Woodside LaneLondonN12 8RB",200130337,29/01/2019 00:00,,Mr Martin Werth,"23 Holden RoadLondon N12 8HP",4,5
HMOAA/18/59855,"105 Colindeep LaneLondonNW9 6DD",200025951,20/12/2018 00:00,,Mrs Rajni Jain,"231A Edgware RoadColindaleLondonNW9 6LU",5,8
HMOM/19/60070,"63A Golders Green RoadLondonNW11 8EL",200048700,29/03/2019 00:00,,Dreamview Management,"Dreamview Management34 Golders Green RoadLondonNW11 8LL",5,10
HMOAL/19/60667,"121 Osidge LaneLondonN14 5DS",200089857,05/06/2019 00:00,,Tower Estates (Lodge) Ltd,"18 Aldermans Hill Palmers Green N13 4PN",3,5
HMOM/19/60671,"3 Elm GroveLondonNW2 3AE",200037258,11/07/2019 00:00,,Mrs Sheila Rigley,"27 Abbey AvenueSt.AlbansHertsAL3 4BH",12,11
HMOAA/19/60680,"110 Hampden WayLondonN14 5AX",200056412,11/07/2019 00:00,,Mr Savvakis Harkos,"Harkos Investments LTD 27 Cliffton GardensEnfieldEN2 7PL",4,5
HMOM/19/60698,"38 Babington RoadLondonNW4 4LD",200005961,13/11/2019 00:00,,Mr Shehzad Jiwa,"Flat 9 82 Seymour Street London W2 2JB",5,5
HMOAA/18/59835,"359 Ballards LaneLondonN12 8LJ",200006211,25/01/2019 00:00,,Mr Andreas Charalambous,"Anthea Lettings 2 Drayton Park LONDONN5 1NU",9,7
HMOM/19/60058,"57A Golders Green RoadLondonNW11 8EL",200048695,22/03/2019 00:00,,Dreamview Management,"34 Golders Green RoadLondonNW11 8LL",8,10
HMOM/19/60753,"93A Station RoadEdgwareHA8 7JG",200223764,25/07/2019 00:00,,Mr Anil Jobanputra,"3 Mansion House DriveStanmoreHA7 3GA",4,6
HMOAA/19/60783,"34 Sunningfields RoadLondonNW4 4RL",200110745,17/07/2019 00:00,,Mr Raffi Kesisyan,"19 Holders Hill AvenueHendonLondon NW4 1EN",4,5
HMOME/19/60799,"57B Green LaneLondonNW4 2AG",200196221,13/08/2019 00:00,,Mrs Hannah Davidoff,"51 Brent Street London NW4 2EA",6,5
HMOAA/19/60803,"18 Woodside AvenueLondonN12 8BG",200129998,04/07/2019 00:00,,Logis 1 Ltd,"First Floor 736 High Road North FinchleyN12 9QD",3,5
HMOME/19/60829,"30B The Market PlaceFalloden WayLondonNW11 6JJ",200078920,01/08/2019 00:00,,Mr Eric Elbaz,"Joobet Ltd30 The Market PlaceFalloden WayLondon NW11 6JJ",6,5
HMOAA/19/60840,"1A Crown TerraceCricklewood LaneLondonNW2 1EY",200029351,16/07/2019 00:00,,Miss Fran Fichter,"9 Brassey RoadLondonNW6 2BE",4,5
HMOAA/18/59909,"49 Brookhill RoadBarnetEN4 8SF",200016096,28/02/2019 00:00,,Mr Besnik Berisha,"83 Layfield CrescentLondon NW4 3UD",4,6
HMOAA/18/59966,"2A Park View RoadLondonN3 2JB",200225667,27/02/2019 00:00,,Mr Vishal Sharma,"Flat 159The Perspective Building 100 Westminister Bridge RoadLondon SE1 7XB",4,5
HMOME/19/60377,"10 Gervase RoadEdgwareHA8 0EP",200047178,30/04/2019 00:00,,Mr Peter Steyne,"Concorde HouseGrenville PlaceMill Hill NW7 3SA",5,4
HMOME/19/60795,"38 Hall LaneLondonNW4 4TN",200055319,18/06/2019 00:00,,Mr Krzysztof Milla,"29 Finchley LaneLondon NW4 1BX",6,5
HMOAA/19/60627,"Flat 3Chesterfield Court42 Ravenscroft AvenueLondonNW11 8AU",200097023,18/06/2019 00:00,,Rent With Us,"13 West Hampstead Mews London NW6 3BB",1,4
HMOM/19/60897,"8 Hoop LaneLondonNW11 8JL",200066609,23/07/2019 00:00,,Mr Farzad Zahab,"78 Wise LaneLondonNW7 2RG",13,13
HMOM/19/60938,"17 Queens RoadLondonNW4 2TL",200096198,01/08/2019 00:00,,M Dream Property Ltd,"29 Finchley LaneLondonNW4 1BX",8,7
HMOAA/18/59635,"308 Watford WayLondonNW4 4UX",200122266,04/01/2019 00:00,,Mr Biligondalai Hai,"168 The ValeLondonNW11 8SN",6,6
HMOM/18/59843,"105 North End RoadLondonNW11 7TA",200086335,13/03/2019 00:00,,Mrs Rustomjee Feroza,"Flat 1 26 Craven Street LondonWC2N 5NT",7,5
HMOAA/18/59965,"220 Church Hill RoadBarnetEN4 8PP",200022703,12/02/2019 00:00,,Mr John Dunn,"37 Linthorpe RoadCockfostersEN4 9BX",4,4
HMOME/19/60813,"37 Woodville RoadLondonNW11 9TP",200131102,09/10/2019 00:00,,Mr Stuart Feldman,"16 Hillcrest Avenue London NW11 0EN",7,7
HMOME/19/60816,"150 Bells HillBarnetEN5 2SL",10093299926,25/07/2019 00:00,,Clifstons Ltd,"53 Princess Park Avenue LondonNW11 0JR",6,5
HMOM/18/59131,"18 Yew GroveLondonNW2 3AD",200131722,06/09/2018 00:00,,Adil Property Partnership,"34-36 London RoadWembleyHA9 7EX",5,9
HMOM/18/59238,"9 Beaconsfield RoadLondonN11 3AA",200008412,22/11/2018 00:00,,Mrs Teresa Rees,"Grange Farm Mattishall RoadHoningham NorfolkNR9 5BA",8,10
HMOME/18/59599,"Flat 4The Spinney22 Hendon Wood LaneLondonNW7 4HR",200162987,08/01/2019 00:00,,Mr Gerard M P Fitzgerald,"The Ridge 28 Hendon Wood Lane LondonNW7 4HR",5,0
HMOM/18/59652,"20B Church TerraceLondonNW4 4JU",200159388,30/01/2019 00:00,,Mr Yoav Tal,"My ConstructionUnit 5, Sayer HouseOxgate LaneLondon NW2 7JN",5,5
HMOME/18/59731,"1 Hayes CrescentLondonNW11 0DG",200057961,08/02/2019 00:00,,Mr Mohammed Iqbal Chaudhri,"49 Brim Hill LondonN2 0HA",6,5
HMOAA/18/59980,"Flat 40Wendover CourtFinchley RoadLondonNW2 2PH",200042653,05/03/2019 00:00,,Mr Alfred Yazdiha,"29 Dollis AvenueLondonN3 1DA",5,6
HMOM/19/60069,"6 Golders WayLondonNW11 8JY",200165182,16/04/2019 00:00,,Dreamview Management,"34 Golders Green RoadLondon NW11 8LL",9,12
HMOM/19/60991,"11 Golders WayLondonNW11 8JY",200049396,07/11/2019 00:00,,Mr Efstratios Filis,"Anthea Lettings2 Drayton ParkLondonN5 1NU",8,9
HMOAA/19/61001,"7 Lingard AvenueLondonNW9 5YZ",200157589,15/08/2019 00:00,,Mrs Amrita Shravat,"36 Saxon DriveLondon W3 0NR",4,5
HMOAA/19/61016,"975B Finchley RoadLondonNW11 7HA",200041719,16/09/2019 00:00,,Mr Ben Mozes,"26 St Georges RoadLondonNW11 0LR",4,5
HMOME/19/61104,"973B Finchley RoadLondonNW11 7HA",200041716,16/09/2019 00:00,,Mr Ben Mozes,"26 St Georges RoadLondon NW11 0LR",5,5
HMOM/18/59381,"Flat 76Moreland CourtFinchley RoadLondonNW2 2TP",200042600,05/02/2019 00:00,,Mr Alfred Yazdiha,"29 Dollis AvenueLondonN3 1DA",5,5
HMOAA/18/59469,"35 Oak GroveLondonNW2 3LS",200087123,21/12/2018 00:00,,Mr Michael Moran,"24 Sherbone GardensKingsburyNW9 9TE",6,6
HMOM/18/59626,"19 Hollyfield AvenueLondonN11 3BY",200066074,29/01/2019 00:00,,Mrs Najia Bari,"25 Nurseryman RoadLondonN11 1DW",5,5
HMOME/18/59830,"316 Watford WayLondonNW4 4UY",200122273,08/02/2019 00:00,,Mr Yoel Kamara,"318 Watford Way HendonLondonNW4 4UY",7,5
HMOM/18/59856,"60 Arden RoadLondonN3 3AE",200003995,13/03/2019 00:00,,Mr Olivier Levenfiche,"Levoltan Corporation Limited233 Regents Park RoadLondon N3 3PQ",8,12
HMOM/18/59992,"9 Fairfield AvenueLondonNW4 3TN",200039348,28/03/2019 00:00,,Akelius UK Twelve Limited,"10 Bloomsbury Way LondonWC1A 2SL",7,10
HMOM/19/60927,"144 St Margarets RoadEdgwareMiddxHA8 9UX",200106678,30/10/2019 00:00,,Mr Ali Madani,"67 Nascotwood RoadWatfordWD17 4SJ",,12
HMOM/19/60930,"149 Audley RoadLondonNW4 3EN",200219277,01/08/2019 00:00,,Mr Michael Mizrachi,"Homes Studios 4U LTD12-16 Portsdown MewsLondon NW11 7HD",7,10
HMOM/19/60931,"14 Sneath AvenueLondonNW11 9AH",200104074,15/08/2019 00:00,,Mr Michael Mizrachi,"Homes Studios 4U LTD12-16 Portsdown MewsLondon NW11 7HD",7,10
HMOM/18/59142,"21 Alders RoadEdgwareMiddxHA8 9QG",200002528,02/10/2018 00:00,,Mr Paresh Sodha,"445 Kenton Road C/O Primeglobe Ltd HarrowHA3 0XY",5,10
HMOAA/18/59317,"3 Nursery RoadLondonN2 9RA",200109533,08/01/2019 00:00,,Miss Emine Bicer,"3 Nursery RoadEast FinchleyLondon N2 9RA",5,4
HMOM/18/59397,"33 Page StreetLondonNW7 2EL",200090185,18/12/2018 00:00,,Mr Robert Gowar,"18 Colindeep LaneLondonNW4 4SG",5,5
HMOAA/18/59573,"First Floor Flat41 Russell RoadLondonNW9 6AB",200227657,10/12/2018 00:00,,Mr Uri Kamara,"318 Watford WayHendonLondon NW4 4UY",4,4
HMOAA/19/60116,"15 New Way RoadLondonNW9 6HR",200085191,17/07/2020 00:00,,Mr Firdaus Ahmad,"15 New Way RoadLondonNW9 6HR",4,10
HMOM/18/59331,"33B The Market PlaceFalloden WayLondonNW11 6JY",200078927,31/01/2019 00:00,,Ms Natalia Ozherelyeva,"Upper Flat 57 Castletown RoadLondonW14 9HG",5,5
HMOME/18/59446,"41 Long LaneLondonN3 2PS",200074880,10/01/2019 00:00,,Mr Xingjian Zhou,"CityRooms.com LTDFirst Floor 3-5 Globe RoadLondonE1 4DT",6,5
HMOME/18/59716,"4 Edgeworth CrescentLondonNW4 4HG",200036205,05/03/2019 00:00,,Avea Management Ltd,"138 Brent Street LondonNW4 2DR",6,6
HMOAA/19/60370,"7 Wenlock GardensLondonNW4 4XJ",200123631,30/04/2019 00:00,,Mr Krzystof Milla,"29 Finchley LaneLondonNW4 1BX",4,5
HMOM/19/60571,"8 Pymmes Green RoadLondonN11 1BY",200095716,21/05/2019 00:00,,Mr Vasos Sotiri,"8 Pymmes Green RoadNew SouthgateLondonN11 1BY",8,10
HMOM/19/60979,"7 The DriveLondonNW11 9ST",200115250,16/07/2019 00:00,,Mr Neil Goodman,"Mile Estates Agents5 Sunnyside TerraceColindale NW9 5DL",8,9
HMOME/19/60145,"52 Babington RoadLondonNW4 4LD",200005968,28/03/2019 00:00,,Mr Huan Liu,"15 Vernon Drive Stanmore HA7 4LD",4,5
HMOAA/18/59108,"96 Brent Park RoadLondonNW4 3HP",200013573,03/01/2019 00:00,,Mr Michael Rosenfield,"24 Highfield CourtHighfield RoadLondonNW11 9LT",5,6
HMOM/18/59899,"40 Garrick AvenueLondonNW11 9AS",200046842,21/05/2019 00:00,,Mr Stevelanio Dos Santos De Souza,"903 - 905 Finchley RoadLondonNW11 7PE",7,6
HMOM/19/59998,"81 Watford WayLondonNW4 4RS",200122149,28/02/2019 00:00,,Mr Hassan Farkhari,"81 Watford WayLondonNW4 4RS",8,12
HMOME/19/61192,"973A Finchley RoadLondonNW11 7HA",200041715,12/09/2019 00:00,,Ben Mozes,"26 St Georges RoadLondonNW11 0LR",4,5
HMOM/18/59387,"55 Armitage RoadLondonNW11 8QT",200004300,25/04/2019 00:00,,Miss Rosalind Ejiga,"Maximum Enterprises Ltd 28 Murray Square London E16 3AL",5,5
HMOM/18/59890,"94 Hendon LaneLondonN3 3SL",200059112,26/02/2019 00:00,,Mr Olivier Levenfiche,"The Levoltan Corporation Ltd233 Regent Park RoadLondonN3 3PQ",8,12
HMOM/19/60030,"2 Gaydon LaneLondonNW9 5WA",200047052,08/03/2019 00:00,,Mr Shimon Biton,"Portman Property Company Limited24 Garth RoadLondonNW2 2NJ",7,11
HMOM/19/60030,"2 Gaydon LaneLondonNW9 5WA",200047052,08/03/2019 00:00,,Portman Property Company Limited,"24 Garth RoadLondonNW2 2NJ",7,11
HMOM/19/60987,"35 Redbourne AvenueLondonN3 2BP",200097383,12/09/2019 00:00,,Grey Oak 800 Ltd,"Unit 1, First Floor 146 - 148 Granville Industrial EstateGranville RoadNW2 2LD",6,13
HMOAA/19/61062,"10 Fuller StreetLondonNW4 4QL",200045822,02/09/2019 00:00,,Ms Sally Haisha Chen,"12 Windermere RoadLondonW5 4TD",0,4
HMOAA/18/59589,"27 Layfield RoadLondonNW4 3UH",200071871,21/12/2018 00:00,,AAA Projects Ltd,"Sutherland House70-78 West Hendon BroadwayLondon NW9 7BT",6,6
HMOM/18/59811,"3 Queens AvenueLondonN3 2NN",200095901,14/12/2018 00:00,,Mr Mr Sunil Kapadia,"Daniel Ford & Co Ltd35 Balfe Street Kings Cross London N1 9EB",,10
HMOMA/19/60013,"1023 High RoadLondonN20 0QA",200061839,26/03/2019 00:00,,Mrs Helen Sieou,"86 Sudbury Court DriveHarrowMIDDLESEXHA1 3TF",8,10
HMOME/19/60682,"13 Garratt RoadEdgwareHA8 9AN",200046791,20/06/2019 00:00,,Mr Hikmet Kilic,"15 Connaught AvenueEast BarnetBarnet EN4 8PJ",8,6
HMOM/19/61063,"20 Sandringham RoadLondonNW11 9DP",200101400,02/10/2019 00:00,,Mr Fatih Ridvan Kussan,"36 St Margarets Avenue London N20 9LJ",6,6
HMOM/19/61070,"15 Hurstwood RoadLondonNW11 0AS",200067370,13/08/2019 00:00,,M Dream Property Ltd,"29 Finchley LaneLondon NW4 1BX",10,11
HMOME/19/61091,"52 Victoria RoadBarnetEN4 9PE",200120429,12/09/2019 00:00,,Mr Jonathan Pye,"83 Victoria RoadNew BarnetHertsEN4 9PE",6,5
HMOAA/18/59244,"2 Scout WayLondonNW7 3JW",10093992915,20/11/2018 00:00,,Mr Adam Harris,"UK ROOM (LONDON) LIMITED1 Drayton RoadBorehamwood WD6 2DA",5,10
HMOAA/18/59266,"9 Brent View RoadLondonNW9 7EH",200014281,28/11/2018 00:00,,Mr Mohammad Reza Imani,"56 Woodhouse Road London N12 0RJ",4,5
HMOM/18/59330,"21 Beaconsfield RoadLondonN11 3AA",200008430,04/12/2018 00:00,,Mr Noel Mccaffrey,"22 Hemington AvenueLondonN11 3LR",5,7
HMOM/18/59417,"285 Cricklewood LaneLondonNW2 2JJ",200029296,08/01/2019 00:00,,Mr Ilgar Ali,"21B St Marys RoadLondonNW11 9UE",11,7
HMOM/18/59611,"66 Rosemary AvenueLondonN3 2QN",200099298,14/12/2018 00:00,,Mr Sadegh Jodieri,"101 GreenwayLondonN20 8EL",6,6
HMOME/19/61128,"10 Guildown AvenueLondonN12 7DQ",200053876,12/09/2019 00:00,,Mr Kafil Hassan,"753 High RoadNorth FinchleyN12 81G",5,5
HMOAA/18/59783,"39 Hendale AvenueLondonNW4 4LP",200058770,25/02/2019 00:00,,Mr David Castro,"10 Agamemnon RoadWest HampsteadLondon NW6 1DY",6,5
HMOM/19/60034,"1363 High RoadLondonN20 9LN",200206225,12/03/2019 00:00,,Mr Julius Oberegger,"Haven Bistro And Bar1363 High RoadLondonN20 9LN",9,10
HMOM/19/60528,"22 Babington RoadLondonNW4 4LD",200005949,23/05/2019 00:00,,Mr Avney Nathan,"76 Brookside RoadLondon NW11 9NG",3,6
HMOAA/18/59841,"10 Golders WayLondonNW11 8JY",200049318,28/03/2019 00:00,,Mr Efstratios Filis,"Anthea Lettings 2 Drayton ParkLondonN5 1NU",5,8
HMOME/19/61118,"20B Gratton TerraceLondonNW2 6QE",200051007,23/09/2019 00:00,,Mr Richard Phillips,"Whitehill Farm SewellBedsLU6 1RP",5,5
HMOAA/18/59449,"860 Finchley RoadLondonNW11 6AB",200042305,03/01/2019 00:00,,Hampstead Garden Suburbs Trust Ltd,"862 Finchley RoadLondonNW11 6AB",4,5
HMOME/19/60597,"15 Montagu RoadLondonNW4 3ER",200082370,04/06/2019 00:00,,Mrs Wei Lei,"104 Rushgrove AvenueLondon NW9 6RD",3,6
HMOME/18/59919,"318 Watford WayLondonNW4 4UY",200122275,25/02/2019 00:00,,Mr Uri Shakuri Kamara,"318 Watford Way Hendon London NW4 4UY",9,6
HMOM/19/60059,"655A Watford WayLondonNW7 3JR",200122456,19/03/2019 00:00,,UK Room (London) Ltd,"1 Drayton RoadBorehamwoodWD6 2DA",10,10
HMOM/19/60059,"655A Watford WayLondonNW7 3JR",200122456,19/03/2019 00:00,,UK Room (London) Ltd,"1 Drayton RoadBorehamwoodWD6 2DA",10,10
HMOME/19/61101,"971B Finchley RoadLondonNW11 7HA",200041713,16/09/2019 00:00,,Mr Ben Mozes,"26 St Georges RoadLondonNW11 0LR",5,5
HMOME/19/61126,"63 Greyhound HillLondonNW4 4JN",200053357,23/09/2019 00:00,,M Dream Property Ltd,"29 Finchley RoadLondon NW4 1BX",5,5
HMOM/19/61185,"4 Stanley RoadLondonN2 0NB",200107315,24/10/2019 00:00,,Mr Vishal Kakar,"VK Residential And Consultancy Ltd61 Rodney StreetAlexander HouseLiverpoolL1 9ER",4,5
HMOM/19/61186,"971A Finchley RoadLondonNW11 7HA",200041712,16/09/2019 00:00,,Mr Ben Mozes,"26 St Georges RoadLondonNW11 0LR",6,5
HMOME/18/59583,"21 Sevington RoadLondonNW4 3SA",200222349,29/01/2019 00:00,,Mr Jaber Abeeat,"84 Fortune Green Road LondonNW6 1DS",6,10
HMOME/18/59650,"179 Sunny Gardens RoadLondonNW4 1SG",200222673,15/01/2019 00:00,,Mr Ezekiel Menashi,"13 Ashley Lane Hendon LondonNW4 1SG",11,11
HMOME/19/61035,"Flat 29Eagle LodgeGolders Green RoadLondonNW11 8BD",200048756,07/08/2019 00:00,,Mr Jorge Sanchez,"Oliver Walton Ltd First Floor 3-5 Globe RoadLondonE1 4DT",4,5
HMOAA/18/59705,"Flat 22Wendover CourtFinchley RoadLondonNW2 2PG",200042633,17/04/2019 00:00,,Mr Nicholas Henry Kibel,"79 Holders Hill DriveLondonNW4 1NN",5,5
HMOAA/19/60297,"Flat 224 East End RoadLondonN3 3QT",10091040663,23/05/2019 00:00,,Mr Sarju Shah,"845 Honeypot LaneStanmoreHA7 1AR",,
HMOAA/19/60964,"29 Bertram RoadLondonNW4 3PR",200010724,08/08/2019 00:00,,Mr Manoj Patel,"14 Foscote Road London NW4 3SD",4,5
HMOM/19/61872,"32 Hall LaneLondonNW4 4TN",200055313,03/12/2019 00:00,,Mr John Cockburn,"35 Holders Hill DriveLondonNW4 1NL",7,10
HMOM/18/59370,"Flat 75Moreland CourtFinchley RoadLondonNW2 2TP",200042599,05/02/2019 00:00,,Mr Alfred Yazdiha,"29 Dollis AvenueLondonN3 1DA",4,5
HMOAA/18/59732,"62 Kenilworth RoadEdgwareHA8 8XD",200068940,29/03/2019 00:00,,Mrs Francisca Onyeocha,"15 Lynton AvenueLondonNW9 6PB",4,5
HMOME/19/61190,"975A Finchley RoadLondonNW11 7HA",200041718,12/09/2019 00:00,,Mr Ben Mozes,"26 St Georges RoadLondonNW11 0LR",5,5
HMOME/19/61191,"977A Finchley RoadLondonNW11 7HA",200041721,10/09/2019 00:00,,Mr Ben Mozes,"26 St Georges RoadLondon NW11 0LR",5,5
HMOAA/19/61212,"Flat 122 Park RoadLondonNW4 3PS",10093301488,01/10/2019 00:00,,Ms Sumon Chohan,"11 Vaughan Avenue London NW4 4HT",4,5
HMOME/19/61213,"34 Alexandra RoadLondonNW4 2SA",200200149,26/09/2019 00:00,,M Dream Property Ltd,"29 Finchley Lane LondonNW4 1BX",5,5
HMOM/18/59884,"26 Mountfield RoadLondonN3 3NE",200083384,28/02/2019 00:00,,Mr Olivier Levenfiche,"The Leviltan Corporation Ltd233 Regents Park RoadLondonN3 3PQ",8,9
HMOME/19/61076,"73 Station RoadLondonNW4 4PH",200108444,12/09/2019 00:00,,M Dream Property Ltd,"29 Finchley LaneLondonNW4 1BX",5,6
HMOMA/19/61155,"24A Bell LaneLondonNW4 2AD",200134492,17/09/2019 00:00,,Mr Peter Khemaney,"The Annex 6 Wellington RoadLondonNW8 9SP",6,6
HMOAA/18/59237,"26 Pennine DriveLondonNW2 1PD",200092887,04/12/2018 00:00,,Mrs Limor Nouriel,"19 Tretawn Park LondonNW7 4PS",5,5
HMOM/18/59550,"333 Watling AvenueEdgwareMiddxHA8 0NF",200123042,04/01/2019 00:00,,Mr Gil Tati,"14 Aldridge AvenueEdgware Middlesex HA8 8TA",5,5
HMOAA/18/59588,"190A West Hendon BroadwayLondonNW9 7EE",200124654,13/12/2018 00:00,,Mr Ramaben Patel,"19 Willowcourt AvenueHarrowHA3 8ET",5,5
HMOM/19/60375,"193 Golders Green RoadLondonNW11 9BY",200049085,07/05/2019 00:00,,Rosh Investments Ltd,"Neon House688 Finchley RoadLondonNW11 7NN",11,15
HMOME/18/59713,"35 Brent Park RoadLondonNW4 3HN",200013514,05/02/2019 00:00,,Mr Alfred George Yogaratnam,"2 Alderton CrescentHendonLondonNW4 3XT",6,5
HMOM/18/59787,"2 Duncan CloseBarnetHertsEN5 5JJ",200034366,19/02/2019 00:00,,Mr Rahim Ahmed,"36 Firs AvenueLondonN11 3NG",5,5
HMOAA/18/59944,"20 Florence StreetLondonNW4 1QH",200043296,16/01/2019 00:00,,Mr Krzysztof Milla,"M Dream Property29 Finchley LaneLondon NW4 1BX",5,5
HMOAA/19/61015,"51 East WalkBarnetEN4 8JU",200035931,20/08/2019 00:00,,Mr Feriz Domi,"2 Rayleigh RoadPalmers GreenN13 5QR",4,6
HMOAA/18/59287,"7 Esmar CrescentLondonNW9 7BL",200038475,17/12/2018 00:00,,Mr Shifar Miah,"45 Prayle GroveLondonNW2 1BB",5,8
HMOAL/18/59409,"1 Edgwarebury GardensEdgwareHA8 8LL",200036394,13/12/2018 00:00,,Mr Sami Barakas,"Flat 2, Ibis Court105 Hendon LaneN3 3TP",8,5
HMOAA/18/59662,"93 Waterfall RoadSouthgateN11 1BT",200121874,29/01/2019 00:00,,Mr Jamshed Bomanji,"73 Howcroft CrescentLondonN3 1PA",6,6
HMOAA/20/62456,"17B Golders Green RoadLondonNW11 8DY",200048656,18/06/2020 00:00,,Mr Ayal Shalom,"35A Walm LaneWillesden Green London NW2 5SH",4,8
HMOM/20/62976,"33 Ravenscroft AvenueLondonNW11 8BH",200097002,14/08/2020 00:00,,Mr Joel Hirsch,"52 West Heath DriveGolders GreenLondonNW11 7QH",,
HMOM/20/62978,"30 Wycombe GardensLondonNW11 8AL",200131576,23/10/2020 00:00,,Mr Joel Hirsch,"52 West Heath DriveGolders GreenLondonNW11 7QH",,
HMOAA/20/63000,"Flat 2101 East End RoadLondonN2 0SU",200160112,23/10/2020 00:00,,Mrs Josephine Bowman,"6 Brownlow RoadLondonN3 1NA",4,4
HMOAA/19/61651,"31 Chapel CourtLondonN2 8DB",200020958,13/11/2019 00:00,,Mr Anthony Tejuoso,"1 Harley Street London W1G 9QD",4,5
HMOME/20/62418,"145 Cotswold GardensLondonNW2 1PL",200027547,17/03/2020 00:00,,Mr Harold Ezenwa,"146 Randolph AvenueLondon W9 1PG",0,9
HMOME/20/62297,"43 Cleveland GardensLondonNW2 1EA",200024016,18/03/2020 00:00,,English Estates Ltd,"C/o Teddy Nazim 5 Grampian GardensGolders GreenLondonNW2 1JH",7,5
HMOM/20/63047,"3A Watling AvenueEdgwareHA8 0LQ",200122687,11/12/2020 00:00,,Mr Greggs PLC,"Gregg PlcGould RoadTwickenhamTW2 6RT",5,5
HMOME/20/63074,"Flat 30Windsor CourtGolders Green RoadLondonNW11 9PP",200048900,13/11/2020 00:00,,Hendon Estates LTD,"142 Brent Street LondonNW4 2DR",5,5
HMOAA/19/61312,"21 Compton CloseLondonNW11 8SX",200026509,26/11/2019 00:00,,Mr Jibrael Al-Afrangi,"76 Pine RoadLondonNW2 6A",4,6
HMOME/19/61424,"Flat 4Orchard Mead House733 Finchley RoadLondonNW11 8DJ",200041897,29/10/2019 00:00,,Mr Samar Shaukat Khan,"28 Heton GardensHendon London NW4 4XS",4,4
HMOAA/19/61592,"17 Grampian GardensLondonNW2 1JH",200049913,18/12/2019 00:00,,English Estates LTD,"C/O Teddy Nazin5 Grampian GardensGolders Green LondonNW2 1JH",4,5
HMOME/20/62371,"144 Station RoadLondonN3 2SG",200108325,10/03/2020 00:00,,Ms Ling Zhou,"144 Station RoadLondon N3 2SG",6,6
HMOME/20/62493,"Flat AGraseby House5 Fitzjohn AvenueBarnetEN5 2HE",200043022,26/03/2020 00:00,,Mr Richard Scarth,"The Royal Free Charity Pond Street London NW3 2QG",0,8
HMOM/20/62625,"104 High StreetEdgwareHA8 7HF",200204653,20/08/2020 00:00,,"Mr Dorian NineburgMrs Surani Harsha","26 St Albans LaneLondon NW11 7QE",,
HMOME/20/62713,"Flat GGraseby House5 Fitzjohn AvenueBarnetEN5 2HE",200043028,14/08/2020 00:00,,Mr Richard Scarth,"The Royal Free Charity Pond Street London NW3 2QG",8,8
HMOME/20/62711,"Flat EGraseby House5 Fitzjohn AvenueBarnetEN5 2HE",200043026,14/08/2020 00:00,,Mr Richard Scarth,"The Royal Free Charity Pond Street London NW3 2QG",,
HMOME/20/63268,"8 Hutton GroveLondonN12 8DT",200067480,11/12/2020 00:00,,Mr Chhagan Mistry,"C/O Trymax Investments LTD19 Reservoir RoadLondonN14 4BB",6,6
HMOAA/19/61455,"15 Chambers GardensLondonN2 9AL",200020452,27/11/2019 00:00,,Mr Bernard Reilly,"84A Waggon RoadBarnet HertsEN4 0PP",4,5
HMOME/19/61627,"12 Stuart AvenueLondonNW9 7AT",200109829,10/10/2019 00:00,,Maple Estate & Letting Agents Ltd,"41 Station RoadHarrowHA1 2UA",0,8
HMOM/20/62827,"22 Parade MansionsVivian AvenueLondonNW4 3JR",200120892,17/07/2020 00:00,,Dynasty Estates Limited,"Moda Business CentreStirling WayBorehamwoodWD6 2BW",,9
HMOAA/20/63124,"Alpha HouseMarket PlaceLondonN2 8BD",200148599,25/09/2020 00:00,,Mr Achilleas Spyrou,"18 Creighton AvenueMuswell HillLondonN10 1NU",,
HMOAA/20/63303,"Flat 3Sheila HouseNorth Circular RoadLondonNW11 9LD",200086033,23/10/2020 00:00,,Mr Dov Grunfeld,"65 Ashbourne AvenueLondonNW11 0DT",,5
HMOAA/19/61371,"11 Woodside LaneLondonN12 8RB",200130340,17/10/2019 00:00,,Mr Jolil Shah,"5 Mickledore Ampthill SquareLondonNW1 2JX",0,8
HMOME/19/61709,"75 Sturgess AvenueLondonNW4 3TR",200109979,26/11/2019 00:00,,M Dream Property Ltd,"29 Finchley Lane London NW4 1BX",8,8
HMOM/19/61820,"27 New Trinity RoadLondonN2 8EE",10093299577,20/11/2019 00:00,,Mr Alexander Shaw,"63 Halliwick RoadLondon N10 1AA",3,5
HMOM/20/62545,"141 Station RoadLondonNW4 4NJ",200222597,28/01/2021 00:00,,Mr Ishtiaq Ahmed,"40-42 The Burroughs HendonLondonNW4 4AP",9,15
HMOME/20/62710,"Flat DGraseby House5 Fitzjohn AvenueBarnetEN5 2HE",200043025,14/08/2020 00:00,,Mr Richard Scarth,"The Royal Free Charity Pond Street London NW3 2QG",8,8
HMOM/20/62869,"151 Victoria RoadBarnetEN4 9PB",200211032,24/09/2020 00:00,,Mr Henry Otchere And Mrs Annemarie Otchere,"40 Cowper RoadSouthgateLondonN14 5RS",7,7
HMOM/20/62877,"24 Finchley LaneLondonNW4 1DL",200041230,14/08/2020 00:00,,Mr Philip Davis,"Flat A60 Brookside RoadLondonNW11 9NG",,
HMOM/20/62877,"24 Finchley LaneLondonNW4 1DL",200041230,14/08/2020 00:00,,Mr Daren Davis,"Flat A60 Brookside RoadLondonNW11 9NG",,
HMOM/19/61231,"24 Strathmore GardensLondonN3 2HL",200109493,17/09/2019 00:00,,Mr Nathalal Patel,"21 Station RoadFinchley CentralLondonN3 2SB",8,10
HMOM/19/61836,"33 Heathfield GardensLondonNW11 9HY",200058360,17/12/2019 00:00,,Enhanced Management (UK) Ltd,"19 Claremont RoadLondonNW2 1BP",0,10
HMOME/19/62093,"Ground Floor Flat5 Beechcroft AvenueLondonNW11 8BJ",10093992946,18/02/2020 00:00,,Vedados Limited,"40 Forestdale LondonN14 7DX",5,7
HMOME/20/62836,"33 Wenlock RoadEdgwareHA8 9JG",200123707,31/07/2020 00:00,,Mr Tushar Shah,"512 Kenton RoadHarrowHA3 9DJ",6,6
HMOAA/20/62909,"44A Station RoadLondonNW4 3SX",200134620,14/08/2020 00:00,,Mr Samuel Apeagyei,"25 Keys Court1 Henrietta Way Campbell ParkMilton KeynesMK9 4BD",,
HMOME/20/62919,"78 Brentmead PlaceLondonNW11 9LJ",200014480,04/09/2020 00:00,,Mr Norman Olsfanger,"57A Wimpole StreetLondonW1G 8YP",2,5
HMOM/20/62938,"33 Gratton TerraceLondonNW2 6QE",200051042,09/10/2020 00:00,,Ms Ola Uche,"19 Maxwelton AvenueMill HillLondonNW7 3NB",,
HMOME/20/62517,"13 St Albans RoadBarnetEN5 4LN",200106135,31/03/2020 00:00,,Ms Anh Dao Carrick,"192 Woodseer StreetLondon E1 5HQ",5,5
HMOME/20/62672,"8 Prayle GroveLondonNW2 1AR",200094384,14/05/2020 00:00,,Mr Yechezkel Silber,"Caring Properties Ltd143 Wargrave AvenueLondonN15 6TX",6,6
HMOME/20/62712,"Flat FGraseby House5 Fitzjohn AvenueBarnetEN5 2HE",200043027,14/08/2020 00:00,,Mr Richard Scarth,"The Royal Free Charity Pond Street London NW3 2QG",8,8
HMOM/20/62473,"242 East Barnet RoadBarnetEN4 8TF",200035149,17/07/2020 00:00,,Mrs Elizabeth Endzweig,"Rear Of 123 Clapton CommonLondonE5 9AB",9,11
HMOM/20/63130,"16 Heathfield GardensLondonNW11 9HX",200058343,27/11/2020 00:00,,Mr Arvin Patel,"L.G.Property Investments LtdUnit A715 North Circular RoadLondonNW2 7AH",,
HMOME/20/62977,"29 Glebe CrescentLondonNW4 1BT",200047427,22/10/2020 00:00,,M Dream Property Ltd,"29 Finchley LaneLondon NW4 1BX",5,6
HMOM/19/61355,"13B Woodside AvenueLondonN12 8AN",200129884,10/09/2019 00:00,,Mrs Annan-Forson Beverley,"Comfort Housing Limited1 Christian CloseHoddesdon HertfordshirexEN11 9FF",5,6
HMOM/19/61731,"159 Station RoadLondonNW4 4NH",200108539,03/12/2019 00:00,,Mr Joseph Walsh,"Flat 20 Alexandra Mansions 347 West End LaneLondonNW6 1LU",6,10
HMOAA/19/61843,"Flat 14BParade MansionsVivian AvenueLondonNW4 3YD",200195780,07/01/2020 00:00,,Mr Robert Mehmet,"7 The LincolnsMill Hill London NW7 4PD",3,5
HMOM/20/62741,"14 The DriveLondonNW11 9SR",200115256,09/10/2020 00:00,,Mr Daren Philip Davis,"60 Brookside RoadLondonNW11 9NG",,
HMOM/20/62551,"59 Leeside CrescentLondonNW11 0HA",200072175,05/05/2020 00:00,,Mr Michael Mizrachi,"Home Studio 4U Ltd12-16 Portsdown MewsLondonNW11 7HD",7,10
HMOM/20/62746,"48 St Georges RoadLondonNW11 0LR",200106325,14/05/2020 00:00,,Mr Greg Goorwitch,"30 MiddlewayLondonNW11 6SG",,
HMOM/20/62994,"11 Brentfield GardensLondonNW2 1JP",200014427,02/10/2020 00:00,,Mr Abdul Sheikh,"4 Shamrock Way LondonN14 5RY",,
HMOM/20/63045,"267 Nether StreetLondonN3 1PD",200084673,14/08/2020 00:00,,Mr Marc Lim,"Elm Park Lodge4 Elm Park RoadLondon N3 1EB",,
HMOME/20/62714,"Flat HGraseby House5 Fitzjohn AvenueBarnetEN5 2HE",200043029,14/08/2020 00:00,,Mr Richard Scarth,"The Royal Free Charity Pond Street London NW3 2QG",8,10
HMOME/20/62630,"Flat 24Parade MansionsVivian AvenueLondonNW4 3JR",200120895,08/10/2020 00:00,,Mr Colin Sclare,"14 Brookland Hill LondonNW11 6DX",0,5
HMOM/20/63417,"32 Ash GroveLondonNW2 3LL",200004537,07/01/2021 00:00,,Ms Rosemarie Espinosa,"93 Walm Lane LondonNW2 4QG",,
HMOAA/19/61597,"56 Hervey CloseLondonN3 2HD",200060203,12/11/2019 00:00,,Avani And Kaushik Budhdeo,"77 Hervey CloseLondonN3 2HD",0,5
HMOM/19/61705,"17 North End RoadLondonNW11 7RJ",200138828,13/11/2019 00:00,,Mrs Anne Elliott,"Goldmoss HouseThe Sedums, Common RoadKensworth, Dunstable LU6 2PN",7,10
HMOM/20/62925,"108 East End RoadLondonN3 2SX",200035733,23/10/2020 00:00,,Mr Wagner Silva,"130 Wrottesley RoadLondon NW10 5XR",,
HMOAA/19/61713,"35 New Trinity RoadLondonN2 8EE",10093299581,16/01/2020 00:00,,Mr Alexander Shaw,"63 Halliwick RoadLondon N10 1AA",4,4
HMOAA/19/61821,"29 New Trinity RoadLondonN2 8EE",10093299578,28/11/2019 00:00,,Mr Alexander Shaw,"63 Halliwick RoadLondon N10 1AA",4,4
HMOM/19/61221,"63 Wilberforce RoadLondonNW9 6AT",200126589,09/01/2020 00:00,,Urvish Patel,"39 Cool Oak Lane London  NW9 7BH",5,6
HMOME/19/61383,"5 Elms AvenueLondonNW4 2PL",200037725,02/01/2019 00:00,,Mr Chris Shaw,"14 Cosbycote AvenueHerne HillLondonSE24 0DY",6,6
HMOAA/19/61569,"First And Second Floor Maisonette60 Beaconsfield RoadLondonN11 3AE",200223974,12/11/2019 00:00,,Mr Christakis Pringis,"15B Fox Lane London N13 4AB",5,5
HMOME/19/61652,"22 Caddington RoadLondonNW2 1RS",200018771,31/10/2019 00:00,,Miss Ronelle Solomon,"Flat B 47 Priory RoadLondon NW6 4NS",5,6
HMOM/19/61919,"227A Golders Green RoadLondonNW11 9ES",200048664,19/12/2019 00:00,,Mr Harry Twyford,"37A Walm Lane London NW2 4QU",7,4
HMOME/19/62092,"36 Grampian GardensLondonNW2 1JG",200049930,29/01/2020 00:00,,Mr Teddy Nazim,"5 Grampian GardensGolders Green London NW2 1JH",5,5
HMOM/20/62446,"16 Montrose AvenueEdgwareHA8 0DW",200082526,31/03/2020 00:00,,Mr Iqan Ahmed,"40 The BurroughsHendonLondonNW4 4AP",6,10
HMOM/20/62908,"11 Dollis ParkLondonN3 1HJ",200033157,25/09/2020 00:00,,Mr Abraham Mahgerefteh,"71 Cholmley GardensLondonNW6 1UL",,
HMOME/20/63143,"166 Granville RoadLondonNW2 2LD",200050865,06/11/2020 00:00,,Mrs Yvonne Burkinshaw,"28 Loom LaneRadlettHertsWD7 8AD",5,4
HMOM/20/63159,"446 Watford WayLondonNW7 2QH",200122558,11/12/2020 00:00,,Ms Jacqueline Beckwith,"446 Watford WayLondonNW7 2QH",5,5
HMOM/19/61419,"130 Cat HillBarnetHertsEN4 8HU",200019864,30/08/2019 00:00,,Mr Jonathan Slater,"54 Heath Drive Potters Bar EN6 1EJ",8,11
HMOM/19/62247,"190 Watford WayLondonNW4 4UA",200122170,19/02/2020 00:00,,Mr Yechezkel Silber,"143 Wargrave AvenueLondonN15 6TX",10,11
HMOME/20/62586,"22 Robin LaneLondonNW4 1EU",200051859,14/05/2020 00:00,,Omniville Limited,"23 Filey Avenue London N16 6JL",7,7
HMOM/20/62667,"32 Finchley LaneLondonNW4 1DL",200041248,15/05/2020 00:00,,Mr Abraham Cohen,"The Lodge 37 Hendon Lane London N3 1RY",,
HMOME/20/62669,"13 Brent TerraceLondonNW2 1BX",200014167,29/05/2020 00:00,,Mr Yechezkel Silber,"Caring Properties Ltd143 Wargrave AvenueLondonN15 6TX",5,5
HMOM/20/63255,"46B Western AvenueLondonNW11 9HJ",200125511,21/02/2021 00:00,,Mr Ben Mozes,"26 St Georges RoadLondonNW11 0LR",6,5
HMOME/19/61553,"25 Lichfield RoadLondonNW2 2RN",200073196,03/12/2019 00:00,,Marble Sales & Lettings,"23 High RoadWillesden London NW10 2TE",5,5
HMOM/19/62267,"67 Vivian AvenueLondonNW4 3XE",200211099,27/02/2020 00:00,,Miss Amal Aziz,"125 Littlefield RoadLondonHA8 0TE",8,11
HMOM/19/61848,"60 Brookside RoadLondonNW11 9NG",200016410,10/12/2019 00:00,,Mr Daren Philip Davis,"Flat A60 Brookside RoadLondonNW11 9NG",10,9
HMOME/19/62016,"8 Alderton CrescentLondonNW4 3XT",200002541,07/01/2020 00:00,,Mr Hatim Shaikhali,"4 Cranbourne DrivePinnerHA5 1BZ",5,6
HMOME/20/62883,"Flat 37Bentfield House26 Heritage AvenueLondonNW9 5GE",200140137,17/07/2020 00:00,,Mr Mr Boon Mong Eng,"Berkeley Seventy-Seven LimitedCare Of Osborne Clarke LLP2 Temple Back EastTemple Quay Bristol BS1 6EG",5,5
HMOM/20/62993,"10A East Barnet RoadBarnetEN4 8RW",200034865,16/10/2020 00:00,,Mr Joel Frankel,"Data House43-45 Stamford HillLondonN16 5SR",,
HMOM/19/61815,"16 Queens AvenueLondonN3 2NP",200095914,28/11/2019 00:00,,Mr Vijay Shaunak,"42 Lucien RoadLondon SW17 8HN",0,6
HMOME/20/62686,"5 Lodge RoadLondonNW4 4DD",200074452,08/05/2020 00:00,,M Dream Property Ltd,"29 Finchley RoadLondonNW4 1BX",4,5
HMOM/19/61506,"33 Lyonsdown RoadBarnetEN5 1JG",200076757,17/12/2019 00:00,,Live In Guardians Ltd,"Carradine House237 Regents Park RoadLondon N3 3LF",17,10
HMOAA/20/62553,"5 Everdale CourtThe CausewayLondonN2 0XD",200114446,05/03/2020 00:00,,Mr Roderick Neil Greenhalgh,"43A Old Park RoadPalmers Green LondonN13 4RG",4,5
HMOAA/20/62293,"753B Finchley RoadLondonNW11 8DL",200041642,25/02/2020 00:00,,Mr Asaf Cohen,"Buckingham House 45 Vivian AvenueLondonNW4 3XA",0,5
HMOME/20/63041,"3 St Johns AvenueLondonN11 3BX",200106416,11/09/2020 00:00,,Mr Craige Samspon,"Willenhall Lodge 10 Great North Road Barnet EN5 1JP",0,8
HMOM/20/63337,"10 Highbury SquareLondonN14 5AE",200199640,23/10/2020 00:00,,Mr Kapil Gadlay,"33 Links DriveRadlettHerts WD7 8BD",4,5
HMOME/19/61319,"7 Beechcroft AvenueLondonNW11 8BJ",200009110,17/09/2019 00:00,,Mykhaylo Datsyuk And Yosef Shoota,"18 Golders Green RoadLondonNW11 8EH",10,13
HMOM/19/61473,"Flat 5Parade MansionsVivian AvenueLondonNW4 3XR",200120899,31/10/2019 00:00,,Mr Rajesh Melwani,"75 Mayflower LodgeRegents Park RoadLondonN3 3HX",6,8
HMOME/19/61763,"120 Hendon WayLondonNW2 2NG",200059410,04/12/2019 00:00,,Miss Stavrini Phylactou,"116 The ValeLondon NW11 8SL",,
HMOM/20/62387,"12 Shirehall LaneLondonNW4 2PD",200103231,24/03/2020 00:00,,Mr Laurence Foux,"48 Cranbourne Gardens London NW11 0JD",6,6
HMOM/20/62526,"32 Temple GardensLondonNW11 0LL",200113477,24/03/2020 00:00,,Mr Michael Mizrachi,"Homes Studios 4U LTD12-16 Portsdown MewsLondon NW11 7HD",5,10
HMOM/20/62940,"11 Garrick AvenueLondonNW11 9AR",200046813,04/09/2020 00:00,,Mr Saeed Dehghani,"23 Copthall DriveMill HillNW7 2ND",,
HMOAA/19/61949,"211 Colney Hatch LaneLondonN10 1AP",200026371,21/04/2020 00:00,,Mr Dean Morrison,"22 Abbey CourtAbbey RoadLondonNW8 0AU",4,5
HMOME/19/62037,"80 Highfield AvenueLondonNW11 9TT",200062876,18/02/2020 00:00,,Mr Asher Abraham,"44 The Ridgeway London NW11 8QS",5,5
HMOME/19/61525,"39 Endersleigh GardensLondonNW4 4SD",200038188,26/11/2019 00:00,,Mr Chong Deng,"22 Faber GardensLondon NW4 4NR",9,5
HMOAA/19/61620,"66 Sturgess AvenueLondonNW4 3TS",200109970,26/11/2019 00:00,,Dr Sima Motamen-Samadian,"12 The Vale LondonNW11 8SG",4,6
HMOAA/19/61822,"31 New Trinity RoadLondonN2 8EE",10093299579,19/12/2019 00:00,,Mr Shaw Alexander,"118 Fortune Green RoadWest Hamstead London NW6 1DH",4,5
HMOAA/19/61840,"75 Audley RoadLondonNW4 3EU",200005520,29/01/2020 00:00,,Mr Robert Mehmet,"7 The LincolnsLondonNW7 4PD",3,4
HMOAA/19/62225,"155 Booth RoadLondonNW9 5JX",200012618,25/02/2020 00:00,,Mr Ramesh Pindoria,"383 High RoadLondonNW10 2JR",5,8
HMOM/19/61343,"41 Manor RoadBarnetHertsEN5 2JQ",200078136,17/09/2019 00:00,,Mrs Jennifer Moore,"EHSL Videcom House Newtown RoadHenley-On-ThamesOxfordshireRG9 1HG",7,12
HMOME/19/61426,"Flat 222 Park RoadLondonNW4 3PS",10093301489,29/10/2019 00:00,,Mr Sumon Chohan,"11 Vaughan AvenueLondon NW4 4HT",5,5
HMOME/19/61451,"1 Hocroft WalkLondonNW2 2LT",200216969,09/01/2020 00:00,,Mr Fagner De Almeida,"42 Crewys RoadLondon NW2 2AA",10,9
HMOM/20/62481,"1 Brentfield GardensLondonNW2 1JP",200014417,07/05/2020 00:00,,Mr Nathan Halpern,"7 Brookside RoadLondonNW11 9ND",9,10
HMOM/20/63055,"151 Hendon WayLondonNW2 2NB",200059441,11/09/2020 00:00,,Ms Samia Ibrahim,"Pennine HousePennine DriveLondonNW2 1PA",,
HMOM/20/63388,"80 Cleveland GardensLondonNW2 1DU",200024053,27/11/2020 00:00,,Mrs Dilara Begum,"16 Cleveland GardensLondonNW2 1DY",5,6
HMOME/20/62299,"45 Cleveland GardensLondonNW2 1EA",200024018,05/03/2020 00:00,,English Estates Ltd,"C/o Teddy Nazim 5 Grampian GardensGolders GreenLondonNW2 1JH",7,5
HMOM/20/62304,"3 Woodland WayLondonNW7 2JP",200129400,12/03/2020 00:00,,Mr Albert Zubaida,"2 Marion RoadMill Hill London NW7 4AN",10,13
HMOM/20/62466,"36 Sunningfields RoadLondonNW4 4RL",200110746,24/03/2020 00:00,,Mr Chirag Gadher,"203 Preston HillHarrowLondonHA3 9UL",7,8
HMOM/20/62485,"125 Friern Barnet RoadLondonN11 3DY",200044947,23/04/2020 00:00,,Louisianna Properties Limited,"820A Green LanesWinchmore HillLondon N21 2RT",10,15
HMOME/20/62524,"2 Woodcroft AvenueLondonNW7 2AG",200128599,21/04/2020 00:00,,Mr Davood Kalani,"23 Grahame Park Way London NW7 2LA",4,5
HMOM/20/62528,"7 Elm Park RoadLondonN3 1EG",200037327,16/04/2020 00:00,,Miss Melissa Lim,"Flat 7, 77 Holden Road London N12 7DP",6,6
HMOAA/19/61403,"Flat 17 Golders RiseLondonNW4 2HX",10093995586,22/10/2019 00:00,,Mr Anna Panteli,"56 Sevington RoadLondon NW4 3RX",4,4
HMOM/19/61773,"37 Alexandra GroveLondonN12 8HE",200002718,28/11/2019 00:00,,Mrs Vijayani Bashir,"35 Alexandra GroveNorth Finchley London N12 8HE",5,6
HMOME/19/62288,"246A Station RoadEdgwareHA8 7AU",200223756,16/01/2020 00:00,,ECO VERWALTUNGS AG,"C/o Ironstone UK Ltd10 Ely PlaceEC1N 6RY",5,8
HMOM/20/62307,"13 Spencer RoadLondonN11 1JX",200105486,12/03/2020 00:00,,Mr Sarju Shah,"329 Bowes RoadArnos GroveLondon N11 1BA",4,5
HMOM/19/61910,"2 Brentfield GardensLondonNW2 1JP",200014418,17/12/2019 00:00,,Mr Nathan Halpern,"7 Brookside RoadLondon NW11 9ND",8,10
HMOAA/20/62539,"59A The BurroughsLondonNW4 4AX",200114153,26/06/2020 00:00,,Mr Sivaguru Sivaneswaran,"46 Twyford RoadHarrow MiddlesexHA2 0SL",4,5
HMOM/20/62564,"12 Queens WayLondonNW4 2TN",200096223,27/02/2020 00:00,,Mr Vishwa Singhania,"12A Queens WayLondonNW4 2TN",0,12
HMOM/20/62579,"13A Sevington RoadLondonNW4 3SA",200102309,21/04/2020 00:00,,Mr Sridhar Mandadi,"29 - 31 Tottenham Lane London N8 9BD",8,7
HMOAA/19/61772,"Flat 6Queens MansionsWatford WayLondonNW4 3AN",200122094,28/11/2019 00:00,,Mr William Aziz,"25 Beaulieu CloseLondon NW9 6SB",3,5
HMOAA/20/62362,"16 Richmond GardensLondonNW4 4RT",200098189,17/03/2020 00:00,,Mr Michael Murphy,"3/5 Vivian AvenueLondonNW4 3UT",5,5
HMOM/20/62376,"237 Oakleigh Road NorthLondonN20 0TX",200088511,17/07/2020 00:00,,Mr Ali Reza Karami,"1 Fieldside Cottages Barnet Lane N20 8AT",7,5
HMOM/19/61398,"7 Hollyfield AvenueLondonN11 3BY",200066064,17/09/2019 00:00,,Mrs Varsha Visavadia,"ILLY Computer Systems Ltd11 Hoxton SquareLondon N1 6NU",5,6
HMOAA/19/61736,"Flat 175 Hamilton RoadLondonNW11 9EH",10093301083,28/11/2019 00:00,,Dr Sima Motamen-Samadan,"12 The ValeLondonNW11 8SG",4,5
HMOME/19/61944,"86 Great North WayLondonNW4 1HN",200051770,17/12/2019 00:00,,Mr Krzystof Milla,"29 Finchley Lane London NW4 1BX",6,6
HMOM/19/61215,"28 Macdonald RoadLondonN11 3JB",200077355,10/09/2019 00:00,,Mr Chhaganlal Chabnaiya,"17 The RidgewayLondonN3 2PG",5,6
HMOAA/20/62618,"25 Old Rectory GardensEdgwareHA8 7LS",200089339,29/05/2020 00:00,,Mr Amanullah Kochi,"25 Old Rectory GardensEdgware HA8 7LS",4,4
HMOAA/19/61388,"2 Grampian GardensLondonNW2 1JG",200049898,21/08/2019 00:00,,Mr Teddy Nazim,"5 Grampian GardensLondonNW2 1JH",10,10
HMOM/19/61476,"345 Hendon WayLondonNW4 3NB",200059562,29/10/2019 00:00,,Mr Aviram Cohen,"BarakaGreenbank CrescentLondon NW4 2LA",7,6
HMOM/19/62237,"36 Elmcroft CrescentLondonNW11 9SY",200037543,26/02/2020 00:00,,Mr Yehuda Reichman,"13 Norfolk AvenueLondonN15 6JX",7,7
HMOM/20/62383,"654 Finchley RoadLondonNW11 7NT",200220306,08/05/2020 00:00,,Gouliev Capital Ltd,"654 Finchley RoadLondon NW11 7NT",6,6
HMOM/20/62389,"3 Woodgrange AvenueLondonN12 0PT",200128903,17/03/2020 00:00,,Mr Georgios Josif,"25 Newmans WayBarnetHertsEN4 0LR",5,9
HMOM/20/62425,"244 East Barnet RoadBarnetEN4 8TF",200161209,17/07/2020 00:00,,Mrs Elizabeth Endzwig,"Rear Of 123 Clapton CommonLondonE5 9AB",10,13
HMOAA/20/62471,"21 Layfield RoadLondonNW4 3UH",200071865,18/03/2020 00:00,,Mr Sheptim Ilazi,"21 Layfield RoadLondonNW4 3UH",6,8
HMOM/19/62175,"16 Woodstock AvenueLondonNW11 9SL",200130609,18/02/2020 00:00,,Mr Jacob Gertner,"10 Green Lane Hendon London NW4 2NN",13,19
HMOM/19/62194,"Flat 2Sheila HouseNorth Circular RoadLondonNW11 9LD",200086032,18/02/2020 00:00,,Mr Jacob Ostreicher,"1A Enville Court, Cazenove Road, London N16 6AS.",5,6
HMOME/20/62646,"58 Hendon WayLondonNW2 2NR",200059353,05/05/2020 00:00,,Ms Fareeha Amir,"3 Woodside GroveLondon N12 8QT",2,5
HMOM/20/62649,"85A Cricklewood LaneLondonNW2 1HR",200028939,08/05/2020 00:00,,Tellmount Properties LTD,"43 Bridge Lane London NW11 0ED",6,6
HMOME/20/62670,"110 Prayle GroveLondonNW2 1BE",200094486,29/05/2029 00:00,,Mr Yechezkel Silber,"Caring Properties Ltd143 Wargrave AvenueLondonEnglandN15 6TX",6,6
HMOME/20/62671,"100 Clitterhouse CrescentLondonNW2 1DA",200024458,29/05/2020 00:00,,Mr Yechezkel Silber,"Caring Properties Ltd143 Wargrave AvenueLondonN15 6TX",5,5
HMOM/20/62706,"1328A High RoadLondonN20 9HJ",200061598,14/05/2020 00:00,Morgan Managament Limited,Charlford Limited,"113 Brent StreetLondonNW4 2DX",5,4
HMOME/20/62709,"Flat CGraseby House5 Fitzjohn AvenueBarnetEN5 2HE",200043024,14/08/2020 00:00,,Mr Richard Scarth,"The Royal Free Charity Pond Street London NW3 2QG",8,
HMOM/20/62530,"81 Gordon RoadLondonN3 1ER",200049813,23/04/2020 00:00,,Miss Melissa Lim,"Elm Park Lodge4 Elm Park RoadLondonN3 1EB",4,4
HMOM/20/62533,"16 Park RoadLondonNW4 3PS",200091135,24/03/2020 00:00,,Mr Kantilal Vachhani,"25 Rundell CrescentHendon London NW4 3BS",4,5
HMOME/20/62716,"Flat BGraseby House5 Fitzjohn AvenueBarnetEN5 2HE",200043023,30/07/2020 00:00,,Mr Richard Scarth,"The Royal Free Charity Pond Street London NW3 2QG",8,8
HMOM/19/61368,"13 Beverley GardensLondonNW11 9DG",200165248,30/10/2019 00:00,,Mr Abraham Dodi,"441 Edgeware RoadLondonW2 1TH",8,11
HMOM/20/63201,"9 Courtleigh GardensLondonNW11 9JX",200027777,23/10/2020 00:00,,M Dream Property Ltd,"29 Finchley Lane LondonNW4 1BX",,
HMOME/19/61422,"Flat 5Wykeham CourtWykeham RoadLondonNW4 2TE",200131590,29/10/2019 00:00,,Mr Vivek Chohan,"20 Brampton DriveLondonNW7 2AY",5,5
HMOM/19/62236,"Flat 5Chesterfield Court42 Ravenscroft AvenueLondonNW11 8AU",200097025,24/03/2020 00:00,,Rent With Us Limited,"13 West Hampstead MewsLondonNW6 3BB",4,6
HMOM/20/62841,"674A High RoadLondonN12 9PT",200060428,29/01/2021 00:00,,Project Elementary Ltd,"3 Abercorn CloseLondon NW7 1JG",10,10
HMOM/20/63084,"123 Leeside CrescentLondonNW11 0JN",200072238,04/09/2020 00:00,,Sam Estates,"Unit 9B, The High Cross CentreFountayneLondonN15 4BE",,
HMOAA/19/61309,"34B Bittacy HillLondonNW7 1LB",200011387,11/02/2020 00:00,,Mrs Camilla Solanki,"171 Woodhouse RoadLondonN12 9NN",0,5
HMOME/19/61346,"63 Russell RoadLondonNW9 6AB",200100590,17/09/2019 00:00,,Mr Zahoor Ahmad,"17 Poolsford RoadColindale London NW9 6HP",5,5
HMOM/19/61654,"688 Finchley RoadLondonNW11 7NN",200042148,07/11/2019 00:00,,Rosh Investments Ltd,"Neon House688 Finchley RoadLondon NW11 7NN",12,19
HMOM/19/62009,"853 - 855 Finchley RoadLondonNW11 8LX",10094709567,30/01/2020 00:00,,Mr Daniel Jacobs,"84 Audley RoadLondon NW4 3HB",,
HMOME/19/61340,"5 Sturgess AvenueLondonNW4 3TR",200109909,12/09/2019 00:00,,Mrs Bela Ivanova,"22 Capitol WayLondonNW9 0EQ",8,6
HMOME/19/62109,"46 Heathfield GardensLondonNW11 9JA",200058372,06/02/2020 00:00,,Mr Eva Pacek,"59 Bracklyn Court London N1 7EL",5,5
HMOM/20/63194,"33 Torrington ParkLondonN12 9TB",200118162,11/12/2020 00:00,,Mrs Sarita Langdon,"18 Sellers Hall CloseLondonN3 1JL",13,11
HMOAA/19/62274,"749 Finchley RoadLondonNW11 8DL",200042176,25/02/2020 00:00,,Mrs Julia Raquel Calonga,"40 Crewys RoadLondonNW2 2AA",6,6
HMOAA/19/62292,"15 Somerset RoadLondonNW4 4EP",200104555,17/03/2020 00:00,,Mr Ahkamel Islam,"84 Broad Walk London N21 3BJ",4,5
HMOME/19/61241,"Flat 1Crescent CourtGolders Green CrescentLondonNW11 8JP",200048562,19/09/2019 00:00,,Mr Jorge Sanchez,"Oliver Walton LtdFirst Floor, 3 - 5 Globe RoadLondonE1 4DT",5,5
HMOME/19/61320,"8 Fuller StreetLondonNW4 4QL",200045820,22/10/2019 00:00,,Mr Rakesh Shah,"19 Sudbury Hill Close Wembley HA0 2QR",6,8
HMOAA/19/62115,"First And Second Floor Maisonette11 Templars AvenueLondonNW11 0PB",200146608,03/12/2019 00:00,,Mrs Marian Hubbell,"95 Widney RoadKnowleSolihullB93 9EA",4,5
HMOM/20/62808,"123 Leeside CrescentLondonNW11 0JN",200072238,11/06/2020 00:00,,"Homestudios 4U LtdHomestudios 4 U","Lower Ground Floor 12 - 16 Portsdown MewsLondon NW11 7HD",,
HMOM/20/62881,"Flat 9313A Ballards LaneLondonN12 8LY",200163308,02/07/2020 00:00,,Mrs Zeezee Ranginkaman,"12 Sheaveshill ParadeSheaveshill Avenue London NW9 6RS",,
HMOM/19/61369,"43 Woodcote AvenueLondonNW7 2PG",200128523,24/09/2019 00:00,,Mr Shaheen Fani,"28 Madeleine CourtLondon HA7 1FX",6,6
HMOM/20/62513,"191 Golders Green RoadLondonNW11 9BY",200049083,21/08/2020 00:00,,Ginette  Silber,"23 Rodborough RoadLondonNW11 8SA",,13
HMOM/20/62527,"36 Nethercourt AvenueLondonN3 1PT",200084776,16/04/2020 00:00,,Miss Melissa Lim,"Flat 7, 77 Holders Road London N12 7DP",5,6
HMOM/20/62529,"17 Elm Park RoadLondonN3 1EG",200037337,21/04/2020 00:00,,,,6,6
HMOM/20/62926,"2 Thorverton RoadLondonNW2 1RE",200117738,02/10/2020 00:00,,Miss Roisin Muluihill,"6 Constantine RoadLondonNW3 2NG",,
HMOM/20/62997,"19 Ranelagh DriveEdgwareHA8 8HJ",200096690,18/09/2020 00:00,,Mrs Ancuta Solovastru,"9 Donnington Road London  HA3 0NB",7,13
HMOM/20/63073,"132A Cricklewood BroadwayLondonNW2 3EE",200028843,16/10/2020 00:00,,Mr Moreno Pericolo,"92 Anson RoadLondonNW2 6AG",6,5
HMOAA/19/61365,"157A Brent StreetLondonNW4 4DJ",200013701,17/09/2019 00:00,,Samuel Gabay,"188 Great North Way LondonNW4 1DY",0,5
HMOME/19/61396,"2 Scout WayLondonNW7 3JW",10093992915,29/10/2019 00:00,,Rent Connect,"258 Capability Green Bussiness ParkLutonLU1 3LU",5,10
HMOME/19/61396,"2 Scout WayLondonNW7 3JW",10093992915,29/10/2019 00:00,,,"Rent Connect 258 Capability Green Bussiness ParkLutonLU1 3LU",5,10
HMOM/20/62813,"8 Rosemont AvenueLondonN12 0BX",200099328,20/08/2020 00:00,,Mrs Camilla Solanki,"CraigoverSt Andrews Close LondonN12 8BA",10,10
HMOM/20/63372,"84 Brent Park RoadLondonNW4 3HP",200013561,29/10/2020 00:00,,Mr Zia Hussain,"29 Sneyd RoadCricklewoodLondon NW2 6AL",5,5
HMOAA/19/61571,"105 Booth RoadLondonNW9 5JU",200012562,19/11/2019 00:00,,Mr Mohammed Niavarani,"41 Millwood Cardiff CF14 0TL",4,4
HMOM/19/61747,"11A Woodhouse RoadLondonN12 9EN",200129025,28/11/2019 00:00,,Mr Tiago Miguel Lopes,"12 Addington Drive London N12 0PH",6,10
HMOM/19/61723,"45B Golders Green RoadLondonNW11 8EL",200048687,14/11/2019 00:00,,Mr Joseph Dangoor,"57 Golders Green RoadLondonNW11 8EL",5,5
HMOM/20/63150,"164 Granville RoadLondonNW2 2LD",200204897,13/11/2020 00:00,,Mrs Yvonne Burkinshaw,"28 Loom LaneRadlettWD7 8AD",2,5
HMOM/19/62063,"71 Ravensdale AvenueLondonN12 9HR",200097153,07/01/2020 00:00,,Mr Matt Bricka,"25 Shortlands Road LondonE10 7AH",5,6
HMOM/19/62196,"18 Granville RoadLondonN12 0HJ",200050437,12/03/2020 00:00,,Mrs Gail Blain,"4 Hillside GardensEdgwareHA8 8HE",5,10
HMOAA/19/62273,"35 Ashbourne AvenueLondonNW11 0DT",200200351,21/08/2020 00:00,,Mr Daren Davis,"18 West Hill CourtMillfield LaneLondonN6 6JJ",9,10
HMOM/20/62395,"44A Cricklewood LaneLondonNW2 1HD",200028916,15/05/2020 00:00,,Mr Allan Campbell,"46 Cricklewood LaneLondonNW2 1HD",5,5
HMOM/20/63476,"64 Babington RoadLondonNW4 4LD",200005974,05/11/2020 00:00,,Mr Dinesh Patel,"66 Babington RoadLondonNW4 4LD",,6
HMOM/20/63488,"9 Golders GardensLondonNW11 9BP",200048493,29/01/2021 00:00,,Mr Kamyar Mansouri,"155 Golders Green RoadLondonNW11 9BX",,
HMOM/19/61533,"12 Cyprus RoadLondonN3 3RY",200030178,31/10/2019 00:00,,Live-in Guardians LTD,"Carradine House 237 Regents Park RoadLondon N3 3LF",5,6
HMOM/20/62985,"14 Ravenscroft AvenueLondonNW11 0RY",200096983,25/09/2020 00:00,,Mr Elli Abramov,"36 MiddlewayLondonNW11 6SG",6,12
HMOME/19/61742,"14 Southbourne CrescentLondonNW4 2JY",200104887,03/12/2019 00:00,,Mr Daren Davis,"18 West Hill CourtLondon N6 6JJ",6,6
HMOAA/20/62771,"40B The Market PlaceFalloden WayLondonNW11 6JP",200078940,26/06/2020 00:00,,State Centre Ltd,"13 West Hampstead Mews LondonNW6 3BB",0,5
HMOAA/20/63003,"4 Finchley ParkLondonN12 9JN",200041366,09/10/2020 00:00,,Mr Rassool Vali Pour Azari,"Ryan EstatesStation Road BorehamwoodHertsWD6 1DP",,
HMOME/19/61334,"22 Ash GroveLondonNW2 3LL",200004528,26/09/2019 00:00,,Mrs Tania Gudka,"8 Jordan CloseWatfordHertsWD25 7AF",6,6
HMOME/19/61564,"10 Hutton GroveLondonN12 8DT",200067481,16/10/2019 00:00,,Mrs Vivayanti Bashir,"35 Alexandra Grove North Finchley London N12 8HE",5,6
HMOM/19/61607,"337 Hendon WayLondonNW4 3NB",200059558,19/12/2019 00:00,,Mr Aviram Cohen,"BarakaGreenbank Crescent London NW4 2LA",,10
HMOAA/20/62970,"87 Holders Hill DriveLondonNW4 1NN",200065317,18/09/2020 00:00,,Ms Michaela Kainz,"36 Waverley GroveLondon N3 3PX",3,5
HMOM/20/63333,"20 Evelyn RoadBarnetHertsEN4 9JT",200038929,08/10/2020 00:00,,Mr Ashvin Degnarain,"Flat 10, 73B Drayton RoadLondon N5 1DX",8,8
HMOAA/19/61224,"255 Colney Hatch LaneLondonN11 3DH",200026425,12/09/2019 00:00,,Mr Andrew Wedd,"139 Benfleet RoadEssex United Kingdom SS7 1QF",4,5
HMOM/19/61390,"655A Watford WayLondonNW7 3JR",200122456,06/11/2019 00:00,,Rent Connect,"258 Capability Green Bussiness ParkLutonLU1 3LU",10,10
HMOM/19/61390,"655A Watford WayLondonNW7 3JR",200122456,06/11/2019 00:00,,Rent Connect,"258 Capability Green Bussiness ParkLutonLU1 3LU",10,10
HMOM/19/61609,"54 Fairfield CrescentEdgwareHA8 9AH",200223784,07/11/2019 00:00,,Mr Walter Vethanayagam,"26 Elmwood AvenueHarrowMiddxHA3 8AH",7,7
HMOAA/19/61977,"Flat 1Monkville MansionsFinchley RoadLondonNW11 0AJ",200041845,19/12/2019 00:00,,Arpom Ltd,"23 Kingsgate AvenueLondon N3 3DH",2,5
HMOM/19/62044,"41 Selborne GardensLondonNW4 4SH",200102039,09/01/2020 00:00,,Mr Aviram Cohen,"BarakaGreenbank CrescentLondonNW4 2LA",7,6
HMOME/20/63329,"88 Station RoadLondonN3 2SG",200108270,29/01/2021 00:00,,Ms Shalini Aujla,"16 Windor RoadLondon N3 3SS",,
HMOAA/19/61983,"Flat 2Monkville MansionsFinchley RoadLondonNW11 0AJ",200041846,07/01/2020 00:00,,Arpom Ltd,"23 Kingsgate AvenueLondonN3 3DH",3,6
HMOME/20/63403,"979 Finchley RoadLondonNW11 7HA",200042354,27/11/2020 00:00,,Mrs Ginette Silber,"23 Rodborough RoadLondon NW11 8SA",7,10
HMOME/20/63433,"Flat 639A Golders Green RoadLondonNW11 8EE",10094706913,10/12/2020 00:00,,Mr Hazem Salem,"Flat 3- 39A , Golders Green RoadLondonNW11 8EE",6,8
HMOM/19/61220,"754A Finchley RoadLondonNW11 7TH",200041643,10/09/2019 00:00,,Sherrards Properties,"Flat 22,  2 Avenue Road, London,  NW8 7PU",6,6
HMOM/19/62284,"44A The BroadwayLondonNW7 3LH",200113979,18/02/2020 00:00,,Greggs PLC,"Gould RoadTwickenhamTW2 62T",0,5
HMOM/20/63036,"38 Buckingham AvenueLondonN20 9DE",200017438,27/08/2020 00:00,,Mr Bhavesh Chauhan,"38 Buckingham AvenueLondonN20 9DE",,5
HMOM/19/61697,"16 Glebe CrescentLondonNW4 1BU",200047414,18/12/2019 00:00,,Mr Jonathan Nassim,"4 Linfield CloseHendon NW4 1BZ",5,6
HMOM/20/63290,"49 SouthfieldsLondonNW4 4LX",200105020,27/11/2020 00:00,,Mr Sunday Agwaze,"47 SouthfieldsLondonNW4 4LX",,
HMOAA/20/63513,"23 Dudley RoadLondonN3 2QR",200034324,04/01/2020 00:00,,Mr Chetin Malyali,"41 Brairfield AvenueLondon N3",,
HMOAA/19/61370,"157B Brent StreetLondonNW4 4DJ",200227372,02/10/2019 00:00,,Mr Samuel Gabay,"188 Great North Way London NW4 1DY",0,5
HMOAA/19/61955,"46 Glebe RoadLondonN3 2AX",200047490,19/12/2019 00:00,,Mr Dilip Vora,"126 Kings AvenueWoodford Green Essex1G8 0JQ",4,5
HMOME/20/63217,"5 Gloucester GardensLondonNW11 9AB",200048015,11/12/2020 00:00,,Bercleys Properties Ltd,"Data House 43 Stamford HillLondonN16 5SR",8,10
HMOAA/19/61570,"139 Montrose AvenueEdgwareMiddxHA8 0DZ",200082644,06/11/2019 00:00,,Miss Mingjuan Pan,"139 Montrose AvenueEdgwareHA8 0DZ",3,4
HMOM/19/61714,"33 New Trinity RoadLondonN2 8EE",10093299580,28/11/2019 00:00,,Mr Alexander Shaw,"63 Halliwick RoadLondon N10 1AA",4,4
HMOAA/19/61809,"Flat 13Queens MansionsWatford WayLondonNW4 3AN",200122084,04/12/2019 00:00,,Mr William Aziz,"25 Beaulieu CloseLondon NW9 5SB",4,5
HMOAA/19/62162,"75 Hervey CloseLondonN3 2HH",200060222,11/02/2020 00:00,,Mr Kausik Budhdeo,"77 Hervey CloseLondonN3 2HH",4,5
HMOM/20/63056,"31 Elm GroveLondonNW2 3AE",200037286,20/11/2020 00:00,,Mrs Regine Lovell,"Flat B 12 Milverton RoadLondonNW6 7AS",7,8
HMOAA/19/61411,"Flat 4Golders CourtWoodstock RoadLondonNW11 8QG",200130728,22/10/2019 00:00,,Mr Peter Panayiotou,"Rent With Us Ltd13 West Hamstead Mews London NW6 3BB",3,5
HMOAA/19/61997,"17A Hendon WayLondonNW2 2LX",200196183,07/01/2020 00:00,,Mr Syed Mehdi Ali Meerza,"14 Pursley RoadLondon NW7 2BT",4,4
HMOM/20/62782,"38 Elmcroft CrescentLondonNW11 9SY",200037545,03/07/2020 00:00,,Mr Garmen Sahakian,"Greenfield House Barnet RoadArkley Herts EN5 3JU",11,10
HMOME/20/63411,"47 Netherlands RoadBarnetEN5 1BP",200084877,26/11/2020 00:00,,Mr Tagbo Umenyilora,"47 Netherlands RoadBarnetEN5 1BP",0,5
HMOM/19/61696,"37 New Trinity RoadLondonN2 8EE",10093299582,23/01/2020 00:00,,Mr Alexander Shaw,"63 Halliwick RoadLondonN10 1AA",4,4
HMOM/20/62762,"38A Station RoadEdgwareMiddxHA8 7AB",200152173,28/05/2020 00:00,,Mr Hassan Zabeti-Targhi,"86 Woodstock Avenue Golders Green London NW11 9RJ",,9
HMOM/20/63193,"31 Torrington ParkLondonN12 9TB",200118161,11/12/2020 00:00,,Mrs Sarita Langdon,"18 Sellers Hall CloseLondonN3 1JL",,
HMOME/19/61658,"Flat 4Florence MansionsVivian AvenueLondonNW4 3UY",200120838,06/11/2019 00:00,,Suman Enterprises Limited,"11 Vaughan Avenue London NW4 4HT",5,5
HMOM/19/61859,"12A Oakdene ParkLondonN3 1EU",200087308,26/03/2020 00:00,,Mr Asif Bashir,"35 Alexandra GroveFinchley London N12 8HE",0,6
HMOME/20/63581,"5 St Marys AvenueLondonN3 1SN",200106716,28/01/2021 00:00,,M Dream Property,"29 Finchley LaneLondon NW4 1BX",9,11
HMOME/20/63624,"110 Wood StreetBarnetEN5 4BY",200128307,29/01/2021 00:00,,Mr Paul Collins,"The Den Barnet RoadEN5 3HY",5,6
HMOM/21/63683,"25 Booth RoadLondonNW9 5JS",200012497,12/02/2021 00:00,,Mr Stephen Harris,"C/O 141 Edgwarebury Lane EdgwareLondonHA8 8ND",8,9
HMOME/20/63569,"28 Prayle GroveLondonNW2 1AY",200094404,29/01/2021 00:00,,Chris Philippou,"Stef & Philips LtdThe Grange, 100 High StreetLondonN14 6BN ",0,6
HMOME/20/63620,"91B Church RoadLondonNW4 4DP",200022899,29/01/2021 00:00,,Mr Min Qiu Yu,"91B Church RoadLondon02/12/195507877 856 564Property Owner93 Felix Court, 11 Charcot RoadNW9 5ZE",0,6
