"REFERENCE","ADDRESS","UPRN","ISSUED","TRADENAME","LICENSE OWNER","LICENSE OWNER ADDRESS","TOTAL PERMITTED"
"HMOM/15/51993","15 Page StreetLondonNW7 2EL","000200090176",25/8/2017 00:00:00,,"James Joseph, Joseph James And Bernadette Catherine Walsh","15 Page StreetLondonNW7 2EL",
"HMOM/16/53096","124 Station RoadLondonN3 2SG","000200108306",17/10/2017 00:00:00,,"Ms Sharon Samuel","15 Clifton RoadLondonN3 2AS","5"
"HMOAA/16/54070","51 SouthfieldsLondonNW4 4LX","000200105022",31/10/2017 00:00:00,,"Douglas Martin Estate Agents","18 Central CircusLondonNW4 3AS","5"
"HMOM/16/52567","15 DownageLondonNW4 1AS","000200034087",23/4/2018 00:00:00,,"Mr Elvin Asgarov","44 Sterling AvenueEdgwareHA8 8BS","10"
"HMOM/16/54260","19 Rundell CrescentLondonNW4 3BS","000200099928",24/10/2017 00:00:00,,"Mr Danny Hermon","109 High StreetWealdstoneHA3 5OL","5"
"HMOM/16/53577","7 - 8 Central CircusLondonNW4 3JS","000200219679",30/1/2019 00:00:00,,"Shepherd Cox Mixed Use (Hendon) Limited","2nd Floor, 32-33 Gosfield Street LondonW1W 6HL","9"
"HMOAA/16/54323","14 Sturgess AvenueLondonNW4 3TS","000200109918",8/5/2018 00:00:00,,"Deborah Pliskin","15 Bay CourtPopes LaneW5 4NE","5"
"HMOM/16/54425","77 Friern Barnet RoadLondonN11 3EH","000200044924",24/11/2017 00:00:00,,"RADOJKA ZEKAVICA","25 Beech HillHadleywoodBarnetEN4 0JN","14"
"HMOAA/16/54045","15 Park View GardensLondonNW4 2PR","000200091340",4/10/2017 00:00:00,,"Douglas Martin Estate Agents","18 Central CircusHendonNW4 3AS","5"
"HMOAA/16/54066","81 SouthfieldsLondonNW4 4NA","000200105039",10/10/2017 00:00:00,,"Douglas Martin Estate Agents Limited","Harben HouseHarben ParadeFinchley RoadLondon, NW3 6LH","5"
"HMOAA/16/54390","34 The ValeLondonNW11 8SG","000200117241",17/5/2018 00:00:00,,"IPMLS Ltd","24 Fowey AvenueIG4 5JT","7"
"HMOAA/16/54403","79 Friern Barnet RoadLondonN11 3EH","000200044925",29/9/2017 00:00:00,,"Mr Dhunnoo Haresh","33 BrookdaleNew SouthgateLondonN11 1BP","13"
"HMOAA/17/55709","10A Parson StreetLondonNW4 1QB","000200091852",7/3/2018 00:00:00,,"Mr Russell Fraser","20 Parson StreetHendon, LondonNW4 1QB","5"
"HMOAA/17/55870","Flat 4Acacia Court1 Brent GreenLondonNW4 2HA","000200139632",13/9/2017 00:00:00,,"Mr Shailesh Kadiwar","903-905 Finchley RoadLondonNW11 7PE","4"
"HMOAA/17/55994","Flat 40Burnham CourtBrent StreetLondonNW4 2RE","000200013791",18/1/2018 00:00:00,,"Mr Avi Kogan","64 Audley RoadLondonNW4 3HB","4"
"HMOM/17/56165","24 Oak GroveLondonNW2 3LP","000200087112",25/9/2017 00:00:00,,"Juliano Guerra","208 Villiers RoadNW2 5PU","8"
"HMOAA/17/55926","11 St Marys CrescentLondonNW4 4LJ","000200106763",6/10/2017 00:00:00,,"Mr Feroza Rustomjee","26 Craven Street LONDONWC2N 5NT",
"HMOAA/17/55571","123 Cheviot GardensLondonNW2 1QB","000200021792",17/10/2017 00:00:00,,"MR CHRIS FORDYCE","14 SUNNY HILLS HENDON LONDONNW4 4LL","5"
"HMOM/17/56074","20 Thorverton RoadLondonNW2 1RE","000200117756",6/10/2017 00:00:00,,"Miss Christine Bouilly","6 Ashford Road LondonNW2 6TP",
"HMOAA/17/55674","32 Algernon RoadLondonNW4 3TA","000200003021",6/11/2017 00:00:00,,"Stefan Labuda","39 Vivian Avenue HendonLONDONNW4 3UX","7"
"HMOAA/17/56300","12 Langley ParkLondonNW7 2AA","000200071155",6/10/2017 00:00:00,,"Dr Helena Benson","12 St. Georges RoadLondonNW11 0LR","5"
"HMOAA/17/56358","1 WestsideLondonNW4 4XD","000200125785",24/11/2017 00:00:00,,"Amrishbhai S. & Swatiben A. Gor","390 Watford Way, Hendon, London NW4 4XE.","5"
"HMOM/17/56363","22 Wycombe GardensLondonNW11 8AL","000200131572",27/10/2017 00:00:00,,"Mr Abraham Hirsch","22 Wycombe GardensLondonNW11 8AL",
"HMOAA/17/55637","Flat 4Edward House15 Hendon LaneLondonN3 1RT","000200058993",13/9/2017 00:00:00,,"Manisha Patel Daksha Hirani &","51 GLENDALE GARDENSMIDDLESEXHA9 8PR","5"
"HMOAA/17/56407","Upper Floor8 St Marys RoadLondonNW11 9UG","000200134169",19/10/2017 00:00:00,,"Mr Russell Caller","22 Hill TopLondon NW11 6EE","5"
"HMOM/17/56410","386A Finchley RoadLondonNW2 2HP","000200226796",3/10/2017 00:00:00,,"Mr Hemal Mithani","Mithani Properties Ltd20A Halliford StreetCorner Of Elizabeth AvenueIslington N1 3HD","5"
"HMOM/17/56411","16 Leicester RoadLondonN2 9EA","000200197964",4/11/2017 00:00:00,,"Malcolm Coates","8 Totnes Walk, London N2 0AD.","5"
"HMOAA/17/56542","50 Wheatley CloseLondonNW4 4LG","000200125955",9/11/2018 00:00:00,,"Mrs Zena Behrman","27 Prothero Gardens London NW4 3SJ","5"
"HMOM/17/56578","15 Woodside Park RoadLondonN12 8RT","000200130489",28/11/2017 00:00:00,,"Mrs Sharon Freilich","5 Sentinel SquareHendon, LondonNW4 7EL","13"
"HMOAA/17/56801","1 Elvington LaneLondonNW9 5WB","000200037967",19/1/2018 00:00:00,,"Rev Mordechai Nissim","22 Herlot RoadLondonNW4 2DG","5"
"HMOM/17/56828","4 Kingswood CloseLondonN20 9PX","000200070190",5/3/2018 00:00:00,,"Mr David Ford","1 Kingswood  CloseWhetstone  London N20 9PX","5"
"HMOAA/17/56500","Flat 12Wykeham CourtWykeham RoadLondonNW4 2TE","000200131586",7/11/2017 00:00:00,,"Mr EDMOND ABRAHAM","27 Wykeham RoadLondon NW4 2TE","5"
"HMOAA/17/57003","46 Oak Tree DriveLondonN20 8QH","000200087193",4/1/2018 00:00:00,,"Mr Francis Osei-TuTu","7 Brooke RoadLondon E17 9HH","6"
"HMOM/17/55280","Flat 1Kennyland CourtHendon WayLondonNW4 3LU","000200059506",5/9/2017 00:00:00,,"Hanover Chase Properties Limited","Hanover Chase Properties LimitedS25A CHURCHILL HOUSE137-139 BRENT STREETHENDON, LONDONNW4 4OJ","5"
"HMOAA/17/56562","26A Oakleigh Road SouthLondonN11 1NH","000200131961",20/3/2018 00:00:00,,"Mr Robert Walter","59 Burnham Green RoadWelwyn HertfordshireAL6 0NH","3"
"HMOAA/17/57001","1 Manor Park CrescentEdgwareHA8 7NL","000200077854",2/1/2018 00:00:00,,"Dr Benaiah George Bardi","61 Lyndhurst GardensFinchley CentralLondon N3 1TA","9"
"HMOAA/17/56442","65 Vivian AvenueLondonNW4 3XE","000200120988",3/10/2017 00:00:00,,"Mr Ken Lau","25 Allington RoadHendonLondon NW4 3EA","7"
"HMOAA/17/56886","175 Torrington ParkLondonN12 9AP","000200118288",23/3/2018 00:00:00,,"Ms Diana Mary Barrett","22 Hollyfield Avenue London N11 3BY","5"
"HMOAA/17/56720","65 Cheviot GardensLondonNW2 1QD","000200021734",27/12/2017 00:00:00,,"Mr Teddy Nazim","5 Grampian Gardens Golders Green London NW2 1JH","4"
"HMOM/17/56930","43 Fallow Court AvenueLondonN12 0EA","000200040219",19/1/2018 00:00:00,,"Jason Brown","35 Litchfield Way London NW11 6NS","5"
"HMOM/17/56735","167A Brent StreetLondonNW4 4DH","000200013706",13/12/2017 00:00:00,,"Mr Samuel Margolin","Bergson PropertiesHoneywood House2A Wordsworth WalkLondonNW11 6AU",
"HMOAA/17/56845","46B The Market PlaceFalloden WayLondonNW11 6JP","000200078949",2/1/2018 00:00:00,,"Mr Jonathan Bambaji","14 Harmsworth Way London N20 8JU","5"
"HMOAA/17/57045","14 Mays LaneBarnetEN5 2EE","000200080279",19/12/2017 00:00:00,,"Dr Khalid Mannan","25 Uplands Drive,Brookmans ParkHatfield AL9 6PT","5"
"HMOAA/17/56899","Flat D965 Finchley RoadLondonNW11 7PE","000200226289",8/12/2017 00:00:00,,"Mr & Mrs Grinbaum","45 Egerton GardensHendonLondon NW4 4BB","5"
"HMOAA/17/56911","115 Squires LaneLondonN3 2AJ","000200105933",1/2/2018 00:00:00,,"Mr Ramin Ghaderi","2 BroadwayFrien Barnet N11 3DT","4"
"HMOM/17/56477","4 Portsdown AvenueLondonNW11 0NB","000200094077",6/11/2017 00:00:00,,"Mrs Elsie Ann Krokatsis","6 Portsdown AvenueGolders GreenLondon NW11 0NB","5"
"HMOAA/17/55898","28 Gresham GardensLondonNW11 8PB","000200053260",21/11/2017 00:00:00,,"Leib Levison","BC House 18 Lodge RoadNW4 4EF","5"
"HMOM/17/56683","8 Clarendon GardensLondonNW4 4UU","000200023835",8/11/2017 00:00:00,,"Mr Huan Liu","15 Vernon DriveLondon HA7 2BP","8"
"HMOAA/17/56826","756A Finchley RoadLondonNW11 7TH","000200041645",2/1/2018 00:00:00,,"Sherrards Properties","Sherrards Properties 18 The Market Place London NW11 6JJ","5"
"HMOMA/17/56664","158A High RoadLondonN2 9AS","000200061134",30/11/2017 00:00:00,,"Mrs Yvonne Bryson","94 Chelwood AvenueHatfieldHerts AL10 0RE","5"
"HMOM/17/56792","14 Gervase RoadEdgwareHA8 0EP","000200047182",5/1/2018 00:00:00,,"Mr Monir Eid-Arimoku","Side Garden Flat43 Gervase RoadEdgware,  HA8 0EW","5"
"HMOM/17/56504","16 Percy RoadLondonN12 8BU","000200093230",21/11/2017 00:00:00,,"Navinlal Bhaji Patel","27 Petworth RoadLondon N12 9HE","5"
"HMOAA/17/56544","49 Wheatley CloseLondonNW4 4LG","000200125954",26/1/2018 00:00:00,,"Mrs Mrs Zena Behrman","27 Prothero Gardens London  NW4 3SJ","5"
"HMOM/17/56763","Flat B53 Church RoadLondonNW4 4DU","000200154912",2/2/2018 00:00:00,,"Sentware Ltd","51 Church RoadHendonLondon NW4 4DU","5"
"HMOAL/17/56992","361 Ballards LaneLondonN12 8LJ","000200006212",2/11/2017 00:00:00,,"ANDREAS CHARALAMBOUS","ANTHEA LETTINGS2 DRAYTON PARKLONDON N5 1NU","9"
"HMOAA/17/55969","4 Skipton CloseLondonN11 3EZ","000200104057",13/9/2017 00:00:00,,"Bhavin Parikh","2 Garsdale CloseLondonN11 3EF","4"
"HMOM/17/55985","10 Wenlock GardensLondonNW4 4XJ","000200123634",16/10/2017 00:00:00,,"Mr Anthony Louis O'Brien","Copper EindeKelvedon RoadLT. BraxtedEssex CM8 3LD","6"
"/HMOAA/17/55934","15 Gunter GroveEdgwareHA8 0HB","000200053911",27/10/2017 00:00:00,,"Ms Cristina Morar","75 Scott Road EdgwareMiddx HA8 5QR","5"
"HMOM/17/56116","First Floor Flat116 Station RoadLondonNW4 3SN","000200227327",22/5/2018 00:00:00,,"Mr & Mrs Mattatia & Yaffa Haron","29 Sunningfields RoadHendonLondon NW4 4QR","5"
"HMOAA/17/56141","21 Briarfield AvenueLondonN3 2LG","000200014604",14/9/2017 00:00:00,,"Mr Pritam Bhova","72 Tintern Avenue KingsburyLondon NW9 0RL","5"
"HMOAA/17/56017","15 Alexandra RoadLondonNW4 2SB","000200002970",29/11/2017 00:00:00,,"Mrs Ester Bengigi","15 Alexandra RoadLondonNW4 2SB","4"
"HMOAA/17/56298","64 Mays LaneBarnetEN5 2DZ","000200212320",22/11/2017 00:00:00,,"Mehul Patel","144 Arlington RoadSouthgateLondon N14 5AT","6"
"HMOM/17/55703","16 Newark WayLondonNW4 4JL","000200085262",9/7/2018 00:00:00,,"Alastair MacNaughton","Flat 702, Navigation BuildingStation ApproachHayesMiddlesex UB3 4FF","6"
"HMOAA/17/55214","14 Graham RoadLondonNW4 3HE","000200049861",7/6/2018 00:00:00,,"MR SULMAN RAHMAN","1 RUNDELL CRESCENTHENDON, LONDONNW4 3HE","9"
"HMOM/17/56323","10 Dollis ParkLondonN3 1HG","000200033156",21/10/2017 00:00:00,,"Yosef Zekaria","33 Woodcroft AvenueMill HillLondon NW7 2AH","10"
"HMOAA/17/56428","69 Cricklewood LaneLondonNW2 1HR","000200029196",29/11/2017 00:00:00,,"Ms Ayelet Avroya","21 Grampian GardensLondon NW2 1JH","6"
"HMOMA/17/56238","127 Lichfield GroveLondonN3 2JL","000200073159",24/11/2017 00:00:00,,"Mr Roman Oscar","London Homes Estate Agent2 Broadway Friern Barnet RoadLondonN11 3DT",
"HMOM/17/56254","20 West WayEdgwareHA8 9LB","000200125038",6/10/2017 00:00:00,,"Vishal Aggarwal","10 Sandymount AvenueStanmore, MiddlesexHA7 4TY","8"
"HMOAA/17/56259","13 Old Rectory GardensEdgwareHA8 7LS","000200089327",8/12/2017 00:00:00,,"Adrian Pearson","22 Saint Birstan RoadAndover, HampshireSP10 4NY","5"
"HMOM/17/56274","1st & 2nd Floor5 Beechcroft AvenueLondonNW11 8BJ","000200009109",14/9/2017 00:00:00,,"Alexis Matsukis","Vedados Ltd40 ForestdaleSouthgate, LondonN14 7DX","9"
"HMOAA/17/56305","22 Wenlock RoadEdgwareHA8 9JF","000200123696",20/12/2017 00:00:00,,"Mr Uri Neufeld","68 Leeside CrescentLondonNW11 0LA","5"
"HMOM/17/56027","14 Carlton CloseEdgwareHA8 7PY","000200019419",13/9/2017 00:00:00,,"Roger Fortune","Langdon Communities 2A Camrose House EdgwareHA8 6EG","8"
"HMOAA/17/56258","409 Long LaneLondonN2 8JN","000200150707",2/11/2017 00:00:00,,"Varshaben Kotecha","138 Draycott Avenue,Harrow HA3 0BZ.","5"
"HMOMA/17/56613","9 Falkland AvenueLondonN3 1QR","000200220229",7/11/2017 00:00:00,,"A.A.Z. PROPERTIES LIMITED","Solar House 282 Chase Road London N14 6NZ","8"
"HMOAA/17/56716","Flat 3Florence MansionsVivian AvenueLondonNW4 3UY","000200120837",16/11/2017 00:00:00,,"Mrs Aparna Puri","31 Westwood DriveAmershamHP6 6RN","5"
"HMOM/17/56953","7A Sheaveshill ParadeSheaveshill AvenueLondonNW9 6RS","000200000145",19/1/2018 00:00:00,,"Mr Stuart Diamond","7 Sheaveshill ParadeSheaveshill AvenueLondon NW9 6RS","5"
"HMOAA/17/55635","54 Cleveland GardensLondonNW2 1DY","000200024027",5/10/2017 00:00:00,,"Mr TEDDY NAZIM","5 GRAMPIAN GARDENSGOLDERS GREENLONDON, NW2 1JH","5"
"HMOM/17/56349","111 Cotswold GardensLondonNW2 1PE","000200027523",10/10/2017 00:00:00,,"Arvin Patel","L G Property Investments LtdUnit A, 715 North Circular RoadLondon NW2 7AH","10"
"HMOAA/17/56351","39 Woodstock AvenueLondonNW11 9RG","000200130635",31/10/2017 00:00:00,,"Rabbi Moshe Dadoun","18 Elm CloseLondonNW4 2PH","12"
"HMOM/17/56719","62 Babington RoadLondonNW4 4LD","000200005973",28/12/2017 00:00:00,,"Mr Narhari Khimani","80 Worcester CrescentMill HillLondonNW7 4LL","5"
"HMOAA/17/56626","1 Portman GardensLondonNW9 5AS","000200094032",4/1/2018 00:00:00,,"Mr Abe Kantor","Sutherland House70-78 West Hendon BroadwayLondon NW9 7BT","6"
"HMOAA/17/56877","209 Colney Hatch LaneLondonN10 1AP","000200026369",28/11/2017 00:00:00,,"Ms Dawn Marie Benson","128 VictoriaRoadAlexandra ParkLondon N22 7XQ","5"
"HMOAA/17/57027","13 St Albans RoadBarnetEN5 4LN","000200106135",2/1/2018 00:00:00,,"Ms Anh Dao Carrick","192 Woodseer StreetLondon E1 5HQ","5"
"HMOAA/17/56825","26 Renters AvenueLondonNW4 3RB","000200098075",25/1/2018 00:00:00,,"Mr Clement Aye","26 Renters Avenue Hendon London NW4 3RB","5"
"HMOM/17/55260","887B Finchley RoadLondonNW11 8RR","000200041702",25/9/2017 00:00:00,,"MR Jung Hyeon Kim Kim","887B Finchley RoadGolders Green LONDONNW11 8RR","9"
"HMOAA/17/57033","366 Watford WayLondonNW4 4XA","000200122323",16/11/2019 00:00:00,,"Mr Neville Serlui And Mr Stephen Harris","7 Hill RoadLondon NW8 9QE","10"
"HMOM/17/56527","8 Quantock GardensLondonNW2 1PH","000200095827",2/11/2017 00:00:00,,"Mr Seyed Zolfaghari","7 Regency ParadeLondon NW3 5EG","6"
"HMOM/17/56485","29 Cotswold GardensLondonNW2 1QT","000200027441",31/10/2017 00:00:00,,"Teddy Nazim","5 Grampian GardensGolders GreenLondon NW2 1JH","6"
"HMOM/17/56885","86 Bell LaneLondonNW4 2AE","000200009481",28/11/2017 00:00:00,,"Mrs Lalita Ramtohul","86 Bell LaneHendonLondon NW4 2AE","5"
"HMOAA/17/56928","Flat 11Temple Fortune CourtTemple Fortune LaneLondonNW11 7TR","000200113344",2/1/2018 00:00:00,,"Mr Desmond Scott","112 Hampstead Way London,  NW11 7XY","5"
"HMO/17/54810","861A High RoadLondonN12 8PT","000200224525",18/1/2018 00:00:00,,"Mr Malidly Paget","117 Whitchurch GardensEdgwareHA8 6PG ","5"
"HMOM/17/56764","Flat C53 Church RoadLondonNW4 4DU","000200154913",30/11/2017 00:00:00,,"Sentware Ltd","51 Church RoadHendonLondon NW4 4DU","3"
"HMOAA/17/57030","34B The Market PlaceFalloden WayLondonNW11 6JJ","000200078929",28/12/2017 00:00:00,,"Max Thomas Family Holdings","599A Green LanesLondon N8 0RL","5"
"HMOAA/17/57053","21 Leeside CrescentLondonNW11 0DA","000200072137",4/1/2018 00:00:00,,"Mr Charles Teff","5 Eastville AvenueLondonNW11 0HD","6"
"HMOAA/17/57080","56 Wheatley CloseLondonNW4 4LG","000200125961",3/1/2018 00:00:00,,"Mr Stephen Harris","141 Edgwarebury LaneEdgware,Middlesex HA8 8ND","5"
"HMOAA/17/55174","17 Parade MansionsVivian AvenueLondonNW4 3YD","000200120883",30/1/2018 00:00:00,,"Mr David Prince","6 Vivian AvenueLondonNW4 3YA","10"
"HMOAA/17/56054","15 Squires LaneLondonN3 2AN","000200105843",25/10/2017 00:00:00,,"Loucas Pagonis","210 Streatfield RoadKentonHarrow HA3 9BX","6"
"HMOM/17/56607","192 Cricklewood BroadwayLondonNW2 3EB","000200028883",12/12/2017 00:00:00,,"Mr Ahmad Darwiche","Flat 7 284 Kilburn Lane London W10 4BW","4"
"HMOM/17/55675","5 Ashbourne AvenueLondonNW11 0DP","000200200326",9/8/2018 00:00:00,,"Davis Darren Philip","Flat A60 Brookside Road NW11 9NG","11"
"HMOAA/17/56045","10A Churchfield AvenueLondonN12 0NT","000200023120",13/9/2017 00:00:00,,"H Rahman","22 Woodstock CloseMacclesfieldCheshire SK10 3DZ","4"
"HMOM/17/56555","74 Ridgeview RoadLondonN20 0HL","000200098622",2/11/2017 00:00:00,,"Dr Rizwan Hanif","586 Chorley New RoadLostockBolton BL6 4DW","5"
"HMOAA/17/56609","91A East End RoadLondonN2 0SU","000200154421",16/3/2018 00:00:00,,"Mr Vinasithamby Nagendram","11 Chestnut Drive PinnerHAS 1LX","4"
"HMOAA/17/55813","477 Watford WayLondonNW4 4TR","000200122385",8/9/2017 00:00:00,,"Mark Fruin","Flat 9Ian Hamilton House40 Doric Way LondonNW1 1LH","5"
"HMOAA/17/56694","35 Hillcourt AvenueLondonN12 8EY","000200063637",28/11/2017 00:00:00,,"Dr Nancy Devlin","Pudding House3 Treacle Lane, Rushden VillageNorth Hertforshire SG9 0SJ","5"
"HMOAA/17/56696","9 Norwich WalkEdgwareHA8 0TZ","000200086935",23/3/2018 00:00:00,,"Mr Elvin Asgarov","Avea Management Ltd138 Brent StreetHendon, London NW4 2DR","4"
"HMOM/17/56785","2 Bedford RoadLondonN2 9DA","000200139805",8/12/2017 00:00:00,,"Coll McSweeney And McSweeney Partnership","4 Killarney CourtLodge CrescentWaltham Cross EN8 8EW","5"
"HMOM/17/56752","49 Hadley RoadBarnetHertsEN5 5HG","000200054412",21/11/2017 00:00:00,,"Mr Stephen Paul Masters","35A York RoadBarnet EN5 1LN","10"
"HMOM/17/56985","20 Edgeworth AvenueLondonNW4 4EY","000200036110",2/2/2018 00:00:00,,"Mrs Fereshteh Guillon","3A Holland Park RoadLondon W14 8NA",
"HMOAA/17/55157","24 Great North WayLondonNW4 1HY","000200051713",3/10/2017 00:00:00,,"Russel Fraser And James Jason Fraser","C/O Jason Russell20 Parson StreetLondonNW4 1QB","5"
"HMOM/17/56560","First Floor Flat178 - 180 West Hendon BroadwayLondonNW9 7AA","000200228158",23/4/2018 00:00:00,,"Mr Selvathurai Srigananathan","117 Woodcock Hill Kewton HA3 0JW","10"
"HMOAA/17/57031","28B The Market PlaceFalloden WayLondonNW11 6JJ","000200078915",28/12/2017 00:00:00,,"Max Thomas Family Holdings","599A Green LanesLondon N8 0RL","5"
"HMOAA/17/56520","1 Endersleigh GardensLondonNW4 4RX","000200038153",19/2/2018 00:00:00,,"Dave Kuntal","27 Burnham CourtBrent StreetHendonLondon NW4 2RE","6"
"HMOM/17/55368","61 Alexandra RoadLondonNW4 2RX","000200002991",17/11/2017 00:00:00,,"PHILIP WILLS","61 ALEXANDRA ROADHENDONLONDON, NW4 2RX","9"
"HMOAA/17/55897","13 Sevington RoadLondonNW4 3SA","000200102349",6/12/2017 00:00:00,,"Miss Daren Philip Davis","Flat 18 Westhill CourtMillfield LaneLondon N6 6JJ","5"
"HMOM/17/56024","26 Woodside Park RoadLondonN12 8RP","000200130500",11/8/2017 00:00:00,,"Mrs Sharon Freilich (Frey)","5 Sentinal SquareLondon NW4 2EL","12"
"HMOAA/17/56798","5C Abercorn RoadLondonNW7 1JD","000200152539",7/2/2018 00:00:00,,"Mr Robert Okharedia","13 Ibironke CrescentOff Okunola Aina StreetMendeMarylandLagosNigeria","5"
"HMOAA/17/56894","124 Hillside GardensBarnetEN5 2NL","000200064093",26/1/2018 00:00:00,,"Mr Dayananda Sastry Tagaram","124 Hillside GardensBarnet EN5 2NL","5"
"HMOAA/17/56794","60 The ValeLondonNW11 8SJ","000200117267",30/11/2017 00:00:00,,"EHSL Ltd","Nicholas House, River FrontEnfield EN1 3SZ","5"
"HMOAA/17/55661","68 Brent TerraceLondonNW2 1BY","000200014222",19/3/2018 00:00:00,,"Aaron Schwebel","52 Green LaneLondonNW4 2AH","5"
"HMOAA/17/55710","17 Alwyn GardensLondonNW4 4XP","000200003504",22/5/2018 00:00:00,,"WAN CHEUNG WING MUI","16 Rugby CloseNottingham, NG5 9RL","5"
"HMOAA/17/55820","9B Station RoadLondonN3 2SB","000200108208",31/8/2018 00:00:00,,"Ms Rushton Deborah","InglenookAlmeley RoadEardisleyHerefordHR3 6PP","5"
"HMOM/17/56557","16 Pembroke RoadLondonN10 2HR","000200092619",2/11/2017 00:00:00,,"Miss Emma Cooper","22 Park AvenueLondon NW11 7SJ","5"
"HMOAA/17/56591","1 Elizabeth CloseBarnetEN5 4DP","000200037032",26/1/2018 00:00:00,,"Mr Hasmukhlal Vora","1 Elizabeth CloseBarnetHertfordshire EN5 4DP","9"
"HMOAA/17/56608","56 Hendale AvenueLondonNW4 4LS","000200058787",22/1/2018 00:00:00,,"Mr Moshe Tsemah","49 Cranbourne GardensLondonNW11 0HU",
"HMOAA/17/56878","743B Finchley RoadLondonNW11 8DL","000200041625",5/12/2017 00:00:00,,"Mr Steven Bitton","51 Leavesden CourtMallard RoadAbbots LangleyHerts WD5 0GT","5"
"HMOAA/17/56344","47 Rosemary AvenueLondonN3 2QP","000200099286",19/12/2017 00:00:00,,"Robert Bialek","61 Queens AvenueLondon N3 2NN","5"
"HMOAA/17/56345","45 Rosemary AvenueLondonN3 2QP","000200099284",19/12/2017 00:00:00,,"Mr Robert Bialek","61 Queens AvenueLondon N3 2NN","5"
"HMOAA/17/56346","4 Montpelier RoadLondonN3 2ER","000200082488",5/3/2018 00:00:00,,"Robert Bialek","61 Queens AvenueLondon N3 2NN","5"
"HMOAA/17/56347","10 Cromwell RoadLondonN3 2ET","000200029759",5/3/2018 00:00:00,,"Robert Bialek","61 Queens AvenueLondon N3 2NN","5"
"HMOAA/17/56466","12 Prothero GardensLondonNW4 3SL","000200095329",28/12/2017 00:00:00,,"Buta Living LTD","Buta Living LTD640A Finchley RoadLondon   NW11 7RR","5"
"HMOAA/17/56917","137 Beaufort ParkLondonNW11 6DA","000200008661",14/12/2017 00:00:00,,"Mrs Katie Watson-Steward","47 Chester RoadLondonN19 5DF","5"
"HMOM/17/56320","115 Osidge LaneLondonN14 5DS","000200089851",15/9/2017 00:00:00,,"Mr Alek Asslaninan","1 Bradgate CloseCuffleyEN6 4RF","7"
"HMOAA/17/55315","45 Victoria RoadLondonNW4 2RP","000200120561",15/9/2017 00:00:00,,"LEELA DAVIS","13 SEVINGTON ROADHENDON, LONDON, NW4 3SA","5"
"HMOAA/17/57472","21B Gratton TerraceLondonNW2 6QE","000200051030",28/2/2018 00:00:00,,"Mrs Wendy Deacon","43A Riffel RoadLondonNW2 4PB","6"
"HMOAA/18/57619","32 RiversideLondonNW4 3TX","000200098888",20/3/2018 00:00:00,,"Mr Narinda Rahania","9 Grafton RoadHandsworth BirminghamB21 8PN","5"
"HMOM/18/58142","71 Cleveland GardensLondonNW2 1DX","000200024044",5/7/2018 00:00:00,,"Mr Teddy Nazim","5 Grampian GardensLondonNW2 1JH","7"
"HMOAA/18/58334","First Floor Flat113 Golders Green RoadLondonNW11 8HR","000200145998",30/11/2018 00:00:00,,"Mr Gabriel Constantinides","55 Fontayne AvenueChigwellIG7 5HD","9"
"HMOAA/18/58331","20B The Market PlaceLondonNW11 6JJ","000200078899",26/7/2018 00:00:00,,"Dr Ali-Reza Hashemi","9 The Market Place LondonNW11 6LB",
"HMOM/18/58344","7 Sandringham RoadLondonNW11 9DR","000200101387",30/6/2018 00:00:00,,"Avita Enterprise Ltd","Ground Floor Right Office 5 Accommodation RoadLondonNW11 8ED","5"
"HMOAA/17/57297","First And Second Floor Maisonette3 Dollis RoadLondonN3 1RB","000200029467",15/2/2018 00:00:00,,"Ms Purdey Collier","9 Warren HouseBeckford CloseLondonW14 8TT","5"
"HMOM/18/57943","Lenihan Lodge48A Moxon StreetBarnetEN5 5TS","000200138916",8/5/2018 00:00:00,,"Mr Neil Cornelius & Mrs Stephanie Lenihan","7A Bourne HillPalmers GreenLondonN13 4LJ","5"
"HMOAA/18/58361","93 Somerton RoadLondonNW2 1RU","000200104613",15/6/2018 00:00:00,,"Mr Gaetano Barba","34 Ger-y-LlanPenrhyncoch, AberystwythWales SY23 3HQ","8"
"HMOAA/18/57747","40 Pennine DriveLondonNW2 1PD","000200092899",2/4/2018 00:00:00,,"Ms Samia Ibrahim","Pennine HousePennine DriveLondonNW2 1PA","5"
"HMOAA/18/57770","61 Hendon WayLondonNW2 2LX","000200059356",29/3/2018 00:00:00,,"Dr Wafa Abu-Huwaij","61 Hendon WayLondonNW2 2LX","5"
"HMOAA/18/57936","36 Blessbury RoadEdgwareHA8 0SX","000200011944",9/5/2018 00:00:00,,"Mr  Tito Cuaresma-Tacbi","50 Blessbury RoadEdgwareHA8 0SX","4"
"HMOAA/18/58076","23 Selborne GardensLondonNW4 4SH","000200102021",22/5/2018 00:00:00,,"Mr Rassool  Vali Pour Azari","1 Banks RoadBorehamwoodWD6 5QR","5"
"HMOM/18/58135","22B Sylvester RoadLondonN2 8HN","000200112693",30/5/2018 00:00:00,,"Pattichi Properties Ltd","266 Creighton AvenueLondonN2 9BD","5"
"HMOAA/18/58301","112 Oakleigh Road SouthLondonN11 1LB","000200088888",8/11/2018 00:00:00,,"Mr Narsinh Vasani","79 Crescent WayLondonN12 0QX","5"
"HMOM/18/58435","35 Horsham AvenueLondonN12 9BG","000200066833",5/7/2018 00:00:00,,"Mr Randhir Natt","75 Creighton AvenueMuswell HillLondon N10 1NR","5"
"HMOM/18/58429","Flat 4Wendover CourtFinchley RoadLondonNW2 2PG","000200042652",10/1/2019 00:00:00,,"Mr Alfred  Yazdiha","29 Dollis AvenueLondonN3 1DA","6"
"HMOAA/18/58431","40 Bulwer RoadBarnetEN5 5JB","000200219607",17/7/2018 00:00:00,,"Mr Nicholas Mott","142 Normandy AvenueBarnet Herts EN5 2HS","6"
"HMOAA/18/58443","315 Deansbrook RoadEdgwareHA8 9DD","000200031752",17/7/2018 00:00:00,,"Mr Besnik Dedei","121 Watling AvenueEdgwareMiddlesex HA8 0LY","6"
"HMOAA/18/58444","141A Station RoadEdgwareHA8 7JG","000200107879",31/7/2018 00:00:00,,"Mr Fraz Haider","291 Cricklewood Lane LONDONNW2 2JL","5"
"HMOAA/18/58460","61A The BurroughsLondonNW4 4AX","000200227367",3/11/2018 00:00:00,,"Mr Chana Dakshi Karunathilake","56 Station ParadeUxbridgeUB9 5ET","5"
"HMOAA/18/58465","1 Dehar CrescentLondonNW9 7BD","000200031906",18/12/2018 00:00:00,,"Mr Mohammed Mirza","20 Wise Lane Mill Hill London NW7 2RE","7"
"HMOAA/18/58520","4 AnsonLower StrandLondonNW9 5LT","000200075628",2/11/2018 00:00:00,,"Mr Rakesh Shah","19 Sudbury Hill CloseWembleyHA0 2QR","5"
"HMOAA/18/58506","12 Garratt RoadEdgwareHA8 9AW","000200046790",7/8/2018 00:00:00,,"Mr Saed Sattarpour-Fahhih","49 Dryfield RoadEdgware HA8 9JN","8"
"HMOAA/17/57390","20 Cleveland GardensLondonNW2 1DY","000200023993",27/2/2018 00:00:00,,"Mr Teddy Nazim","5 Grampian GardensLondonNW2 1JH","5"
"HMOAA/18/57869","73 Templars AvenueLondonNW11 0NR","000200113129",9/5/2018 00:00:00,,"Buta Living Ltd","640A Finchley RoadLondon NW11 7RR","5"
"HMOAA/18/58562","23 St Johns RoadLondonNW11 0PE","000200106468",13/9/2018 00:00:00,,"Ms Ruth Levy","23 St Johns RoadLondonNW11 0PE","5"
"HMOAA/18/57673","25 Park MansionsHendon WayLondonNW4 3LN","000200059130",6/3/2018 00:00:00,,"Mrs Nita Patel","OakhurstBarnet LaneLondonN20 8AP","6"
"HMOAA/18/57803","Flat 3Queens MansionsWatford WayLondonNW4 3AN","000200122091",5/4/2018 00:00:00,,"Easy Jet Properties Ltd","Ariston Property Group530 Hornsey RoadN19 3QN","5"
"HMOAA/18/58095","5 Prayle GroveLondonNW2 1AS","000200094381",30/5/2018 00:00:00,,"Easy Management Ltd","The Lodge 37 Hendon Lane N3 1RY","6"
"HMOAA/18/58591","3 Somerton RoadLondonNW2 1RH","000200104561",21/8/2018 00:00:00,,"Mr Gaetano Angelo Barba","34 Ger-Y-LlanPenrhyncochAberystwyth WalesSY23 3HQ","8"
"HMOM/18/58616","37 Longfield AvenueLondonNW7 2EH","000200075126",14/8/2018 00:00:00,,"Mr Krzystof Milla","29 Finchley LaneLondon NW4 1BX","5"
"HMOAA/17/57192","7 Beechvale CloseLondonN12 9AW","000200009163",23/1/2018 00:00:00,,"Mrs Rajeshwari V Sagar","80 The HighwayStanmoreMiddlesexHA7 3PN","5"
"HMOM/18/57724","67 Dallas RoadLondonNW4 3JD","000200030497",29/3/2018 00:00:00,,"Mr Suresh Agheda","46 Lynsey DriveHarrowHA3 0TD","5"
"HMOM/18/58661","186 Cricklewood BroadwayLondonNW2 3EB","000200028880",12/9/2018 00:00:00,,"Mr Omar Ilyas Butt","4 Fearns House Tewkesbury RoadWest EalingLondon W13 0BX","9"
"HMOM/18/58677","40 Crewys RoadLondonNW2 2AA","000200028774",12/9/2018 00:00:00,,"Miss Julia Raquel Calonga","40 Crewys RoadLondon NW2 2AA","8"
"HMOM/18/58690","55 - 57 Netherlands RoadBarnetEN5 1BP","000200073526",20/12/2018 00:00:00,,"Mr Sisil Wimalaratone","361 Cockfosters RoadBarnetEN4 0JT","17"
"HMOM/17/57188","5 Woodstock AvenueLondonNW11 9RG","000200130598",25/4/2019 00:00:00,,"Mr Kamyar Mansouri","155 Golders Green Road,Golders Green, London NW11 9BX.","11"
"HMOAA/17/57295","977B Finchley RoadLondonNW11 7HA","000200041722",15/2/2018 00:00:00,,"Mr Ben Mozes","26 St Georges RoadLondon NW11 0LR","5"
"HMOM/17/57373","43 The GroveLondonN3 1QT","000200116056",2/3/2018 00:00:00,,"Mr David Breslaw","Regency Estates2 Frognal Parade158 Finchley RoadNW3 5HH","12"
"HMOAA/18/58709","10 Gilbert GroveEdgwareHA8 0HL","000200047338",23/10/2018 00:00:00,,"Mr Jason Ho","240 Carlton Avenue East Wembley HA9 8PZ","6"
"HMOM/17/57320","23A Colindale AvenueLondonNW9 5DS","000200025541",20/2/2018 00:00:00,,"Mr Ciaran McNicholas","14 Draycott CloseKentonMiddlesex HA3 0BP","5"
"HMOAA/18/58248","31 Hamilton RoadLondonNW11 9EH","000200055697",21/8/2018 00:00:00,,"Mr Zev Adler","15 Highfield AvenueLondonNW11 9EU","5"
"HMOAA/18/58767","67 The BurroughsLondonNW4 4AX","000200114373",23/10/2018 00:00:00,,"Miss Claudia Smith","Romneys House, Holly Bush Hill, London NW3 6SH.","4"
"HMOAA/18/58033","22 Somerton RoadLondonNW2 1SA","000200104575",21/5/2018 00:00:00,,"Mr Nabil Rassam","64 Cholmley GardensFortune Green RoadLondon NW6 1AJ","10"
"HMOM/18/58800","48 Russell GardensLondonNW11 9NL","000200100289",10/9/2018 00:00:00,,"Mr Josh Moore","93 Bell LaneLondon NW4 2AR","9"
"HMOM/18/58821","46 Sevington RoadLondonNW4 3RX","000200102387",18/9/2018 00:00:00,,"Mr Mykhaylo Datsyuk","Gravity Estates40 Glenwood Grove London NW9 8HH","5"
"HMOAA/18/58951","54 Colchester RoadEdgwareHA8 0RA","000200024850",26/11/2018 00:00:00,,"Mr Bo Huang","44 St Marys Crescent LondonNW4 4LH","4"
"HMOAA/17/57414","2 Banstock RoadEdgwareHA8 9JJ","000200006923",27/2/2018 00:00:00,,"Mr Shahagha Hussaini","1 Tithe WalkLondon NW7 2PY","5"
"HMOM/18/57972","81 Hampden WayLondonN14 5AU","000200056383",15/5/2018 00:00:00,,"Mr Anand Shukla","4 Mill DriveRuislipLondonHA4 7GL","5"
"HMOAA/18/58029","25 Bittacy RoadLondonNW7 1BP","000200011739",9/11/2018 00:00:00,,"MRS Annie Swynnerton","79 Sebright RoadBarnetEN5 4HP","5"
"HMOAA/18/58042","27 North CrescentLondonN3 3LL","000200086097",22/5/2018 00:00:00,,"Mrs Susanna Joseph","40 Allandale AvenueFinchleyLondon N3 3PJ","8"
"HMOMA/18/58808","34 Johns AvenueLondonNW4 4EN","000200068685",4/9/2018 00:00:00,,"Pravinchandra Pindolia","99 BroadwayNew MostonManchesterM40 3PH","10"
"HMOAA/18/58813","42 Greyhound HillLondonNW4 4JP","000200053337",27/9/2018 00:00:00,,"Mrs Guoying Wu","101 Headstone Lane HarrowHA2 6LJ","5"
"HMOM/18/58823","24 Hale LaneLondonNW7 3PN","000200055183",27/9/2018 00:00:00,,"Mr Peter Steyne","8 Valencia RoadStanmoreMiddlesexHA7 4JH","13"
"HMOM/17/57341","14A The PromenadeEdgwarebury LaneEdgwareHA8 7JZ","000200116679",20/2/2018 00:00:00,,"Mr Michael Kauffer","17 Pangbourne DriveStanmoreMiddx HA7 4QX","5"
"HMOM/17/57354","16 Hoop LaneLondonNW11 8JL","000200066619",20/2/2018 00:00:00,,"Mr Uriel Levy","Nico Investments Ltd21 Holly Park GardensLondonN3 3NG","17"
"HMOM/18/57546","140 Hendon WayLondonNW2 2NG","000200059430",2/3/2018 00:00:00,,"Mr Gregory Valentine","36 The ValeLondonNW11 8SG","11"
"HMOAA/18/58130","4 Grampian GardensLondonNW2 1JG","000200049900",19/7/2018 00:00:00,,"Mr Teddy Nazim","5 Grampian GardensGolders GreenLondon NW2 1JH","5"
"HMOM/18/58216","67 Wilberforce RoadLondonNW9 6AT","000200126591",8/1/2019 00:00:00,,"Mr Mohammed Mirza","20 Wise Lane Mill Hill  London NW7 2RE","9"
"HMOM/18/58859","8 Orchard CrescentEdgwareHA8 9PW","000200089587",11/10/2018 00:00:00,,"Mrs Anna Etingen","14 Highview GardensLondonHA8 9UE","9"
"HMOM/18/59025","23 Alyth GardensLondonNW11 7EN","000200003528",18/10/2018 00:00:00,,"Mr Naftali Cohen","23 Alyth GardensLondonNW11 7EN","10"
"HMOAA/18/58910","10 Colindale AvenueLondonNW9 5DR","000200025630",23/10/2018 00:00:00,,"Mr Peter Steyne","8 Valencia RoadStanmoreHA7 4JH","3"
"HMOM/18/59048","5A Burlington ParadeGratton TerraceLondonNW2 6QW","000200051072",30/10/2018 00:00:00,,"Mr Paul Bailey","15 Tanners LaneBurfordOxon OX18 4NA","4"
"HMOM/17/57368","5 Sneath AvenueLondonNW11 9AJ","000200104065",23/2/2018 00:00:00,,"Mr Godfrey Minsky","13 Red RoadBorehamwoodHerts WD6 4SR","7"
"HMOM/18/58865","16 Old Rectory GardensEdgwareMiddxHA8 7LS","000200089330",15/11/2018 00:00:00,,"Mr Albert Yeo","3 Brookvale RoadPriorsleeTelfordTF2 9RL","6"
"HMOAA/18/58282","Flat 3Kennyland CourtHendon WayLondonNW4 3LU","000200059521",17/5/2018 00:00:00,,"Mr Brian Schama","Quadrant House Floor 64 Thomas More Square London E1W 1YW","5"
"HMOAA/18/59017","39 Alexandra RoadLondonNW4 2SB","000200002981",6/11/2018 00:00:00,,"Mr Paramjit Bhinder","57 Audley RoadHendon, LondonNW4 3EU","6"
"HMOAA/18/57819","39 Dartmouth RoadLondonNW4 3HY","000200030839",5/4/2018 00:00:00,,"Mr Danius Radivilavicius","77 Atherstone CourtDelamere TerraceLondon W2 6PH","5"
"HMOAA/18/58894","12 Wroughton TerraceLondonNW4 4LE","000200131456",2/11/2018 00:00:00,,"Mr Robert Dyan","7 Holly Park Finchley London N3 3JA","6"
"HMOAA/18/58991","199 Blundell RoadEdgwareHA8 0JJ","000200012207",23/10/2018 00:00:00,,"Mr Peter Steyne","8 Valencia RoadStanmore HA7 4JH","5"
"HMOM/17/57217","42 Waverley GroveLondonN3 3PX","000200123156",26/1/2018 00:00:00,,"Brookpark Hotels LTD","42 Waverley GroveLondonN3 3PX","5"
"HMOAA/18/57614","45 Beaufort ParkLondonNW11 6BS","000200008569",6/3/2018 00:00:00,,"Mrs Lee Dein","6 Connaught DriveFinchleyLondon NW11 6BJ","5"
"HMOM/18/57624","18 Maxwelton CloseLondonNW7 3NA","000200079954",6/3/2018 00:00:00,,"Mr Sudhir Hathi","155 Beverley DriveEdgwareMiddlesex HA8 5NJ","5"
"HMOAA/18/57686","60 Glebe RoadLondonN3 2AX","000200047504",13/3/2018 00:00:00,,"Mr Tunde Atoyebi","Suite 29 Prospect House,2 Athenaem RoadWhetstone N20 9AE","5"
"HMOM/18/57886","82 Brook AvenueEdgwareHA8 9XA","000200015737",21/11/2018 00:00:00,,"Mykhaylo Datsyuk","40 Glenwood Grove London NW9 8HH","7"
"HMOAA/17/57289","373 Watford WayLondonNW4 4TE","000200122330",25/1/2018 00:00:00,,"Dr Dharmanie Maganda Makalanda","11 Drapers RoadEnfield Middlesex EN2 8LT","5"
"HMOAA/18/58114","18 Clitterhouse RoadLondonNW2 1DG","000200024495",26/6/2018 00:00:00,,"Mr Charles Teff","5 Eastville Avenue LondonNW11 0DH","5"
"HMOM/18/58857","103 Deans LaneEdgwareHA8 9PD","000200031291",6/11/2018 00:00:00,,"Mr Marius Iacob Solovastru","9 Donnington RoadLondonHA3 0NB","14"
"HMOM/18/58870","96 Station RoadLondonN3 2SG","000200108278",25/9/2018 00:00:00,,"Mr Mark Flynn","2B Balfour GroveLondonN20 0SJ","11"
"HMOAA/18/58960","44 Greyhound HillLondonNW4 4JP","000200053338",16/10/2018 00:00:00,,"Mr Mr Frank Mordecai & Mrs Gillian Cohen","PO Box 2451Netanya 4212302Israel",
"HMOAA/18/59051","10 West ViewLondonNW4 2SY","000200124941",30/10/2018 00:00:00,,"Mr John Needleman","7 Aldenham GroveRadlettHertfordshire WD7 7BW","6"
"HMOAA/17/57352","150 Cheviot GardensLondonNW2 1QA","000200021819",15/2/2018 00:00:00,,"Mrs Shijia Kit","332 Watford WayHendonLondon NW4 4UY","5"
"HMOM/18/58233","66 Highfield AvenueLondonNW11 9TY","000200062862",15/8/2018 00:00:00,,"Mr Daren Davis","Flat A60 Brookside RoadLondonNW11 9NG","5"
"HMOAA/18/58909","22 Colindale AvenueLondonNW9 5DR","000200025639",23/10/2018 00:00:00,,"Mr Peter Steyne","8 Valencia RoadStanmoreHA7 4JH","3"
"HMOM/18/59076","237 Watford WayLondonNW4 4SL","000200122214",30/10/2018 00:00:00,,"Mr Krzysztof Milla","MDream Property29 Finchley LaneHendonLondon NW4 1BX","9"
"HMOM/18/57964","49 Grenville PlaceLondonNW7 3SF","000200053184",10/5/2018 00:00:00,,"Ms Anjalee Bhurton","115 Farm RoadLondonHA8 9LR","5"
"HMOMA/18/57834","18 Montagu RoadLondonNW4 3ES","000200082373",17/5/2018 00:00:00,,"Mr Urrish Patel","39 Cool Oak Lane LondonNW9 7BH","7"
"HMOM/18/58856","The SpaniardsSpaniards RoadLondonNW3 7JJ","000200105335",27/12/2018 00:00:00,,"MITCHELLS & BUTLERS RETAIL LIMITED","27 Fleet StreetBirminghamB3 1JP","9"
"HMOM/17/57353","18 Swannell WayLondonNW2 1FB","010093298044",7/2/2018 00:00:00,,"Mrs  Parita Patel","37 Honeyman CloseBrondesbury  ParkLondonNW6 7AZ","5"
"HMOAA/18/58204","7 Dehar CrescentLondonNW9 7BD","000200031912",16/1/2019 00:00:00,,"Mr Mohammed Mirza","20 Wise LaneMill HillLondon NW7 2RE","6"
"HMOAA/18/58898","145 Colindale AvenueLondonNW9 5HB","000200025736",27/9/2018 00:00:00,,"Mr Peter Steyne","8 Valencia RoadStanmoreHA7 4JH","5"
"HMOM/18/59004","44 Ashbourne AvenueLondonNW11 0DS","000200004617",21/8/2018 00:00:00,,"Mrs Dinah Heller","123 Leeside Crescent LondonNW11 0JN","10"
"HMOM/18/57543","Flat 12ANorthumberland House237 Ballards LaneLondonN3 1LB","000200006824",27/2/2018 00:00:00,,"Mr Rajesh Melwani","75 Mayflower LodgeRegents Park RoadLondon N3 3HX","5"
"HMOAA/18/57761","31 The LoningLondonNW9 6DR","000200116437",13/4/2018 00:00:00,,"Mr Imran Khalid","31 The LoningLondonNW9 6DR","5"
"HMOM/18/58086","279 Golders Green RoadLondonNW11 9JJ","000200049130",17/5/2018 00:00:00,,"Mr Samuel Gabay","Netzach Israel Limited188 Great North Way RoadLondon NW4 1DY","10"
"HMOM/18/58259","83 Dollis ParkLondonN3 1BT","000200033220",7/9/2018 00:00:00,,"Wildwood Properties Ltd","Gei House141 Cricklewood BroadwayLondonNW2 3HY","11"
"HMOM/18/58386","3 Balmoral AvenueLondonN11 3QA","000200006868",27/6/2018 00:00:00,,"Mr Hitesh Modi","20 Ames CloseLutonBedfordshireLU3 4AS","10"
"HMOAA/18/58398","95 Goldbeaters GroveEdgwareHA8 9DR","000200048433",28/6/2018 00:00:00,,"Mr Besnik Dedei","315 Deansbrook RoadEdgwareMiddlesexHA8 9DD","6"
"HMOAA/18/58440","60 Gresham GardensLondonNW11 8PD","000200053291",31/7/2018 00:00:00,,"Mr Tony Graham","26 Balfour RoadLondonN5 2HE","5"
"HMOM/17/57131","14 Brent WayLondonN3 1AL","000200014337",25/1/2018 00:00:00,,"Mr Daniel Rayan","Flat 8, Block COssington Bulidings London W1U 4BJ","9"
"HMOM/17/57338","12B The PromenadeEdgwarebury LaneEdgwareHA8 7JZ","000200116678",20/2/2018 00:00:00,,"Mr Michael Kauffer","17 Pangbourne DriveStanmoreMiddx HA7 4QX","5"
"HMOAA/18/57880","24 Wallcote AvenueLondonNW2 1AU","000200121162",30/4/2018 00:00:00,,"Caring Properties Limited","143 Wargrave AvenueLondonN15 6TX","6"
"HMOM/18/58253","625A Watford WayLondonNW7 3JN","000200122438",11/7/2018 00:00:00,,"Mr Martin Kaye","4 Copthall GardensMill Hill NW7 2NG","7"
"HMOM/18/58434","Flat 5Wendover CourtFinchley RoadLondonNW2 2PG","000200042663",7/8/2018 00:00:00,,"Mr Alfred Yazdiha","29 Dollis AvenueLondonN3 1DA","6"
"HMOM/18/58519","4 DessouterLittle StrandLondonNW9 5PB","000200074072",1/11/2018 00:00:00,,"Mr Rakesh Shah","19 Sudbury Hill CloseWembleyHA0 2QR","5"
"HMOM/18/58657","19 Clifton GardensLondonNW11 7ER","000200024284",11/9/2018 00:00:00,,"Mrs Oznur Kahveci","66 Clitterhouse RoadLondon NW2 1DJ","10"
"HMOM/18/57590","72 Durham RoadLondonN2 9DS","000200034613",20/2/2018 00:00:00,,"Dimitrios Phaphitis","42 Baneberry DriveFeatherstoneWolverhamptonWV10 7TR","10"
"HMOM/18/58222","55 Waterfall RoadSouthgateN11 1JE","010093299342",31/5/2018 00:00:00,,"Mr Simon Gerrard","Martyn Gerrard House197 Ballards LaneLondonN3 1LP","5"
"HMOAA/18/58262","39 Woodville RoadLondonNW11 9TP","000200211843",12/6/2018 00:00:00,,"Mr Stuart FeldmanFeldman","16 Hillcrest AvenueLondon NW11 0EN","5"
"HMOM/18/58442","1183A Finchley RoadLondonNW11 0AA","000200041548",6/9/2018 00:00:00,,"Mr Marjan Keqaj","208 Markhouse RoadWalthamstowLondonE17 8EP","8"
"HMOAA/18/58463","29 Naylor RoadLondonN20 0HE","000200083860",7/8/2018 00:00:00,,"Mr Muhammed Miah","11 Fakenham CloseLondonNW7 2SD","5"
"HMOAA/18/58579","1 Cloister RoadLondonNW2 2NN","000200024675",21/8/2018 00:00:00,,"Rooms And Studios London Ltd","73 Maygrove RoadLondon NW6 2EG","4"
"HMOAA/18/58004","46 Hurstwood RoadLondonNW11 0AT","000200067403",12/6/2018 00:00:00,,"Buta Living Ltd","640A Finchley RoadLondonNW11 7RR","8"
"HMOAA/18/58332","1 Wallcote AvenueLondonNW2 1AX","000200121139",31/7/2018 00:00:00,,"Abraham Spitzer","AH & E Investments Ltd55 Fairholt RoadLondonN16 5EW","6"
"HMOAA/18/58354","21 Highfield AvenueLondonNW11 9EU","000200062811",13/9/2018 00:00:00,,"Mr Albert Toledano","30 Sherwood RoadLondonNW4 1AD","5"
"HMOM/18/57830","Rosedale House198 Alexandra RoadLondonN10 2ES","000200002858",24/4/2018 00:00:00,,"WhiteHall Park Ltd","76 Havershock HillLondonNW3 2BE","4"
"HMOAA/18/58279","9B Finchley LaneLondonNW4 1BN","000200041213",17/5/2018 00:00:00,,"Brian Schama","LEEDAN INVESTMENTS LIMITED","5"
"HMOM/18/58683","22 Nether StreetLondonN12 7NL","000200084261",16/10/2018 00:00:00,,"Mr Chhagan Mistry","19 Reservoir RoadSouthgateLondon N14 4BB","8"
"HMOM/18/58376","35 Park RoadLondonNW4 3PL","000200091154",21/6/2018 00:00:00,,"Mr David Goldsmith","54 Jessica CrescentTottonSouthampton SO40 2BP","5"
"HMOM/18/58415","48 Woolmead AvenueLondonNW9 7AY","000200131178",30/6/2018 00:00:00,,"Mr Mohammed Mirza","20 Wise LaneMill HillLondon NW7 2RE","7"
"HMOM/18/57653","49 Rowsley AvenueLondonNW4 1AP","000200099809",20/3/2018 00:00:00,,"Mr Jonathan Trup","51 Glenmore RoadLondonNW3 4DA","6"
"HMOAA/18/58082","Flat 18BParade MansionsVivian AvenueLondonNW4 3YD","000200120886",23/5/2018 00:00:00,,"Mr Mario Ioannou","36 Mount Pleasant CockfostersBarnetEN4 9HH","5"
"HMOM/18/58607","133A Station RoadLondonN3 2SP","000200225898",11/9/2018 00:00:00,,"Mr Gad Levy","1 Spring Place, Windermere Avenue,London N3 3QB.","5"
"HMOAA/18/58692","400 Watford WayLondonNW4 4XE","000200122351",28/8/2018 00:00:00,,"Mr Sunny Depala","75 Hall LaneLondon NW4 4TJ","5"
"HMOM/18/58768","46 Wilton RoadLondonN10 1LS","000200127149",26/9/2018 00:00:00,,"Mr Steve Masters","35A York RoadLondonEN5 1LN","13"
"HMOAA/18/58781","4 Hendale AvenueLondonNW4 4LR","000200058737",27/9/2018 00:00:00,,"Mrs Ester Roiter","35 Hendale Avenue London  NW4 4LU ","5"
"HMOAA/17/57239","Upper Floor69 Templars AvenueLondonNW11 0NR","000200133752",13/2/2018 00:00:00,,"Buta Living Limited","640A Finchley RoadLondonNW11 7RR","7"
"HMOM/18/57654","99 Woodstock AvenueLondonNW11 9RH","000200130682",21/3/2018 00:00:00,,"Mr Abdol Jabbar Nejabat","8 Heathfield GardensLondonNW11 9HX","8"
"HMOAA/18/58112","Flat B115 Bell LaneLondonNW4 2AR","000200009506",4/6/2018 00:00:00,,"Mr Charles Teff","5 Eastville AvenueGolders GreenLondon NW11 0HD","4"
"HMOM/18/57670","3 Cuneo MewsLondonNW7 1JQ","010091042286",9/5/2018 00:00:00,,"Xiang -Kang Chen","26 Gillespie RoadLondonN5 1LN","5"
"HMOAA/18/58806","72 Woodstock AvenueLondonNW11 9RJ","000200130655",10/9/2018 00:00:00,,"Mr Xinglong Wang","Flat 4 South Hill Park,London, NW3 2SB","5"
"HMOM/18/58842","30 Ravenshurst AvenueLondonNW4 4EG","000200097190",27/11/2018 00:00:00,,"Mr Haim Gurvitz","124 Sunny Gardens RoadHendonLondon NW4 1RY","8"
"HMOM/17/57305","123 Fairfield CrescentEdgwareHA8 9AL","000200039485",26/4/2018 00:00:00,,"Mr Avraham Mizrachi","4 ElmsideStoneyfields LaneEdgwareHA8 9SG","12"
"HMOAA/18/57813","22 Old Rectory GardensEdgwareHA8 7LS","000200089336",13/4/2018 00:00:00,,"Mr Hossein Javid","133 Green LaneEdgwareHA8 8EL","8"
"HMOAA/18/58574","66 Hamilton RoadLondonNW11 9EJ","000200055732",28/8/2018 00:00:00,,"Mr Neil Sheinfeld","70-78 West Hendon BroadwayLondon NW9 7BT","5"
"HMOAA/18/58666","71 Sheaveshill AvenueLondonNW9 6SA","000200102734",12/9/2018 00:00:00,,"Mr Ahmed Assadi","71 Sheaveshill AvenueLondonNW9 6SA","10"
"HMOM/18/57615","25 Elmshurst CrescentLondonN2 0LN","000200037770",20/3/2018 00:00:00,,"Mrs Leora Dein","6 Connaught DriveLondonNW11 6BJ","5"
"HMOAA/18/58905","5 Trevor GardensEdgwareMiddxHA8 0EY","000200118793",26/10/2018 00:00:00,,"Mr Peter Steyne","8 Valencia RoadStanmoreHA7 4JH","5"
"HMOM/18/58906","19 Edgware WayEdgwareMiddxHA8 9SS","000200036321",3/11/2018 00:00:00,,"Mr Khalid Puri","5 Great Leys Court Beningfield Drive London ConeyAL2 1GJ","9"
"HMOAA/18/58989","22 Annesley AvenueLondonNW9 5DY","000200003803",23/10/2018 00:00:00,,"Mr Peter Steyne","8 Valencia RoadStanmore HA7 4JH","3"
"HMOM/17/57406","2 Woodville GardensLondonNW11 9ED","000200130906",22/2/2018 00:00:00,,"Mr Craig Rich","56 Glengall RoadEdgwareHA8 8SX","6"
"HMOM/18/58828","28 Glebe CrescentLondonNW4 1BU","000200047426",13/9/2018 00:00:00,,"Mr Milla Krzysztof","29 Finchley RoadLondonNW4 1BX","7"
"HMOAA/18/58902","211A Deansbrook RoadEdgwareMiddxHA8 9BU","000200031446",2/10/2018 00:00:00,,"Mr Peter Steyne","8 Valencia RoadStanmoreHA7 4JH","7"
"HMOM/17/57189","3 Woodstock AvenueLondonNW11 9RG","000200130596",25/4/2019 00:00:00,,"Mr Kamyar Mansouri","155 Golders Green RoadLondonNW11 9BX","12"
"HMOM/17/57273","29 St Marys RoadLondonNW11 9UE","000200106842",10/4/2018 00:00:00,,"Mr Zev Adler","15 Highfield AvenueLondonNW11 9EU","9"
"HMOAA/18/57956","Flat 6Kennyland CourtHendon WayLondonNW4 3LU","000200059524",25/5/2018 00:00:00,,"Mr Shivam Yadave","61 Whitchurch GardensEdgwareMiddlesex HA8 6PF","5"
"HMOM/18/57965","26 Moorlands AvenueLondonNW7 2DF","000200082770",12/6/2018 00:00:00,,"Mrs Carol Akiwumi","1 Green AvenueLondonNW7 4QB","5"
"HMOAA/18/58010","Flat 11Beechcroft CourtBeechcroft AvenueLondonNW11 8BP","000200009082",17/5/2018 00:00:00,,"Ms Annabel Baruch","Barlondon Ltd35 Ballards LaneLondon N3 1XW","5"
"HMOAA/18/58820","100 Watford WayLondonNW4 4TF","000200122159",16/10/2018 00:00:00,,"Mr Aryeh Sufrin","17 Sydney GroveLondonNW4 2EJ","14"
"HMOM/18/59031","23 St Marys RoadLondonNW11 9UE","000200106839",17/9/2019 00:00:00,,"Mr Jawaid Sheikh","19 St Thomas RoadLondonN14 6AJ","9"
"HMOM/18/59036","1 Ambrose AvenueLondonNW11 9AP","000200003588",27/11/2018 00:00:00,,"Mr Jaber Abeeat","84 Fortune Green RoadLondonNW6 1DS","10"
"HMOAA/18/59049","4A Burlington ParadeGratton TerraceLondonNW2 6QW","000200155592",30/10/2018 00:00:00,,"Mr Paul Bailey","15 Tanners Lane Burford Oxon OX18 4NA","4"
"HMOM/18/57790","63 Woodlands AvenueLondonN3 2NS","000200129750",24/4/2018 00:00:00,,"Mrs Li Shiqi","11 Blackhorse RoadLondon  E17 7AH","7"
"HMOAA/18/59030","14 Nether StreetLondonN12 7NL","000200084254",31/10/2018 00:00:00,,"Mr Chhagan Mistry","19 Reservoir RoadLondonN14 4BB","7"
"HMOAA/17/57243","99 Booth RoadLondonNW9 5JU","000200012556",23/1/2018 00:00:00,,"Group 365 LTD","30-32 St Georges DriveLondon SW1V 4BN","9"
"HMOAA/17/57350","First Floor Flat1 Cat HillBarnetEN4 8HG","000200156720",16/3/2018 00:00:00,,"Ralph  Bailey","118 TollgateColney HeathAL4 0PY","6"
"HMOAL/18/57929","Flat 21Florence MansionsVivian AvenueLondonNW4 3UY","000200120836",30/4/2018 00:00:00,,"Mr Sheldon Howard","23 Glanleam RoadStanmore, MiddxNA7 4NW","5"
"HMOAA/18/58972","100 Longmore AvenueBarnetEN5 1JY","000200075432",31/10/2018 00:00:00,,"Mrs Mr Jayesh Jayant Patel And Mrs Tina Patel","40 Holloways LaneWelham GreenHatfieldAL9 7NS","8"
"HMOAA/17/57124","Flat 6Dollis CourtCrescent RoadLondonN3 1HR","000200028451",7/2/2018 00:00:00,,"Mr RODD LAIRD RAMSAY","Flat 7 24 Bridge LaneLondonEC4Y 8DT","4"
"HMOAA/18/57935","37 Littlefield RoadEdgwareHA8 0TB","000200074172",9/5/2018 00:00:00,,"Mr Tito Cuaresma-Tacbi","50 Blessbury RoadEdgware, Middlesex HA8 0SX","5"
"HMOAA/18/57968","81 Quinta DriveBarnetEN5 3DA","000200096356",10/5/2018 00:00:00,,"Group 365 Ltd","30-32 St Georges Drive London  SW1V 4BN","12"
"HMOM/18/58032","113 Etchingham Park RoadLondonN3 2EE","000200038726",23/5/2018 00:00:00,,"Mr Juan Diego Posada","Little Pyne HouseUpton PyneDevon EX5 5EG","7"
"HMOM/17/57442","30 Torrington ParkLondonN12 9SS","000200118160",15/3/2018 00:00:00,,"Wildwood Properties Ltd","GEI House141 Cricklewood BroadwayLondonNW2 3HY","21"
"HMOM/17/57240","50 The BurroughsLondonNW4 4AN","000200222818",20/2/2018 00:00:00,,"Mrs Alison Kanter","C/o Roundtree Real Estate1 Sentinel SquareBrent Street, HendonNW4 2EL","3"
"HMOM/17/57444","59 Holders Hill AvenueLondonNW4 1ES","000200221270",14/5/2018 00:00:00,,"Mr Joseph Skandrani","59 Holders Hill AvenueLondonNW4 1ES","5"
"HMOM/18/57983","8 Oakview GardensLondonN2 0NJ","000200088967",10/5/2018 00:00:00,,"Mr Loucas Demetriou","40 High RoadLondonN2 9PJ","5"
"HMOAA/17/57139","17 Pymmes Green RoadLondonN11 1DE","000200095725",25/1/2018 00:00:00,,"Mr Paul Doran Jones","86 London RoadGuildfordSurrey GU1 1SS","5"
"HMOM/17/57360","19 Greenway GardensLondonNW9 5AY","000200053090",23/2/2018 00:00:00,,"Mr Chee Yee Tan","18 Rankin CloseLondonNW9 6SR","4"
"HMOAA/17/57471","40A Gratton TerraceLondonNW2 6QE","000200051008",28/2/2018 00:00:00,,"Mrs Wendy Deacon","43A Riffel RoadLondonNW2 4PB","7"
"HMOAA/18/58977","2 Grasvenor AvenueBarnetEN5 2BZ","000200050913",8/11/2018 00:00:00,,"Ms Mary Garland","5 Nuns LaneSt AlbansAL1 2HS","5"
"HMOAA/17/57304","11 Richmond RoadLondonN2 8JT","000200209234",21/12/2017 00:00:00,,"Michelle O' Connell","5 The Willows1025 High RoadLondonN20 0QE","5"
"HMOAA/18/57809","Flat 12Temple Fortune MansionsFinchley RoadLondonNW11 0QR","000200041932",30/3/2018 00:00:00,,"Mr Steven Harris","Connaught House1-3 Mount StreetLondon W1K 3NB","5"
"HMOM/18/57839","17 Booth RoadLondonNW9 5JS","000200012490",27/4/2018 00:00:00,,"Ms Kanchan Parmar","17 Booth RoadLondonNW9 5JS","9"
"HMOM/17/57294","1 Rickard CloseLondonNW4 4XH","000200098322",20/11/2018 00:00:00,,"Mrs Zena Behrman","27 Prothero GardensHendonLondon NW4 3SJ","5"
"HMOM/18/57872","1 The GroveLondonN3 1QN","000200222870",14/5/2018 00:00:00,,"Mr Asif Hassan","23 Michleham DownLondonN12 7JJ","14"
"HMOAA/18/57710","10 Horton AvenueLondonNW2 2SA","000200066902",20/3/2018 00:00:00,,"Miss Miss Ana Clara De Souza Ramos Nogueira","10 Adeney Close LondonW6 8ET","3"
"HMOM/18/57738","1 Alyth GardensLondonNW11 7EN","000200003506",20/3/2018 00:00:00,,"Mr  Norman Gabay","99 The RidgewayLondonNW11 9RX","5"
"HMOM/18/57837","34 Booth RoadLondonNW9 5JR","000200012502",9/5/2018 00:00:00,,"Mrs Kanchan Parmar","17 Booth RoadLondonNW9 5JS","5"
"HMOAA/18/58530","Flat 7Alba CourtAlba GardensLondonNW11 9NP","000200002251",12/7/2018 00:00:00,,"Dr Fazal Mahmud","5 Walkers RidgeCamberleySurreyGU15 2DF","5"
"HMOAA/17/57386","6 Cumbrian GardensLondonNW2 1EF","000200029930",27/2/2018 00:00:00,,"Mr Teddy Nazim","5 Grampian GardensLondonNW2 1JH","4"
"HMOAA/18/57802","30 Clitterhouse RoadLondonNW2 1DJ","000200024507",29/3/2018 00:00:00,,"Mr Patrick Keegan","3 Clayton RoadLeedsLS10 2HE","5"
"HMOM/18/57588","2A Longfield AvenueLondonNW7 2EG","000200090201",21/5/2018 00:00:00,,"Mr Mohammad Hussain Chaudhary","2A Longfield AvenueMill HillLondon NW7 2EG","7"
"HMOAA/18/57918","24 Nether StreetLondonN12 7NL","000200084263",8/5/2018 00:00:00,,"Mr Chhagan Mistry","19 Reservoir RoadLondonN14 4BB","5"
"HMOM/18/57919","20 Woodside GroveLondonN12 8QU","000200130282",24/4/2018 00:00:00,,"Wildwood Properties Ltd","GEI House141 Cricklewood BroadwayLondon NW2 3HY","16"
"HMOM/18/57957","124 Hamilton RoadLondonNW11 9EA","000200055782",15/5/2018 00:00:00,,"Mr Rye Ramdenee","264 Cranbrook RoadIlford IG1 4UR","6"
"HMOM/18/58557","15 Edgecumbe AvenueLondonNW9 4AT","010093297680",14/8/2018 00:00:00,,"KNK(Global) Enterprise Ltd","71-75 Shelton StreetCovent GardenLondonWC2H 9JQ","6"
"HMOM/18/59041","1 GrebeBroadhead StrandLondonNW9 5PS","000200015384",13/12/2018 00:00:00,,"Mr Rakesh Shah","19 Sudbury Hill CloseWembley HA0 2QR","5"
"HMOAA/18/59091","3 Albany Row12 The CausewayLondonN2 0XB","000200210558",1/11/2018 00:00:00,,"Mr Feon Chen","8 Castle Gogar RiggEdinburghScotlandEH12 9FP","5"
"HMOAA/18/57804","53 Greenfield GardensLondonNW2 1HT","000200052579",3/4/2018 00:00:00,,"Mr Habib Ebadollahzadeh-Namini","47 Vernon CourtHendon Way NW2 2PE","6"
"HMOAA/18/58098","12 Westfield RoadLondonNW7 3BL","000200125572",29/6/2018 00:00:00,,"Mr Kyriacos Kyriacou","12 Westfield RoadLondonNW7 3BL","10"
"HMOMA/18/58763","6 Wroughton TerraceLondonNW4 4LE","000200131450",21/9/2018 00:00:00,,"Mr Luigi La Falce","16 Ashley WalkLondon NW7 1DU","5"
"HMOAA/18/58904","18 Nether StreetLondonN12 7NL","000200084258",23/10/2018 00:00:00,,"Mr Peter Steyne","8 Valencia RoadStanmoreMiddxHA7 4JH","7"
"HMOAA/18/58278","89 Sevington RoadLondonNW4 3RU","000200102431",14/6/2018 00:00:00,,"Mr Krzysztof Milla","MDream Property29 Finchley LaneLondon NW4 1BX","10"
"HMOM/18/59029","4 Moxon StreetBarnetEN5 5TY","000200150994",4/12/2018 00:00:00,,"Mr Helal Uddin","4 Wortley RoadEast HamLondonE6 1AY","6"
"HMOM/18/59064","24 Friern Barnet LaneLondonN11 3LX","000200044490",21/9/2018 00:00:00,,"Mr David Graham Frank Lee","The Hollies 20 Hatton StreetWellingboroughNN8 5AW","5"
"HMOAA/17/57211","15 Brentfield GardensLondonNW2 1JP","000200014431",20/2/2018 00:00:00,,"Mr Ofer Lupo","78 Golders Green RoadP.O.Box 345London NW11 8AL","5"
"HMOM/18/58744","61 Greyhound HillLondonNW4 4JN","000200053355",11/10/2018 00:00:00,,"Mr Gholamreza Nikzamir","61 Greyhound HillLondonNW4 4JN","5"
"HMOM/18/58304","29 Sandringham RoadLondonNW11 9DR","000200101409",15/6/2018 00:00:00,,"Mr  Zamen Ali","1A Golders Green RoadLondonNW11 8DY","7"
"HMOAA/18/58337","Flat 17Vernon CourtHendon WayLondonNW2 2PD","000200059281",15/6/2018 00:00:00,,"Mr Alfred Yazdiha","29 Dollis AvenueLondonN3 1DA","6"
"HMOM/18/59321","138 Ballards LaneLondonN3 2PA","000200006713",29/11/2018 00:00:00,,"Mr Petru Lucuta","30 Preston Hill HarrowHA3 9SD","9"
"HMOAA/18/59733","2A East Barnet RoadBarnetEN4 8RW","000200141313",19/2/2019 00:00:00,,"Mrs Yvette Hartland","21 Weirdale AvenueWhetstoneLondonN20 0AN","5"
"HMOAA/18/59976","Flat 25Wendover CourtFinchley RoadLondonNW2 2PG","000200042636",5/3/2019 00:00:00,,"Mr Alfred Yazdiha","29 Dollis AvenueLondonN3 1DA","5"
"HMOM/19/60055","226 Cricklewood LaneLondonNW2 2PU","000200029269",2/4/2019 00:00:00,,"Mr John Mccormick","LFK Ltd65 Woodcock HillKentonHarrow","9"
"HMOM/19/60071","88 Hamilton RoadLondonNW11 9DY","000200055754",26/3/2010 00:00:00,,"Dreamview Management","34 Golders Green RoadLondonNW11 8LL","7"
"HMOM/19/60073","13 Golders WayLondonNW11 8JY","010091038819",4/4/2019 00:00:00,,"Dreamview  Management","34 Golders Green RoadLondonNW11 8EL",
"HMOAA/19/60104","24 Talbot CrescentLondonNW4 4PE","000200112765",16/7/2019 00:00:00,,"Mrs Saira Don","Dillon Care Ltd24 Talbot CrescentLondon NW4 4PE","6"
"HMOM/19/60114","20 King Edward RoadBarnetHertsEN5 5AP","000200221370",23/4/2019 00:00:00,,"Ms Mary Mason","Solace Women's AidUnit 5-7 Blenheim Court62 Brewery RoadLondonN7 9NY","19"
"HMOME/19/60130","54 Bell LaneLondonNW4 2AE","000200009462",28/3/2019 00:00:00,,"Mr Alexander James Friedmann","23 Glebe CrescentLondonNW4 1BT","5"
"HMOAA/18/59290","48 Great North WayLondonNW4 1HS","000200051736",9/11/2018 00:00:00,,"Mr Eddie Kashi","18 Foreland Court Holders Hill RoadHendon, LondonNW4 1LG","9"
"HMOAA/18/59888","14 Langham GardensEdgwareHA8 9EG","000200071026",21/12/2018 00:00:00,,"Mr Vasant Bhojani","60 Ravenscroft AvenueWembleyMiddlesex HA9 9TL","5"
"HMOM/18/59948","347 Hendon WayLondonNW4 3NB","000200059563",20/2/2019 00:00:00,,"Mr Aviram Cohen","BarakaGreenbank CrescentLondon NW4 2LA","5"
"HMOAA/18/59977","Flat 10Wendover CourtFinchley RoadLondonNW2 2PG","000200042618",5/3/2019 00:00:00,,"Mr Alfred Yazdiha","29 Dollis AvenueLondonN3 1DA","7"
"HMOAA/18/59982","Flat 41Wendover CourtFinchley RoadLondonNW2 2PH","000200042654",5/3/2019 00:00:00,,"Mr Alfred Yazdiha","29 Dollis AvenueLondonN3 1DA","6"
"HMOAA/18/59984","Flat 24Wendover CourtFinchley RoadLondonNW2 2PG","000200042635",5/3/2019 00:00:00,,"Mr Alfred Yazdiha","29 Dollis AvenueLondonN3 1DA","6"
"HMOM/18/59986","69 Dallas RoadLondonNW4 3JD","000200219990",12/2/2019 00:00:00,,"Mr Swapan Paul","33 Barn WayLondonHA9 9NS","10"
"HMOM/18/59310","60 Babington RoadLondonNW4 4LD","000200005972",16/1/2019 00:00:00,,"Ms Saniye Kucukbalaban","60 Babington RoadHendonLondon NW4 4LD","5"
"HMOME/18/59736","144 Oakleigh Road NorthLondonN20 0UL","000200088434",12/3/2019 00:00:00,,"Stef & Philips Ltd","68 Aldermans Hill London N13 4PP","5"
"HMOM/19/60751","39 Lichfield RoadLondonNW2 2RG","000200221456",10/9/2019 00:00:00,,"Mr Peter Steyne","Concorde HouseGrenville PlaceMill HillNW7 3SA","13"
"HMOM/19/60935","124 Hamilton RoadLondonNW11 9EA","000200055782",15/8/2019 00:00:00,,"Mr Michael Mizrachi","Home Studios 4U Ltd12-16 Portsdown MewsLondonNW11 7HD","6"
"HMOAA/19/60975","38 Heriot RoadLondonNW4 2DG","000200059831",7/8/2019 00:00:00,,"Mr Manoj Patel","14 Foscote Road London NW4 3SD","5"
"HMOAA/19/60019","23A Dollis ParkLondonN3 1HJ","000200033133",18/1/2019 00:00:00,,"Mr Nicholas John Mathers","56 Horn Hill Whitwell Hitchen HertsSG4 8AR","5"
"HMOM/19/60025","19 Sturgess AvenueLondonNW4 3TR","000200109923",19/3/2019 00:00:00,,"Miss Gratzia Levy","45 Sherwood RoadLondonNW4 1AE","6"
"HMOM/19/60085","61A Golders Green RoadLondonNW11 8EL","000200048699",16/4/2019 00:00:00,,"Dreamview Management","34 Golders Green Road LondonNW11 8LL","5"
"HMOAA/18/59271","85 Prayle GroveLondonNW2 1BB","000200094461",11/12/2018 00:00:00,,"Caring Properties Limited","143 Wargrave AvenueLondonN15 6TX","6"
"HMOAA/18/59274","4 Glebe RoadLondonN3 2AX","000200047448",10/1/2019 00:00:00,,"Mr Tago Umenyilora","47 Netherlands RoadNew BarnetBarnet EN5 1BP","5"
"HMOAA/18/59342","2 Bellevue RoadLondonN11 3ER","000200223457",11/12/2018 00:00:00,,"Mr Mark Kaye","Sonesta4 Knowl WayElstreeHerts WD6 3NB",
"HMOM/18/59435","36 Hillside DriveEdgwareMiddxHA8 7PG","000200063973",21/12/2018 00:00:00,,"Mrs Shuming Chen","2 AlbanwoodWatfordWD25 7BZ","10"
"HMOM/18/59873","182 Station RoadLondonN3 2SG","000200108351",13/3/2019 00:00:00,,"Mr Olivier Levenfiche","The Levoltan Corporation Ltd233 Regents Park RoadLondonN3 3PQ","11"
"HMOME/19/60411","Flat 2Wendover CourtFinchley RoadLondonNW2 2PG","000200042630",2/5/2019 00:00:00,,"Mr Alfred Yazdiha","29 Dollis Avenue LondonN3 1DA","8"
"HMOM/19/60869","16 Sevington RoadLondonNW4 3SB","000200102352",8/10/2019 00:00:00,,"Mr Shah Agha Hussaini","1 Tithe WalkLondon HendonNW7 2PY","14"
"HMOAA/18/59254","49 Hillfield AvenueLondonNW9 6NY","000200063835",28/11/2018 00:00:00,,"Mr Martin Sean Prendergast","192 Wellington RoadEnfield London EN1 2RT","5"
"HMOM/18/59392","20 Second AvenueLondonNW4 2RN","000200101817",11/1/2019 00:00:00,,"Mrs Amy Kong","8 Clarendon Gardens LondonNW4 4UU","5"
"HMOAA/18/59889","47 Edgeworth CrescentLondonNW4 4HA","000200036241",27/2/2019 00:00:00,,"Mr Giorgio Timanti","22 Harmsworth WayLondonN20 8JT","5"
"HMOM/19/60105","4 Claremont RoadLondonNW2 1BP","000200023657",22/3/2019 00:00:00,,"Mrs Margaret Fitzgerald","10 Claremont RoadLondonNW2 7BP","11"
"HMOAA/19/60123","48 Watling AvenueEdgwareHA8 0LT","000200211288",16/4/2019 00:00:00,,"Mr Adey Fasogbon","48 Watling AvenueEdgwareHA8 0LT","6"
"HMOAL/18/59406","69 Greyhound HillLondonNW4 4JN","000200053363",18/12/2018 00:00:00,,"Mr Sami Barakas","Flat 2, Ibis Court105 Hendon LaneN3 3TP","5"
"HMOM/18/59491","11A Woodhouse RoadLondonN12 9EN","000200129025",29/1/2019 00:00:00,,"Mr Joel Gerard","Milloyd Investnments Ltd44 Little CommonStanmoreHA7 3BZ","10"
"HMOM/19/60218","8 Lichfield RoadLondonNW2 2RE","010093301071",11/4/2019 00:00:00,,"Mr Alan Rossiter","37 Anson RoadLondonNW2 3UY","11"
"HMOME/19/60492","36 Glebe CrescentLondonNW4 1BU","000200047431",18/6/2019 00:00:00,,"M Dream Property Ltd","29 Finchley Lane London  NW4 1BX","5"
"HMOM/19/60728","Flat 87 Russell ParadeGolders Green RoadLondonNW11 9NN","000200229963",2/7/2019 00:00:00,,"Mr Shailesh Kadiwar","C/O Moreland903 - 905 Finchley RoadLondonNW11 7PE","5"
"HMOME/18/59951","121 Watling AvenueEdgwareMiddxHA8 0LY","000200122833",25/2/2019 00:00:00,,"Mr Besnik Dedei","37 Thirleby RoadEdgware MiddlesexHA8 0HE","6"
"HMOME/19/60171","Flat 8Brent View HouseNorth Circular RoadLondonNW11 9LE","000200085997",12/4/2019 00:00:00,,,"Elegant Property Group336 Ballards LaneLondonN12 0EY","5"
"HMOM/19/60932","28 Wessex GardensLondonNW11 9RT","000200124146",30/7/2019 00:00:00,,"Mr Daniel Selby","84 Temple Fortune LaneLondonNW11 7TX","9"
"HMOAA/18/59688","13 Egerton GardensLondonNW4 4BB","000200036960",5/2/2019 00:00:00,,"London Homestead Property Management Ltd","Highview House6 Queens RoadHendonNW4 2TH","5"
"HMOAA/19/60330","32 Gervase RoadEdgwareHA8 0EP","000200047199",25/4/2019 00:00:00,,"Mr Steyne Peter","Concorde HouseGrenville PlaceMill Hill NW7 3SA","5"
"HMOAA/19/60366","30 Greenway GardensLondonNW9 5AX","000200053101",4/4/2019 00:00:00,,"Mr Aryazaid Nezami","18 Tithe CloseLondonNW7 2QD","5"
"HMOM/19/60416","32 Holders Hill CrescentLondonNW4 1ND","000200065227",22/3/2019 00:00:00,,"Mr Alfred Yazdiha","29 Dollis AvenueLondonN3 1DA","8"
"HMOAA/19/60777","28 Portsdown AvenueLondonNW11 0NG","000200094096",4/7/2019 00:00:00,,"Harry Twyford","C/O West And City Management Ltd37A Walm LaneLondonNW2 4QU","5"
"HMOME/18/59570","83 SouthfieldsLondonNW4 4NA","000200105040",10/1/2019 00:00:00,,"Mr Zvi Adler","5 Ascot Place20 Marsh Lane Stanmore Middlesex HA7 4HH","5"
"HMOM/18/59590","203 Watford WayLondonNW4 4SL","000200122183",19/2/2019 00:00:00,,"Mr Rakesh Shah","19 Sudbury Hill CloseLondon HA0 2QR","6"
"HMOM/18/59878","20 Mountfield RoadLondonN3 3NE","000200083381",4/3/2019 00:00:00,,"Mr Oliver Levenfiche","The Leviltan Corporation Ltd233 Regents Park RoadLondon N3 3LF","8"
"HMOAA/19/60423","4 Romney RowBrent TerraceLondonNW2 1BW","000200014265",28/3/2019 00:00:00,,"Ab-Flatmate LTD","5A Accomodation RoadLondonNW11 8ED","5"
"HMOM/19/60961","3 Gloucester GardensLondonNW11 9AB","000200048013",23/7/2019 00:00:00,,"Mr Farzad Zahab","78 Wise LaneLondonNW7 2RG","20"
"HMOAA/19/60965","1 Somaford GroveBarnetEN4 8UL","000200104303",4/7/2019 00:00:00,,"Mr Wesley Paul Gaughan","Unit 2 Wrotham Business ParkBarnetHerts EN5 4SZ","7"
"HMOM/18/59295","16 Station RoadLondonNW4 4PZ","000200108408",4/12/2018 00:00:00,,"Ajit Varsani","39 Regal WayHarrowMiddlesexHA3 0RZ","8"
"HMOAA/19/60389","63 Avenue RoadLondonN12 8PY","000200005706",25/6/2019 00:00:00,,"Mr Shen Yan","21 Lorian CloseLondonN12 7DW","5"
"HMOME/19/60502","97A Golders Green RoadLondonNW11 8EN","000200048729",22/5/2019 00:00:00,,"Mr Robert Thompson","Russmore Property Company Ltd42 South Molton Street London W1K 5RR","5"
"HMOAA/19/60504","Flat 232 Montpelier RiseLondonNW11 9DS","010091041740",15/5/2019 00:00:00,,"Mr Jaysukh Thakrar","30 Montpelier Rise Golders Green London NW11 9DS","5"
"HMOM/18/59651","20A Church TerraceLondonNW4 4JU","000200159387",26/2/2019 00:00:00,,"Mr Yoav Tal","My ConstructionUnit 5, Sayer HouseOxgate LaneLondon NW2 7JN","5"
"HMOAA/18/59768","27 Trinity RoadLondonN2 8JJ","000200118950",7/2/2019 00:00:00,,"Mr Marcus Newbold","St Ledger Investments Ltd121 Junction Road LondonN19 5PX ","4"
"HMOAA/18/59983","Flat 30Wendover CourtFinchley RoadLondonNW2 2PH","000200042642",5/3/2019 00:00:00,,"Mr Alfred Yazdiha","29 Dollis AvenueLondonN3 1DA","5"
"HMOME/19/60418","53 Albert RoadLondonNW4 2SH","000200002427",10/5/2019 00:00:00,,"Mr Jonathan Lipton","21A West Heath RoadLondon NW3 7UU","5"
"HMOM/19/60566","6 Princes AvenueLondonN3 2DB","000200094732",6/6/2019 00:00:00,,"Mr Gerald Kennedy","6 Princes AvenueFinchley CentralLondonN3 2DB","7"
"HMOM/18/59326","28 Brentmead PlaceLondonNW11 9LH","000200014455",18/12/2018 00:00:00,,"Mr Hamid Kamyab","24 Llanvanor RoadLondonNW2 2AP","16"
"HMOM/19/60583","2 North End RoadLondonNW11 7PH","000200086238",4/6/2019 00:00:00,,"Mr Dorian Nineberg","1 Bramley CloseMill HillNW7 4BR","11"
"HMOAA/18/59255","15 Endersleigh GardensLondonNW4 4RX","000200038166",13/12/2018 00:00:00,,"Ms Issabella Gyebi","15 Endersleigh GardensLondonNW4 4RX","5"
"HMOME/19/60867","58 Sevington RoadLondonNW4 3RX","000200102399",23/7/2019 00:00:00,,"Mrs Pari-Vash Fahimian","24 Sherwood RoadLondon NW4 1AD","5"
"HMOM/18/59565","238 East End RoadLondonN2 8AX","000200035546",25/1/2019 00:00:00,,"Mr Adamos Neophytou","40 Abbots Gardens East Finchley London N2 0JQ","10"
"HMOM/18/59648","20 Church TerraceLondonNW4 4JU","000200159386",8/2/2019 00:00:00,,"Mr Yoav Tal","My ConstructionUnit 5, Sayer HouseOxgate LaneLondon NW2 7JN","5"
"HMOAA/18/59794","94 Cumbrian GardensLondonNW2 1EL","000200030018",13/8/2019 00:00:00,,"Mr Teddy Nazim","5 Grampian GardensLondonNW2 1JH","6"
"HMOAA/19/60020","40 Sunningfields RoadLondonNW4 4RL","000200110761",4/4/2019 00:00:00,,"Mrs Bela Ivanova","22 Capitol WayLondon NW9 0EQ","4"
"HMOAA/19/60524","8 Leopold RoadLondonN2 8BE","000200072656",3/12/2019 00:00:00,,"Mr Simon Collins","21 Woodstock RoadLondon NW11 8ES","5"
"HMOME/19/60663","6 Balfour GroveLondonN20 0SJ","000200006011",5/6/2019 00:00:00,,"Mrs Gunawathy Kuganesan","345 Oakleigh Road NorthLondon N20 0RJ","6"
"HMOM/19/60396","9 St Margarets RoadEdgwareMiddxHA8 9UP","000200106583",28/5/2019 00:00:00,,"Mr Ahmet Eren","228 Old Church RoadLondonE4 8BT","7"
"HMOM/19/60550","34 North End RoadLondonNW11 7PT","000200166684",28/5/2019 00:00:00,,"Mr Dorian Nineberg","1 Bramley CloseMill HillNW7 4BR","5"
"HMOAA/19/60648","Second And Third Floor Maisonette8 North End RoadLondonNW11 7PH","000200159976",18/6/2019 00:00:00,,"Mr Simon Daruish","Huntvale London Limited673 Finchley RoadLondon NW2 2JP","5"
"HMOAA/19/60267","224 Ballards LaneLondonN3 2LX","000200200901",26/4/2019 00:00:00,,"Mr Sotos Antoniades","527B Green LanesLondonN4 1AN","5"
"HMOM/19/60594","47 Russell GardensLondonNW11 9NJ","000200100288",6/6/2019 00:00:00,,"Mrs Hannah Davidoff","ABC Estates (London) Ltd51 Brent StreetLondonNW4 2EA","6"
"HMOM/18/59171","62 Crewys RoadLondonNW2 2AD","000200028796",8/1/2019 00:00:00,,"Mr William McGowan","300 Neasden LaneLondonNW10 0EP","5"
"HMOME/18/59438","15A Nant RoadLondonNW2 2AL","000200083770",3/1/2019 00:00:00,,"Mr Uri Shakuri Kamara","318 Watford WayLondonNW4 4UY","7"
"HMOM/18/59875","24 Cyprus RoadLondonN3 3RY","000200030206",22/2/2019 00:00:00,,"Mr Olivier Levenfiche","233 Regents Park RoadLondon N3 3LF","10"
"HMOME/19/60401","4 Garratt RoadEdgwareHA8 9AW","000200046782",30/5/2019 00:00:00,,"Mr Amar Shah","20 Jesmond Way Stanmore Middx HA7 4QR","6"
"HMOM/19/60455","4 Selborne GardensLondonNW4 4SJ","000200102002",23/5/2019 00:00:00,,"Mr Saqlan Ahmed","33 Tenterden DriveHendonNW4 1EA","6"
"HMOAA/19/60598","6 Fursby AvenueLondonN3 1PL","000200045844",23/5/2019 00:00:00,,"Mrs Jayshree Pabari","5 Falcon Close Leicester Forest East Leicester LE3 3NP","5"
"HMOM/18/59112","41 SouthfieldsLondonNW4 4LX","000200105012",20/11/2018 00:00:00,,"Roundtree Real Estates","4 Sentinel SquareLondonNW4 2EL","5"
"HMOM/18/59339","8 Ravenscroft AvenueLondonNW11 0RY","000200096977",30/11/2018 00:00:00,,"Rosh Investments Ltd","Neon House688 Finchley RoadLondonNW11 7NP","13"
"HMOM/19/60456","14 Yew GroveLondonNW2 3AD","000200131718",6/6/2019 00:00:00,,"Jabreal Limited","34 St Georges RoadLondon NW11 0LR","8"
"HMOAA/18/59689","13 Annesley AvenueLondonNW9 5ED","000200003795",10/9/2019 00:00:00,,"Viable Properties LTD","27 Old Glouchester Street  London  WC1N  3AX","4"
"HMOM/19/60812","12 Babington RoadLondonNW4 4LD","000200005939",13/8/2019 00:00:00,,"M Dream Property Ltd","29 Finchley Lane London NW4 1BX",
"HMOM/19/60917","110 Normandy AvenueBarnetEN5 2HS","000200085700",27/6/2019 00:00:00,,"Mr Stephen Peter Smyth","3 Frederick CloseLondon W2 2HD","6"
"HMOMA/18/59325","37 - 39 West Heath DriveLondonNW11 7QG","000200223177",18/12/2018 00:00:00,,"Mr Nicos Ladas","20-22 Leinster Square LondonW2 4PR","23"
"HMOM/19/60029","1 Grosvenor RoadLondonN3 1EY","000200053484",21/5/2019 00:00:00,,"Avita Enterprise Ltd","Ground Floor Right Office 5 Accommodation RoadLondonNW11 8ED","5"
"HMOAA/18/59143","48 Lichfield GroveLondonN3 2JP","000200073083",6/12/2018 00:00:00,,"Mrs Tahira Piracha","202 The Pavillion St Johns Wood RoadNW8 7HB","7"
"HMOME/18/59544","32 Hillcrest AvenueLondonNW11 0EN","000200063736",29/1/2019 00:00:00,,"Mr Spencer Shalom Meyers","107 Bridge Lane Golders Green LondonNW11 0EU","5"
"HMOAA/18/59696","231 Crescent RoadBarnetEN4 8SB","000200212003",19/2/2019 00:00:00,,"Rev Rupert Lazar","East Barnet Baptist Church Crescent Road London EN4 8PS","4"
"HMOM/19/60344","7 Kenerne DriveBarnetEN5 2NW","000200068834",14/5/2019 00:00:00,,"Mr Tony Isaku","7 Kenerne DriveLondonEN5 2NW","6"
"HMOM/19/60834","39 Station RoadLondonNW4 4PN","000200108417",30/7/2019 00:00:00,,"Mr Chin Soo","39 Station RoadHendonLondonNW4 4PN","10"
"HMOM/19/60866","Flat 4Chesterfield Court42 Ravenscroft AvenueLondonNW11 8AU","000200097024",16/7/2019 00:00:00,,"Rent With Us Ltd","13 West Hampstead MewsLondon NW6 3BB","5"
"HMOM/19/60936","4 Templars CrescentLondonN3 3QS","000200113143",25/7/2019 00:00:00,,"Mr Georgios Dimitrios Patros","4 Templars CrescentFinchleyLondonN3 3QS","8"
"HMOM/19/60076","85A Golders Green RoadLondonNW11 8EN","000200048719",4/4/2019 00:00:00,,"Dreamview  Management","34 Golders Green RoadLondonNW11 8EL","9"
"HMOM/18/59722","42 Babington RoadLondonNW4 4LD","000200005963",3/1/2019 00:00:00,,"Ms Muzeyyen Kucukbalaban","42 Babington RoadLondonNW4 4LD","9"
"HMOM/19/60095","77A Golders Green RoadLondonNW11 8EN","000200204683",29/3/2019 00:00:00,,"Dreamview Management","34 Golders Green Road LondonNW11 8LL","14"
"HMOME/19/60326","26 Golders RiseLondonNW4 2HR","000200049310",30/4/2019 00:00:00,,"Mr Hadi Sarbaz","63 Bittacy RiseMill Hill LondonNW7 2HH","10"
"HMOAA/19/60223","42 Princes AvenueLondonN3 2DB","000200094766",4/4/2019 00:00:00,,"Mr James Kent","15 Osborn GardensMill HillLondon NW7 1DY","5"
"HMOM/19/60240","827 Finchley RoadLondonNW11 8AJ","000200042229",26/4/2019 00:00:00,,"Mr Murad Shamsi","827 Finchley RoadLondon NW11 8AJ",
"HMOME/19/60286","9 Herbert RoadLondonNW9 6AJ","000200059758",26/4/2019 00:00:00,,"Mrs Nita Patel","Oakhurst Barnet Lane TotteridgeLondonN20 8AP","6"
"HMOM/19/60295","Courtlands24 Northumberland RoadBarnetEN5 1ED","000200086758",27/6/2019 00:00:00,,"Byron Funds Consulting LTD","20 Benjamin RoadHigh Wycombe HP13 6SR","12"
"HMOAA/18/59275","8 Sedgemere AvenueLondonN2 0SX","000200101875",14/12/2018 00:00:00,,"Mr Mustafa Uzel","23 Barn Way Wembley  HA9 9NT","5"
"HMOM/18/59941","53 Station RoadLondonN3 2SH","000200108233",26/2/2019 00:00:00,,"L & G Properties","79 College RoadHarrow HA1 1BD","13"
"HMOAA/19/60276","15A Albert RoadLondonNW4 2SH","000200002383",11/4/2019 00:00:00,,"Mr Krzysztof Milla","29 Finchley LaneLondonNW4 1BX","4"
"HMOM/19/60452","26 Clovelly AvenueLondonNW9 6DT","000200024787",8/5/2019 00:00:00,,"Veema (UK) Limited","161 Green Lane RoadLeicester LE5 3TQ","5"
"HMOAA/18/59578","1 Bovingdon LaneLondonNW9 5WJ","000200012843",29/1/2019 00:00:00,,"Mrs Margerie Adam","36 Booth RoadLondonNW9 5JR","12"
"HMOM/18/59680","186A West Hendon BroadwayLondonNW9 7EE","000200124651",23/4/2019 00:00:00,,"Mr Mohammed Aslam Mirza","20 Wise Lane Mill Hill London NW7 2RE","6"
"HMOM/18/59962","14 Old Rectory GardensEdgwareHA8 7LS","000200089328",21/2/2019 00:00:00,,"Mr Adrian Pearson","22 Saint Birstan GardensAndoverHantsSP10 4NY","6"
"HMOM/18/59988","26 - 30 Golders Green CrescentLondonNW11 8LE","000200220505",28/3/2019 00:00:00,,"Akelius Residential Limited","10 Bloomsbury Way London WC1A 2SL","70"
"HMOME/19/60968","41 Colin CrescentLondonNW9 6EU","000200025128",8/8/2019 00:00:00,,"Mr Prakash Asani","56 Woodfield Avenue Colindale London NW9 6PJ","5"
"HMOM/19/60415","14 Somerton RoadLondonNW2 1SA","000200104571",2/4/2019 00:00:00,,"Mr Fagner Gomes De Almeida","42 Crewys RoadLondonNW2 2AA","10"
"HMOAA/19/60496","38 Prospect RoadLondonNW2 2JU","000200208855",15/5/2019 00:00:00,,"Mrs Brigitte Rudd","54 New Cavendish Street London W1G 8TG","4"
"HMOM/19/60559","602 Finchley RoadLondonNW11 7RX","000200042111",14/5/2019 00:00:00,,"Mr George Kovari","1 Scotts CloseStock HammondBucksMK17 9RQ","15"
"HMOME/19/60596","201 Watford WayLondonNW4 4SL","000200122181",5/6/2019 00:00:00,,"M Dream Property Ltd","29 Finchely Lane London NW4 1BX","4"
"HMOAA/18/59311","167 Booth RoadLondonNW9 5JX","000200012630",7/2/2019 00:00:00,,"Mr James Michael Duggan","Flat 3/126 EslanadeGreenoakPA16 7RU","4"
"HMOME/18/59373","Flat 71Moreland CourtFinchley RoadLondonNW2 2TP","000200042595",5/2/2019 00:00:00,,"Mr Alfred Yazdiha","29 Dollis AvenueLondon N3 1DA","5"
"HMOM/18/59684","4 Woodside GroveLondonN12 8QU","000200211778",15/2/2019 00:00:00,,"Mr Peter Steyne","8 Valencia RoadStanmoreMiddlesexHA7 4JH","10"
"HMOM/18/59865","137 Station RoadLondonN3 2SP","000200108318",22/2/2019 00:00:00,,"Mr Olivier Levenfiche","233 Regents Park RoadLondon N3 3Lf","9"
"HMOME/18/59972","Flat 23Wendover CourtFinchley RoadLondonNW2 2PG","000200042634",5/3/2019 00:00:00,,"Mr Alfred Yazdiha","29 Dollis AvenueLondonN3 1DA","6"
"HMOM/19/60613","Rowedean Residential Home99 Northumberland RoadBarnetHertsEN5 1EB","000200208303",11/6/2019 00:00:00,,"Mr Chhagan Mistry","19 Reservoir RoadLondonN14 4BB","14"
"HMOM/18/59225","43 Macdonald RoadLondonN11 3JB","000200077370",13/11/2018 00:00:00,,"Mr Andrew Anthony Kelly","43 MacDonald RoadLondonN11 3JB","8"
"HMOAA/18/59390","19 Selborne GardensLondonNW4 4SH","000200102017",13/12/2018 00:00:00,,"Mr Itzhak Elran","Major HouseWaterloo RoadLondon NW2 7JR","5"
"HMOME/18/59548","1 SouthfieldsLondonNW4 4LX","000200104973",8/1/2019 00:00:00,,"Mr Sean Noel O'Hagan","15 Rosecroft GardensNeasdenLondon NW2 6HX","9"
"HMOM/18/59653","20C Church TerraceLondonNW4 4JU","000200159389",31/1/2019 00:00:00,,"Mr Yoav Tal","My ConstructionUnit 5, Sayer HouseOxgate LaneLondon NW2 7JN","5"
"HMOAA/19/60077","51 Hall LaneLondonNW4 4TJ","000200055332",9/4/2019 00:00:00,,"Mrs Syma Kadri","53 Hall LaneLondon NW4 4TJ","5"
"HMOM/18/59637","8 Woodside LaneLondonN12 8RB","000200130337",29/1/2019 00:00:00,,"Mr Martin Werth","23 Holden RoadLondon N12 8HP","5"
"HMOM/19/60070","63A Golders Green RoadLondonNW11 8EL","000200048700",29/3/2019 00:00:00,,"Dreamview Management","Dreamview Management34 Golders Green RoadLondonNW11 8LL","10"
"HMOAL/19/60667","121 Osidge LaneLondonN14 5DS","000200089857",5/6/2019 00:00:00,,"Tower Estates (Lodge) Ltd","18 Aldermans Hill Palmers Green N13 4PN","5"
"HMOM/19/60671","3 Elm GroveLondonNW2 3AE","000200037258",11/7/2019 00:00:00,,"Mrs Sheila Rigley","27 Abbey AvenueSt.AlbansHertsAL3 4BH","11"
"HMOAA/19/60680","110 Hampden WayLondonN14 5AX","000200056412",11/7/2019 00:00:00,,"Mr Savvakis Harkos","Harkos Investments LTD 27 Cliffton GardensEnfieldEN2 7PL","5"
"HMOM/19/60698","38 Babington RoadLondonNW4 4LD","000200005961",13/11/2019 00:00:00,,"Mr Shehzad Jiwa","Flat 9 82 Seymour Street London W2 2JB","5"
"HMOM/19/60058","57A Golders Green RoadLondonNW11 8EL","000200048695",22/3/2019 00:00:00,,"Dreamview Management","34 Golders Green RoadLondonNW11 8LL","10"
"HMOM/19/60753","93A Station RoadEdgwareHA8 7JG","000200223764",25/7/2019 00:00:00,,"Mr Anil Jobanputra","3 Mansion House DriveStanmoreHA7 3GA","6"
"HMOAA/19/60783","34 Sunningfields RoadLondonNW4 4RL","000200110745",17/7/2019 00:00:00,,"Mr Raffi Kesisyan","19 Holders Hill AvenueHendonLondon NW4 1EN","5"
"HMOME/19/60799","57B Green LaneLondonNW4 2AG","000200196221",13/8/2019 00:00:00,,"Mrs Hannah Davidoff","51 Brent Street London NW4 2EA","5"
"HMOAA/19/60803","18 Woodside AvenueLondonN12 8BG","000200129998",4/7/2019 00:00:00,,"Logis 1 Ltd","First Floor 736 High Road North FinchleyN12 9QD","5"
"HMOME/19/60829","30B The Market PlaceFalloden WayLondonNW11 6JJ","000200078920",1/8/2019 00:00:00,,"Mr Eric Elbaz","Joobet Ltd30 The Market PlaceFalloden WayLondon NW11 6JJ","5"
"HMOAA/19/60840","1A Crown TerraceCricklewood LaneLondonNW2 1EY","000200029351",16/7/2019 00:00:00,,"Miss Fran Fichter","Flat 27, Cleve House7-9 Cleve RoadLondon NW6 3RN","5"
"HMOAA/18/59909","49 Brookhill RoadBarnetEN4 8SF","000200016096",28/2/2019 00:00:00,,"Mr Besnik Berisha","83 Layfield CrescentLondon NW4 3UD","6"
"HMOAA/18/59966","2A Park View RoadLondonN3 2JB","000200225667",27/2/2019 00:00:00,,"Mr Vishal Sharma","Flat 159The Perspective Building 100 Westminister Bridge RoadLondon SE1 7XB","5"
"HMOME/19/60377","10 Gervase RoadEdgwareHA8 0EP","000200047178",30/4/2019 00:00:00,,"Mr Peter Steyne","Concorde HouseGrenville PlaceMill Hill NW7 3SA","4"
"HMOME/19/60795","38 Hall LaneLondonNW4 4TN","000200055319",18/6/2019 00:00:00,,"Mr Krzysztof Milla","29 Finchley LaneLondon NW4 1BX","5"
"HMOAA/19/60627","Flat 3Chesterfield Court42 Ravenscroft AvenueLondonNW11 8AU","000200097023",18/6/2019 00:00:00,,"Rent With Us","13 West Hampstead Mews London NW6 3BB","4"
"HMOM/19/60897","8 Hoop LaneLondonNW11 8JL","000200066609",23/7/2019 00:00:00,,"Mr Farzad Zahab","78 Wise LaneLondonNW7 2RG","13"
"HMOM/19/60938","17 Queens RoadLondonNW4 2TL","000200096198",1/8/2019 00:00:00,,"M Dream Property Ltd","29 Finchley LaneLondonNW4 1BX","7"
"HMOAA/18/59635","308 Watford WayLondonNW4 4UX","000200122266",4/1/2019 00:00:00,,"Mr Biligondalai Hai","168 The ValeLondonNW11 8SN","6"
"HMOM/18/59843","105 North End RoadLondonNW11 7TA","000200086335",13/3/2019 00:00:00,,"Mrs Rustomjee Feroza","Flat 1 26 Craven Street LondonWC2N 5NT","5"
"HMOAA/18/59965","220 Church Hill RoadBarnetEN4 8PP","000200022703",12/2/2019 00:00:00,,"Mr John Dunn","37 Linthorpe RoadCockfostersEN4 9BX","4"
"HMOME/19/60813","37 Woodville RoadLondonNW11 9TP","000200131102",9/10/2019 00:00:00,,"Mr Stuart Feldman","16 Hillcrest Avenue London NW11 0EN","7"
"HMOM/18/59131","18 Yew GroveLondonNW2 3AD","000200131722",6/9/2018 00:00:00,,"Adil Property Partnership","34-36 London RoadWembleyHA9 7EX","9"
"HMOM/18/59238","9 Beaconsfield RoadLondonN11 3AA","000200008412",22/11/2018 00:00:00,,"Mrs Teresa Rees","Grange Farm Mattishall RoadHoningham NorfolkNR9 5BA","10"
"HMOM/18/59652","20B Church TerraceLondonNW4 4JU","000200159388",30/1/2019 00:00:00,,"Mr Yoav Tal","My ConstructionUnit 5, Sayer HouseOxgate LaneLondon NW2 7JN","5"
"HMOME/18/59731","1 Hayes CrescentLondonNW11 0DG","000200057961",8/2/2019 00:00:00,,"Mr Mohammed Iqbal Chaudhri","49 Brim Hill LondonN2 0HA","5"
"HMOAA/18/59980","Flat 40Wendover CourtFinchley RoadLondonNW2 2PH","000200042653",5/3/2019 00:00:00,,"Mr Alfred Yazdiha","29 Dollis AvenueLondonN3 1DA","6"
"HMOM/19/60069","6 Golders WayLondonNW11 8JY","000200165182",16/4/2019 00:00:00,,"Dreamview Management","34 Golders Green RoadLondon NW11 8LL","12"
"HMOAA/19/61001","7 Lingard AvenueLondonNW9 5YZ","000200157589",15/8/2019 00:00:00,,"Mrs Amrita Shravat","36 Saxon DriveLondon W3 0NR","5"
"HMOAA/19/61016","975B Finchley RoadLondonNW11 7HA","000200041719",16/9/2019 00:00:00,,"Mr Ben Mozes","26 St Georges RoadLondonNW11 0LR","5"
"HMOM/18/59381","Flat 76Moreland CourtFinchley RoadLondonNW2 2TP","000200042600",5/2/2019 00:00:00,,"Mr Alfred Yazdiha","29 Dollis AvenueLondonN3 1DA","5"
"HMOAA/18/59469","35 Oak GroveLondonNW2 3LS","000200087123",21/12/2018 00:00:00,,"Mr Michael Moran","24 Sherbone GardensKingsburyNW9 9TE","6"
"HMOME/18/59830","316 Watford WayLondonNW4 4UY","000200122273",8/2/2019 00:00:00,,"Mr Yoel Kamara","318 Watford Way HendonLondonNW4 4UY","5"
"HMOM/18/59856","60 Arden RoadLondonN3 3AE","000200003995",13/3/2019 00:00:00,,"Mr Olivier Levenfiche","Levoltan Corporation Limited233 Regents Park RoadLondon N3 3PQ","12"
"HMOM/18/59992","9 Fairfield AvenueLondonNW4 3TN","000200039348",28/3/2019 00:00:00,,"Akelius UK Twelve Limited","10 Bloomsbury Way LondonWC1A 2SL","10"
"HMOM/19/60927","144 St Margarets RoadEdgwareMiddxHA8 9UX","000200106678",30/10/2019 00:00:00,,"Mr Ali Madani","67 Nascotwood RoadWatfordWD17 4SJ","12"
"HMOM/19/60930","149 Audley RoadLondonNW4 3EN","000200219277",1/8/2019 00:00:00,,"Mr Michael Mizrachi","Homes Studios 4U LTD12-16 Portsdown MewsLondon NW11 7HD","10"
"HMOM/19/60931","14 Sneath AvenueLondonNW11 9AH","000200104074",15/8/2019 00:00:00,,"Mr Michael Mizrachi","Homes Studios 4U LTD12-16 Portsdown MewsLondon NW11 7HD","10"
"HMOM/18/59142","21 Alders RoadEdgwareMiddxHA8 9QG","000200002528",2/10/2018 00:00:00,,"Mr Paresh Sodha","445 Kenton Road C/O Primeglobe Ltd HarrowHA3 0XY","10"
"HMOAA/18/59317","3 Nursery RoadLondonN2 9RA","000200109533",8/1/2019 00:00:00,,"Miss Emine Bicer","3 Nursery RoadEast FinchleyLondon N2 9RA","4"
"HMOM/18/59397","33 Page StreetLondonNW7 2EL","000200090185",18/12/2018 00:00:00,,"Mr Robert Gowar","18 Colindeep LaneLondonNW4 4SG","5"
"HMOAA/18/59573","First Floor Flat41 Russell RoadLondonNW9 6AB","000200227657",10/12/2018 00:00:00,,"Mr Uri Kamara","318 Watford WayHendonLondon NW4 4UY","4"
"HMOAA/19/60116","15 New Way RoadLondonNW9 6HR","000200085191",17/7/2020 00:00:00,,"Mr Firdaus Ahmad","15 New Way RoadLondonNW9 6HR","10"
"HMOM/18/59331","33B The Market PlaceFalloden WayLondonNW11 6JY","000200078927",31/1/2019 00:00:00,,"Ms Natalia Ozherelyeva","Upper Flat 57 Castletown RoadLondonW14 9HG","5"
"HMOME/18/59446","41 Long LaneLondonN3 2PS","000200074880",10/1/2019 00:00:00,,"Mr Xingjian Zhou","CityRooms.com LTDFirst Floor 3-5 Globe RoadLondonE1 4DT","5"
"HMOME/18/59716","4 Edgeworth CrescentLondonNW4 4HG","000200036205",5/3/2019 00:00:00,,"Avea Management Ltd","138 Brent Street LondonNW4 2DR","6"
"HMOAA/19/60370","7 Wenlock GardensLondonNW4 4XJ","000200123631",30/4/2019 00:00:00,,"Mr Krzystof Milla","29 Finchley LaneLondonNW4 1BX","5"
"HMOM/19/60571","8 Pymmes Green RoadLondonN11 1BY","000200095716",21/5/2019 00:00:00,,"Mr Vasos Sotiri","8 Pymmes Green RoadNew SouthgateLondonN11 1BY","10"
"HMOME/19/60145","52 Babington RoadLondonNW4 4LD","000200005968",28/3/2019 00:00:00,,"Mr Huan Liu","15 Vernon Drive Stanmore HA7 4LD","5"
"HMOAA/18/59108","96 Brent Park RoadLondonNW4 3HP","000200013573",3/1/2019 00:00:00,,"Mr Michael Rosenfield","24 Highfield CourtHighfield RoadLondonNW11 9LT","6"
"HMOM/19/59998","81 Watford WayLondonNW4 4RS","000200122149",28/2/2019 00:00:00,,"Mr Hassan Farkhari","81 Watford WayLondonNW4 4RS","12"
"HMOM/18/59890","94 Hendon LaneLondonN3 3SL","000200059112",26/2/2019 00:00:00,,"Mr Olivier Levenfiche","The Levoltan Corporation Ltd233 Regent Park RoadLondonN3 3PQ","12"
"HMOM/19/60030","2 Gaydon LaneLondonNW9 5WA","000200047052",8/3/2019 00:00:00,,"Mr Shimon Biton","Portman Property Company Limited24 Garth RoadLondonNW2 2NJ","11"
"HMOM/19/60987","35 Redbourne AvenueLondonN3 2BP","000200097383",12/9/2019 00:00:00,,"Grey Oak 800 Ltd","Unit 1, First Floor 146 - 148 Granville Industrial EstateGranville RoadNW2 2LD","13"
"HMOAA/19/61062","10 Fuller StreetLondonNW4 4QL","000200045822",2/9/2019 00:00:00,,"Ms Sally Haisha Chen","12 Windermere RoadLondonW5 4TD","4"
"HMOAA/18/59589","27 Layfield RoadLondonNW4 3UH","000200071871",21/12/2018 00:00:00,,"AAA Projects Ltd","Sutherland House70-78 West Hendon BroadwayLondon NW9 7BT","6"
"HMOMA/19/60013","1023 High RoadLondonN20 0QA","000200061839",26/3/2019 00:00:00,,"Mrs Helen Sieou","86 Sudbury Court DriveHarrowMIDDLESEXHA1 3TF","10"
"HMOM/19/61063","20 Sandringham RoadLondonNW11 9DP","000200101400",2/10/2019 00:00:00,,"Mr Fatih Ridvan Kussan","36 St Margarets Avenue London N20 9LJ","6"
"HMOM/19/61070","15 Hurstwood RoadLondonNW11 0AS","000200067370",13/8/2019 00:00:00,,"M Dream Property Ltd","29 Finchley LaneLondon NW4 1BX","11"
"HMOME/19/61091","52 Victoria RoadBarnetEN4 9PE","000200120429",12/9/2019 00:00:00,,"Mr Jonathan Pye","83 Victoria RoadNew BarnetHertsEN4 9PE","5"
"HMOAA/18/59266","9 Brent View RoadLondonNW9 7EH","000200014281",28/11/2018 00:00:00,,"Mr Mohammad Reza Imani","56 Woodhouse Road London N12 0RJ","5"
"HMOM/18/59330","21 Beaconsfield RoadLondonN11 3AA","000200008430",4/12/2018 00:00:00,,"Mr Noel Mccaffrey","22 Hemington AvenueLondonN11 3LR","7"
"HMOM/18/59417","285 Cricklewood LaneLondonNW2 2JJ","000200029296",8/1/2019 00:00:00,,"Mr Ilgar Ali","21B St Marys RoadLondonNW11 9UE","7"
"HMOM/18/59611","66 Rosemary AvenueLondonN3 2QN","000200099298",14/12/2018 00:00:00,,"Mr Sadegh Jodieri","101 GreenwayLondonN20 8EL","6"
"HMOME/19/61128","10 Guildown AvenueLondonN12 7DQ","000200053876",12/9/2019 00:00:00,,"Mr Kafil Hassan","753 High RoadNorth FinchleyN12 81G","5"
"HMOAA/18/59783","39 Hendale AvenueLondonNW4 4LP","000200058770",25/2/2019 00:00:00,,"Mr David Castro","10 Agamemnon RoadWest HampsteadLondon NW6 1DY","5"
"HMOM/19/60034","1363 High RoadLondonN20 9LN","000200206225",12/3/2019 00:00:00,,"Mr Julius Oberegger","Haven Bistro And Bar1363 High RoadLondonN20 9LN","10"
"HMOM/19/60528","22 Babington RoadLondonNW4 4LD","000200005949",23/5/2019 00:00:00,,"Mr Avney Nathan","76 Brookside RoadLondon NW11 9NG","6"
"HMOME/19/61118","20B Gratton TerraceLondonNW2 6QE","000200051007",23/9/2019 00:00:00,,"Mr Richard Phillips","Whitehill Farm SewellBedsLU6 1RP","5"
"HMOAA/18/59449","860 Finchley RoadLondonNW11 6AB","000200042305",3/1/2019 00:00:00,,"Hampstead Garden Suburbs Trust Ltd","862 Finchley RoadLondonNW11 6AB","5"
"HMOME/19/60597","15 Montagu RoadLondonNW4 3ER","000200082370",4/6/2019 00:00:00,,"Mrs Wei Lei","104 Rushgrove AvenueLondon NW9 6RD","6"
"HMOME/18/59919","318 Watford WayLondonNW4 4UY","000200122275",25/2/2019 00:00:00,,"Mr Uri Shakuri Kamara","318 Watford Way Hendon London NW4 4UY","6"
"HMOME/19/61126","63 Greyhound HillLondonNW4 4JN","000200053357",23/9/2019 00:00:00,,"M Dream Property Ltd","29 Finchley RoadLondon NW4 1BX","5"
"HMOM/19/61185","4 Stanley RoadLondonN2 0NB","000200107315",24/10/2019 00:00:00,,"Mr Vishal Kakar","VK Residential And Consultancy Ltd61 Rodney StreetAlexander HouseLiverpoolL1 9ER","5"
"HMOME/18/59583","21 Sevington RoadLondonNW4 3SA","000200222349",29/1/2019 00:00:00,,"Mr Jaber Abeeat","84 Fortune Green Road LondonNW6 1DS","10"
"HMOME/18/59650","179 Sunny Gardens RoadLondonNW4 1SG","000200222673",15/1/2019 00:00:00,,"Mr Ezekiel Menashi","13 Ashley Lane Hendon LondonNW4 1SG","11"
"HMOME/19/61035","Flat 29Eagle LodgeGolders Green RoadLondonNW11 8BD","000200048756",7/8/2019 00:00:00,,"Mr Jorge Sanchez","Oliver Walton Ltd First Floor 3-5 Globe RoadLondonE1 4DT","5"
"HMOAA/18/59705","Flat 22Wendover CourtFinchley RoadLondonNW2 2PG","000200042633",17/4/2019 00:00:00,,"Mr Nicholas Henry Kibel","79 Holders Hill DriveLondonNW4 1NN","5"
"HMOAA/19/60297","Flat 224 East End RoadLondonN3 3QT","010091040663",23/5/2019 00:00:00,,"Mr Sarju Shah","845 Honeypot LaneStanmoreHA7 1AR",
"HMOM/19/61872","32 Hall LaneLondonNW4 4TN","000200055313",3/12/2019 00:00:00,,"Mr John Cockburn","35 Holders Hill DriveLondonNW4 1NL","10"
"HMOM/18/59370","Flat 75Moreland CourtFinchley RoadLondonNW2 2TP","000200042599",5/2/2019 00:00:00,,"Mr Alfred Yazdiha","29 Dollis AvenueLondonN3 1DA","5"
"HMOAA/18/59732","62 Kenilworth RoadEdgwareHA8 8XD","000200068940",29/3/2019 00:00:00,,"Mrs Francisca Onyeocha","15 Lynton AvenueLondonNW9 6PB","5"
"HMOME/19/61190","975A Finchley RoadLondonNW11 7HA","000200041718",12/9/2019 00:00:00,,"Mr Ben Mozes","26 St Georges RoadLondonNW11 0LR","5"
"HMOME/19/61191","977A Finchley RoadLondonNW11 7HA","000200041721",10/9/2019 00:00:00,,"Mr Ben Mozes","26 St Georges RoadLondon NW11 0LR","5"
"HMOAA/19/61212","Flat 122 Park RoadLondonNW4 3PS","010093301488",1/10/2019 00:00:00,,"Ms Sumon Chohan","11 Vaughan Avenue London NW4 4HT","5"
"HMOME/19/61213","34 Alexandra RoadLondonNW4 2SA","000200200149",26/9/2019 00:00:00,,"M Dream Property Ltd","29 Finchley Lane LondonNW4 1BX","5"
"HMOM/18/59884","26 Mountfield RoadLondonN3 3NE","000200083384",28/2/2019 00:00:00,,"Mr Olivier Levenfiche","The Leviltan Corporation Ltd233 Regents Park RoadLondonN3 3PQ","9"
"HMOME/19/61076","73 Station RoadLondonNW4 4PH","000200108444",12/9/2019 00:00:00,,"M Dream Property Ltd","29 Finchley LaneLondonNW4 1BX","6"
"HMOMA/19/61155","24A Bell LaneLondonNW4 2AD","000200134492",17/9/2019 00:00:00,,"Mr Peter Khemaney","The Annex 6 Wellington RoadLondonNW8 9SP","6"
"HMOAA/18/59237","26 Pennine DriveLondonNW2 1PD","000200092887",4/12/2018 00:00:00,,"Mrs Limor Nouriel","19 Tretawn Park LondonNW7 4PS","5"
"HMOM/18/59550","333 Watling AvenueEdgwareMiddxHA8 0NF","000200123042",4/1/2019 00:00:00,,"Mr Gil Tati","14 Aldridge AvenueEdgware Middlesex HA8 8TA","5"
"HMOAA/18/59588","190A West Hendon BroadwayLondonNW9 7EE","000200124654",13/12/2018 00:00:00,,"Mr Ramaben Patel","19 Willowcourt AvenueHarrowHA3 8ET","5"
"HMOM/19/60375","193 Golders Green RoadLondonNW11 9BY","000200049085",7/5/2019 00:00:00,,"Rosh Investments Ltd","Neon House688 Finchley RoadLondonNW11 7NN","15"
"HMOME/18/59713","35 Brent Park RoadLondonNW4 3HN","000200013514",5/2/2019 00:00:00,,"Mr Alfred George Yogaratnam","2 Alderton CrescentHendonLondonNW4 3XT","5"
"HMOM/18/59787","2 Duncan CloseBarnetHertsEN5 5JJ","000200034366",19/2/2019 00:00:00,,"Mr Rahim Ahmed","36 Firs AvenueLondonN11 3NG","5"
"HMOAA/18/59944","20 Florence StreetLondonNW4 1QH","000200043296",16/1/2019 00:00:00,,"Mr Krzysztof Milla","M Dream Property29 Finchley LaneLondon NW4 1BX","5"
"HMOAA/19/61015","51 East WalkBarnetEN4 8JU","000200035931",20/8/2019 00:00:00,,"Mr Feriz Domi","2 Rayleigh RoadPalmers GreenN13 5QR","6"
"HMOAA/18/59287","7 Esmar CrescentLondonNW9 7BL","000200038475",17/12/2018 00:00:00,,"Mr Shifar Miah","45 Prayle GroveLondonNW2 1BB","8"
"HMOAA/18/59662","93 Waterfall RoadSouthgateN11 1BT","000200121874",29/1/2019 00:00:00,,"Mr Jamshed Bomanji","73 Howcroft CrescentLondonN3 1PA","6"
"HMOAA/20/62456","17B Golders Green RoadLondonNW11 8DY","000200048656",18/6/2020 00:00:00,,"Mr Ayal Shalom","35A Walm LaneWillesden Green London NW2 5SH","8"
"HMOM/20/62976","33 Ravenscroft AvenueLondonNW11 8BH","000200097002",14/8/2020 00:00:00,,"Mr Joel Hirsch","52 West Heath DriveGolders GreenLondonNW11 7QH",
"HMOM/20/62978","30 Wycombe GardensLondonNW11 8AL","000200131576",23/10/2020 00:00:00,,"Mr Joel Hirsch","52 West Heath DriveGolders GreenLondonNW11 7QH",
"HMOAA/20/63000","Flat 2101 East End RoadLondonN2 0SU","000200160112",23/10/2020 00:00:00,,"Mrs Josephine Bowman","6 Brownlow RoadLondonN3 1NA","4"
"HMOAA/19/61651","31 Chapel CourtLondonN2 8DB","000200020958",13/11/2019 00:00:00,,"Mr Anthony Tejuoso","1 Harley Street London W1G 9QD","5"
"HMOME/20/62418","145 Cotswold GardensLondonNW2 1PL","000200027547",17/3/2020 00:00:00,,"Mr Harold Ezenwa","146 Randolph AvenueLondon W9 1PG","9"
"HMOME/20/62297","43 Cleveland GardensLondonNW2 1EA","000200024016",18/3/2020 00:00:00,,"English Estates Ltd","C/o Teddy Nazim 5 Grampian GardensGolders GreenLondonNW2 1JH","5"
"HMOME/20/63074","Flat 30Windsor CourtGolders Green RoadLondonNW11 9PP","000200048900",13/11/2020 00:00:00,,"Hendon Estates LTD","142 Brent Street LondonNW4 2DR","5"
"HMOAA/19/61312","21 Compton CloseLondonNW11 8SX","000200026509",26/11/2019 00:00:00,,"Mr Jibrael Al-Afrangi","76 Pine RoadLondonNW2 6A","6"
"HMOME/19/61424","Flat 4Orchard Mead House733 Finchley RoadLondonNW11 8DJ","000200041897",29/10/2019 00:00:00,,"Mr Samar Shaukat Khan","28 Heton GardensHendon London NW4 4XS","4"
"HMOAA/19/61592","17 Grampian GardensLondonNW2 1JH","000200049913",18/12/2019 00:00:00,,"English Estates LTD","C/O Teddy Nazin5 Grampian GardensGolders Green LondonNW2 1JH","5"
"HMOME/20/62371","144 Station RoadLondonN3 2SG","000200108325",10/3/2020 00:00:00,,"Ms Ling Zhou","144 Station RoadLondon N3 2SG","6"
"HMOME/20/63268","8 Hutton GroveLondonN12 8DT","000200067480",11/12/2020 00:00:00,,"Mr Chhagan Mistry","C/O Trymax Investments LTD19 Reservoir RoadLondonN14 4BB","6"
"HMOAA/19/61455","15 Chambers GardensLondonN2 9AL","000200020452",27/11/2019 00:00:00,,"Mr Bernard Reilly","84A Waggon RoadBarnet HertsEN4 0PP","5"
"HMOME/19/61627","12 Stuart AvenueLondonNW9 7AT","000200109829",10/10/2019 00:00:00,,"Maple Estate & Letting Agents Ltd","41 Station RoadHarrowHA1 2UA","8"
"HMOM/20/62827","22 Parade MansionsVivian AvenueLondonNW4 3JR","000200120892",17/7/2020 00:00:00,,"Dynasty Estates Limited","Moda Business CentreStirling WayBorehamwoodWD6 2BW","9"
"HMOAA/20/63124","Alpha HouseMarket PlaceLondonN2 8BD","000200148599",25/9/2020 00:00:00,,"Mr Achilleas Spyrou","18 Creighton AvenueMuswell HillLondonN10 1NU",
"HMOAA/20/63303","Flat 3Sheila HouseNorth Circular RoadLondonNW11 9LD","000200086033",23/10/2020 00:00:00,,"Mr Dov Grunfeld","65 Ashbourne AvenueLondonNW11 0DT","5"
"HMOAA/19/61371","11 Woodside LaneLondonN12 8RB","000200130340",17/10/2019 00:00:00,,"Mr Jolil Shah","5 Mickledore Ampthill SquareLondonNW1 2JX","8"
"HMOME/19/61709","75 Sturgess AvenueLondonNW4 3TR","000200109979",26/11/2019 00:00:00,,"M Dream Property Ltd","29 Finchley Lane London NW4 1BX","8"
"HMOM/19/61820","27 New Trinity RoadLondonN2 8EE","010093299577",20/11/2019 00:00:00,,"Mr Alexander Shaw","63 Halliwick RoadLondon N10 1AA","5"
"HMOM/20/62545","141 Station RoadLondonNW4 4NJ","000200222597",28/1/2021 00:00:00,,"Mr Ishtiaq Ahmed","40-42 The Burroughs HendonLondonNW4 4AP","15"
"HMOM/20/62869","151 Victoria RoadBarnetEN4 9PB","000200211032",24/9/2020 00:00:00,,"Mr Henry Otchere And Mrs Annemarie Otchere","40 Cowper RoadSouthgateLondonN14 5RS","7"
"HMOM/20/62877","24 Finchley LaneLondonNW4 1DL","000200041230",14/8/2020 00:00:00,,"Mr Philip Davis & Darren Davis","Flat A60 Brookside RoadLondonNW11 9NG",
"HMOM/19/61231","24 Strathmore GardensLondonN3 2HL","000200109493",17/9/2019 00:00:00,,"Mr Nathalal Patel","21 Station RoadFinchley CentralLondonN3 2SB","10"
"HMOM/19/61836","33 Heathfield GardensLondonNW11 9HY","000200058360",17/12/2019 00:00:00,,"Enhanced Management (UK) Ltd","19 Claremont RoadLondonNW2 1BP","10"
"HMOME/20/63493","49 Heming RoadEdgwareHA8 9AB","000200058597",26/2/2012 00:00:00,,"Mr Walter Vethanayagam","26 Elmwood AvenueHarrow Middlesex HA3 8AH","6"
"HMOME/19/62093","Ground Floor Flat5 Beechcroft AvenueLondonNW11 8BJ","010093992946",18/2/2020 00:00:00,,"Vedados Limited","40 Forestdale LondonN14 7DX","7"
"HMOME/20/62836","33 Wenlock RoadEdgwareHA8 9JG","000200123707",31/7/2020 00:00:00,,"Mr Tushar Shah","512 Kenton RoadHarrowHA3 9DJ","6"
"HMOAA/20/62909","44A Station RoadLondonNW4 3SX","000200134620",14/8/2020 00:00:00,,"Mr Samuel Apeagyei","25 Keys Court1 Henrietta Way Campbell ParkMilton KeynesMK9 4BD",
"HMOME/20/62919","78 Brentmead PlaceLondonNW11 9LJ","000200014480",4/9/2020 00:00:00,,"Mr Norman Olsfanger","57A Wimpole StreetLondonW1G 8YP","5"
"HMOME/20/62517","13 St Albans RoadBarnetEN5 4LN","000200106135",31/3/2020 00:00:00,,"Ms Anh Dao Carrick","192 Woodseer StreetLondon E1 5HQ","5"
"HMOME/20/62672","8 Prayle GroveLondonNW2 1AR","000200094384",14/5/2020 00:00:00,,"Mr Yechezkel Silber","Caring Properties Ltd143 Wargrave AvenueLondonN15 6TX","6"
"HMOM/20/62473","242 East Barnet RoadBarnetEN4 8TF","000200035149",17/7/2020 00:00:00,,"Mrs Elizabeth Endzweig","Rear Of 123 Clapton CommonLondonE5 9AB","11"
"HMOM/20/63130","16 Heathfield GardensLondonNW11 9HX","000200058343",27/11/2020 00:00:00,,"Mr Arvin Patel","L.G.Property Investments LtdUnit A715 North Circular RoadLondonNW2 7AH",
"HMOAA/20/62773","1 Kestrel CloseLondonNW9 5DJ","000200069159",19/3/2021 00:00:00,,"Mr William Hung","50 Angus GardensLondon, NW9 5LE","5"
"HMOME/20/62977","29 Glebe CrescentLondonNW4 1BT","000200047427",22/10/2020 00:00:00,,"M Dream Property Ltd","29 Finchley LaneLondon NW4 1BX","6"
"HMOM/19/61731","159 Station RoadLondonNW4 4NH","000200108539",3/12/2019 00:00:00,,"Mr Joseph Walsh","Flat 20 Alexandra Mansions 347 West End LaneLondonNW6 1LU","10"
"HMOAA/19/61843","Flat 14BParade MansionsVivian AvenueLondonNW4 3YD","000200195780",7/1/2020 00:00:00,,"Mr Robert Mehmet","7 The LincolnsMill Hill London NW7 4PD","5"
"HMOM/20/62741","14 The DriveLondonNW11 9SR","000200115256",9/10/2020 00:00:00,,"Mr Daren Philip Davis","60 Brookside RoadLondonNW11 9NG",
"HMOM/20/62551","59 Leeside CrescentLondonNW11 0HA","000200072175",5/5/2020 00:00:00,,"Mr Michael Mizrachi","Home Studio 4U Ltd12-16 Portsdown MewsLondonNW11 7HD","10"
"HMOM/20/62746","48 St Georges RoadLondonNW11 0LR","000200106325",14/5/2020 00:00:00,,"Mr Greg Goorwitch","30 MiddlewayLondonNW11 6SG",
"HMOM/20/62994","11 Brentfield GardensLondonNW2 1JP","000200014427",2/10/2020 00:00:00,,"Mr Abdul Sheikh","4 Shamrock Way LondonN14 5RY",
"HMOM/20/63045","267 Nether StreetLondonN3 1PD","000200084673",14/8/2020 00:00:00,,"Mr Marc Lim","Elm Park Lodge4 Elm Park RoadLondon N3 1EB",
"HMOM/20/63417","32 Ash GroveLondonNW2 3LL","000200004537",7/1/2021 00:00:00,,"Ms Rosemarie Espinosa","93 Walm Lane LondonNW2 4QG",
"HMOAA/19/61597","56 Hervey CloseLondonN3 2HD","000200060203",12/11/2019 00:00:00,,"Avani And Kaushik Budhdeo","77 Hervey CloseLondonN3 2HD","5"
"HMOM/19/61705","17 North End RoadLondonNW11 7RJ","000200138828",13/11/2019 00:00:00,,"Mrs Anne Elliott","Goldmoss HouseThe Sedums, Common RoadKensworth, Dunstable LU6 2PN","10"
"HMOAA/20/63070","74 Highfield AvenueLondonNW11 9TT","000200062870",2/4/2021 00:00:00,,"Mr Leonard Brenig","29 Princes Park AvenueLondonNW11 0JR","6"
"HMOAA/19/61713","35 New Trinity RoadLondonN2 8EE","010093299581",16/1/2020 00:00:00,,"Mr Alexander Shaw","63 Halliwick RoadLondon N10 1AA","4"
"HMOAA/19/61821","29 New Trinity RoadLondonN2 8EE","010093299578",28/11/2019 00:00:00,,"Mr Alexander Shaw","63 Halliwick RoadLondon N10 1AA","4"
"HMOM/20/63131","34 Sevington RoadLondonNW4 3RX","000200102375",2/4/2021 00:00:00,,"Mr Manoj Patel","14 Foscote RoadLondonNW4 3SD",
"HMOM/19/61221","63 Wilberforce RoadLondonNW9 6AT","000200126589",9/1/2020 00:00:00,,"Urvish Patel","39 Cool Oak Lane London  NW9 7BH","6"
"HMOME/19/61383","5 Elms AvenueLondonNW4 2PL","000200037725",2/1/2019 00:00:00,,"Mr Chris Shaw","14 Cosbycote AvenueHerne HillLondonSE24 0DY","6"
"HMOAA/19/61569","First And Second Floor Maisonette60 Beaconsfield RoadLondonN11 3AE","000200223974",12/11/2019 00:00:00,,"Mr Christakis Pringis","15B Fox Lane London N13 4AB","5"
"HMOME/19/61652","22 Caddington RoadLondonNW2 1RS","000200018771",31/10/2019 00:00:00,,"Miss Ronelle Solomon","Flat B 47 Priory RoadLondon NW6 4NS","6"
"HMOM/19/61919","227A Golders Green RoadLondonNW11 9ES","000200048664",19/12/2019 00:00:00,,"Mr Harry Twyford","37A Walm Lane London NW2 4QU","4"
"HMOME/19/62092","36 Grampian GardensLondonNW2 1JG","000200049930",29/1/2020 00:00:00,,"Mr Teddy Nazim","5 Grampian GardensGolders Green London NW2 1JH","5"
"HMOM/20/62446","16 Montrose AvenueEdgwareHA8 0DW","000200082526",31/3/2020 00:00:00,,"Mr Iqan Ahmed","40 The BurroughsHendonLondonNW4 4AP","10"
"HMOM/20/62908","11 Dollis ParkLondonN3 1HJ","000200033157",25/9/2020 00:00:00,,"Mr Abraham Mahgerefteh","71 Cholmley GardensLondonNW6 1UL",
"HMOME/20/63143","166 Granville RoadLondonNW2 2LD","000200050865",6/11/2020 00:00:00,,"Mrs Yvonne Burkinshaw","28 Loom LaneRadlettHertsWD7 8AD","4"
"HMOM/20/63159","446 Watford WayLondonNW7 2QH","000200122558",11/12/2020 00:00:00,,"Ms Jacqueline Beckwith","446 Watford WayLondonNW7 2QH","5"
"HMOM/19/61419","130 Cat HillBarnetHertsEN4 8HU","000200019864",30/8/2019 00:00:00,,"Mr Jonathan Slater","54 Heath Drive Potters Bar EN6 1EJ","11"
"HMOM/19/62247","190 Watford WayLondonNW4 4UA","000200122170",19/2/2020 00:00:00,,"Mr Yechezkel Silber","143 Wargrave AvenueLondonN15 6TX","11"
"HMOM/20/63414","9 Woodgrange AvenueLondonN12 0PT","000200128909",19/2/2021 00:00:00,,"ETB Management LTD","346 Lordship Lane LONDONN17 7QX","6"
"HMOME/20/62586","22 Robin LaneLondonNW4 1EU","000200051859",14/5/2020 00:00:00,,"Omniville Limited","23 Filey Avenue London N16 6JL","7"
"HMOM/20/62667","32 Finchley LaneLondonNW4 1DL","000200041248",15/5/2020 00:00:00,,"Mr Abraham Cohen","The Lodge 37 Hendon Lane London N3 1RY",
"HMOME/20/62669","13 Brent TerraceLondonNW2 1BX","000200014167",29/5/2020 00:00:00,,"Mr Yechezkel Silber","Caring Properties Ltd143 Wargrave AvenueLondonN15 6TX","5"
"HMOM/20/63255","46B Western AvenueLondonNW11 9HJ","000200125511",21/2/2021 00:00:00,,"Mr Ben Mozes","26 St Georges RoadLondonNW11 0LR","5"
"HMOME/19/61553","25 Lichfield RoadLondonNW2 2RN","000200073196",3/12/2019 00:00:00,,"Marble Sales & Lettings","23 High RoadWillesden London NW10 2TE","5"
"HMOM/19/62267","67 Vivian AvenueLondonNW4 3XE","000200211099",27/2/2020 00:00:00,,"Miss Amal Aziz","125 Littlefield RoadLondonHA8 0TE","11"
"HMOME/20/63396","326 West Hendon BroadwayLondonNW9 6AE","000200124852",16/7/2021 00:00:00,,"Ms Karen Enoe","324 The Broadway London NW9 6AE ","5"
"HMOM/19/61848","60 Brookside RoadLondonNW11 9NG","000200016410",10/12/2019 00:00:00,,"Mr Daren Philip Davis","Flat A60 Brookside RoadLondonNW11 9NG","9"
"HMOME/19/62016","8 Alderton CrescentLondonNW4 3XT","000200002541",7/1/2020 00:00:00,,"Mr Hatim Shaikhali","4 Cranbourne DrivePinnerHA5 1BZ","6"
"HMOME/20/62883","Flat 37Bentfield House26 Heritage AvenueLondonNW9 5GE","000200140137",17/7/2020 00:00:00,,"Mr Mr Boon Mong Eng","Berkeley Seventy-Seven LimitedCare Of Osborne Clarke LLP2 Temple Back EastTemple Quay Bristol BS1 6EG","5"
"HMOM/20/62993","10A East Barnet RoadBarnetEN4 8RW","000200034865",16/10/2020 00:00:00,,"Mr Joel Frankel","Data House43-45 Stamford HillLondonN16 5SR",
"HMOM/20/63075","2 Princes AvenueLondonN3 2DB","000200094728",19/2/2021 00:00:00,"STELFORT ESTATE AGENTS","Mrs Hena Schwartz","9 Overlea RoadClaptonLondonE5 9BG",
"HMOM/19/61815","16 Queens AvenueLondonN3 2NP","000200095914",28/11/2019 00:00:00,,"Mr Vijay Shaunak","42 Lucien RoadLondon SW17 8HN","6"
"HMOME/20/62686","5 Lodge RoadLondonNW4 4DD","000200074452",8/5/2020 00:00:00,,"M Dream Property Ltd","29 Finchley RoadLondonNW4 1BX","5"
"HMOAA/20/62553","5 Everdale CourtThe CausewayLondonN2 0XD","000200114446",5/3/2020 00:00:00,,"Mr Roderick Neil Greenhalgh","43A Old Park RoadPalmers Green LondonN13 4RG","5"
"HMOAA/20/62293","753B Finchley RoadLondonNW11 8DL","000200041642",25/2/2020 00:00:00,,"Mr Asaf Cohen","Buckingham House 45 Vivian AvenueLondonNW4 3XA","5"
"HMOME/20/63041","3 St Johns AvenueLondonN11 3BX","000200106416",11/9/2020 00:00:00,,"Mr Craige Samspon","Willenhall Lodge 10 Great North Road Barnet EN5 1JP","8"
"HMOM/20/63337","10 Highbury SquareLondonN14 5AE","000200199640",23/10/2020 00:00:00,,"Mr Kapil Gadlay","33 Links DriveRadlettHerts WD7 8BD","5"
"HMOME/19/61319","7 Beechcroft AvenueLondonNW11 8BJ","000200009110",17/9/2019 00:00:00,,"Mykhaylo Datsyuk And Yosef Shoota","18 Golders Green RoadLondonNW11 8EH","13"
"HMOM/19/61473","Flat 5Parade MansionsVivian AvenueLondonNW4 3XR","000200120899",31/10/2019 00:00:00,,"Mr Rajesh Melwani","75 Mayflower LodgeRegents Park RoadLondonN3 3HX","8"
"HMOME/19/61763","120 Hendon WayLondonNW2 2NG","000200059410",4/12/2019 00:00:00,,"Miss Stavrini Phylactou","116 The ValeLondon NW11 8SL",
"HMOM/20/62387","12 Shirehall LaneLondonNW4 2PD","000200103231",24/3/2020 00:00:00,,"Mr Laurence Foux","48 Cranbourne Gardens London NW11 0JD","6"
"HMOM/20/62526","32 Temple GardensLondonNW11 0LL","000200113477",24/3/2020 00:00:00,,"Mr Michael Mizrachi","Homes Studios 4U LTD12-16 Portsdown MewsLondon NW11 7HD","10"
"HMOM/20/62940","11 Garrick AvenueLondonNW11 9AR","000200046813",4/9/2020 00:00:00,,"Mr Saeed Dehghani","23 Copthall DriveMill HillNW7 2ND",
"HMOAA/19/61949","211 Colney Hatch LaneLondonN10 1AP","000200026371",21/4/2020 00:00:00,,"Mr Dean Morrison","22 Abbey CourtAbbey RoadLondonNW8 0AU","5"
"HMOME/19/62037","80 Highfield AvenueLondonNW11 9TT","000200062876",18/2/2020 00:00:00,,"Mr Asher Abraham","44 The Ridgeway London NW11 8QS","5"
"HMOME/19/61525","39 Endersleigh GardensLondonNW4 4SD","000200038188",26/11/2019 00:00:00,,"Mr Chong Deng","22 Faber GardensLondon NW4 4NR","5"
"HMOAA/19/61620","66 Sturgess AvenueLondonNW4 3TS","000200109970",26/11/2019 00:00:00,,"Dr Sima Motamen-Samadian","12 The Vale LondonNW11 8SG","6"
"HMOAA/19/61822","31 New Trinity RoadLondonN2 8EE","010093299579",19/12/2019 00:00:00,,"Mr Shaw Alexander","118 Fortune Green RoadWest Hamstead London NW6 1DH","5"
"HMOAA/19/61840","75 Audley RoadLondonNW4 3EU","000200005520",29/1/2020 00:00:00,,"Mr Robert Mehmet","7 The LincolnsLondonNW7 4PD","4"
"HMOAA/19/62225","155 Booth RoadLondonNW9 5JX","000200012618",25/2/2020 00:00:00,,"Mr Ramesh Pindoria","383 High RoadLondonNW10 2JR","8"
"HMOME/19/61426","Flat 222 Park RoadLondonNW4 3PS","010093301489",29/10/2019 00:00:00,,"Mr Sumon Chohan","11 Vaughan AvenueLondon NW4 4HT","5"
"HMOM/20/62481","1 Brentfield GardensLondonNW2 1JP","000200014417",7/5/2020 00:00:00,,"Mr Nathan Halpern","7 Brookside RoadLondonNW11 9ND","10"
"HMOM/20/63388","80 Cleveland GardensLondonNW2 1DU","000200024053",27/11/2020 00:00:00,,"Mrs Dilara Begum","16 Cleveland GardensLondonNW2 1DY","6"
"HMOME/20/62299","45 Cleveland GardensLondonNW2 1EA","000200024018",5/3/2020 00:00:00,,"English Estates Ltd","C/o Teddy Nazim 5 Grampian GardensGolders GreenLondonNW2 1JH","5"
"HMOM/20/62304","3 Woodland WayLondonNW7 2JP","000200129400",12/3/2020 00:00:00,,"Mr Albert Zubaida","2 Marion RoadMill Hill London NW7 4AN","13"
"HMOM/20/62466","36 Sunningfields RoadLondonNW4 4RL","000200110746",24/3/2020 00:00:00,,"Mr Chirag Gadher","203 Preston HillHarrowLondonHA3 9UL","8"
"HMOM/20/62485","125 Friern Barnet RoadLondonN11 3DY","000200044947",23/4/2020 00:00:00,,"Louisianna Properties Limited","820A Green LanesWinchmore HillLondon N21 2RT","15"
"HMOME/20/62524","2 Woodcroft AvenueLondonNW7 2AG","000200128599",21/4/2020 00:00:00,,"Mr Davood Kalani","23 Grahame Park Way London NW7 2LA","5"
"HMOM/20/62528","7 Elm Park RoadLondonN3 1EG","000200037327",16/4/2020 00:00:00,,"Miss Melissa Lim","Flat 7, 77 Holden Road London N12 7DP","6"
"HMOAA/19/61403","Flat 17 Golders RiseLondonNW4 2HX","010093995586",22/10/2019 00:00:00,,"Mr Anna Panteli","56 Sevington RoadLondon NW4 3RX","4"
"HMOM/19/61773","37 Alexandra GroveLondonN12 8HE","000200002718",28/11/2019 00:00:00,,"Mrs Vijayani Bashir","35 Alexandra GroveNorth Finchley London N12 8HE","6"
"HMOME/19/62288","246A Station RoadEdgwareHA8 7AU","000200223756",16/1/2020 00:00:00,,"ECO VERWALTUNGS AG","C/o Ironstone UK Ltd10 Ely PlaceEC1N 6RY","8"
"HMOM/19/61910","2 Brentfield GardensLondonNW2 1JP","000200014418",17/12/2019 00:00:00,,"Mr Nathan Halpern","7 Brookside RoadLondon NW11 9ND","10"
"HMOAA/20/62539","59A The BurroughsLondonNW4 4AX","000200114153",26/6/2020 00:00:00,,"Mr Sivaguru Sivaneswaran","46 Twyford RoadHarrow MiddlesexHA2 0SL","5"
"HMOM/20/62564","12 Queens WayLondonNW4 2TN","000200096223",27/2/2020 00:00:00,,"Mr Vishwa Singhania","12A Queens WayLondonNW4 2TN","12"
"HMOM/20/62579","13A Sevington RoadLondonNW4 3SA","000200102309",21/4/2020 00:00:00,,"Mr Sridhar Mandadi","29 - 31 Tottenham Lane London N8 9BD","7"
"HMOAA/19/61772","Flat 6Queens MansionsWatford WayLondonNW4 3AN","000200122094",28/11/2019 00:00:00,,"Mr William Aziz","25 Beaulieu CloseLondon NW9 6SB","5"
"HMOAA/20/62362","16 Richmond GardensLondonNW4 4RT","000200098189",17/3/2020 00:00:00,,"Mr Michael Murphy","3/5 Vivian AvenueLondonNW4 3UT","5"
"HMOM/20/62376","237 Oakleigh Road NorthLondonN20 0TX","000200088511",17/7/2020 00:00:00,,"Mr Ali Reza Karami","1 Fieldside Cottages Barnet Lane N20 8AT","5"
"HMOM/19/61398","7 Hollyfield AvenueLondonN11 3BY","000200066064",17/9/2019 00:00:00,,"Mrs Varsha Visavadia","ILLY Computer Systems Ltd11 Hoxton SquareLondon N1 6NU","6"
"HMOAA/19/61736","Flat 175 Hamilton RoadLondonNW11 9EH","010093301083",28/11/2019 00:00:00,,"Dr Sima Motamen-Samadan","12 The ValeLondonNW11 8SG","5"
"HMOME/19/61944","86 Great North WayLondonNW4 1HN","000200051770",17/12/2019 00:00:00,,"Mr Krzystof Milla","29 Finchley Lane London NW4 1BX","6"
"HMOM/19/61215","28 Macdonald RoadLondonN11 3JB","000200077355",10/9/2019 00:00:00,,"Mr Chhaganlal Chabnaiya","17 The RidgewayLondonN3 2PG",
"HMOAA/20/62618","25 Old Rectory GardensEdgwareHA8 7LS","000200089339",29/5/2020 00:00:00,,"Mr Amanullah Kochi","25 Old Rectory GardensEdgware HA8 7LS","4"
"HMOM/19/61476","345 Hendon WayLondonNW4 3NB","000200059562",29/10/2019 00:00:00,,"Mr Aviram Cohen","BarakaGreenbank CrescentLondon NW4 2LA","6"
"HMOM/19/62237","36 Elmcroft CrescentLondonNW11 9SY","000200037543",26/2/2020 00:00:00,,"Mr Yehuda Reichman","13 Norfolk AvenueLondonN15 6JX","7"
"HMOM/20/62383","654 Finchley RoadLondonNW11 7NT","000200220306",8/5/2020 00:00:00,,"Gouliev Capital Ltd","654 Finchley RoadLondon NW11 7NT","6"
"HMOM/20/62389","3 Woodgrange AvenueLondonN12 0PT","000200128903",17/3/2020 00:00:00,,"Mr Georgios Josif","25 Newmans WayBarnetHertsEN4 0LR","9"
"HMOM/20/62425","244 East Barnet RoadBarnetEN4 8TF","000200161209",17/7/2020 00:00:00,,"Mrs Elizabeth Endzwig","Rear Of 123 Clapton CommonLondonE5 9AB","13"
"HMOAA/20/62471","21 Layfield RoadLondonNW4 3UH","000200071865",18/3/2020 00:00:00,,"Mr Sheptim Ilazi","21 Layfield RoadLondonNW4 3UH","8"
"HMOM/19/62175","16 Woodstock AvenueLondonNW11 9SL","000200130609",18/2/2020 00:00:00,,"Mr Jacob Gertner","10 Green Lane Hendon London NW4 2NN","19"
"HMOM/19/62194","Flat 2Sheila HouseNorth Circular RoadLondonNW11 9LD","000200086032",18/2/2020 00:00:00,,"Mr Jacob Ostreicher","1A Enville Court, Cazenove Road, London N16 6AS.","6"
"HMOME/20/62646","58 Hendon WayLondonNW2 2NR","000200059353",5/5/2020 00:00:00,,"Ms Fareeha Amir","3 Woodside GroveLondon N12 8QT","5"
"HMOM/20/62649","85A Cricklewood LaneLondonNW2 1HR","000200028939",8/5/2020 00:00:00,,"Tellmount Properties LTD","43 Bridge Lane London NW11 0ED","6"
"HMOME/20/62671","100 Clitterhouse CrescentLondonNW2 1DA","000200024458",29/5/2020 00:00:00,,"Mr Yechezkel Silber","Caring Properties Ltd143 Wargrave AvenueLondonN15 6TX","5"
"HMOM/20/62706","1328A High RoadLondonN20 9HJ","000200061598",14/5/2020 00:00:00,"Morgan Managament Limited","Charlford Limited","113 Brent StreetLondonNW4 2DX","4"
"HMOM/20/62530","81 Gordon RoadLondonN3 1ER","000200049813",23/4/2020 00:00:00,,"Miss Melissa Lim","Elm Park Lodge4 Elm Park RoadLondonN3 1EB","4"
"HMOM/20/62533","16 Park RoadLondonNW4 3PS","000200091135",24/3/2020 00:00:00,,"Mr Kantilal Vachhani","25 Rundell CrescentHendon London NW4 3BS","5"
"HMOM/19/61368","13 Beverley GardensLondonNW11 9DG","000200165248",30/10/2019 00:00:00,,"Mr Abraham Dodi","441 Edgeware RoadLondonW2 1TH","11"
"HMOM/20/62969","8 Meadow DriveLondonNW4 1SA","000200080686",8/7/2021 00:00:00,,"Mr Bahram Azimi","24 Lisselton HouseBelle Vue EstateLondon NW4 2BJ","10"
"HMOM/20/63059","32 Finchley LaneLondonNW4 1DL","000200041248",4/6/2021 00:00:00,,"Mr Joseph Adler","New Burlington House 1075 Finchley RoadLondon NW11 0PU",
"HMOM/20/63201","9 Courtleigh GardensLondonNW11 9JX","000200027777",23/10/2020 00:00:00,,"M Dream Property Ltd","29 Finchley Lane LondonNW4 1BX",
"HMOME/20/63424","29 Manor Park GardensEdgwareMiddxHA8 7NB","000200077936",19/2/2021 00:00:00,,"Mr Anand Shah","20 Jesmond WayStanmore MiddxHA7 4QR","10"
"HMOME/19/61422","Flat 5Wykeham CourtWykeham RoadLondonNW4 2TE","000200131590",29/10/2019 00:00:00,,"Mr Vivek Chohan","20 Brampton DriveLondonNW7 2AY","5"
"HMOM/19/62236","Flat 5Chesterfield Court42 Ravenscroft AvenueLondonNW11 8AU","000200097025",24/3/2020 00:00:00,,"Rent With Us Limited","13 West Hampstead MewsLondonNW6 3BB","6"
"HMOM/20/62841","674A High RoadLondonN12 9PT","000200060428",29/1/2021 00:00:00,,"Project Elementary Ltd","3 Abercorn CloseLondon NW7 1JG","10"
"HMOM/20/63084","123 Leeside CrescentLondonNW11 0JN","000200072238",4/9/2020 00:00:00,,"Sam Estates","Unit 9B, The High Cross CentreFountayneLondonN15 4BE",
"HMOAA/19/61309","34B Bittacy HillLondonNW7 1LB","000200011387",11/2/2020 00:00:00,,"Mrs Camilla Solanki","171 Woodhouse RoadLondonN12 9NN","5"
"HMOME/19/61346","63 Russell RoadLondonNW9 6AB","000200100590",17/9/2019 00:00:00,,"Mr Zahoor Ahmad","17 Poolsford RoadColindale London NW9 6HP","5"
"HMOM/19/61654","688 Finchley RoadLondonNW11 7NN","000200042148",7/11/2019 00:00:00,,"Rosh Investments Ltd","Neon House688 Finchley RoadLondon NW11 7NN","19"
"HMOM/19/62009","853 - 855 Finchley RoadLondonNW11 8LX","010094709567",30/1/2020 00:00:00,,"Mr Daniel Jacobs","84 Audley RoadLondon NW4 3HB",
"HMOM/20/63042","The Moorings3 Hammers LaneLondonNW7 4BY","000200055974",19/2/2021 00:00:00,,"Mr Peter Steyne","Concorde House Grenville Place Mill Hill NW7 3SA",
"HMOME/19/61340","5 Sturgess AvenueLondonNW4 3TR","000200109909",12/9/2019 00:00:00,,"Mrs Bela Ivanova","22 Capitol WayLondonNW9 0EQ","6"
"HMOM/20/63194","33 Torrington ParkLondonN12 9TB","000200118162",11/12/2020 00:00:00,,"Mrs Sarita Langdon","18 Sellers Hall CloseLondonN3 1JL","11"
"HMOAA/19/62274","749 Finchley RoadLondonNW11 8DL","000200042176",25/2/2020 00:00:00,,"Mrs Julia Raquel Calonga","40 Crewys RoadLondonNW2 2AA","6"
"HMOAA/19/62292","15 Somerset RoadLondonNW4 4EP","000200104555",17/3/2020 00:00:00,,"Mr Ahkamel Islam","84 Broad Walk London N21 3BJ","5"
"HMOME/19/61241","Flat 1Crescent CourtGolders Green CrescentLondonNW11 8JP","000200048562",19/9/2019 00:00:00,,"Mr Jorge Sanchez","Oliver Walton LtdFirst Floor, 3 - 5 Globe RoadLondonE1 4DT","5"
"HMOME/19/61320","8 Fuller StreetLondonNW4 4QL","000200045820",22/10/2019 00:00:00,,"Mr Rakesh Shah","19 Sudbury Hill Close Wembley HA0 2QR","8"
"HMOAA/19/62115","First And Second Floor Maisonette11 Templars AvenueLondonNW11 0PB","000200146608",3/12/2019 00:00:00,,"Mrs Marian Hubbell","95 Widney RoadKnowleSolihullB93 9EA","5"
"HMOM/20/63142","83 Victoria RoadBarnetHertsEN4 9PE","000200120462",12/2/2021 00:00:00,,"Mr Jonathan Pye","83 Victoria RoadBarnetEN4 9PE","6"
"HMOM/20/62527","36 Nethercourt AvenueLondonN3 1PT","000200084776",16/4/2020 00:00:00,,"Miss Melissa Lim","Flat 7, 77 Holders Road London N12 7DP","6"
"HMOM/20/62529","17 Elm Park RoadLondonN3 1EG","000200037337",21/4/2020 00:00:00,,"Miss Melissa Lim","Flat 7, 77 Holden RoadLondon N12 7DP","6"
"HMOM/20/62926","2 Thorverton RoadLondonNW2 1RE","000200117738",8/10/2021 00:00:00,,"Miss Roisin Muluihill","6 Constantine RoadLondonNW3 2NG",
"HMOM/20/62997","19 Ranelagh DriveEdgwareHA8 8HJ","000200096690",18/9/2020 00:00:00,,"Mrs Ancuta Solovastru","9 Donnington Road London  HA3 0NB","13"
"HMOM/20/63073","132A Cricklewood BroadwayLondonNW2 3EE","000200028843",16/10/2020 00:00:00,,"Mr Moreno Pericolo","92 Anson RoadLondonNW2 6AG","5"
"HMOAA/19/61365","157A Brent StreetLondonNW4 4DJ","000200013701",17/9/2019 00:00:00,,"Samuel Gabay","188 Great North Way LondonNW4 1DY","5"
"HMOME/19/61396","2 Scout WayLondonNW7 3JW","010093992915",29/10/2019 00:00:00,,,"Rent Connect 258 Capability Green Bussiness ParkLutonLU1 3LU","10"
"HMOM/20/62813","8 Rosemont AvenueLondonN12 0BX","000200099328",20/8/2020 00:00:00,,"Mrs Camilla Solanki","CraigoverSt Andrews Close LondonN12 8BA","10"
"HMOAA/19/61571","105 Booth RoadLondonNW9 5JU","000200012562",19/11/2019 00:00:00,,"Mr Mohammed Niavarani","41 Millwood Cardiff CF14 0TL","4"
"HMOM/19/61747","11A Woodhouse RoadLondonN12 9EN","000200129025",28/11/2019 00:00:00,,"Mr Tiago Miguel Lopes","12 Addington Drive London N12 0PH","10"
"HMOM/19/61723","45B Golders Green RoadLondonNW11 8EL","000200048687",14/11/2019 00:00:00,,"Mr Joseph Dangoor","57 Golders Green RoadLondonNW11 8EL","5"
"HMOME/20/62864","43 Woolmead AvenueLondonNW9 7AX","000200131175",30/4/2021 00:00:00,,"Beverley Stillerman","34 Canons DriveEdgwareMiddlesex HA8 7QT","6"
"HMOM/20/63150","164 Granville RoadLondonNW2 2LD","000200204897",13/11/2020 00:00:00,,"Mrs Yvonne Burkinshaw","28 Loom LaneRadlettWD7 8AD","5"
"HMOM/19/62063","71 Ravensdale AvenueLondonN12 9HR","000200097153",7/1/2020 00:00:00,,"Mr Matt Bricka","25 Shortlands Road LondonE10 7AH","6"
"HMOM/19/62196","18 Granville RoadLondonN12 0HJ","000200050437",12/3/2020 00:00:00,,"Mrs Gail Blain","4 Hillside GardensEdgwareHA8 8HE","10"
"HMOAA/19/62273","35 Ashbourne AvenueLondonNW11 0DT","000200200351",21/8/2020 00:00:00,,"Mr Daren Davis","18 West Hill CourtMillfield LaneLondonN6 6JJ","10"
"HMOM/20/62395","44A Cricklewood LaneLondonNW2 1HD","000200028916",15/5/2020 00:00:00,,"Mr Allan Campbell","46 Cricklewood LaneLondonNW2 1HD","5"
"HMOM/20/63476","64 Babington RoadLondonNW4 4LD","000200005974",5/11/2020 00:00:00,,"Mr Dinesh Patel","66 Babington RoadLondonNW4 4LD","6"
"HMOM/20/63488","9 Golders GardensLondonNW11 9BP","000200048493",29/1/2021 00:00:00,,"Mr Kamyar Mansouri","155 Golders Green RoadLondonNW11 9BX",
"HMOM/19/61533","12 Cyprus RoadLondonN3 3RY","000200030178",31/10/2019 00:00:00,,"Live-in Guardians LTD","Carradine House 237 Regents Park RoadLondon N3 3LF","6"
"HMOM/20/62985","14 Ravenscroft AvenueLondonNW11 0RY","000200096983",25/9/2020 00:00:00,,"Mr Elli Abramov","36 MiddlewayLondonNW11 6SG","12"
"HMOME/19/61742","14 Southbourne CrescentLondonNW4 2JY","000200104887",3/12/2019 00:00:00,,"Mr Daren Davis","18 West Hill CourtLondon N6 6JJ","6"
"HMOAA/20/62771","40B The Market PlaceFalloden WayLondonNW11 6JP","000200078940",26/6/2020 00:00:00,,"State Centre Ltd","13 West Hampstead Mews LondonNW6 3BB","5"
"HMOM/20/62800","49 Garth RoadLondonNW2 2NH","000200046930",5/2/2021 00:00:00,,"Softstate Limited","20 - 22 Wenlock RoadLondon N7 7GU","5"
"HMOAA/20/63003","4 Finchley ParkLondonN12 9JN","000200041366",9/10/2020 00:00:00,,"Mr Rassool Vali Pour Azari","Ryan EstatesStation Road BorehamwoodHertsWD6 1DP",
"HMOM/20/63250","16 Hollickwood AvenueLondonN12 0LT","000200065816",26/3/2021 00:00:00,,"Mr Courtney Harris","Suite 408B, Cumberland House80 Scrubs Lane NW10 6RF","4"
"HMOME/19/61334","22 Ash GroveLondonNW2 3LL","000200004528",26/9/2019 00:00:00,,"Mrs Tania Gudka","8 Jordan CloseWatfordHertsWD25 7AF","6"
"HMOME/19/61564","10 Hutton GroveLondonN12 8DT","000200067481",16/10/2019 00:00:00,,"Mrs Vivayanti Bashir","35 Alexandra Grove North Finchley London N12 8HE","6"
"HMOM/19/61607","337 Hendon WayLondonNW4 3NB","000200059558",19/12/2019 00:00:00,,"Mr Aviram Cohen","BarakaGreenbank Crescent London NW4 2LA","10"
"HMOAA/20/62970","87 Holders Hill DriveLondonNW4 1NN","000200065317",18/9/2020 00:00:00,,"Ms Michaela Kainz","36 Waverley GroveLondon N3 3PX","5"
"HMOM/20/63330","18 Elms AvenueLondonNW4 2PG","000200037732",16/7/2021 00:00:00,,"Mrs Corinne Korn","4 Elms AvenueLondonNW4 2PG","6"
"HMOAA/19/61224","255 Colney Hatch LaneLondonN11 3DH","000200026425",12/9/2019 00:00:00,,"Mr Andrew Wedd","139 Benfleet RoadEssex United Kingdom SS7 1QF","5"
"HMOM/19/61390","655A Watford WayLondonNW7 3JR","000200122456",6/11/2019 00:00:00,,"Rent Connect","258 Capability Green Bussiness ParkLutonLU1 3LU","10"
"HMOM/19/61390","655A Watford WayLondonNW7 3JR","000200122456",6/11/2019 00:00:00,,"Rent Connect","258 Capability Green Bussiness ParkLutonLU1 3LU","6"
"HMOM/19/61609","54 Fairfield CrescentEdgwareHA8 9AH","000200223784",7/11/2019 00:00:00,,"Mr Walter Vethanayagam","26 Elmwood AvenueHarrowMiddxHA3 8AH","7"
"HMOAA/19/61977","Flat 1Monkville MansionsFinchley RoadLondonNW11 0AJ","000200041845",19/12/2019 00:00:00,,"Arpom Ltd","23 Kingsgate AvenueLondon N3 3DH","5"
"HMOM/19/62044","41 Selborne GardensLondonNW4 4SH","000200102039",9/1/2020 00:00:00,,"Mr Aviram Cohen","BarakaGreenbank CrescentLondonNW4 2LA","6"
"HMOME/20/63329","88 Station RoadLondonN3 2SG","000200108270",29/1/2021 00:00:00,,"Ms Shalini Aujla","16 Windor RoadLondon N3 3SS",
"HMOME/20/63472","12A Second AvenueLondonNW4 2RN","000200101770",19/2/2021 00:00:00,,"Mr Charles Teff","5 Eastvillle Avenue LondonNW11 0HD","5"
"HMOAA/19/61983","Flat 2Monkville MansionsFinchley RoadLondonNW11 0AJ","000200041846",7/1/2020 00:00:00,,"Arpom Ltd","23 Kingsgate AvenueLondonN3 3DH","6"
"HMOM/20/62744","46 Ambrose AvenueLondonNW11 9AN","000200003629",5/2/2021 00:00:00,,"Mr Daren Davis","Flat A60 Brookside RoadLondonNW11 9NG",
"HMOME/20/63433","Flat 639A Golders Green RoadLondonNW11 8EE","010094706913",10/12/2020 00:00:00,,"Mr Hazem Salem","Flat 3- 39A , Golders Green RoadLondonNW11 8EE","8"
"HMOM/19/61220","754A Finchley RoadLondonNW11 7TH","000200041643",10/9/2019 00:00:00,,"Sherrards Properties","Flat 22,  2 Avenue Road, London,  NW8 7PU","6"
"HMOM/19/62284","44A The BroadwayLondonNW7 3LH","000200113979",18/2/2020 00:00:00,,"Greggs PLC","Gould RoadTwickenhamTW2 62T","5"
"HMOME/20/62992","340A Regents Park RoadLondonN3 2LN","000200097566",19/2/2021 00:00:00,,"Tekagac Sultan","140 The FairwayLondon N14 4NN","6"
"HMOM/20/63290","49 SouthfieldsLondonNW4 4LX","000200105020",27/11/2020 00:00:00,,"Mr Sunday Agwaze","47 SouthfieldsLondonNW4 4LX",
"HMOME/20/63511","211 Watford WayLondonNW4 4SL","000200122191",26/2/2021 00:00:00,,"AAA Premier Management LTD","5A Russell GardensLondon NW11 9NJ","5"
"HMOAA/20/63513","23 Dudley RoadLondonN3 2QR","000200034324",4/1/2020 00:00:00,,"Mr Chetin Malyali","41 Brairfield AvenueLondon N3",
"HMOAA/19/61370","157B Brent StreetLondonNW4 4DJ","000200227372",2/10/2019 00:00:00,,"Mr Samuel Gabay","188 Great North Way London NW4 1DY","5"
"HMOM/20/63212","14 Litchfield WayLondonNW11 6NJ","000200073991",25/3/2021 00:00:00,,"Ms Sharon Jacobs","14 Litchfield WayLondonNW11 6NJ","5"
"HMOME/20/63217","5 Gloucester GardensLondonNW11 9AB","000200048015",11/12/2020 00:00:00,,"Bercleys Properties Ltd","Data House 43 Stamford HillLondonN16 5SR","10"
"HMOAA/19/61570","139 Montrose AvenueEdgwareMiddxHA8 0DZ","000200082644",6/11/2019 00:00:00,,"Miss Mingjuan Pan","139 Montrose AvenueEdgwareHA8 0DZ","4"
"HMOM/19/61714","33 New Trinity RoadLondonN2 8EE","010093299580",28/11/2019 00:00:00,,"Mr Alexander Shaw","63 Halliwick RoadLondon N10 1AA","4"
"HMOAA/19/61809","Flat 13Queens MansionsWatford WayLondonNW4 3AN","000200122084",4/12/2019 00:00:00,,"Mr William Aziz","25 Beaulieu CloseLondon NW9 5SB","5"
"HMOAA/19/62162","75 Hervey CloseLondonN3 2HH","000200060222",11/2/2020 00:00:00,,"Mr Kausik Budhdeo","77 Hervey CloseLondonN3 2HH","5"
"HMOAA/20/62974","Flat 15Windsor CourtGolders Green RoadLondonNW11 9PP","000200048883",26/3/2021 00:00:00,,"Mr Benjamin Shaw","7 Clifton HillLondon NW8 0QE","5"
"HMOM/20/63056","31 Elm GroveLondonNW2 3AE","000200037286",20/11/2020 00:00:00,,"Mrs Regine Lovell","Flat B 12 Milverton RoadLondonNW6 7AS","8"
"HMOM/20/63348","190 Great North WayLondonNW4 1DY","000200051812",12/2/2021 00:00:00,,"M Dream Property Ltd","29 Finchley LaneLondonNW4 1BX","6"
"HMOM/20/63358","36 Selborne GardensLondonNW4 4SJ","000200102034",5/2/2021 00:00:00,,"Mr Iqan Ahmed","42 The BurroughsHendon LondonNW4","8"
"HMOME/20/63395","1174 High RoadLondonN20 0LH","000200206142",6/8/2021 00:00:00,,"Mr Ioannis Argyrou","Bayshill House Barnet Lane ElstreeWD6 3QU","5"
"HMOAA/19/61411","Flat 4Golders CourtWoodstock RoadLondonNW11 8QG","000200130728",22/10/2019 00:00:00,,"Mr Peter Panayiotou","Rent With Us Ltd13 West Hamstead Mews London NW6 3BB","5"
"HMOAA/19/61997","17A Hendon WayLondonNW2 2LX","000200196183",7/1/2020 00:00:00,,"Mr Syed Mehdi Ali Meerza","14 Pursley RoadLondon NW7 2BT","4"
"HMOM/20/62782","38 Elmcroft CrescentLondonNW11 9SY","000200037545",3/7/2020 00:00:00,,"Mr Garmen Sahakian","Greenfield House Barnet RoadArkley Herts EN5 3JU","10"
"HMOME/20/63411","47 Netherlands RoadBarnetEN5 1BP","000200084877",26/11/2020 00:00:00,,"Mr Tagbo Umenyilora","47 Netherlands RoadBarnetEN5 1BP","5"
"HMOM/19/61696","37 New Trinity RoadLondonN2 8EE","010093299582",23/1/2020 00:00:00,,"Mr Alexander Shaw","63 Halliwick RoadLondonN10 1AA","4"
"HMOM/20/62762","38A Station RoadEdgwareMiddxHA8 7AB","000200152173",28/5/2020 00:00:00,,"Mr Hassan Zabeti-Targhi","86 Woodstock Avenue Golders Green London NW11 9RJ","9"
"HMOM/20/63193","31 Torrington ParkLondonN12 9TB","000200118161",11/12/2020 00:00:00,,"Mrs Sarita Langdon","18 Sellers Hall CloseLondonN3 1JL",
"HMOAA/20/63398","28 Swannell WayLondonNW2 1FB","010093298049",12/2/2021 00:00:00,,"Ms Shyhrete Veliu","47 Venice HouseLondon HA0 1QL","5"
"HMOME/19/61658","Flat 4Florence MansionsVivian AvenueLondonNW4 3UY","000200120838",6/11/2019 00:00:00,,"Suman Enterprises Limited","11 Vaughan Avenue London NW4 4HT","5"
"HMOM/19/61859","12A Oakdene ParkLondonN3 1EU","000200087308",26/3/2020 00:00:00,,"Mr Asif Bashir","35 Alexandra GroveFinchley London N12 8HE","6"
"HMOAA/21/63691","17 Churchfield AvenueLondonN12 0NS","000200023125",8/10/2021 00:00:00,,"Project Elementary LTD","3 Abercorn CloseLondon NW7 1JG","6"
"HMOAA/21/63724","125B High RoadLondonN2 8AG","000200224803",12/3/2021 00:00:00,,"Mrs Delia Andrews","Long Bredy Farm DorchesterDorset DT2 9HP","4"
"HMOM/21/63824","7 Golders GardensLondonNW11 9BP","000200048491",3/9/2021 00:00:00,,"Ms Kamyar Mansouri","155 Golders Green RoadLondonNW11 9BX",
"HMOME/21/64780","29 Clifton RoadLondonN3 2AS","000200024335",19/11/2021 00:00:00,,"Rent Result Ltd","49 Benskin Road LondonWD18 0HN","6"
"HMOM/21/64277","51 Brent View RoadLondonNW9 7EJ","000200014298",3/9/2021 00:00:00,,"Mr Michael Fitzgerald","10 Claremont RoadLondonNW2 1BP","9"
"HMOME/21/65006","68B Cricklewood LaneLondonNW2 1HJ","000200028923",11/2/2022 00:00:00,,"Mrs Keisha Thomas","2 Lodge End Croxley Green Hertforshire WD3 3RP","5"
"HMOM/21/65041","14A Bell LaneLondonNW4 2AD","000200009286",7/1/2022 00:00:00,,"Mr Leor Nissim","4 Fairholme GardensFinchley LondonN3 3EB","5"
"HMOM/21/65075","307 Watford WayLondonNW4 4TG","000200122265",18/2/2022 00:00:00,,"Mrs Anru Chen","15 Alderton Crescent London NW4 3XU",
"HMOAA/20/63582","Flat 633A - 35A Golders Green RoadLondonNW11 8EE","000200154571",5/2/2021 00:00:00,,"Mr Abdul Aziz Mohamed","1 High Street Colliers WoodLondonSW19 2JE","5"
"HMOM/21/63819","87 Park RoadLondonNW4 3PA","000200091191",23/4/2021 00:00:00,,"Mrs Iryna Osukhovska","12 St Alban's HillHemel HempsteadHP3 9NG","7"
"HMOME/21/64460","Flat 15Clandon HouseClandon GardensLondonN3 3BD","000200023397",6/8/2021 00:00:00,,"Mr Yosef Zekaria","33 Woodcroft Avenue London NW7 2AH","5"
"HMOM/21/65077","10 Purley AvenueLondonNW2 1SJ","000200208867",11/2/2022 00:00:00,,"Mrs Perla Lagnado-Agami Levy","50 The ValeLondonNW11 8SG",
"HMOM/21/64702","7 Chiltern GardensLondonNW2 1PU","000200021996",2/12/2021 00:00:00,,"Ms Imtiaz Akther","179 Lewisham WayLondonSE4 1UY","6"
"HMOM/21/65199","43 Nether StreetLondonN12 7NN","000200084276",4/3/2022 00:00:00,,"Ms Jenny Lui","CarltonChurch CrescentLondonN3 1BE","7"
"HMOME/21/65209","14A East Barnet RoadBarnetEN4 8RW","000200034880",4/3/2022 00:00:00,,"Ms Fiona Keaveney","11 Cedar Rise Southgate N14 5NJ","5"
"HMOM/21/65087","93A Leeside CrescentLondonNW11 0JL","000200072120",4/2/2022 00:00:00,,"Mr Josef Kemal","Get Properties 2 Ltd105 Hendon LaneFlat 2, Ibis CourtLondon N3 3TP","14"
"HMOME/21/63960","Flat 27Clandon HouseClandon GardensLondonN3 3BD","000200023402",6/8/2021 00:00:00,,"Mr Yosef Zekaria","33 Woodcroft AvenueLondonNW7 2AH","5"
"HMOM/21/65080","78 Crewys RoadLondonNW2 2AD","000200028812",11/2/2022 00:00:00,,"Mr Neel Khiroya","Tango Properties Ltd3rd FloorSovereign House1 Albert PlaceFinchley CentralLondonN3 1QB","7"
"HMOM/21/63687","108B Holden RoadLondonN12 7EA","010093229972",26/3/2021 00:00:00,,"Nice Properties & Management Ltd","3 Abercorn CloseLondon NW7 1JG","5"
"HMOM/21/65086","3 Carlton RoadLondonN11 3EX","000200019442",4/3/2022 00:00:00,,"Ms Shalini Aujla","16 Windsor RoadLondonN3 3SS","5"
"HMOM/21/65093","174A West Hendon BroadwayLondonNW9 7AA","000200124644",18/3/2022 00:00:00,,"Mr Fatehali Alidina","80 Woodgrange AvenueLondonN12 0PS","9"
"HMOME/21/65118","20 Nant RoadLondonNW2 2AT","000200083795",18/2/2022 00:00:00,,"Mrs Myriam Bouhnik","9 Sterling Mansion 12 Canfield Gardens LondonNW6 3JT","6"
"HMOME/21/63950","Flat 11Clandon HouseClandon GardensLondonN3 3BD","000200023395",6/8/2021 00:00:00,,"Mr Yosef Zekaria","33 Woodcroft AvenueLondonNW7 2AH","5"
"HMOM/22/65718","44 Allington RoadLondonNW4 3DE","000200003124",6/5/2022 00:00:00,,"Mrs Rambai Halai","35 Allington RoadLondonNW4 3EA","10"
"HMOM/20/63567","259 The ValeLondonNW11 8TN","000200117439",5/2/2021 00:00:00,,"As London Properties 3 LTD","1st Floor Cloister House New Bailey StreetM3 5FS","10"
"HMOME/21/63833","Flat BGraseby House5 Fitzjohn AvenueBarnetEN5 2HE","000200043023",9/4/2021 00:00:00,,"THE ROYAL FREE CHARITY","The Royal Free Charity Pond StreetLONDONNW3 2QG","8"
"HMOM/21/64611","42 Goldbeaters GroveEdgwareHA8 0QB","000200048381",25/11/2021 00:00:00,,"Mr Bahran Salehzehi","387 Watling AvenueEdgware, MiddlesexHA8 0NG","7"
"HMOME/21/65125","31 Woodland WayLondonNW7 2JP","000200129428",25/2/2022 00:00:00,,"Mr Neil Goodman","5 Sunnyside Terrace Colindale NW9 5DL","5"
"HMOME/21/63963","Flat 37Clandon HouseClandon GardensLondonN3 3BD","000200023408",6/8/2021 00:00:00,,"Mr Yosef ZekariaLondonNW7 2AH","33 Woodcroft AvenueLondonNW7 2AH","5"
"HMOM/21/64090","16 Stuart AvenueLondonNW9 7AT","000200109833",16/7/2021 00:00:00,,"Mr Atul Unadkat","29A Uxbridge RoadStanmoreMiddxHA7 3LH",
"HMOM/21/65256","8A Bell LaneLondonNW4 2AD","000200134494",11/3/2022 00:00:00,,"Ashila Limited","Office 2 Newstead Court33 Brent StreetHendonLondonNW4 2EF","6"
"HMOM/21/65260","115 Woodstock AvenueLondonNW11 9RL","000200130686",18/2/2022 00:00:00,,"Arlen Properties Ltd","9 Burroughs GardensBreasy PlaceHendonLondonNW4 4AU","7"
"HMOM/21/65292","23 Dingwall GardensLondonNW11 7ET","000200032880",4/3/2022 00:00:00,,"Mr Partha Dey","Warren Farm Warren Lane ClophillMK45 4AS","11"
"HMOME/21/65307","12A East Barnet RoadBarnetEN4 8RW","000200034872",29/7/2022 00:00:00,,"Bercleys Properties Ltd","Date House43 - 45 Stamford HillLondon N16 5SR",
"HMOAA/21/63821","8 Brunswick GroveLondonN11 1HN","000200016970",30/4/2021 00:00:00,,"Mrs Joanne Knights","125 Russell LaneLondon N20 0AZ","5"
"HMOAA/21/63886","41 Russell RoadLondonN20 0TN","000200100513",23/4/2021 00:00:00,,"Mr Khalid Hussain","311 St Albans Road WestHatfield HertfordshireAL10 9RJ","5"
"HMOM/21/64126","24 Ash GroveLondonNW2 3LL","000200004530",16/7/2021 00:00:00,,"Mrs Miray Boukarroum","105 High Road  London NW10 2SL",
"HMOM/21/64279","236A Regents Park RoadLondonN3 3HP","000200097545",10/9/2021 00:00:00,,"Mr Edmond Levy","Elco House22-24 Homecroft RoadLondonN22 5EL",
"HMOM/21/65340","145 Golders Green RoadLondonNW11 9BN","000200049048",1/4/2022 00:00:00,,"Mr Ronen Kohali","6 Fairholme CloseLondonN3 3EE",
"HMOAA/21/63815","15 Oakview GardensLondonN2 0NJ","000200088974",25/6/2021 00:00:00,,"Ms Tamara Amobi","Flat 109, Mercury House2 Jude StreetE16 1FF","5"
"HMOME/21/63967","Flat 39Clandon HouseClandon GardensLondonN3 3BD","000200023409",6/8/2021 00:00:00,,"Mr Joseph Yosef Zekaria","33 Woodcroft AvenueLondonNW7 2AH","5"
"HMOME/21/63946","Flat 17Clandon HouseClandon GardensLondonN3 3BD","000200023398",6/8/2021 00:00:00,,"Mr Joseph Yosef Zekaria","33 Woodcroft AvenueLondonNW7 2AH","5"
"HMOM/21/65050","2 Hamilton RoadLondonNW11 9EJ","000200055668",4/2/2022 00:00:00,,"Mr Namir Moslawy","45 Sherwood RoadLondonNW4 1AE","6"
"HMOM/21/65051","269 Nether StreetLondonN3 1PD","000200084674",28/1/2022 00:00:00,,"Mr Harpinder Bhohi","45 Lansdowne RoadFinchleyLondon","5"
"HMOAA/21/63780","1061A Finchley RoadLondonNW11 0PU","000200041528",22/4/2021 00:00:00,,"Mrs Deepika Kaushik Desai","Shreeji Krupa13 Kinloss GardensLondonN3 3DU","5"
"HMOM/21/64688","5C Sunnyside TerraceThe HydeLondonNW9 5DL","010095744749",5/11/2021 00:00:00,,"Mr Neil Goodman","5 Sunny Side TerraceColindale NW9 5DL","5"
"HMOM/21/65073","29 Nant RoadLondonNW2 2AL","000200083804",28/1/2022 00:00:00,,"Miss Margaret Hacker","46 Hodford RoadLondonNW11 8NN","6"
"HMOM/21/64589","7 Edwin RoadEdgwareHA8 9EY","000200036926",8/10/2021 00:00:00,,"Mrs Minotti Shah","148A Totteridge LaneLondonN20 8JJ","6"
"HMOM/22/65462","34 Llanvanor RoadLondonNW2 2AP","000200074341",6/5/2022 00:00:00,,"Miss Lily Saltoun","34 Llanvanor RoadLondonNW2 2AP","5"
"HMOM/21/63938","55 Woodland WayLondonNW7 2JP","000200129445",21/5/2021 00:00:00,,"Mr Neil Goodman","5 Sunnyside TerraceThe HydeLondonNW9 5DL","6"
"HMOME/21/63998","2A Bruce RoadBarnetEN5 4LS","010094710740",25/6/2021 00:00:00,,"Mr Kurt Fritzsch","35 Ballards LaneLondonN3 1XW","10"
"HMOM/21/64453","143 Claremont RoadLondonNW2 1AH","000200023746",6/8/2021 00:00:00,,"Mr Muhammad Ataur Rahman Chowdhury","17 Wallcote AvenueCricklewoodLondonNW2 1AX","8"
"HMOM/21/65238","1 Falkland AvenueLondonN3 1QR","000200039974",1/4/2022 00:00:00,,"Galaxy Property Letting Ltd","160 Junction Road LondonN19 5QQ","11"
"HMOME/20/63581","5 St Marys AvenueLondonN3 1SN","000200106716",28/1/2021 00:00:00,,"M Dream Property","29 Finchley LaneLondon NW4 1BX","11"
"HMOM/21/63875","43 Woodcote AvenueLondonNW7 2PG","000200128523",14/5/2021 00:00:00,,"Mr Fani Shaheen And Vishaal Patel","CraigowerSt Andrews CloseN12 8BA","9"
"HMOM/21/64100","25 Selborne GardensLondonNW4 4SH","000200102023",2/7/2021 00:00:00,,"Mr Aviram Cohen","Baraka Greenbank Crescent NW4 2LA","5"
"HMOME/21/64842","16 Hayward RoadLondonN20 0HA","000200058026",21/10/2021 00:00:00,,"Mr Azad Ayub","36 Wightman RoadLondonN4 1RU","5"
"HMOME/21/65123","73B Golders Green RoadLondonNW11 8EL","000200048711",4/3/2022 00:00:00,,"Mrs Deepika Kaushik Desai","13 Kinloss Gardens London N3 3DU","5"
"HMOM/22/65376","7A Long LaneLondonN3 2PR","000200074807",25/3/2022 00:00:00,,"City Estates Limited","141A Stamford Hill London N16 5LG","6"
"HMOME/21/63839","Flat GGraseby House5 Fitzjohn AvenueBarnetEN5 2HE","000200043028",23/4/2021 00:00:00,,"The Royal Free Charity","The Royal Free Charity Pond StreetLondon NW3 2QG","8"
"HMOM/20/63547","857 Finchley RoadLondonNW11 8LX","000200042302",16/4/2021 00:00:00,,"Mr Haig Sahakian","Greenfield House Barnet RoadArkley HertsEN5 3JU","29"
"HMOM/21/64101","24A Bell LaneLondonNW4 2AD","000200134492",16/7/2021 00:00:00,,"Ashila Limited","Office 2 Newstead Court 33 BrentstreetLondonNW4 2EF","6"
"HMOM/21/64687","5B Sunnyside TerraceThe HydeLondonNW9 5DL","000200150098",2/12/2021 00:00:00,,"Mr Neil Goodman","5 Sunny Side TerraceColindale NW9 5DL","5"
"HMOM/22/65493","2 Glebe CrescentLondonNW4 1BU","000200047400",1/4/2022 00:00:00,,"M Dream Property LTD","29 Finchley LaneLondonNW4 1BX","7"
"HMOM/21/63983","Hostel58 Station RoadLondonNW4 3SX","000200108435",25/6/2021 00:00:00,,"Primebury Property Ltd","8 Crespigny RoadHendon, LondonNW4 3DY","10"
"HMOM/21/64300","Bald Faced Stag69 High RoadLondonN2 8AB","000200061371",3/9/2021 00:00:00,,"Green King Retailing Limited","Westgate StreetBury St EdmundsSuffolkIP33 1QT","14"
"HMOME/21/64365","32 Ashurst RoadLondonN12 9AX","000200200422",6/8/2021 00:00:00,,"Mr Benjimin Okakpu","38 Buxted Road London N12 9HG","5"
"HMOM/21/64496","74 Clitterhouse CrescentLondonNW2 1DA","000200024440",10/9/2021 00:00:00,,"AS London Properties 3 LTD","Cloister House New Bailey StM3 5FS","4"
"HMOME/22/65698","3 Plantagenet RoadBarnetEN5 5JG","000200093599",29/7/2022 00:00:00,,"Mr David Chapman","1 Clyde VillasHadley Green RoadBarnetEN5 5PP","5"
"HMOM/20/63619","16A East Barnet RoadNew BarnetHertsEN4 8RW","000200034881",5/2/2021 00:00:00,,"Mr Kurt Fritzsch","35 Ballards Lane LondonN3 1XW",
"HMOM/21/64865","28 Kings CloseLondonNW4 2JT","000200069431",7/1/2022 00:00:00,,"Mr Naresh Ladwa","13 Kings CloseLondonNW4 2JT",
"HMOME/21/63762","112 Grove RoadLondonN12 9EA","000200053822",16/7/2021 00:00:00,,"Mr Jeffery Asamoah","15 Ruskin RoadTottenham N17 8ND","6"
"HMOME/21/63837","Flat EGraseby House5 Fitzjohn AvenueBarnetEN5 2HE","000200043026",16/4/2021 00:00:00,,"The Royal Free Charity","The Royal Free CharityPond StreetLONDONNW3 2QG","8"
"HMOME/22/65416","411 Oakleigh Road NorthLondonN20 0RS","000200088686",17/2/2022 00:00:00,,"Mr Jeremy Balcombe","4 Asmara RoadLondon NW2 3ST","8"
"HMOM/21/65233","44 Gainsborough GardensLondonNW11 9BL","000200046134",25/2/2022 00:00:00,,"Mr Ronnie Stekel","T/A Park Centre PropertiesC/o 34 Golders Green RoadLondonNW11 8LL","5"
"HMOM/22/65474","2 Selvage LaneLondonNW7 3SP","000200102190",8/4/2022 00:00:00,,"Mr Peter Steyne","Concorde HouseGrenville Place Mill HillNW7 3SA","11"
"HMOAA/21/63777","1021A Finchley RoadLondonNW11 7ES","000200041501",23/4/2021 00:00:00,"Robert Irving Burns","Hofftone Property Investments Ltd","Unit 4 Lockwood Industrial ParkMill Mead RoadLondonN17 9QP","4"
"HMOM/21/64476","140 Clitterhouse RoadLondonNW2 1DN","000200024616",3/9/2021 00:00:00,,"Mr Gerhard Ampofo","142 Clitterhouse RoadLondonNW2 1DN","5"
"HMOME/21/64709","11 Oakleigh GardensEdgwareHA8 8EA","000200087776",8/10/2021 00:00:00,,"Mr Jayendra Patel","35 Gordon Avenue StanmoreHA7 3QQ","6"
"HMOM/21/64497","57 Selborne GardensLondonNW4 4SH","000200102050",27/8/2021 00:00:00,,"LR Property Investments Limited","78 Queens Road Watford WD17 2LA",
"HMOM/21/63761","58 Sturgess AvenueLondonNW4 3TS","000200109962",21/5/2021 00:00:00,,"Mr Namir Moslawy","45 Sherwood RoadLondonNW4 1AE","9"
"HMOM/21/63996","20 Mays LaneBarnetEN5 2EE","000200080285",12/8/2021 00:00:00,,"Stelfort LTD","117 Junction RoadLondonN19 5PX","5"
"HMOME/21/64211","3 Heather GardensLondonNW11 9HS","000200058261",23/7/2021 00:00:00,,"Mr Eli Langberg","The Lodge 37 Hendon Lane LondonN3 1RY",
"HMOME/21/64739","63 Well RoadBarnetEN5 3EA","000200123461",5/11/2021 00:00:00,,"Mr David Breisch","Conway Crescent Ltd96 Forburg RoadLondonN16 6HT","5"
"HMOM/21/64798","640A High RoadLondonN12 0NL","000200205583",17/12/2021 00:00:00,,"Big Greek Investments LTD","22 Ashlyn GroveHornchurchRM11 2QD","6"
"HMOME/20/63624","110 Wood StreetBarnetEN5 4BY","000200128307",29/1/2021 00:00:00,,"Mr Paul Collins","The Den Barnet RoadEN5 3HY","6"
"HMOM/21/63690","108 Holden RoadLondonN12 7EA","010093299868",12/3/2021 00:00:00,,"Nice Properties & Management Ltd","3 Abercorn CloseLondonNW7 1JG","5"
"HMOME/21/63940","Flat HGraseby House5 Fitzjohn AvenueBarnetEN5 2HE","000200043029",30/4/2021 00:00:00,,"The Royal Free Charity","The Royal Free Charity Pond Street London NW3 2QG","10"
"HMOM/21/64889","51A Watling AvenueEdgwareMiddxHA8 0LF","000200122699",26/11/2021 00:00:00,,"Mr Roger Lament","11A Upper George StreetLutonBedsLU1 2RD","5"
"HMOME/22/65513","125 Finchley LaneLondonNW4 1DA","000200041334",6/5/2022 00:00:00,,"Mr Marcus Hadjithoma","Flat 316-B Stucley PlaceLondonNW1 8NS","5"
"HMOM/21/64775","147 Cotswold GardensLondonNW2 1PL","000200027548",19/11/2021 00:00:00,,"Miss Naz Ettefagh","Flat 6Lampard House8 Maida AvenueLondonW2 1SS","8"
"HMOM/21/64952","12 Wilton RoadBarnetHertsEN4 9DX","000200127020",19/11/2021 00:00:00,,"William And Tracey Mackey","97 Orchard DrivePark StreetSt AlbansAL2 2QL","10"
"HMOM/21/64983","3 Oak GroveLondonNW2 3LS","000200087091",21/1/2022 00:00:00,,"Mrs Zelda Anne Horn","85 Chatsworth RoadLondonNW2 4BH","8"
"HMOM/22/65414","18A Bell LaneLondonNW4 2AD","000200227153",1/4/2022 00:00:00,,"Mrs Swetha Patel","Office 2 Newstead Court33 Brent StHendon NW4 2EF","6"
"HMOME/21/63834","Flat CGraseby House5 Fitzjohn AvenueBarnetEN5 2HE","000200043024",9/4/2021 00:00:00,,"The Royal Free Charity","Pond StreetLONDONNW3 2QG","8"
"HMOME/21/63835","Flat DGraseby House5 Fitzjohn AvenueBarnetEN5 2HE","000200043025",16/4/2021 00:00:00,,"The Royal Free Charity","The Royal Free Charity Pond StreetLONDONNW3 2QG","8"
"HMOM/21/64636","49 Beaconsfield RoadLondonN11 3AA","000200008461",8/10/2021 00:00:00,,"Mr Mark Flynn","2B Balfour GroveWhetstone LondonN20 0SJ",
"HMOM/21/63683","25 Booth RoadLondonNW9 5JS","000200012497",12/2/2021 00:00:00,,"Mr Stephen Harris","C/O 141 Edgwarebury Lane EdgwareLondonHA8 8ND","9"
"HMOAA/21/63872","52B Ballards LaneLondonN3 2BU","000200006350",23/4/2021 00:00:00,,"Mr MinQiu Yu","Flat 93 Felix Court11 Charcot RoadLondonNW9 5ZE","5"
"HMOM/21/64204","14 Cyprus RoadLondonN3 3RY","000200217370",18/3/2022 00:00:00,,"Mr Nicholas Lipinski","7 Sanford RoadBromleyBR2 9AL","17"
"HMOME/21/64536","84 Galsworthy RoadLondonNW2 2SH","000200046677",17/9/2021 00:00:00,,"SG London Properties 2 LTD","Cloister HouseNew Bailey St M3 5FS","5"
"HMOM/21/64569","60 Sturgess AvenueLondonNW4 3TS","000200109964",17/9/2021 00:00:00,,"Mr Pardooman Panchkowry","24 Eastern StAylesburyBucksHP20 1BJ","5"
"HMOM/21/64639","117 Woodstock AvenueLondonNW11 9RL","000200130687",8/10/2021 00:00:00,,"Mr Asher Abraham","44 The Ridgeway LondonNW11 8GS","11"
"HMOM/21/64199","787 Finchley RoadLondonNW11 8DP","000200199942",25/3/2022 00:00:00,,"Mr Nicholas Lipinski","7 Sanford RoadBromleyBR2 9AL","24"
"HMOM/21/64700","71 Richmond RoadBarnetEN5 1SF","000200098299",15/10/2021 00:00:00,,"Mrs Natalie Viccars","10 MeadwayWestcliff-on-SeaEssexSS0 8PJ","6"
"HMOM/21/64751","50 Sinclair GroveLondonNW11 9JG","000200104012",22/10/2021 00:00:00,,"Mr Joseph Kemal","Get Properties 3 LTD179 Regents Park RoadLondonN3 3PB",
"HMOM/21/64858","3 Woodside GroveLondonN12 8QT","000200130265",17/12/2021 00:00:00,,"Ms Manisha Makani","23 Brunswick Grove LondonN11 1HN","9"
"HMOM/21/64861","2 Sunny Gardens RoadLondonNW4 1RT","000200210289",17/12/2021 00:00:00,,"Mrs Morita Swan","2 Sunny Gardens RoadLondonNW4 1RT","9"
"HMOME/21/63832","Flat AGraseby House5 Fitzjohn AvenueBarnetEN5 2HE","000200043022",22/4/2021 00:00:00,,"Royal Free Charity","The Royal Free HospitalPond StreetLONDONNW3 2QG","8"
"HMOME/21/63965","Flat 35Clandon HouseClandon GardensLondonN3 3BD","000200023407",6/8/2021 00:00:00,,"Mr Yosef Zekaria","33 Woodcroft AvenueLondonNW7 2AH","5"
"HMOM/21/64910","Flat 2162 Hendon WayLondonNW2 2NE","010091040915",24/12/2021 00:00:00,,"Mr Bekim Cera","41B Uphill Drive London NW9 0BX","5"
"HMOM/21/64911","175 Sunny Gardens RoadLondonNW4 1SG","000200111125",3/12/2021 00:00:00,,"Little Chestnut Properties Limited","171 Ballards LaneFinchleyLondon N3 1LP","5"
"HMOM/20/63562","1 Alba GardensLondonNW11 9NS","000200002254",23/7/2021 00:00:00,,"Mrs Malka Halibard","65A Watford Way LondonNW4 3AQ",
"HMOM/21/63784","1 Rookery CloseLondonNW9 6QJ","000200099142",4/6/2021 00:00:00,,"TRA Properties Limited","46 Kenneth CrescentWillesden GreenLondonNW2 4PN",
"HMOME/21/63937","47 Glenthorne RoadLondonN11 3HU","000200047915",28/5/2021 00:00:00,,"Mr Mustafa Ali","61 Hamilton RoadCockfostersBarnetEN4 9HD","6"
"HMOM/21/64894","99 Hervey CloseLondonN3 2HH","000200060242",19/11/2021 00:00:00,,"Mrs Lisa Graves","Penny And Lisa Lettings And Management 131A Ballards Lane London N3 1LT","5"
"HMOME/21/63948","Flat 13Clandon HouseClandon GardensLondonN3 3BD","000200023396",6/8/2021 00:00:00,,"Mr Yosef Zekaria","33 Woodcroft AvenueLondonNW7 2AH","5"
"HMOME/21/63978","44 Barfield AvenueLondonN20 0DD","000200007065",11/6/2021 00:00:00,,"Mr Sabah Ahmed","1 Somerset Gardens LondonHA0 3BP","5"
"HMOM/21/64978","95 Sherrards WayBarnetEN5 2BP","000200102970",7/1/2022 00:00:00,,"Mr Besnik Dedei","95 Sherrards WayBarnetEN5 2BP","6"
"HMOM/20/63553","68 Pymmes Green RoadLondonN11 1DD","000200095776",5/3/2021 00:00:00,,"Mr Chandrakant Khimji","19 Clifton RoadFinchley London N3 2AS","5"
"HMOAA/20/63627","18 Balmoral AvenueLondonN11 3QA","000200006883",12/3/2021 00:00:00,,"Ms Suk Yi Leung","9 Boundary StreetLincolnLincolnshireLN5 8NJ","2"
"HMOAA/20/63628","97A Russell LaneLondonN20 0BA","000200100337",12/3/2021 00:00:00,,"Mr Demetri Demetriou","8 Gresham AvenueLondonN20 0XL","5"
"HMOAA/20/63667","218A Station RoadEdgwareHA8 7AU","000200107916",5/3/2021 00:00:00,,"Better Properties Limited","129 Stamford Hill  London N16 5TW",
"HMOM/21/64974","48 Bridge LaneLondonNW11 0EG","000200014756",21/1/2022 00:00:00,,"Mrs Zelda Anne Horn","85 Chatsworth LaneLondonNW2 4BH","11"
"HMOM/21/65055","339 Hendon WayLondonNW4 3NB","000200059559",7/1/2022 00:00:00,,"Mr Aviram Cohen","BarakaGreen Bank Crescent NW4 2LA","7"
"HMOM/21/63876","12 Hoop LaneLondonNW11 8JL","000200066617",8/10/2021 00:00:00,,"Mr Joseph Schischa","14 The RidgewayLondonNW11 8TB","10"
"HMOM/21/65036","32 Grosvenor RoadLondonN3 1EX","000200053509",11/2/2022 00:00:00,,"Dr Hamid Bahai","34 North CrescentLondonN3 3LL",
"HMOM/21/65044","Flat 1Florence MansionsVivian AvenueLondonNW4 3UY","000200120823",4/3/2022 00:00:00,,"Mr Riaz Don","59 Woodville Road LondonNW11 9TS","5"
"HMOM/21/65056","91 Woodgrange AvenueLondonN12 0PT","000200128991",4/2/2022 00:00:00,,"Mr Aimal Syal","91 Woodgrange AvenueLondonN12 0PT","6"
"HMOM/21/63764","49 Ridge HillLondonNW11 8PR","000200222275",28/5/2021 00:00:00,,"Mrs Perla Lagnado-Agami Levi","50 The ValeLondonNW11 8SG",
"HMOME/21/64695","34 West AvenueLondonNW4 2LJ","000200124265",23/11/2021 00:00:00,,"Mr Ronen Kohali","6 Fairholme Close LONDON N3 3EE","5"
"HMOM/21/65088","11 Cloister GardensEdgwareHA8 9QJ","000200024655",21/1/2022 00:00:00,,"Mrs Anna Etingen","14 Highview GardensEdgwareHA8 9UE","10"
"HMOME/20/63569","28 Prayle GroveLondonNW2 1AY","000200094404",29/1/2021 00:00:00,,"Chris Philippou","Stef & Philips LtdThe Grange, 100 High StreetLondonN14 6BN ","6"
"HMOAA/21/63917","101A Colney Hatch LaneLondonN10 1LR","000200026094",25/6/2021 00:00:00,,"Rent Result Ltd","49 Benskin RoadLondonWD18 OHN","5"
"HMOM/21/64591","18 Banstock RoadEdgwareHA8 9JJ","000200006939",8/10/2021 00:00:00,,"Mrs Minotti Shah","148A Totteridge LaneLondonN20 8JJ","5"
"HMOAA/21/63823","19 Second AvenueLondonNW4 2RR","000200101816",7/5/2021 00:00:00,,"Mr Solomon Sakkas","81 NorthiamLondonN12 7JH","5"
"HMOM/21/64686","5A Sunnyside TerraceThe HydeLondonNW9 5DL","000200207151",2/12/2021 00:00:00,,"Mr Neil Goodman","5 Sunny Side TerraceColindale NW9 5DL","5"
"HMOME/21/65297","150 Bells HillBarnetEN5 2SL","010093299926",29/4/2022 00:00:00,,"Clifstons Ltd","53 Princess Park Avenue LondonNW11 0JR","5"
"HMOM/22/65552","7 Ferncroft AvenueLondonN12 0LN","000200040767",1/4/2022 00:00:00,,"Mr Ledi GJata","21A High StreetLondonE13 0AD","8"
"HMOM/21/64897","14 Avenue RoadLondonN12 8PY","000200005664",26/11/2021 00:00:00,,"Mr David Chapman","1 Clyde VillasHadley Green RoadBarnetEN5 5PP","5"
"HMOM/21/65186","15 Oakwood DriveEdgwareHA8 9LG","000200089006",18/2/2022 00:00:00,,"Mr Yossi Joseph Meshulam","38 Penshurst GardensLondonHA8 9TP",
"HMOM/21/65295","776A Finchley RoadLondonNW11 7TH","000200041658",25/2/2022 00:00:00,,"Rabimitz Limited","1B Bethune RoadLondon N16 5BW","5"
"HMOM/21/63713","19A Watling AvenueEdgwareHA8 0LQ","000200122659",9/4/2021 00:00:00,,"Pamir UK Bakery Trading Ltd","19 Watling Avenue Burnt Oak HA8 0LQ","6"
"HMOM/22/65418","84 Brent Park RoadLondonNW4 3HP","000200013561",3/2/2022 00:00:00,,"Mr Zia Hussain","29 Sneyd RoadCricklewoodLondon NW2 6AL","5"
"HMOM/22/65457","17 Alderton CrescentLondonNW4 3XU","000200002548",8/4/2022 00:00:00,,"Mrs Adith Soffair","57 Lawrence AvenueLondonNW7 4NL","10"
"HMOME/20/63670","203A West Hendon BroadwayLondonNW9 7DE","000200124659",19/3/2021 00:00:00,,"Mr Sirous Jamalfar","21 Purley Avenue  London  NW2 1AH","10"
"HMOME/20/63670","203A West Hendon BroadwayLondonNW9 7DE","000200124659",19/3/2021 00:00:00,,"Mr Sirous Jamalfar","21 Purley Avenue  London  NW2 1AH","10"
"HMOAA/21/63868","9 Friern ParkLondonN12 9DE","000200045238",21/5/2021 00:00:00,,"Mr Pankaj Shah","7 Friern ParkLondonN12 9DE","5"
"HMOM/21/64796","First Floor Flat61 Eton AvenueLondonN12 0BD","000200132156",15/10/2021 00:00:00,,"Mr Mario Guida","61A Eton Avenue North Finchley N12 0BD","5"
"HMOM/21/65259","69 Briarfield AvenueLondonN3 2LG","000200014632",18/3/2022 00:00:00,,"Mr Kishan Patel","369 Regents Park RoadLondonN3 1DE","11"
"HMOME/21/65289","First Floor Flat66 North End RoadLondonNW11 7SY","000200154455",25/3/2022 00:00:00,,"Mr Benze Liu","2 Firecrest DriveLondonNW3 7ND","7"
"HMOM/22/65781","151 Hendon WayLondonNW2 2NB","000200059441",1/9/2022 00:00:00,,"Ms Samia Ibrahim","Pennine HousePennine DriveLondonNW2 1PA","10"
"HMOME/20/63560","78 Bedford RoadLondonN2 9DA","000200008983",5/2/2021 00:00:00,,"Mrs Maria Sakka","81 NorthiamWoodside ParkLondonN12 7JH",
"HMOM/20/63573","75 Sunny Gardens RoadLondonNW4 1SJ","000200111033",5/3/2021 00:00:00,,"Mr Krzysztof Milla","29 Finchley LaneLondonNW4 1BX",
"HMOM/21/64151","9 Wroughton TerraceLondonNW4 4LE","000200131453",16/7/2021 00:00:00,,"Mr Michael Winkler","Flat 3Blakes Lodge64 Hendon LaneLondonN3 1SB",
"HMOM/21/64206","4 Bibsworth RoadLondonN3 3RP","000200011023",18/3/2022 00:00:00,,"Mr Nicholas Lipinski","7 Sanford RoadBromley BR2 9AL",
"HMOM/21/65148","38 Woolmead AvenueLondonNW9 7AY","000200131170",4/3/2022 00:00:00,,"Mr Daniel Stern","28 Woolmead AvenueLondon NW9 7AY","5"
"HMOAA/21/63792","Flat 9Kennyland CourtHendon WayLondonNW4 3LU","000200059527",23/4/2021 00:00:00,,"Mr Charley Chalon Cohen","Buckingham House45 Vivian AvenueLondonNW4 3XA","5"
"HMOAA/21/63935","Ground Floor Flat35 Llanvanor RoadLondonNW2 2AR","000200153227",4/5/2021 00:00:00,,"Mr Meredith Yates","Flat 1, Banff HouseGlenmore RoadLondonNW3 4DG",
"HMOM/21/64505","230 Watford WayLondonNW4 4UA","000200122210",27/8/2021 00:00:00,,"Ms Yin Fu","Apt 6.01, 1 Kings Gate Walk LondonSW1E 6AN","5"
"HMOM/22/65581","157 Cat HillBarnetEN4 8HS","000200019891",29/4/2022 00:00:00,,"Mr  Mrs Theophanis & Anastasia Theophanous","C/O MR PAUL ALEXANDROU, DE VERE LETTING BUREAU175 HIGH STREETBARNETHERTFORDSHIREEN5 5SU","10"
"HMOME/20/63620","91B Church RoadLondonNW4 4DP","000200022899",29/1/2021 00:00:00,,"Mr Min Qiu Yu","91B Church RoadLondon02/12/195507877 856 564Property Owner93 Felix Court, 11 Charcot RoadNW9 5ZE","6"
"HMOAA/21/64122","16 Crewys RoadLondonNW2 2AA","000200028750",22/7/2021 00:00:00,,"Mr Amir Haddadi","365 Ballards Lane London N12 8LL",
"HMOM/22/65439","8 Clovelly AvenueLondonNW9 6DT","000200024769",18/3/2022 00:00:00,,"Mr Chin Soo","8 Clovelly AvenueLondonNW9 6DT","7"
"HMOME/22/65789","411 Oakleigh Road NorthLondonN20 0RS","000200088686",14/4/2022 00:00:00,,"Mr Robin Powell","2 Asmara Road LondonNW2 3ST","8"
"HMOME/22/65794","21 Edrick RoadEdgwareHA8 9HY","000200036787",2/9/2022 00:00:00,,"Mr Gary Bloch","HighbankGreenbank CrescentLondonNW4 2LA","5"
"HMOM/21/63991","79 Watford WayLondonNW4 4RS","000200122148",28/5/2021 00:00:00,,"Mr Ishtiaq Ahmed","42 The Burroughs HendonNW4 4AD",
"HMOM/21/64045","10 Plantagenet RoadBarnetEN5 5JG","000200208744",24/6/2022 00:00:00,,"Stef And Philips LTD","Stef And PhilipsThe Grange 100 High Street LondonN14 6BN","8"
"HMOM/21/64201","16 Cyprus RoadLondonN3 3RY","000200219983",25/3/2022 00:00:00,,"Mr Nicholas Lipinski","7 Sanford RoadBromleyBR2 9AL","19"
"HMOME/21/65291","6 Park DriveLondonNW11 7SH","000200090523",11/2/2022 00:00:00,,"Mrs Nanette Milner","30 Wellington Avenue South Tottenham LondonN15 6AS","5"
"HMOM/22/65472","11 Courtleigh GardensLondonNW11 9JX","000200027779",1/4/2022 00:00:00,,"Mr Krzysztof Milla","29 Finchley LaneHendonNW4 1BX","9"
"HMOAA/21/63757","First And Second Floor Maisonette61 Albert RoadLondonNW4 2SH","010094710609",28/5/2021 00:00:00,,"Mr Gerard Doherty","14 Babington RoadLondonNW4 4LD","5"
"HMOM/21/65200","First And Second Floor Maisonette4 Mountfield RoadLondonN3 3NB","000200226016",20/5/2022 00:00:00,,"Dr Fouad Shat","82 St John StreetLondonUnited KingdomEC1M 4JN","5"
"HMOAA/20/63625","First Floor Flat432 Finchley RoadLondonNW2 2HY","000200154897",5/3/2021 00:00:00,,"Mrs Yuk Chan","29 Beaulieu Close Colindale NW9 6SB","5"
"HMOME/21/63962","Flat 29Clandon HouseClandon GardensLondonN3 3BD","000200023403",6/8/2021 00:00:00,,"Mr Yosef Zekaria","33 Woodcroft AvenueLondonNW7 2AH","5"
"HMOM/22/65420","41 Woodland WayLondonNW7 2JP","000200129438",17/2/2022 00:00:00,,"Mrs Hana Rabee","24 Manor Hall Avenue London NW4 1NX","10"
"HMOME/22/65736","77 Prayle GroveLondonNW2 1BB","000200094453",29/7/2022 00:00:00,,"Mr Binyomin Horovitz","The Capital Property Group LTD48 Leabourne RoadLondonN16 6TA","6"
"HMOME/21/63958","Flat 41Clandon HouseClandon GardensLondonN3 3BD","000200023410",6/8/2021 00:00:00,,"Mr Yosef Zakaria","33 Woodcroft AvenueLondonNW7 2AH","5"
"HMOM/21/65339","41 Manor RoadBarnetHertsEN5 2JQ","000200078136",11/3/2022 00:00:00,,"Mr David Beckett","Metropolitan House 5th Floor 3 Drakes Lane Potters Bar EN6 1AG","11"
"HMOM/22/65690","102 Holders Hill RoadLondonNW4 1LL","000200065530",29/4/2022 00:00:00,,"Lev Blauer Ltd","78 Queens Road LondonWD17 2LA","8"
"HMOME/22/65716","First Floor Flat23 Russell GardensLondonNW11 9NJ","000200226570",6/5/2022 00:00:00,,"Mr Ben Mozes","26 St Georges RoadLondon NW11 0LR","5"
"HMOM/20/63579","Flat 115 Dartmouth RoadLondonNW4 3JA","000200163971",26/2/2021 00:00:00,,"Mr Harishchandra Ratna","1 Elm AvenueHendon London NW4 2PL","5"
"HMOME/21/63973","Flat 35Herald Court130 Colindale AvenueLondonNW9 4AX","010093229919",25/6/2021 00:00:00,,"Mr Ross Cheung","Flat 4 Denver Court1 Guardian AvenueLondonNW9 4AW","5"
"HMOM/22/65629","14 Greenway CloseLondonNW9 5AZ","000200053061",29/4/2022 00:00:00,,"Mrs Irena Lupu","54 Purbrock AvenueWatfordHertfordshireWD25 0AD","8"
"HMOM/20/63666","48 Babington RoadLondonNW4 4LD","000200005966",5/3/2021 00:00:00,,"Mr Mehdi Bazargan","5 Johns Avenue Hendon London","5"
"HMOME/20/63669","First Floor Flat92 Woodstock AvenueLondonNW11 9RJ","000200134115",23/4/2021 00:00:00,,"Mrs Jenny Cohen","33 West Avenue London NW4 2LL","7"
"HMOM/21/63879","58 Colin GardensLondonNW9 6EJ","000200025343",23/4/2021 00:00:00,,"Mr Chong Deng","22 Faber GardensLondon NW4 4NR","5"
"HMOM/21/64298","46 Dartmouth RoadLondonNW4 3HX","000200030846",15/10/2021 00:00:00,,"James Mackay","46 Dartmouth Road LondonNW4 3HX","5"
"HMOM/22/65467","12 Gratton TerraceLondonNW2 6QE","000200051020",1/4/2022 00:00:00,,"Mrs Keren Mail","20 Neeld CrescentLondonNW4 3RR","7"
"HMOM/20/63564","St Peters Bourne40 Oakleigh Park SouthLondonN20 9JN","000200221869",5/3/2021 00:00:00,,"David  Vincent","40 Oakleigh Park SouthWhetstoneN20 9JN",
"HMOAA/21/63711","346A Regents Park RoadLondonN3 2LJ","000200000001",5/3/2021 00:00:00,,"Mr Kim Teo","36 Gerrard Street LondonW1D 5QA","6"
"HMOM/21/64132","1065A Finchley RoadLondonNW11 0PU","000200041530",21/10/2021 00:00:00,,"Tang Ltd","1065 Finchley RoadLondonNW11 0PU","4"
"HMOM/21/64142","166 Mays LaneBarnetEN5 2LT","000200080417",1/10/2021 00:00:00,,"Mr Mehran Chereh","23 Weston CourtBoscobel CrescentWolverhamptonWV1 1QG","6"
"HMOM/21/64202","10 Cyprus RoadLondonN3 3RY","000200198717",18/3/2022 00:00:00,,"Mr Nicholas Lipinski","7 Sanford RoadBromleyBR2 9AL","9"
"HMOM/21/64419","398A Finchley RoadLondonNW2 2HR","000200145916",6/8/2021 00:00:00,,"Mr Jonathan Conway","55 The Upper DriveHoveEast SussexBN3 6NA",
"HMOME/22/65478","59 Albert RoadLondonNW4 2SH","000200002433",29/4/2022 00:00:00,,"Mr Joseph Cohen","121 Leeside CrescentGolders GreenNW11 0JN","5"
"HMOM/21/63864","68 Great North WayLondonNW4 1HS","000200051756",4/5/2021 00:00:00,,"Serviced Estates Ltd","90 Cumbrian GardensLondonNW2 1EL",
"HMOM/21/64525","42 Clifton GardensLondonNW11 7EL","000200024298",16/12/2021 00:00:00,,"Circle Wood LTD","1st Floor, Stanhope House4-8 Highgate High StreetLondonN6 5JL","6"
"HMOM/22/65455","6 Beaufort GardensLondonNW4 3QP","000200008529",25/3/2022 00:00:00,,"Tigress Land Limited","35 Allington RoadLondonNW4 3EA",
"HMOM/22/65509","60 Cotswold GardensLondonNW2 1PG","000200027472",20/5/2022 00:00:00,,"Mr Reza Shahrestani","Flat 3, 11 Manstone RoadLondon NW2 3XH","13"
"HMOAA/21/63820","223A Golders Green RoadLondonNW11 9ES","000200220517",23/4/2021 00:00:00,,"Mr Paul Alterman","14 Lodge RoadLondonNW4 4EF","5"
"HMOME/21/64127","Flat 2The Spinney22 Hendon Wood LaneLondonNW7 4HR","000200162986",21/5/2021 00:00:00,,"Gerard Fitzgerald","The Ridge28/30  Hendon Wood LaneLondonNW7 4HR","5"
"HMOM/21/64692","5G Sunnyside TerraceThe HydeLondonNW9 5DL","010095744752",5/11/2021 00:00:00,,"Mr Neil Goodman","5 Sunny Side TerraceColindale NW9 5DL","5"
"HMOM/21/64698","1 Ibsley WayCockfostersEN4 9EY","000200067704",15/10/2021 00:00:00,,"Mrs Natalie Viccars","10 MeadwayWestcliff-on-SeaEssexSS0 8PJ",
"HMOM/21/65039","30 Finchley LaneLondonNW4 1DL","000200041246",21/1/2022 00:00:00,,"Dr Wing Sing Kwan","30 Finchley LaneLondonNW4 1DL",
"HMOM/21/65329","7 The DriveLondonNW11 9ST","000200115250",8/4/2022 00:00:00,,"Mr Neil Goodman","5 Sunnyside TerraceColindaleNW9 5DL","11"
"HMOM/22/65374","751B Finchley RoadLondonNW11 8DL","000200041637",25/3/2022 00:00:00,,"Mr Fagner Gomes De Alemeida","Crewys LTD42 Crewys Road London NW2 2AA","5"
"HMOM/22/65432","97 Fairfield CrescentEdgwareHA8 9AL","000200039472",18/3/2022 00:00:00,,"Mr Niranjan Uthayakumar","3 Woodway CrescentHarrow Ha1 2NH","6"
"HMOM/22/65604","144 St Margarets RoadEdgwareMiddxHA8 9UX","000200106678",24/2/2022 00:00:00,,"Mr Ali Madani","67 Nascotwood RoadWatfordWD17 4SJ","12"
"HMOM/21/64031","154 Long LaneLondonN3 2HX","000200074993",1/6/2021 00:00:00,,"ZFA Group","971 Romford RoadLondonE12 5JR","4"
"HMOME/21/64130","16 Brentfield GardensLondonNW2 1JP","000200014432",6/8/2021 00:00:00,,"Roselion Ltd","5 North End RoadLondon NW11 7RJ","5"
"HMOM/21/65288","14 Daniel PlaceLondonNW4 3PG","000200030764",4/3/2022 00:00:00,,"Mr Chong Deng","27 Glebe CrescentHendonLondonNW4 1BT","12"
"HMOM/21/63947","Flat 23Clandon HouseClandon GardensLondonN3 3BD","000200023401",6/8/2021 00:00:00,,"Mr Yosef Zekaria","33 Woodcroft AvenueLondonNW7 2AH","5"
"HMOME/21/63951","Flat 9Clandon HouseClandon GardensLondonN3 3BD","000200023413",6/8/2021 00:00:00,,"Mr Yosef Zakaria","33 Woodcroft Avenue LondonNW7 2AH","5"
"HMOME/21/63964","Flat 25Clandon HouseClandon GardensLondonN3 3BD","000200134921",6/8/2021 00:00:00,,"Mr Yosef Zekeria","33 Woodcroft AvenueLondonNW7 2AH","5"
"HMOM/22/65651","31 Renters AvenueLondonNW4 3QY","000200098080",14/4/2022 00:00:00,,"Ronnie Ellinson","C/o Unit 9BThe High Cross CentreFountyne RdN15 4BE","5"
"HMOME/21/63838","Flat FGraseby House5 Fitzjohn AvenueBarnetEN5 2HE","000200043027",16/4/2021 00:00:00,,"The Royal Free Charity","The Royal Free Charity Pond StreetLONDONNW3 2QG","8"
"HMOME/22/65458","1 Edgwarebury GardensEdgwareHA8 8LL","000200036394",13/5/2022 00:00:00,,"Mr Sami Barakas","Triple VVV 3 LTD179 Regents Park RoadN3 3PB","10"
"HMOME/22/65510","31 Park MansionsVivian AvenueLondonNW4 3UU","000200120906",1/4/2022 00:00:00,,"Dr Anthony Kaye","11 Portland RoadOxfordOX2 7EZ","5"
"HMOM/22/65751","85 Victoria RoadBarnetEN4 9PE","000200120464",22/7/2022 00:00:00,,"Mr Jon Pye","83 Victoria RoadNew Barnet EN4 9PE","5"
"HMOM/21/63744","ShanklinHolden RoadLondonN12 8HT","000200064773",15/4/2021 00:00:00,,"Nice Properties & Management LTD","3 Abercorn CloseLondonNW7 1JG","6"
"HMOME/21/64457","Flat 7Clandon HouseClandon GardensLondonN3 3BD","000200023412",6/8/2021 00:00:00,,"Mr Yosef Zakaria","33 Woodcroft Avenue LondonNW7 2AH","5"
"HMOM/22/65984","London Borough Of BarnetBuilding 4 North London Business ParkOakleigh Road SouthLondonN11 1NP","010093993037",20/4/2022 00:00:00,,,,
"HMOME/22/66000","110 Prayle GroveLondonNW2 1BE","000200094486",15/7/2022 00:00:00,,"AG London Properties 2 Ltd","1st Floor, Cloister House Riverside, New Bailey Street, ManchesterM3 2FS","6"
"HMOM/22/66254","25B Finchley LaneLondonNW4 1BN","000200041171",2/9/2022 00:00:00,,"Mr Simon Levy","67 Brent Street Hendon NW4 2EA","5"
"HMOME/22/65996","24 Wallcote AvenueLondonNW2 1AU","000200121162",22/7/2022 00:00:00,,"SG London Holdings 2 Ltd","1st Floor, Cloister House RiversideNew Bailey StreetManchesterM3 5FS","6"
"HMOME/22/66034","101 Clitterhouse RoadLondonNW2 1DL","000200024578",24/6/2022 00:00:00,,"Mr Gezim Nikolli","110 Clitterhouse RoadLondonNW2 1DL","6"
"HMOM/22/65886","78A Hendon WayLondonNW2 2NG","000200059231",26/8/2022 00:00:00,,"Mrs Melania Ilieff","78 Hendon WayLondonNW2 2NG",
"HMOAA/22/66695","Flat 8Eagle LodgeGolders Green RoadLondonNW11 8BD","000200048791",1/9/2022 00:00:00,,"Ms Rachel Hobdell","61 Greenfield GardensLondonNW2 1HU","5"
