Consumption (kwh), Estimated Cost Inc. Tax (p), Start, End
0.000000, 0.00, 2025-01-20T12:30:00+00:00, 2025-01-20T13:00:00+00:00
0.111000, 2.84, 2025-01-20T13:00:00+00:00, 2025-01-20T13:30:00+00:00
0.130000, 3.32, 2025-01-20T13:30:00+00:00, 2025-01-20T14:00:00+00:00
0.045000, 1.15, 2025-01-20T14:00:00+00:00, 2025-01-20T14:30:00+00:00
0.139000, 3.55, 2025-01-20T14:30:00+00:00, 2025-01-20T15:00:00+00:00
0.084000, 2.15, 2025-01-20T15:00:00+00:00, 2025-01-20T15:30:00+00:00
0.046000, 1.18, 2025-01-20T15:30:00+00:00, 2025-01-20T16:00:00+00:00
0.068000, 1.74, 2025-01-20T16:00:00+00:00, 2025-01-20T16:30:00+00:00
0.065000, 1.66, 2025-01-20T16:30:00+00:00, 2025-01-20T17:00:00+00:00
0.501000, 12.81, 2025-01-20T17:00:00+00:00, 2025-01-20T17:30:00+00:00
0.508000, 12.99, 2025-01-20T17:30:00+00:00, 2025-01-20T18:00:00+00:00
0.133000, 3.40, 2025-01-20T18:00:00+00:00, 2025-01-20T18:30:00+00:00
0.318000, 8.13, 2025-01-20T18:30:00+00:00, 2025-01-20T19:00:00+00:00
0.152000, 3.89, 2025-01-20T19:00:00+00:00, 2025-01-20T19:30:00+00:00
0.285000, 7.29, 2025-01-20T19:30:00+00:00, 2025-01-20T20:00:00+00:00
0.108000, 2.76, 2025-01-20T20:00:00+00:00, 2025-01-20T20:30:00+00:00
0.654000, 16.73, 2025-01-20T20:30:00+00:00, 2025-01-20T21:00:00+00:00
0.113000, 2.89, 2025-01-20T21:00:00+00:00, 2025-01-20T21:30:00+00:00
0.094000, 2.40, 2025-01-20T21:30:00+00:00, 2025-01-20T22:00:00+00:00
0.296000, 7.57, 2025-01-20T22:00:00+00:00, 2025-01-20T22:30:00+00:00
0.071000, 1.82, 2025-01-20T22:30:00+00:00, 2025-01-20T23:00:00+00:00
0.076000, 1.94, 2025-01-20T23:00:00+00:00, 2025-01-20T23:30:00+00:00
0.066000, 1.69, 2025-01-20T23:30:00+00:00, 2025-01-21T00:00:00+00:00
0.036000, 0.92, 2025-01-21T00:00:00+00:00, 2025-01-21T00:30:00+00:00
0.056000, 1.43, 2025-01-21T00:30:00+00:00, 2025-01-21T01:00:00+00:00
0.053000, 1.36, 2025-01-21T01:00:00+00:00, 2025-01-21T01:30:00+00:00
0.042000, 1.07, 2025-01-21T01:30:00+00:00, 2025-01-21T02:00:00+00:00
0.060000, 1.53, 2025-01-21T02:00:00+00:00, 2025-01-21T02:30:00+00:00
0.037000, 0.95, 2025-01-21T02:30:00+00:00, 2025-01-21T03:00:00+00:00
0.039000, 1.00, 2025-01-21T03:00:00+00:00, 2025-01-21T03:30:00+00:00
0.047000, 1.20, 2025-01-21T03:30:00+00:00, 2025-01-21T04:00:00+00:00
0.040000, 1.02, 2025-01-21T04:00:00+00:00, 2025-01-21T04:30:00+00:00
0.043000, 1.10, 2025-01-21T04:30:00+00:00, 2025-01-21T05:00:00+00:00
0.080000, 2.05, 2025-01-21T05:00:00+00:00, 2025-01-21T05:30:00+00:00
0.054000, 1.38, 2025-01-21T05:30:00+00:00, 2025-01-21T06:00:00+00:00
0.673000, 17.21, 2025-01-21T06:00:00+00:00, 2025-01-21T06:30:00+00:00
1.644000, 42.05, 2025-01-21T06:30:00+00:00, 2025-01-21T07:00:00+00:00
3.818000, 97.64, 2025-01-21T07:00:00+00:00, 2025-01-21T07:30:00+00:00
1.801000, 46.06, 2025-01-21T07:30:00+00:00, 2025-01-21T08:00:00+00:00
0.752000, 19.23, 2025-01-21T08:00:00+00:00, 2025-01-21T08:30:00+00:00
0.067000, 1.71, 2025-01-21T08:30:00+00:00, 2025-01-21T09:00:00+00:00
0.493000, 12.61, 2025-01-21T09:00:00+00:00, 2025-01-21T09:30:00+00:00
0.446000, 11.41, 2025-01-21T09:30:00+00:00, 2025-01-21T10:00:00+00:00
0.119000, 3.04, 2025-01-21T10:00:00+00:00, 2025-01-21T10:30:00+00:00
0.128000, 3.27, 2025-01-21T10:30:00+00:00, 2025-01-21T11:00:00+00:00
0.114000, 2.92, 2025-01-21T11:00:00+00:00, 2025-01-21T11:30:00+00:00
0.107000, 2.74, 2025-01-21T11:30:00+00:00, 2025-01-21T12:00:00+00:00
0.109000, 2.79, 2025-01-21T12:00:00+00:00, 2025-01-21T12:30:00+00:00
0.190000, 4.86, 2025-01-21T12:30:00+00:00, 2025-01-21T13:00:00+00:00
0.064000, 1.64, 2025-01-21T13:00:00+00:00, 2025-01-21T13:30:00+00:00
0.080000, 2.05, 2025-01-21T13:30:00+00:00, 2025-01-21T14:00:00+00:00
0.095000, 2.43, 2025-01-21T14:00:00+00:00, 2025-01-21T14:30:00+00:00
0.038000, 0.97, 2025-01-21T14:30:00+00:00, 2025-01-21T15:00:00+00:00
0.067000, 1.71, 2025-01-21T15:00:00+00:00, 2025-01-21T15:30:00+00:00
0.028000, 0.72, 2025-01-21T15:30:00+00:00, 2025-01-21T16:00:00+00:00
0.031000, 0.79, 2025-01-21T16:00:00+00:00, 2025-01-21T16:30:00+00:00
0.048000, 1.23, 2025-01-21T16:30:00+00:00, 2025-01-21T17:00:00+00:00
0.026000, 0.66, 2025-01-21T17:00:00+00:00, 2025-01-21T17:30:00+00:00
0.613000, 15.68, 2025-01-21T17:30:00+00:00, 2025-01-21T18:00:00+00:00
0.246000, 6.29, 2025-01-21T18:00:00+00:00, 2025-01-21T18:30:00+00:00
0.144000, 3.68, 2025-01-21T18:30:00+00:00, 2025-01-21T19:00:00+00:00
0.056000, 1.43, 2025-01-21T19:00:00+00:00, 2025-01-21T19:30:00+00:00
0.200000, 5.11, 2025-01-21T19:30:00+00:00, 2025-01-21T20:00:00+00:00
0.174000, 4.45, 2025-01-21T20:00:00+00:00, 2025-01-21T20:30:00+00:00
0.240000, 6.14, 2025-01-21T20:30:00+00:00, 2025-01-21T21:00:00+00:00
0.178000, 4.55, 2025-01-21T21:00:00+00:00, 2025-01-21T21:30:00+00:00
0.506000, 12.94, 2025-01-21T21:30:00+00:00, 2025-01-21T22:00:00+00:00
0.439000, 11.23, 2025-01-21T22:00:00+00:00, 2025-01-21T22:30:00+00:00
0.366000, 9.36, 2025-01-21T22:30:00+00:00, 2025-01-21T23:00:00+00:00
0.053000, 1.36, 2025-01-21T23:00:00+00:00, 2025-01-21T23:30:00+00:00
0.077000, 1.97, 2025-01-21T23:30:00+00:00, 2025-01-22T00:00:00+00:00
0.022000, 0.56, 2025-01-22T00:00:00+00:00, 2025-01-22T00:30:00+00:00
0.026000, 0.66, 2025-01-22T00:30:00+00:00, 2025-01-22T01:00:00+00:00
0.046000, 1.18, 2025-01-22T01:00:00+00:00, 2025-01-22T01:30:00+00:00
0.057000, 1.46, 2025-01-22T01:30:00+00:00, 2025-01-22T02:00:00+00:00
0.024000, 0.61, 2025-01-22T02:00:00+00:00, 2025-01-22T02:30:00+00:00
0.048000, 1.23, 2025-01-22T02:30:00+00:00, 2025-01-22T03:00:00+00:00
0.028000, 0.72, 2025-01-22T03:00:00+00:00, 2025-01-22T03:30:00+00:00
0.023000, 0.59, 2025-01-22T03:30:00+00:00, 2025-01-22T04:00:00+00:00
0.058000, 1.48, 2025-01-22T04:00:00+00:00, 2025-01-22T04:30:00+00:00
0.032000, 0.82, 2025-01-22T04:30:00+00:00, 2025-01-22T05:00:00+00:00
0.040000, 1.02, 2025-01-22T05:00:00+00:00, 2025-01-22T05:30:00+00:00
0.040000, 1.02, 2025-01-22T05:30:00+00:00, 2025-01-22T06:00:00+00:00
0.085000, 2.17, 2025-01-22T06:00:00+00:00, 2025-01-22T06:30:00+00:00
0.347000, 8.87, 2025-01-22T06:30:00+00:00, 2025-01-22T07:00:00+00:00
1.238000, 31.66, 2025-01-22T07:00:00+00:00, 2025-01-22T07:30:00+00:00
2.414000, 61.74, 2025-01-22T07:30:00+00:00, 2025-01-22T08:00:00+00:00
1.322000, 33.81, 2025-01-22T08:00:00+00:00, 2025-01-22T08:30:00+00:00
0.349000, 8.93, 2025-01-22T08:30:00+00:00, 2025-01-22T09:00:00+00:00
0.252000, 6.44, 2025-01-22T09:00:00+00:00, 2025-01-22T09:30:00+00:00
2.589000, 66.21, 2025-01-22T09:30:00+00:00, 2025-01-22T10:00:00+00:00
0.618000, 15.81, 2025-01-22T10:00:00+00:00, 2025-01-22T10:30:00+00:00
0.038000, 0.97, 2025-01-22T10:30:00+00:00, 2025-01-22T11:00:00+00:00
0.163000, 4.17, 2025-01-22T11:00:00+00:00, 2025-01-22T11:30:00+00:00
0.049000, 1.25, 2025-01-22T11:30:00+00:00, 2025-01-22T12:00:00+00:00
0.093000, 2.38, 2025-01-22T12:00:00+00:00, 2025-01-22T12:30:00+00:00
0.044000, 1.13, 2025-01-22T12:30:00+00:00, 2025-01-22T13:00:00+00:00
0.027000, 0.69, 2025-01-22T13:00:00+00:00, 2025-01-22T13:30:00+00:00
0.146000, 3.73, 2025-01-22T13:30:00+00:00, 2025-01-22T14:00:00+00:00
0.068000, 1.74, 2025-01-22T14:00:00+00:00, 2025-01-22T14:30:00+00:00
0.311000, 7.95, 2025-01-22T14:30:00+00:00, 2025-01-22T15:00:00+00:00
0.612000, 15.65, 2025-01-22T15:00:00+00:00, 2025-01-22T15:30:00+00:00
0.076000, 1.94, 2025-01-22T15:30:00+00:00, 2025-01-22T16:00:00+00:00
0.051000, 1.30, 2025-01-22T16:00:00+00:00, 2025-01-22T16:30:00+00:00
0.203000, 5.19, 2025-01-22T16:30:00+00:00, 2025-01-22T17:00:00+00:00
1.044000, 26.70, 2025-01-22T17:00:00+00:00, 2025-01-22T17:30:00+00:00
0.125000, 3.20, 2025-01-22T17:30:00+00:00, 2025-01-22T18:00:00+00:00
0.382000, 9.77, 2025-01-22T18:00:00+00:00, 2025-01-22T18:30:00+00:00
0.737000, 18.85, 2025-01-22T18:30:00+00:00, 2025-01-22T19:00:00+00:00
0.686000, 17.54, 2025-01-22T19:00:00+00:00, 2025-01-22T19:30:00+00:00
0.523000, 13.38, 2025-01-22T19:30:00+00:00, 2025-01-22T20:00:00+00:00
0.176000, 4.50, 2025-01-22T20:00:00+00:00, 2025-01-22T20:30:00+00:00
0.169000, 4.32, 2025-01-22T20:30:00+00:00, 2025-01-22T21:00:00+00:00
0.197000, 5.04, 2025-01-22T21:00:00+00:00, 2025-01-22T21:30:00+00:00
0.260000, 6.65, 2025-01-22T21:30:00+00:00, 2025-01-22T22:00:00+00:00
0.525000, 13.43, 2025-01-22T22:00:00+00:00, 2025-01-22T22:30:00+00:00
0.346000, 8.85, 2025-01-22T22:30:00+00:00, 2025-01-22T23:00:00+00:00
0.104000, 2.66, 2025-01-22T23:00:00+00:00, 2025-01-22T23:30:00+00:00
0.330000, 8.44, 2025-01-22T23:30:00+00:00, 2025-01-23T00:00:00+00:00
0.185000, 4.73, 2025-01-23T00:00:00+00:00, 2025-01-23T00:30:00+00:00
0.024000, 0.61, 2025-01-23T00:30:00+00:00, 2025-01-23T01:00:00+00:00
0.039000, 1.00, 2025-01-23T01:00:00+00:00, 2025-01-23T01:30:00+00:00
0.074000, 1.89, 2025-01-23T01:30:00+00:00, 2025-01-23T02:00:00+00:00
0.067000, 1.71, 2025-01-23T02:00:00+00:00, 2025-01-23T02:30:00+00:00
0.064000, 1.64, 2025-01-23T02:30:00+00:00, 2025-01-23T03:00:00+00:00
0.086000, 2.20, 2025-01-23T03:00:00+00:00, 2025-01-23T03:30:00+00:00
0.059000, 1.51, 2025-01-23T03:30:00+00:00, 2025-01-23T04:00:00+00:00
0.064000, 1.64, 2025-01-23T04:00:00+00:00, 2025-01-23T04:30:00+00:00
0.084000, 2.15, 2025-01-23T04:30:00+00:00, 2025-01-23T05:00:00+00:00
0.055000, 1.41, 2025-01-23T05:00:00+00:00, 2025-01-23T05:30:00+00:00
0.065000, 1.66, 2025-01-23T05:30:00+00:00, 2025-01-23T06:00:00+00:00
0.088000, 2.25, 2025-01-23T06:00:00+00:00, 2025-01-23T06:30:00+00:00
0.052000, 1.33, 2025-01-23T06:30:00+00:00, 2025-01-23T07:00:00+00:00
2.696000, 68.95, 2025-01-23T07:00:00+00:00, 2025-01-23T07:30:00+00:00
0.561000, 14.35, 2025-01-23T07:30:00+00:00, 2025-01-23T08:00:00+00:00
0.107000, 2.74, 2025-01-23T08:00:00+00:00, 2025-01-23T08:30:00+00:00
0.077000, 1.97, 2025-01-23T08:30:00+00:00, 2025-01-23T09:00:00+00:00
0.071000, 1.82, 2025-01-23T09:00:00+00:00, 2025-01-23T09:30:00+00:00
0.061000, 1.56, 2025-01-23T09:30:00+00:00, 2025-01-23T10:00:00+00:00
0.082000, 2.10, 2025-01-23T10:00:00+00:00, 2025-01-23T10:30:00+00:00
0.075000, 1.92, 2025-01-23T10:30:00+00:00, 2025-01-23T11:00:00+00:00
0.075000, 1.92, 2025-01-23T11:00:00+00:00, 2025-01-23T11:30:00+00:00
0.128000, 3.27, 2025-01-23T11:30:00+00:00, 2025-01-23T12:00:00+00:00
0.630000, 16.11, 2025-01-23T12:00:00+00:00, 2025-01-23T12:30:00+00:00
0.114000, 2.92, 2025-01-23T12:30:00+00:00, 2025-01-23T13:00:00+00:00
0.121000, 3.09, 2025-01-23T13:00:00+00:00, 2025-01-23T13:30:00+00:00
0.123000, 3.15, 2025-01-23T13:30:00+00:00, 2025-01-23T14:00:00+00:00
0.224000, 5.73, 2025-01-23T14:00:00+00:00, 2025-01-23T14:30:00+00:00
1.407000, 35.98, 2025-01-23T14:30:00+00:00, 2025-01-23T15:00:00+00:00
0.059000, 1.51, 2025-01-23T15:00:00+00:00, 2025-01-23T15:30:00+00:00
0.060000, 1.53, 2025-01-23T15:30:00+00:00, 2025-01-23T16:00:00+00:00
0.053000, 1.36, 2025-01-23T16:00:00+00:00, 2025-01-23T16:30:00+00:00
0.037000, 0.95, 2025-01-23T16:30:00+00:00, 2025-01-23T17:00:00+00:00
0.031000, 0.79, 2025-01-23T17:00:00+00:00, 2025-01-23T17:30:00+00:00
0.132000, 3.38, 2025-01-23T17:30:00+00:00, 2025-01-23T18:00:00+00:00
0.110000, 2.81, 2025-01-23T18:00:00+00:00, 2025-01-23T18:30:00+00:00
0.309000, 7.90, 2025-01-23T18:30:00+00:00, 2025-01-23T19:00:00+00:00
0.171000, 4.37, 2025-01-23T19:00:00+00:00, 2025-01-23T19:30:00+00:00
0.106000, 2.71, 2025-01-23T19:30:00+00:00, 2025-01-23T20:00:00+00:00
0.193000, 4.94, 2025-01-23T20:00:00+00:00, 2025-01-23T20:30:00+00:00
0.977000, 24.99, 2025-01-23T20:30:00+00:00, 2025-01-23T21:00:00+00:00
0.973000, 24.88, 2025-01-23T21:00:00+00:00, 2025-01-23T21:30:00+00:00
0.848000, 21.69, 2025-01-23T21:30:00+00:00, 2025-01-23T22:00:00+00:00
0.542000, 13.86, 2025-01-23T22:00:00+00:00, 2025-01-23T22:30:00+00:00
0.566000, 14.48, 2025-01-23T22:30:00+00:00, 2025-01-23T23:00:00+00:00
0.089000, 2.28, 2025-01-23T23:00:00+00:00, 2025-01-23T23:30:00+00:00
0.081000, 2.07, 2025-01-23T23:30:00+00:00, 2025-01-24T00:00:00+00:00
0.061000, 1.56, 2025-01-24T00:00:00+00:00, 2025-01-24T00:30:00+00:00
0.031000, 0.79, 2025-01-24T00:30:00+00:00, 2025-01-24T01:00:00+00:00
0.046000, 1.18, 2025-01-24T01:00:00+00:00, 2025-01-24T01:30:00+00:00
0.050000, 1.28, 2025-01-24T01:30:00+00:00, 2025-01-24T02:00:00+00:00
0.036000, 0.92, 2025-01-24T02:00:00+00:00, 2025-01-24T02:30:00+00:00
0.099000, 2.53, 2025-01-24T02:30:00+00:00, 2025-01-24T03:00:00+00:00
0.042000, 1.07, 2025-01-24T03:00:00+00:00, 2025-01-24T03:30:00+00:00
0.041000, 1.05, 2025-01-24T03:30:00+00:00, 2025-01-24T04:00:00+00:00
0.064000, 1.64, 2025-01-24T04:00:00+00:00, 2025-01-24T04:30:00+00:00
0.056000, 1.43, 2025-01-24T04:30:00+00:00, 2025-01-24T05:00:00+00:00
0.041000, 1.05, 2025-01-24T05:00:00+00:00, 2025-01-24T05:30:00+00:00
0.057000, 1.46, 2025-01-24T05:30:00+00:00, 2025-01-24T06:00:00+00:00
0.040000, 1.02, 2025-01-24T06:00:00+00:00, 2025-01-24T06:30:00+00:00
0.046000, 1.18, 2025-01-24T06:30:00+00:00, 2025-01-24T07:00:00+00:00
0.094000, 2.40, 2025-01-24T07:00:00+00:00, 2025-01-24T07:30:00+00:00
0.978000, 25.01, 2025-01-24T07:30:00+00:00, 2025-01-24T08:00:00+00:00
0.911000, 23.30, 2025-01-24T08:00:00+00:00, 2025-01-24T08:30:00+00:00
0.211000, 5.40, 2025-01-24T08:30:00+00:00, 2025-01-24T09:00:00+00:00
0.162000, 4.14, 2025-01-24T09:00:00+00:00, 2025-01-24T09:30:00+00:00
0.071000, 1.82, 2025-01-24T09:30:00+00:00, 2025-01-24T10:00:00+00:00
0.111000, 2.84, 2025-01-24T10:00:00+00:00, 2025-01-24T10:30:00+00:00
0.106000, 2.71, 2025-01-24T10:30:00+00:00, 2025-01-24T11:00:00+00:00
0.103000, 2.63, 2025-01-24T11:00:00+00:00, 2025-01-24T11:30:00+00:00
0.107000, 2.74, 2025-01-24T11:30:00+00:00, 2025-01-24T12:00:00+00:00
0.105000, 2.69, 2025-01-24T12:00:00+00:00, 2025-01-24T12:30:00+00:00
0.092000, 2.35, 2025-01-24T12:30:00+00:00, 2025-01-24T13:00:00+00:00
0.136000, 3.48, 2025-01-24T13:00:00+00:00, 2025-01-24T13:30:00+00:00
0.105000, 2.69, 2025-01-24T13:30:00+00:00, 2025-01-24T14:00:00+00:00
0.284000, 7.26, 2025-01-24T14:00:00+00:00, 2025-01-24T14:30:00+00:00
0.471000, 12.05, 2025-01-24T14:30:00+00:00, 2025-01-24T15:00:00+00:00
2.223000, 56.85, 2025-01-24T15:00:00+00:00, 2025-01-24T15:30:00+00:00
0.412000, 10.54, 2025-01-24T15:30:00+00:00, 2025-01-24T16:00:00+00:00
0.074000, 1.89, 2025-01-24T16:00:00+00:00, 2025-01-24T16:30:00+00:00
0.116000, 2.97, 2025-01-24T16:30:00+00:00, 2025-01-24T17:00:00+00:00
0.141000, 3.61, 2025-01-24T17:00:00+00:00, 2025-01-24T17:30:00+00:00
0.137000, 3.50, 2025-01-24T17:30:00+00:00, 2025-01-24T18:00:00+00:00
0.902000, 23.07, 2025-01-24T18:00:00+00:00, 2025-01-24T18:30:00+00:00
1.074000, 27.47, 2025-01-24T18:30:00+00:00, 2025-01-24T19:00:00+00:00
0.377000, 9.64, 2025-01-24T19:00:00+00:00, 2025-01-24T19:30:00+00:00
0.665000, 17.01, 2025-01-24T19:30:00+00:00, 2025-01-24T20:00:00+00:00
0.233000, 5.96, 2025-01-24T20:00:00+00:00, 2025-01-24T20:30:00+00:00
0.174000, 4.45, 2025-01-24T20:30:00+00:00, 2025-01-24T21:00:00+00:00
0.173000, 4.42, 2025-01-24T21:00:00+00:00, 2025-01-24T21:30:00+00:00
0.149000, 3.81, 2025-01-24T21:30:00+00:00, 2025-01-24T22:00:00+00:00
0.342000, 8.75, 2025-01-24T22:00:00+00:00, 2025-01-24T22:30:00+00:00
0.178000, 4.55, 2025-01-24T22:30:00+00:00, 2025-01-24T23:00:00+00:00
0.470000, 12.02, 2025-01-24T23:00:00+00:00, 2025-01-24T23:30:00+00:00
0.699000, 17.88, 2025-01-24T23:30:00+00:00, 2025-01-25T00:00:00+00:00
0.149000, 3.81, 2025-01-25T00:00:00+00:00, 2025-01-25T00:30:00+00:00
0.061000, 1.56, 2025-01-25T00:30:00+00:00, 2025-01-25T01:00:00+00:00
0.055000, 1.41, 2025-01-25T01:00:00+00:00, 2025-01-25T01:30:00+00:00
0.089000, 2.28, 2025-01-25T01:30:00+00:00, 2025-01-25T02:00:00+00:00
0.067000, 1.71, 2025-01-25T02:00:00+00:00, 2025-01-25T02:30:00+00:00
0.078000, 1.99, 2025-01-25T02:30:00+00:00, 2025-01-25T03:00:00+00:00
0.090000, 2.30, 2025-01-25T03:00:00+00:00, 2025-01-25T03:30:00+00:00
0.038000, 0.97, 2025-01-25T03:30:00+00:00, 2025-01-25T04:00:00+00:00
0.037000, 0.95, 2025-01-25T04:00:00+00:00, 2025-01-25T04:30:00+00:00
0.081000, 2.07, 2025-01-25T04:30:00+00:00, 2025-01-25T05:00:00+00:00
0.036000, 0.92, 2025-01-25T05:00:00+00:00, 2025-01-25T05:30:00+00:00
0.038000, 0.97, 2025-01-25T05:30:00+00:00, 2025-01-25T06:00:00+00:00
0.072000, 1.84, 2025-01-25T06:00:00+00:00, 2025-01-25T06:30:00+00:00
0.058000, 1.48, 2025-01-25T06:30:00+00:00, 2025-01-25T07:00:00+00:00
0.078000, 1.99, 2025-01-25T07:00:00+00:00, 2025-01-25T07:30:00+00:00
0.097000, 2.48, 2025-01-25T07:30:00+00:00, 2025-01-25T08:00:00+00:00
1.209000, 30.92, 2025-01-25T08:00:00+00:00, 2025-01-25T08:30:00+00:00
0.052000, 1.33, 2025-01-25T08:30:00+00:00, 2025-01-25T09:00:00+00:00
0.078000, 1.99, 2025-01-25T09:00:00+00:00, 2025-01-25T09:30:00+00:00
0.073000, 1.87, 2025-01-25T09:30:00+00:00, 2025-01-25T10:00:00+00:00
0.900000, 23.02, 2025-01-25T10:00:00+00:00, 2025-01-25T10:30:00+00:00
0.242000, 6.19, 2025-01-25T10:30:00+00:00, 2025-01-25T11:00:00+00:00
0.233000, 5.96, 2025-01-25T11:00:00+00:00, 2025-01-25T11:30:00+00:00
0.057000, 1.46, 2025-01-25T11:30:00+00:00, 2025-01-25T12:00:00+00:00
0.070000, 1.79, 2025-01-25T12:00:00+00:00, 2025-01-25T12:30:00+00:00
0.085000, 2.17, 2025-01-25T12:30:00+00:00, 2025-01-25T13:00:00+00:00
0.064000, 1.64, 2025-01-25T13:00:00+00:00, 2025-01-25T13:30:00+00:00
0.077000, 1.97, 2025-01-25T13:30:00+00:00, 2025-01-25T14:00:00+00:00
0.086000, 2.20, 2025-01-25T14:00:00+00:00, 2025-01-25T14:30:00+00:00
0.065000, 1.66, 2025-01-25T14:30:00+00:00, 2025-01-25T15:00:00+00:00
0.200000, 5.11, 2025-01-25T15:00:00+00:00, 2025-01-25T15:30:00+00:00
0.186000, 4.76, 2025-01-25T15:30:00+00:00, 2025-01-25T16:00:00+00:00
0.913000, 23.35, 2025-01-25T16:00:00+00:00, 2025-01-25T16:30:00+00:00
0.268000, 6.85, 2025-01-25T16:30:00+00:00, 2025-01-25T17:00:00+00:00
0.140000, 3.58, 2025-01-25T17:00:00+00:00, 2025-01-25T17:30:00+00:00
0.137000, 3.50, 2025-01-25T17:30:00+00:00, 2025-01-25T18:00:00+00:00
0.168000, 4.30, 2025-01-25T18:00:00+00:00, 2025-01-25T18:30:00+00:00
0.062000, 1.59, 2025-01-25T18:30:00+00:00, 2025-01-25T19:00:00+00:00
0.105000, 2.69, 2025-01-25T19:00:00+00:00, 2025-01-25T19:30:00+00:00
0.152000, 3.89, 2025-01-25T19:30:00+00:00, 2025-01-25T20:00:00+00:00
0.159000, 4.07, 2025-01-25T20:00:00+00:00, 2025-01-25T20:30:00+00:00
0.180000, 4.60, 2025-01-25T20:30:00+00:00, 2025-01-25T21:00:00+00:00
0.198000, 5.06, 2025-01-25T21:00:00+00:00, 2025-01-25T21:30:00+00:00
0.158000, 4.04, 2025-01-25T21:30:00+00:00, 2025-01-25T22:00:00+00:00
0.105000, 2.69, 2025-01-25T22:00:00+00:00, 2025-01-25T22:30:00+00:00
0.092000, 2.35, 2025-01-25T22:30:00+00:00, 2025-01-25T23:00:00+00:00
0.068000, 1.74, 2025-01-25T23:00:00+00:00, 2025-01-25T23:30:00+00:00
0.089000, 2.28, 2025-01-25T23:30:00+00:00, 2025-01-26T00:00:00+00:00
0.100000, 2.56, 2025-01-26T00:00:00+00:00, 2025-01-26T00:30:00+00:00
0.050000, 1.28, 2025-01-26T00:30:00+00:00, 2025-01-26T01:00:00+00:00
0.055000, 1.41, 2025-01-26T01:00:00+00:00, 2025-01-26T01:30:00+00:00
0.037000, 0.95, 2025-01-26T01:30:00+00:00, 2025-01-26T02:00:00+00:00
0.049000, 1.25, 2025-01-26T02:00:00+00:00, 2025-01-26T02:30:00+00:00
0.088000, 2.25, 2025-01-26T02:30:00+00:00, 2025-01-26T03:00:00+00:00
0.046000, 1.18, 2025-01-26T03:00:00+00:00, 2025-01-26T03:30:00+00:00
0.046000, 1.18, 2025-01-26T03:30:00+00:00, 2025-01-26T04:00:00+00:00
0.079000, 2.02, 2025-01-26T04:00:00+00:00, 2025-01-26T04:30:00+00:00
0.064000, 1.64, 2025-01-26T04:30:00+00:00, 2025-01-26T05:00:00+00:00
0.043000, 1.10, 2025-01-26T05:00:00+00:00, 2025-01-26T05:30:00+00:00
0.071000, 1.82, 2025-01-26T05:30:00+00:00, 2025-01-26T06:00:00+00:00
0.043000, 1.10, 2025-01-26T06:00:00+00:00, 2025-01-26T06:30:00+00:00
0.047000, 1.20, 2025-01-26T06:30:00+00:00, 2025-01-26T07:00:00+00:00
0.066000, 1.69, 2025-01-26T07:00:00+00:00, 2025-01-26T07:30:00+00:00
0.046000, 1.18, 2025-01-26T07:30:00+00:00, 2025-01-26T08:00:00+00:00
0.043000, 1.10, 2025-01-26T08:00:00+00:00, 2025-01-26T08:30:00+00:00
0.458000, 11.71, 2025-01-26T08:30:00+00:00, 2025-01-26T09:00:00+00:00
1.896000, 48.49, 2025-01-26T09:00:00+00:00, 2025-01-26T09:30:00+00:00
0.055000, 1.41, 2025-01-26T09:30:00+00:00, 2025-01-26T10:00:00+00:00
1.216000, 31.10, 2025-01-26T10:00:00+00:00, 2025-01-26T10:30:00+00:00
0.139000, 3.55, 2025-01-26T10:30:00+00:00, 2025-01-26T11:00:00+00:00
0.036000, 0.92, 2025-01-26T11:00:00+00:00, 2025-01-26T11:30:00+00:00
0.056000, 1.43, 2025-01-26T11:30:00+00:00, 2025-01-26T12:00:00+00:00
0.020000, 0.51, 2025-01-26T12:00:00+00:00, 2025-01-26T12:30:00+00:00
0.037000, 0.95, 2025-01-26T12:30:00+00:00, 2025-01-26T13:00:00+00:00
0.039000, 1.00, 2025-01-26T13:00:00+00:00, 2025-01-26T13:30:00+00:00
0.056000, 1.43, 2025-01-26T13:30:00+00:00, 2025-01-26T14:00:00+00:00
0.043000, 1.10, 2025-01-26T14:00:00+00:00, 2025-01-26T14:30:00+00:00
0.031000, 0.79, 2025-01-26T14:30:00+00:00, 2025-01-26T15:00:00+00:00
0.026000, 0.66, 2025-01-26T15:00:00+00:00, 2025-01-26T15:30:00+00:00
0.069000, 1.76, 2025-01-26T15:30:00+00:00, 2025-01-26T16:00:00+00:00
0.057000, 1.46, 2025-01-26T16:00:00+00:00, 2025-01-26T16:30:00+00:00
0.036000, 0.92, 2025-01-26T16:30:00+00:00, 2025-01-26T17:00:00+00:00
0.058000, 1.48, 2025-01-26T17:00:00+00:00, 2025-01-26T17:30:00+00:00
0.035000, 0.90, 2025-01-26T17:30:00+00:00, 2025-01-26T18:00:00+00:00
0.054000, 1.38, 2025-01-26T18:00:00+00:00, 2025-01-26T18:30:00+00:00
0.118000, 3.02, 2025-01-26T18:30:00+00:00, 2025-01-26T19:00:00+00:00
0.135000, 3.45, 2025-01-26T19:00:00+00:00, 2025-01-26T19:30:00+00:00
0.160000, 4.09, 2025-01-26T19:30:00+00:00, 2025-01-26T20:00:00+00:00
0.756000, 19.33, 2025-01-26T20:00:00+00:00, 2025-01-26T20:30:00+00:00
0.387000, 9.90, 2025-01-26T20:30:00+00:00, 2025-01-26T21:00:00+00:00
0.590000, 15.09, 2025-01-26T21:00:00+00:00, 2025-01-26T21:30:00+00:00
0.216000, 5.52, 2025-01-26T21:30:00+00:00, 2025-01-26T22:00:00+00:00
0.307000, 7.85, 2025-01-26T22:00:00+00:00, 2025-01-26T22:30:00+00:00
0.147000, 3.76, 2025-01-26T22:30:00+00:00, 2025-01-26T23:00:00+00:00
0.110000, 2.81, 2025-01-26T23:00:00+00:00, 2025-01-26T23:30:00+00:00
0.060000, 1.53, 2025-01-26T23:30:00+00:00, 2025-01-27T00:00:00+00:00
0.079000, 2.02, 2025-01-27T00:00:00+00:00, 2025-01-27T00:30:00+00:00
0.060000, 1.53, 2025-01-27T00:30:00+00:00, 2025-01-27T01:00:00+00:00
0.030000, 0.77, 2025-01-27T01:00:00+00:00, 2025-01-27T01:30:00+00:00
0.082000, 2.10, 2025-01-27T01:30:00+00:00, 2025-01-27T02:00:00+00:00
0.023000, 0.59, 2025-01-27T02:00:00+00:00, 2025-01-27T02:30:00+00:00
0.032000, 0.82, 2025-01-27T02:30:00+00:00, 2025-01-27T03:00:00+00:00
0.062000, 1.59, 2025-01-27T03:00:00+00:00, 2025-01-27T03:30:00+00:00
0.035000, 0.90, 2025-01-27T03:30:00+00:00, 2025-01-27T04:00:00+00:00
0.046000, 1.18, 2025-01-27T04:00:00+00:00, 2025-01-27T04:30:00+00:00
0.064000, 1.64, 2025-01-27T04:30:00+00:00, 2025-01-27T05:00:00+00:00
0.050000, 1.28, 2025-01-27T05:00:00+00:00, 2025-01-27T05:30:00+00:00
0.033000, 0.84, 2025-01-27T05:30:00+00:00, 2025-01-27T06:00:00+00:00
0.079000, 2.02, 2025-01-27T06:00:00+00:00, 2025-01-27T06:30:00+00:00
1.252000, 32.02, 2025-01-27T06:30:00+00:00, 2025-01-27T07:00:00+00:00
1.562000, 39.95, 2025-01-27T07:00:00+00:00, 2025-01-27T07:30:00+00:00
0.875000, 22.38, 2025-01-27T07:30:00+00:00, 2025-01-27T08:00:00+00:00
1.770000, 45.27, 2025-01-27T08:00:00+00:00, 2025-01-27T08:30:00+00:00
0.042000, 1.07, 2025-01-27T08:30:00+00:00, 2025-01-27T09:00:00+00:00
0.075000, 1.92, 2025-01-27T09:00:00+00:00, 2025-01-27T09:30:00+00:00
0.080000, 2.05, 2025-01-27T09:30:00+00:00, 2025-01-27T10:00:00+00:00
0.115000, 2.94, 2025-01-27T10:00:00+00:00, 2025-01-27T10:30:00+00:00
0.088000, 2.25, 2025-01-27T10:30:00+00:00, 2025-01-27T11:00:00+00:00
0.113000, 2.89, 2025-01-27T11:00:00+00:00, 2025-01-27T11:30:00+00:00
0.057000, 1.46, 2025-01-27T11:30:00+00:00, 2025-01-27T12:00:00+00:00
0.080000, 2.05, 2025-01-27T12:00:00+00:00, 2025-01-27T12:30:00+00:00
0.068000, 1.74, 2025-01-27T12:30:00+00:00, 2025-01-27T13:00:00+00:00
1.260000, 32.22, 2025-01-27T13:00:00+00:00, 2025-01-27T13:30:00+00:00
1.089000, 27.85, 2025-01-27T13:30:00+00:00, 2025-01-27T14:00:00+00:00
0.233000, 5.96, 2025-01-27T14:00:00+00:00, 2025-01-27T14:30:00+00:00
0.052000, 1.33, 2025-01-27T14:30:00+00:00, 2025-01-27T15:00:00+00:00
0.066000, 1.69, 2025-01-27T15:00:00+00:00, 2025-01-27T15:30:00+00:00
0.035000, 0.90, 2025-01-27T15:30:00+00:00, 2025-01-27T16:00:00+00:00
0.050000, 1.28, 2025-01-27T16:00:00+00:00, 2025-01-27T16:30:00+00:00
0.204000, 5.22, 2025-01-27T16:30:00+00:00, 2025-01-27T17:00:00+00:00
0.120000, 3.07, 2025-01-27T17:00:00+00:00, 2025-01-27T17:30:00+00:00
0.126000, 3.22, 2025-01-27T17:30:00+00:00, 2025-01-27T18:00:00+00:00
0.133000, 3.40, 2025-01-27T18:00:00+00:00, 2025-01-27T18:30:00+00:00
0.138000, 3.53, 2025-01-27T18:30:00+00:00, 2025-01-27T19:00:00+00:00
0.094000, 2.40, 2025-01-27T19:00:00+00:00, 2025-01-27T19:30:00+00:00
0.113000, 2.89, 2025-01-27T19:30:00+00:00, 2025-01-27T20:00:00+00:00
0.081000, 2.07, 2025-01-27T20:00:00+00:00, 2025-01-27T20:30:00+00:00
0.439000, 11.23, 2025-01-27T20:30:00+00:00, 2025-01-27T21:00:00+00:00
0.634000, 16.21, 2025-01-27T21:00:00+00:00, 2025-01-27T21:30:00+00:00
0.111000, 2.84, 2025-01-27T21:30:00+00:00, 2025-01-27T22:00:00+00:00
0.350000, 8.95, 2025-01-27T22:00:00+00:00, 2025-01-27T22:30:00+00:00
0.570000, 14.58, 2025-01-27T22:30:00+00:00, 2025-01-27T23:00:00+00:00
0.136000, 3.48, 2025-01-27T23:00:00+00:00, 2025-01-27T23:30:00+00:00
0.079000, 2.02, 2025-01-27T23:30:00+00:00, 2025-01-28T00:00:00+00:00
0.084000, 2.15, 2025-01-28T00:00:00+00:00, 2025-01-28T00:30:00+00:00
0.052000, 1.33, 2025-01-28T00:30:00+00:00, 2025-01-28T01:00:00+00:00
0.060000, 1.53, 2025-01-28T01:00:00+00:00, 2025-01-28T01:30:00+00:00
0.081000, 2.07, 2025-01-28T01:30:00+00:00, 2025-01-28T02:00:00+00:00
0.062000, 1.59, 2025-01-28T02:00:00+00:00, 2025-01-28T02:30:00+00:00
0.061000, 1.56, 2025-01-28T02:30:00+00:00, 2025-01-28T03:00:00+00:00
0.091000, 2.33, 2025-01-28T03:00:00+00:00, 2025-01-28T03:30:00+00:00
0.069000, 1.76, 2025-01-28T03:30:00+00:00, 2025-01-28T04:00:00+00:00
0.063000, 1.61, 2025-01-28T04:00:00+00:00, 2025-01-28T04:30:00+00:00
0.072000, 1.84, 2025-01-28T04:30:00+00:00, 2025-01-28T05:00:00+00:00
0.039000, 1.00, 2025-01-28T05:00:00+00:00, 2025-01-28T05:30:00+00:00
0.037000, 0.95, 2025-01-28T05:30:00+00:00, 2025-01-28T06:00:00+00:00
0.080000, 2.05, 2025-01-28T06:00:00+00:00, 2025-01-28T06:30:00+00:00
0.048000, 1.23, 2025-01-28T06:30:00+00:00, 2025-01-28T07:00:00+00:00
2.320000, 59.33, 2025-01-28T07:00:00+00:00, 2025-01-28T07:30:00+00:00
0.089000, 2.28, 2025-01-28T07:30:00+00:00, 2025-01-28T08:00:00+00:00
0.843000, 21.56, 2025-01-28T08:00:00+00:00, 2025-01-28T08:30:00+00:00
0.059000, 1.51, 2025-01-28T08:30:00+00:00, 2025-01-28T09:00:00+00:00
0.060000, 1.53, 2025-01-28T09:00:00+00:00, 2025-01-28T09:30:00+00:00
0.033000, 0.84, 2025-01-28T09:30:00+00:00, 2025-01-28T10:00:00+00:00
0.052000, 1.33, 2025-01-28T10:00:00+00:00, 2025-01-28T10:30:00+00:00
0.535000, 13.68, 2025-01-28T10:30:00+00:00, 2025-01-28T11:00:00+00:00
0.039000, 1.00, 2025-01-28T11:00:00+00:00, 2025-01-28T11:30:00+00:00
0.039000, 1.00, 2025-01-28T11:30:00+00:00, 2025-01-28T12:00:00+00:00
0.103000, 2.63, 2025-01-28T12:00:00+00:00, 2025-01-28T12:30:00+00:00
0.057000, 1.46, 2025-01-28T12:30:00+00:00, 2025-01-28T13:00:00+00:00
0.065000, 1.66, 2025-01-28T13:00:00+00:00, 2025-01-28T13:30:00+00:00
0.153000, 3.91, 2025-01-28T13:30:00+00:00, 2025-01-28T14:00:00+00:00
0.078000, 1.99, 2025-01-28T14:00:00+00:00, 2025-01-28T14:30:00+00:00
1.155000, 29.54, 2025-01-28T14:30:00+00:00, 2025-01-28T15:00:00+00:00
0.090000, 2.30, 2025-01-28T15:00:00+00:00, 2025-01-28T15:30:00+00:00
0.035000, 0.90, 2025-01-28T15:30:00+00:00, 2025-01-28T16:00:00+00:00
0.047000, 1.20, 2025-01-28T16:00:00+00:00, 2025-01-28T16:30:00+00:00
0.067000, 1.71, 2025-01-28T16:30:00+00:00, 2025-01-28T17:00:00+00:00
0.040000, 1.02, 2025-01-28T17:00:00+00:00, 2025-01-28T17:30:00+00:00
0.044000, 1.13, 2025-01-28T17:30:00+00:00, 2025-01-28T18:00:00+00:00
0.136000, 3.48, 2025-01-28T18:00:00+00:00, 2025-01-28T18:30:00+00:00
0.733000, 18.75, 2025-01-28T18:30:00+00:00, 2025-01-28T19:00:00+00:00
0.731000, 18.70, 2025-01-28T19:00:00+00:00, 2025-01-28T19:30:00+00:00
0.502000, 12.84, 2025-01-28T19:30:00+00:00, 2025-01-28T20:00:00+00:00
0.594000, 15.19, 2025-01-28T20:00:00+00:00, 2025-01-28T20:30:00+00:00
0.450000, 11.51, 2025-01-28T20:30:00+00:00, 2025-01-28T21:00:00+00:00
0.300000, 7.67, 2025-01-28T21:00:00+00:00, 2025-01-28T21:30:00+00:00
0.095000, 2.43, 2025-01-28T21:30:00+00:00, 2025-01-28T22:00:00+00:00
0.103000, 2.63, 2025-01-28T22:00:00+00:00, 2025-01-28T22:30:00+00:00
0.102000, 2.61, 2025-01-28T22:30:00+00:00, 2025-01-28T23:00:00+00:00
0.098000, 2.51, 2025-01-28T23:00:00+00:00, 2025-01-28T23:30:00+00:00
0.100000, 2.56, 2025-01-28T23:30:00+00:00, 2025-01-29T00:00:00+00:00
0.090000, 2.30, 2025-01-29T00:00:00+00:00, 2025-01-29T00:30:00+00:00
0.068000, 1.74, 2025-01-29T00:30:00+00:00, 2025-01-29T01:00:00+00:00
0.101000, 2.58, 2025-01-29T01:00:00+00:00, 2025-01-29T01:30:00+00:00
0.084000, 2.15, 2025-01-29T01:30:00+00:00, 2025-01-29T02:00:00+00:00
0.081000, 2.07, 2025-01-29T02:00:00+00:00, 2025-01-29T02:30:00+00:00
0.094000, 2.40, 2025-01-29T02:30:00+00:00, 2025-01-29T03:00:00+00:00
0.072000, 1.84, 2025-01-29T03:00:00+00:00, 2025-01-29T03:30:00+00:00
0.065000, 1.66, 2025-01-29T03:30:00+00:00, 2025-01-29T04:00:00+00:00
0.074000, 1.89, 2025-01-29T04:00:00+00:00, 2025-01-29T04:30:00+00:00
0.069000, 1.76, 2025-01-29T04:30:00+00:00, 2025-01-29T05:00:00+00:00
0.064000, 1.64, 2025-01-29T05:00:00+00:00, 2025-01-29T05:30:00+00:00
0.086000, 2.20, 2025-01-29T05:30:00+00:00, 2025-01-29T06:00:00+00:00
0.701000, 17.93, 2025-01-29T06:00:00+00:00, 2025-01-29T06:30:00+00:00
2.711000, 69.33, 2025-01-29T06:30:00+00:00, 2025-01-29T07:00:00+00:00
0.549000, 14.04, 2025-01-29T07:00:00+00:00, 2025-01-29T07:30:00+00:00
0.071000, 1.82, 2025-01-29T07:30:00+00:00, 2025-01-29T08:00:00+00:00
0.046000, 1.18, 2025-01-29T08:00:00+00:00, 2025-01-29T08:30:00+00:00
0.061000, 1.56, 2025-01-29T08:30:00+00:00, 2025-01-29T09:00:00+00:00
0.025000, 0.64, 2025-01-29T09:00:00+00:00, 2025-01-29T09:30:00+00:00
0.031000, 0.79, 2025-01-29T09:30:00+00:00, 2025-01-29T10:00:00+00:00
0.047000, 1.20, 2025-01-29T10:00:00+00:00, 2025-01-29T10:30:00+00:00
0.033000, 0.84, 2025-01-29T10:30:00+00:00, 2025-01-29T11:00:00+00:00
0.038000, 0.97, 2025-01-29T11:00:00+00:00, 2025-01-29T11:30:00+00:00
0.062000, 1.59, 2025-01-29T11:30:00+00:00, 2025-01-29T12:00:00+00:00
0.020000, 0.51, 2025-01-29T12:00:00+00:00, 2025-01-29T12:30:00+00:00
0.054000, 1.38, 2025-01-29T12:30:00+00:00, 2025-01-29T13:00:00+00:00
0.084000, 2.15, 2025-01-29T13:00:00+00:00, 2025-01-29T13:30:00+00:00
0.041000, 1.05, 2025-01-29T13:30:00+00:00, 2025-01-29T14:00:00+00:00
0.043000, 1.10, 2025-01-29T14:00:00+00:00, 2025-01-29T14:30:00+00:00
0.061000, 1.56, 2025-01-29T14:30:00+00:00, 2025-01-29T15:00:00+00:00
0.050000, 1.28, 2025-01-29T15:00:00+00:00, 2025-01-29T15:30:00+00:00
0.030000, 0.77, 2025-01-29T15:30:00+00:00, 2025-01-29T16:00:00+00:00
0.061000, 1.56, 2025-01-29T16:00:00+00:00, 2025-01-29T16:30:00+00:00
0.432000, 11.05, 2025-01-29T16:30:00+00:00, 2025-01-29T17:00:00+00:00
2.041000, 52.20, 2025-01-29T17:00:00+00:00, 2025-01-29T17:30:00+00:00
0.119000, 3.04, 2025-01-29T17:30:00+00:00, 2025-01-29T18:00:00+00:00
0.109000, 2.79, 2025-01-29T18:00:00+00:00, 2025-01-29T18:30:00+00:00
0.102000, 2.61, 2025-01-29T18:30:00+00:00, 2025-01-29T19:00:00+00:00
0.650000, 16.62, 2025-01-29T19:00:00+00:00, 2025-01-29T19:30:00+00:00
0.708000, 18.11, 2025-01-29T19:30:00+00:00, 2025-01-29T20:00:00+00:00
0.140000, 3.58, 2025-01-29T20:00:00+00:00, 2025-01-29T20:30:00+00:00
0.148000, 3.79, 2025-01-29T20:30:00+00:00, 2025-01-29T21:00:00+00:00
0.463000, 11.84, 2025-01-29T21:00:00+00:00, 2025-01-29T21:30:00+00:00
0.199000, 5.09, 2025-01-29T21:30:00+00:00, 2025-01-29T22:00:00+00:00
0.149000, 3.81, 2025-01-29T22:00:00+00:00, 2025-01-29T22:30:00+00:00
0.322000, 8.24, 2025-01-29T22:30:00+00:00, 2025-01-29T23:00:00+00:00
0.529000, 13.53, 2025-01-29T23:00:00+00:00, 2025-01-29T23:30:00+00:00
0.079000, 2.02, 2025-01-29T23:30:00+00:00, 2025-01-30T00:00:00+00:00
0.038000, 0.97, 2025-01-30T00:00:00+00:00, 2025-01-30T00:30:00+00:00
0.028000, 0.72, 2025-01-30T00:30:00+00:00, 2025-01-30T01:00:00+00:00
0.078000, 1.99, 2025-01-30T01:00:00+00:00, 2025-01-30T01:30:00+00:00
0.021000, 0.54, 2025-01-30T01:30:00+00:00, 2025-01-30T02:00:00+00:00
0.035000, 0.90, 2025-01-30T02:00:00+00:00, 2025-01-30T02:30:00+00:00
0.051000, 1.30, 2025-01-30T02:30:00+00:00, 2025-01-30T03:00:00+00:00
0.032000, 0.82, 2025-01-30T03:00:00+00:00, 2025-01-30T03:30:00+00:00
0.063000, 1.61, 2025-01-30T03:30:00+00:00, 2025-01-30T04:00:00+00:00
0.069000, 1.76, 2025-01-30T04:00:00+00:00, 2025-01-30T04:30:00+00:00
0.046000, 1.18, 2025-01-30T04:30:00+00:00, 2025-01-30T05:00:00+00:00
0.042000, 1.07, 2025-01-30T05:00:00+00:00, 2025-01-30T05:30:00+00:00
0.064000, 1.64, 2025-01-30T05:30:00+00:00, 2025-01-30T06:00:00+00:00
0.037000, 0.95, 2025-01-30T06:00:00+00:00, 2025-01-30T06:30:00+00:00
0.065000, 1.66, 2025-01-30T06:30:00+00:00, 2025-01-30T07:00:00+00:00
2.409000, 61.61, 2025-01-30T07:00:00+00:00, 2025-01-30T07:30:00+00:00
0.232000, 5.93, 2025-01-30T07:30:00+00:00, 2025-01-30T08:00:00+00:00
0.962000, 24.60, 2025-01-30T08:00:00+00:00, 2025-01-30T08:30:00+00:00
1.743000, 44.58, 2025-01-30T08:30:00+00:00, 2025-01-30T09:00:00+00:00
0.263000, 6.73, 2025-01-30T09:00:00+00:00, 2025-01-30T09:30:00+00:00
0.202000, 5.17, 2025-01-30T09:30:00+00:00, 2025-01-30T10:00:00+00:00
0.120000, 3.07, 2025-01-30T10:00:00+00:00, 2025-01-30T10:30:00+00:00
0.089000, 2.28, 2025-01-30T10:30:00+00:00, 2025-01-30T11:00:00+00:00
0.109000, 2.79, 2025-01-30T11:00:00+00:00, 2025-01-30T11:30:00+00:00
0.092000, 2.35, 2025-01-30T11:30:00+00:00, 2025-01-30T12:00:00+00:00
0.097000, 2.48, 2025-01-30T12:00:00+00:00, 2025-01-30T12:30:00+00:00
0.162000, 4.14, 2025-01-30T12:30:00+00:00, 2025-01-30T13:00:00+00:00
0.074000, 1.89, 2025-01-30T13:00:00+00:00, 2025-01-30T13:30:00+00:00
0.044000, 1.13, 2025-01-30T13:30:00+00:00, 2025-01-30T14:00:00+00:00
0.074000, 1.89, 2025-01-30T14:00:00+00:00, 2025-01-30T14:30:00+00:00
0.314000, 8.03, 2025-01-30T14:30:00+00:00, 2025-01-30T15:00:00+00:00
0.261000, 6.68, 2025-01-30T15:00:00+00:00, 2025-01-30T15:30:00+00:00
0.133000, 3.40, 2025-01-30T15:30:00+00:00, 2025-01-30T16:00:00+00:00
0.199000, 5.09, 2025-01-30T16:00:00+00:00, 2025-01-30T16:30:00+00:00
0.157000, 4.02, 2025-01-30T16:30:00+00:00, 2025-01-30T17:00:00+00:00
0.149000, 3.81, 2025-01-30T17:00:00+00:00, 2025-01-30T17:30:00+00:00
0.466000, 11.92, 2025-01-30T17:30:00+00:00, 2025-01-30T18:00:00+00:00
0.209000, 5.35, 2025-01-30T18:00:00+00:00, 2025-01-30T18:30:00+00:00
0.372000, 9.51, 2025-01-30T18:30:00+00:00, 2025-01-30T19:00:00+00:00
0.163000, 4.17, 2025-01-30T19:00:00+00:00, 2025-01-30T19:30:00+00:00
0.132000, 3.38, 2025-01-30T19:30:00+00:00, 2025-01-30T20:00:00+00:00
0.161000, 4.12, 2025-01-30T20:00:00+00:00, 2025-01-30T20:30:00+00:00
0.377000, 9.64, 2025-01-30T20:30:00+00:00, 2025-01-30T21:00:00+00:00
0.078000, 1.99, 2025-01-30T21:00:00+00:00, 2025-01-30T21:30:00+00:00
0.126000, 3.22, 2025-01-30T21:30:00+00:00, 2025-01-30T22:00:00+00:00
0.076000, 1.94, 2025-01-30T22:00:00+00:00, 2025-01-30T22:30:00+00:00
0.085000, 2.17, 2025-01-30T22:30:00+00:00, 2025-01-30T23:00:00+00:00
0.061000, 1.56, 2025-01-30T23:00:00+00:00, 2025-01-30T23:30:00+00:00
0.032000, 0.82, 2025-01-30T23:30:00+00:00, 2025-01-31T00:00:00+00:00
0.054000, 1.38, 2025-01-31T00:00:00+00:00, 2025-01-31T00:30:00+00:00
0.048000, 1.23, 2025-01-31T00:30:00+00:00, 2025-01-31T01:00:00+00:00
0.022000, 0.56, 2025-01-31T01:00:00+00:00, 2025-01-31T01:30:00+00:00
0.054000, 1.38, 2025-01-31T01:30:00+00:00, 2025-01-31T02:00:00+00:00
0.030000, 0.77, 2025-01-31T02:00:00+00:00, 2025-01-31T02:30:00+00:00
0.044000, 1.13, 2025-01-31T02:30:00+00:00, 2025-01-31T03:00:00+00:00
0.076000, 1.94, 2025-01-31T03:00:00+00:00, 2025-01-31T03:30:00+00:00
0.034000, 0.87, 2025-01-31T03:30:00+00:00, 2025-01-31T04:00:00+00:00
0.041000, 1.05, 2025-01-31T04:00:00+00:00, 2025-01-31T04:30:00+00:00
0.062000, 1.59, 2025-01-31T04:30:00+00:00, 2025-01-31T05:00:00+00:00
0.045000, 1.15, 2025-01-31T05:00:00+00:00, 2025-01-31T05:30:00+00:00
0.035000, 0.90, 2025-01-31T05:30:00+00:00, 2025-01-31T06:00:00+00:00
0.072000, 1.84, 2025-01-31T06:00:00+00:00, 2025-01-31T06:30:00+00:00
0.034000, 0.87, 2025-01-31T06:30:00+00:00, 2025-01-31T07:00:00+00:00
1.792000, 45.83, 2025-01-31T07:00:00+00:00, 2025-01-31T07:30:00+00:00
0.585000, 14.96, 2025-01-31T07:30:00+00:00, 2025-01-31T08:00:00+00:00
0.642000, 16.42, 2025-01-31T08:00:00+00:00, 2025-01-31T08:30:00+00:00
0.095000, 2.43, 2025-01-31T08:30:00+00:00, 2025-01-31T09:00:00+00:00
0.097000, 2.48, 2025-01-31T09:00:00+00:00, 2025-01-31T09:30:00+00:00
0.086000, 2.20, 2025-01-31T09:30:00+00:00, 2025-01-31T10:00:00+00:00
0.095000, 2.43, 2025-01-31T10:00:00+00:00, 2025-01-31T10:30:00+00:00
0.514000, 13.15, 2025-01-31T10:30:00+00:00, 2025-01-31T11:00:00+00:00
1.965000, 50.25, 2025-01-31T11:00:00+00:00, 2025-01-31T11:30:00+00:00
0.080000, 2.05, 2025-01-31T11:30:00+00:00, 2025-01-31T12:00:00+00:00
0.070000, 1.79, 2025-01-31T12:00:00+00:00, 2025-01-31T12:30:00+00:00
0.050000, 1.28, 2025-01-31T12:30:00+00:00, 2025-01-31T13:00:00+00:00
0.069000, 1.76, 2025-01-31T13:00:00+00:00, 2025-01-31T13:30:00+00:00
0.063000, 1.61, 2025-01-31T13:30:00+00:00, 2025-01-31T14:00:00+00:00
0.053000, 1.36, 2025-01-31T14:00:00+00:00, 2025-01-31T14:30:00+00:00
0.102000, 2.61, 2025-01-31T14:30:00+00:00, 2025-01-31T15:00:00+00:00
0.083000, 2.12, 2025-01-31T15:00:00+00:00, 2025-01-31T15:30:00+00:00
0.164000, 4.19, 2025-01-31T15:30:00+00:00, 2025-01-31T16:00:00+00:00
0.105000, 2.69, 2025-01-31T16:00:00+00:00, 2025-01-31T16:30:00+00:00
0.130000, 3.32, 2025-01-31T16:30:00+00:00, 2025-01-31T17:00:00+00:00
0.086000, 2.20, 2025-01-31T17:00:00+00:00, 2025-01-31T17:30:00+00:00
0.093000, 2.38, 2025-01-31T17:30:00+00:00, 2025-01-31T18:00:00+00:00
0.476000, 12.17, 2025-01-31T18:00:00+00:00, 2025-01-31T18:30:00+00:00
0.180000, 4.60, 2025-01-31T18:30:00+00:00, 2025-01-31T19:00:00+00:00
0.103000, 2.63, 2025-01-31T19:00:00+00:00, 2025-01-31T19:30:00+00:00
0.092000, 2.35, 2025-01-31T19:30:00+00:00, 2025-01-31T20:00:00+00:00
0.072000, 1.84, 2025-01-31T20:00:00+00:00, 2025-01-31T20:30:00+00:00
0.112000, 2.86, 2025-01-31T20:30:00+00:00, 2025-01-31T21:00:00+00:00
0.121000, 3.09, 2025-01-31T21:00:00+00:00, 2025-01-31T21:30:00+00:00
0.207000, 5.29, 2025-01-31T21:30:00+00:00, 2025-01-31T22:00:00+00:00
1.063000, 27.19, 2025-01-31T22:00:00+00:00, 2025-01-31T22:30:00+00:00
0.253000, 6.47, 2025-01-31T22:30:00+00:00, 2025-01-31T23:00:00+00:00
0.156000, 3.99, 2025-01-31T23:00:00+00:00, 2025-01-31T23:30:00+00:00
0.175000, 4.48, 2025-01-31T23:30:00+00:00, 2025-02-01T00:00:00+00:00
0.067000, 1.71, 2025-02-01T00:00:00+00:00, 2025-02-01T00:30:00+00:00
0.080000, 2.05, 2025-02-01T00:30:00+00:00, 2025-02-01T01:00:00+00:00
0.107000, 2.74, 2025-02-01T01:00:00+00:00, 2025-02-01T01:30:00+00:00
0.072000, 1.84, 2025-02-01T01:30:00+00:00, 2025-02-01T02:00:00+00:00
0.095000, 2.43, 2025-02-01T02:00:00+00:00, 2025-02-01T02:30:00+00:00
0.092000, 2.35, 2025-02-01T02:30:00+00:00, 2025-02-01T03:00:00+00:00
0.050000, 1.28, 2025-02-01T03:00:00+00:00, 2025-02-01T03:30:00+00:00
0.075000, 1.92, 2025-02-01T03:30:00+00:00, 2025-02-01T04:00:00+00:00
0.061000, 1.56, 2025-02-01T04:00:00+00:00, 2025-02-01T04:30:00+00:00
0.039000, 1.00, 2025-02-01T04:30:00+00:00, 2025-02-01T05:00:00+00:00
0.050000, 1.28, 2025-02-01T05:00:00+00:00, 2025-02-01T05:30:00+00:00
0.056000, 1.43, 2025-02-01T05:30:00+00:00, 2025-02-01T06:00:00+00:00
0.035000, 0.90, 2025-02-01T06:00:00+00:00, 2025-02-01T06:30:00+00:00
0.063000, 1.61, 2025-02-01T06:30:00+00:00, 2025-02-01T07:00:00+00:00
0.053000, 1.36, 2025-02-01T07:00:00+00:00, 2025-02-01T07:30:00+00:00
0.032000, 0.82, 2025-02-01T07:30:00+00:00, 2025-02-01T08:00:00+00:00
0.058000, 1.48, 2025-02-01T08:00:00+00:00, 2025-02-01T08:30:00+00:00
0.037000, 0.95, 2025-02-01T08:30:00+00:00, 2025-02-01T09:00:00+00:00
0.032000, 0.82, 2025-02-01T09:00:00+00:00, 2025-02-01T09:30:00+00:00
0.063000, 1.61, 2025-02-01T09:30:00+00:00, 2025-02-01T10:00:00+00:00
0.488000, 12.48, 2025-02-01T10:00:00+00:00, 2025-02-01T10:30:00+00:00
0.095000, 2.43, 2025-02-01T10:30:00+00:00, 2025-02-01T11:00:00+00:00
0.053000, 1.36, 2025-02-01T11:00:00+00:00, 2025-02-01T11:30:00+00:00
0.026000, 0.66, 2025-02-01T11:30:00+00:00, 2025-02-01T12:00:00+00:00
0.034000, 0.87, 2025-02-01T12:00:00+00:00, 2025-02-01T12:30:00+00:00
0.088000, 2.25, 2025-02-01T12:30:00+00:00, 2025-02-01T13:00:00+00:00
0.822000, 21.02, 2025-02-01T13:00:00+00:00, 2025-02-01T13:30:00+00:00
1.084000, 27.72, 2025-02-01T13:30:00+00:00, 2025-02-01T14:00:00+00:00
2.393000, 61.20, 2025-02-01T14:00:00+00:00, 2025-02-01T14:30:00+00:00
0.185000, 4.73, 2025-02-01T14:30:00+00:00, 2025-02-01T15:00:00+00:00
0.075000, 1.92, 2025-02-01T15:00:00+00:00, 2025-02-01T15:30:00+00:00
0.193000, 4.94, 2025-02-01T15:30:00+00:00, 2025-02-01T16:00:00+00:00
0.103000, 2.63, 2025-02-01T16:00:00+00:00, 2025-02-01T16:30:00+00:00
0.218000, 5.58, 2025-02-01T16:30:00+00:00, 2025-02-01T17:00:00+00:00
1.805000, 46.16, 2025-02-01T17:00:00+00:00, 2025-02-01T17:30:00+00:00
0.377000, 9.64, 2025-02-01T17:30:00+00:00, 2025-02-01T18:00:00+00:00
0.200000, 5.11, 2025-02-01T18:00:00+00:00, 2025-02-01T18:30:00+00:00
0.137000, 3.50, 2025-02-01T18:30:00+00:00, 2025-02-01T19:00:00+00:00
0.151000, 3.86, 2025-02-01T19:00:00+00:00, 2025-02-01T19:30:00+00:00
0.180000, 4.60, 2025-02-01T19:30:00+00:00, 2025-02-01T20:00:00+00:00
0.121000, 3.09, 2025-02-01T20:00:00+00:00, 2025-02-01T20:30:00+00:00
0.154000, 3.94, 2025-02-01T20:30:00+00:00, 2025-02-01T21:00:00+00:00
0.155000, 3.96, 2025-02-01T21:00:00+00:00, 2025-02-01T21:30:00+00:00
0.107000, 2.74, 2025-02-01T21:30:00+00:00, 2025-02-01T22:00:00+00:00
0.133000, 3.40, 2025-02-01T22:00:00+00:00, 2025-02-01T22:30:00+00:00
0.124000, 3.17, 2025-02-01T22:30:00+00:00, 2025-02-01T23:00:00+00:00
0.118000, 3.02, 2025-02-01T23:00:00+00:00, 2025-02-01T23:30:00+00:00
0.078000, 1.99, 2025-02-01T23:30:00+00:00, 2025-02-02T00:00:00+00:00
0.094000, 2.40, 2025-02-02T00:00:00+00:00, 2025-02-02T00:30:00+00:00
0.079000, 2.02, 2025-02-02T00:30:00+00:00, 2025-02-02T01:00:00+00:00
0.068000, 1.74, 2025-02-02T01:00:00+00:00, 2025-02-02T01:30:00+00:00
0.110000, 2.81, 2025-02-02T01:30:00+00:00, 2025-02-02T02:00:00+00:00
0.073000, 1.87, 2025-02-02T02:00:00+00:00, 2025-02-02T02:30:00+00:00
0.103000, 2.63, 2025-02-02T02:30:00+00:00, 2025-02-02T03:00:00+00:00
0.075000, 1.92, 2025-02-02T03:00:00+00:00, 2025-02-02T03:30:00+00:00
0.051000, 1.30, 2025-02-02T03:30:00+00:00, 2025-02-02T04:00:00+00:00
0.074000, 1.89, 2025-02-02T04:00:00+00:00, 2025-02-02T04:30:00+00:00
0.041000, 1.05, 2025-02-02T04:30:00+00:00, 2025-02-02T05:00:00+00:00
0.083000, 2.12, 2025-02-02T05:00:00+00:00, 2025-02-02T05:30:00+00:00
0.051000, 1.30, 2025-02-02T05:30:00+00:00, 2025-02-02T06:00:00+00:00
0.046000, 1.18, 2025-02-02T06:00:00+00:00, 2025-02-02T06:30:00+00:00
0.074000, 1.89, 2025-02-02T06:30:00+00:00, 2025-02-02T07:00:00+00:00
0.035000, 0.90, 2025-02-02T07:00:00+00:00, 2025-02-02T07:30:00+00:00
0.079000, 2.02, 2025-02-02T07:30:00+00:00, 2025-02-02T08:00:00+00:00
0.084000, 2.15, 2025-02-02T08:00:00+00:00, 2025-02-02T08:30:00+00:00
0.069000, 1.76, 2025-02-02T08:30:00+00:00, 2025-02-02T09:00:00+00:00
0.068000, 1.74, 2025-02-02T09:00:00+00:00, 2025-02-02T09:30:00+00:00
1.031000, 26.37, 2025-02-02T09:30:00+00:00, 2025-02-02T10:00:00+00:00
1.184000, 30.28, 2025-02-02T10:00:00+00:00, 2025-02-02T10:30:00+00:00
0.446000, 11.41, 2025-02-02T10:30:00+00:00, 2025-02-02T11:00:00+00:00
0.554000, 14.17, 2025-02-02T11:00:00+00:00, 2025-02-02T11:30:00+00:00
1.368000, 34.99, 2025-02-02T11:30:00+00:00, 2025-02-02T12:00:00+00:00
1.681000, 42.99, 2025-02-02T12:00:00+00:00, 2025-02-02T12:30:00+00:00
1.310000, 33.50, 2025-02-02T12:30:00+00:00, 2025-02-02T13:00:00+00:00
1.434000, 36.67, 2025-02-02T13:00:00+00:00, 2025-02-02T13:30:00+00:00
1.165000, 29.79, 2025-02-02T13:30:00+00:00, 2025-02-02T14:00:00+00:00
1.328000, 33.96, 2025-02-02T14:00:00+00:00, 2025-02-02T14:30:00+00:00
1.136000, 29.05, 2025-02-02T14:30:00+00:00, 2025-02-02T15:00:00+00:00
0.856000, 21.89, 2025-02-02T15:00:00+00:00, 2025-02-02T15:30:00+00:00
0.720000, 18.41, 2025-02-02T15:30:00+00:00, 2025-02-02T16:00:00+00:00
0.525000, 13.43, 2025-02-02T16:00:00+00:00, 2025-02-02T16:30:00+00:00
0.576000, 14.73, 2025-02-02T16:30:00+00:00, 2025-02-02T17:00:00+00:00
0.247000, 6.32, 2025-02-02T17:00:00+00:00, 2025-02-02T17:30:00+00:00
0.703000, 17.98, 2025-02-02T17:30:00+00:00, 2025-02-02T18:00:00+00:00
2.278000, 58.26, 2025-02-02T18:00:00+00:00, 2025-02-02T18:30:00+00:00
1.374000, 35.14, 2025-02-02T18:30:00+00:00, 2025-02-02T19:00:00+00:00
0.535000, 13.68, 2025-02-02T19:00:00+00:00, 2025-02-02T19:30:00+00:00
0.463000, 11.84, 2025-02-02T19:30:00+00:00, 2025-02-02T20:00:00+00:00
0.409000, 10.46, 2025-02-02T20:00:00+00:00, 2025-02-02T20:30:00+00:00
0.199000, 5.09, 2025-02-02T20:30:00+00:00, 2025-02-02T21:00:00+00:00
0.130000, 3.32, 2025-02-02T21:00:00+00:00, 2025-02-02T21:30:00+00:00
0.222000, 5.68, 2025-02-02T21:30:00+00:00, 2025-02-02T22:00:00+00:00
0.074000, 1.89, 2025-02-02T22:00:00+00:00, 2025-02-02T22:30:00+00:00
0.074000, 1.89, 2025-02-02T22:30:00+00:00, 2025-02-02T23:00:00+00:00
0.052000, 1.33, 2025-02-02T23:00:00+00:00, 2025-02-02T23:30:00+00:00
0.074000, 1.89, 2025-02-02T23:30:00+00:00, 2025-02-03T00:00:00+00:00
0.055000, 1.41, 2025-02-03T00:00:00+00:00, 2025-02-03T00:30:00+00:00
0.048000, 1.23, 2025-02-03T00:30:00+00:00, 2025-02-03T01:00:00+00:00
0.064000, 1.64, 2025-02-03T01:00:00+00:00, 2025-02-03T01:30:00+00:00
0.052000, 1.33, 2025-02-03T01:30:00+00:00, 2025-02-03T02:00:00+00:00
0.082000, 2.10, 2025-02-03T02:00:00+00:00, 2025-02-03T02:30:00+00:00
0.060000, 1.53, 2025-02-03T02:30:00+00:00, 2025-02-03T03:00:00+00:00
0.045000, 1.15, 2025-02-03T03:00:00+00:00, 2025-02-03T03:30:00+00:00
0.061000, 1.56, 2025-02-03T03:30:00+00:00, 2025-02-03T04:00:00+00:00
0.053000, 1.36, 2025-02-03T04:00:00+00:00, 2025-02-03T04:30:00+00:00
0.045000, 1.15, 2025-02-03T04:30:00+00:00, 2025-02-03T05:00:00+00:00
0.052000, 1.33, 2025-02-03T05:00:00+00:00, 2025-02-03T05:30:00+00:00
0.056000, 1.43, 2025-02-03T05:30:00+00:00, 2025-02-03T06:00:00+00:00
0.057000, 1.46, 2025-02-03T06:00:00+00:00, 2025-02-03T06:30:00+00:00
0.047000, 1.20, 2025-02-03T06:30:00+00:00, 2025-02-03T07:00:00+00:00
1.748000, 44.70, 2025-02-03T07:00:00+00:00, 2025-02-03T07:30:00+00:00
0.723000, 18.49, 2025-02-03T07:30:00+00:00, 2025-02-03T08:00:00+00:00
0.168000, 4.30, 2025-02-03T08:00:00+00:00, 2025-02-03T08:30:00+00:00
0.178000, 4.55, 2025-02-03T08:30:00+00:00, 2025-02-03T09:00:00+00:00
0.050000, 1.28, 2025-02-03T09:00:00+00:00, 2025-02-03T09:30:00+00:00
0.140000, 3.58, 2025-02-03T09:30:00+00:00, 2025-02-03T10:00:00+00:00
0.103000, 2.63, 2025-02-03T10:00:00+00:00, 2025-02-03T10:30:00+00:00
0.115000, 2.94, 2025-02-03T10:30:00+00:00, 2025-02-03T11:00:00+00:00
0.095000, 2.43, 2025-02-03T11:00:00+00:00, 2025-02-03T11:30:00+00:00
0.127000, 3.25, 2025-02-03T11:30:00+00:00, 2025-02-03T12:00:00+00:00
0.599000, 15.32, 2025-02-03T12:00:00+00:00, 2025-02-03T12:30:00+00:00
0.147000, 3.76, 2025-02-03T12:30:00+00:00, 2025-02-03T13:00:00+00:00
0.161000, 4.12, 2025-02-03T13:00:00+00:00, 2025-02-03T13:30:00+00:00
0.132000, 3.38, 2025-02-03T13:30:00+00:00, 2025-02-03T14:00:00+00:00
0.130000, 3.32, 2025-02-03T14:00:00+00:00, 2025-02-03T14:30:00+00:00
1.206000, 30.84, 2025-02-03T14:30:00+00:00, 2025-02-03T15:00:00+00:00
0.063000, 1.61, 2025-02-03T15:00:00+00:00, 2025-02-03T15:30:00+00:00
0.052000, 1.33, 2025-02-03T15:30:00+00:00, 2025-02-03T16:00:00+00:00
0.064000, 1.64, 2025-02-03T16:00:00+00:00, 2025-02-03T16:30:00+00:00
0.144000, 3.68, 2025-02-03T16:30:00+00:00, 2025-02-03T17:00:00+00:00
0.548000, 14.02, 2025-02-03T17:00:00+00:00, 2025-02-03T17:30:00+00:00
0.080000, 2.05, 2025-02-03T17:30:00+00:00, 2025-02-03T18:00:00+00:00
0.069000, 1.76, 2025-02-03T18:00:00+00:00, 2025-02-03T18:30:00+00:00
0.394000, 10.08, 2025-02-03T18:30:00+00:00, 2025-02-03T19:00:00+00:00
0.101000, 2.58, 2025-02-03T19:00:00+00:00, 2025-02-03T19:30:00+00:00
0.126000, 3.22, 2025-02-03T19:30:00+00:00, 2025-02-03T20:00:00+00:00
0.240000, 6.14, 2025-02-03T20:00:00+00:00, 2025-02-03T20:30:00+00:00
0.120000, 3.07, 2025-02-03T20:30:00+00:00, 2025-02-03T21:00:00+00:00
0.095000, 2.43, 2025-02-03T21:00:00+00:00, 2025-02-03T21:30:00+00:00
0.079000, 2.02, 2025-02-03T21:30:00+00:00, 2025-02-03T22:00:00+00:00
0.070000, 1.79, 2025-02-03T22:00:00+00:00, 2025-02-03T22:30:00+00:00
0.056000, 1.43, 2025-02-03T22:30:00+00:00, 2025-02-03T23:00:00+00:00
0.100000, 2.56, 2025-02-03T23:00:00+00:00, 2025-02-03T23:30:00+00:00
0.070000, 1.79, 2025-02-03T23:30:00+00:00, 2025-02-04T00:00:00+00:00
0.081000, 2.07, 2025-02-04T00:00:00+00:00, 2025-02-04T00:30:00+00:00
0.063000, 1.61, 2025-02-04T00:30:00+00:00, 2025-02-04T01:00:00+00:00
0.065000, 1.66, 2025-02-04T01:00:00+00:00, 2025-02-04T01:30:00+00:00
0.089000, 2.28, 2025-02-04T01:30:00+00:00, 2025-02-04T02:00:00+00:00
0.070000, 1.79, 2025-02-04T02:00:00+00:00, 2025-02-04T02:30:00+00:00
0.114000, 2.92, 2025-02-04T02:30:00+00:00, 2025-02-04T03:00:00+00:00
0.075000, 1.92, 2025-02-04T03:00:00+00:00, 2025-02-04T03:30:00+00:00
0.052000, 1.33, 2025-02-04T03:30:00+00:00, 2025-02-04T04:00:00+00:00
0.077000, 1.97, 2025-02-04T04:00:00+00:00, 2025-02-04T04:30:00+00:00
0.041000, 1.05, 2025-02-04T04:30:00+00:00, 2025-02-04T05:00:00+00:00
0.089000, 2.28, 2025-02-04T05:00:00+00:00, 2025-02-04T05:30:00+00:00
0.048000, 1.23, 2025-02-04T05:30:00+00:00, 2025-02-04T06:00:00+00:00
0.051000, 1.30, 2025-02-04T06:00:00+00:00, 2025-02-04T06:30:00+00:00
0.067000, 1.71, 2025-02-04T06:30:00+00:00, 2025-02-04T07:00:00+00:00
2.734000, 69.92, 2025-02-04T07:00:00+00:00, 2025-02-04T07:30:00+00:00
0.541000, 13.84, 2025-02-04T07:30:00+00:00, 2025-02-04T08:00:00+00:00
1.196000, 30.59, 2025-02-04T08:00:00+00:00, 2025-02-04T08:30:00+00:00
0.091000, 2.33, 2025-02-04T08:30:00+00:00, 2025-02-04T09:00:00+00:00
0.131000, 3.35, 2025-02-04T09:00:00+00:00, 2025-02-04T09:30:00+00:00
0.084000, 2.15, 2025-02-04T09:30:00+00:00, 2025-02-04T10:00:00+00:00
0.086000, 2.20, 2025-02-04T10:00:00+00:00, 2025-02-04T10:30:00+00:00
0.522000, 13.35, 2025-02-04T10:30:00+00:00, 2025-02-04T11:00:00+00:00
0.134000, 3.43, 2025-02-04T11:00:00+00:00, 2025-02-04T11:30:00+00:00
0.241000, 6.16, 2025-02-04T11:30:00+00:00, 2025-02-04T12:00:00+00:00
0.182000, 4.65, 2025-02-04T12:00:00+00:00, 2025-02-04T12:30:00+00:00
0.110000, 2.81, 2025-02-04T12:30:00+00:00, 2025-02-04T13:00:00+00:00
0.072000, 1.84, 2025-02-04T13:00:00+00:00, 2025-02-04T13:30:00+00:00
0.116000, 2.97, 2025-02-04T13:30:00+00:00, 2025-02-04T14:00:00+00:00
0.060000, 1.53, 2025-02-04T14:00:00+00:00, 2025-02-04T14:30:00+00:00
0.565000, 14.45, 2025-02-04T14:30:00+00:00, 2025-02-04T15:00:00+00:00
0.153000, 3.91, 2025-02-04T15:00:00+00:00, 2025-02-04T15:30:00+00:00
0.024000, 0.61, 2025-02-04T15:30:00+00:00, 2025-02-04T16:00:00+00:00
0.044000, 1.13, 2025-02-04T16:00:00+00:00, 2025-02-04T16:30:00+00:00
0.055000, 1.41, 2025-02-04T16:30:00+00:00, 2025-02-04T17:00:00+00:00
0.087000, 2.23, 2025-02-04T17:00:00+00:00, 2025-02-04T17:30:00+00:00
0.281000, 7.19, 2025-02-04T17:30:00+00:00, 2025-02-04T18:00:00+00:00
0.135000, 3.45, 2025-02-04T18:00:00+00:00, 2025-02-04T18:30:00+00:00
0.078000, 1.99, 2025-02-04T18:30:00+00:00, 2025-02-04T19:00:00+00:00
0.093000, 2.38, 2025-02-04T19:00:00+00:00, 2025-02-04T19:30:00+00:00
0.215000, 5.50, 2025-02-04T19:30:00+00:00, 2025-02-04T20:00:00+00:00
0.112000, 2.86, 2025-02-04T20:00:00+00:00, 2025-02-04T20:30:00+00:00
0.481000, 12.30, 2025-02-04T20:30:00+00:00, 2025-02-04T21:00:00+00:00
0.171000, 4.37, 2025-02-04T21:00:00+00:00, 2025-02-04T21:30:00+00:00
0.058000, 1.48, 2025-02-04T21:30:00+00:00, 2025-02-04T22:00:00+00:00
0.307000, 7.85, 2025-02-04T22:00:00+00:00, 2025-02-04T22:30:00+00:00
0.552000, 14.12, 2025-02-04T22:30:00+00:00, 2025-02-04T23:00:00+00:00
0.027000, 0.69, 2025-02-04T23:00:00+00:00, 2025-02-04T23:30:00+00:00
0.040000, 1.02, 2025-02-04T23:30:00+00:00, 2025-02-05T00:00:00+00:00
0.054000, 1.38, 2025-02-05T00:00:00+00:00, 2025-02-05T00:30:00+00:00
0.048000, 1.23, 2025-02-05T00:30:00+00:00, 2025-02-05T01:00:00+00:00
0.033000, 0.84, 2025-02-05T01:00:00+00:00, 2025-02-05T01:30:00+00:00
0.055000, 1.41, 2025-02-05T01:30:00+00:00, 2025-02-05T02:00:00+00:00
0.044000, 1.13, 2025-02-05T02:00:00+00:00, 2025-02-05T02:30:00+00:00
0.057000, 1.46, 2025-02-05T02:30:00+00:00, 2025-02-05T03:00:00+00:00
0.096000, 2.46, 2025-02-05T03:00:00+00:00, 2025-02-05T03:30:00+00:00
0.038000, 0.97, 2025-02-05T03:30:00+00:00, 2025-02-05T04:00:00+00:00
0.042000, 1.07, 2025-02-05T04:00:00+00:00, 2025-02-05T04:30:00+00:00
0.075000, 1.92, 2025-02-05T04:30:00+00:00, 2025-02-05T05:00:00+00:00
0.038000, 0.97, 2025-02-05T05:00:00+00:00, 2025-02-05T05:30:00+00:00
0.054000, 1.38, 2025-02-05T05:30:00+00:00, 2025-02-05T06:00:00+00:00
0.804000, 20.56, 2025-02-05T06:00:00+00:00, 2025-02-05T06:30:00+00:00
0.260000, 6.65, 2025-02-05T06:30:00+00:00, 2025-02-05T07:00:00+00:00
1.539000, 39.36, 2025-02-05T07:00:00+00:00, 2025-02-05T07:30:00+00:00
0.144000, 3.68, 2025-02-05T07:30:00+00:00, 2025-02-05T08:00:00+00:00
0.974000, 24.91, 2025-02-05T08:00:00+00:00, 2025-02-05T08:30:00+00:00
0.084000, 2.15, 2025-02-05T08:30:00+00:00, 2025-02-05T09:00:00+00:00
0.272000, 6.96, 2025-02-05T09:00:00+00:00, 2025-02-05T09:30:00+00:00
0.088000, 2.25, 2025-02-05T09:30:00+00:00, 2025-02-05T10:00:00+00:00
0.125000, 3.20, 2025-02-05T10:00:00+00:00, 2025-02-05T10:30:00+00:00
0.224000, 5.73, 2025-02-05T10:30:00+00:00, 2025-02-05T11:00:00+00:00
0.290000, 7.42, 2025-02-05T11:00:00+00:00, 2025-02-05T11:30:00+00:00
0.139000, 3.55, 2025-02-05T11:30:00+00:00, 2025-02-05T12:00:00+00:00
0.154000, 3.94, 2025-02-05T12:00:00+00:00, 2025-02-05T12:30:00+00:00
0.102000, 2.61, 2025-02-05T12:30:00+00:00, 2025-02-05T13:00:00+00:00
0.105000, 2.69, 2025-02-05T13:00:00+00:00, 2025-02-05T13:30:00+00:00
0.115000, 2.94, 2025-02-05T13:30:00+00:00, 2025-02-05T14:00:00+00:00
0.056000, 1.43, 2025-02-05T14:00:00+00:00, 2025-02-05T14:30:00+00:00
0.099000, 2.53, 2025-02-05T14:30:00+00:00, 2025-02-05T15:00:00+00:00
0.124000, 3.17, 2025-02-05T15:00:00+00:00, 2025-02-05T15:30:00+00:00
0.092000, 2.35, 2025-02-05T15:30:00+00:00, 2025-02-05T16:00:00+00:00
0.055000, 1.41, 2025-02-05T16:00:00+00:00, 2025-02-05T16:30:00+00:00
0.409000, 10.46, 2025-02-05T16:30:00+00:00, 2025-02-05T17:00:00+00:00
0.328000, 8.39, 2025-02-05T17:00:00+00:00, 2025-02-05T17:30:00+00:00
0.424000, 10.84, 2025-02-05T17:30:00+00:00, 2025-02-05T18:00:00+00:00
0.111000, 2.84, 2025-02-05T18:00:00+00:00, 2025-02-05T18:30:00+00:00
0.121000, 3.09, 2025-02-05T18:30:00+00:00, 2025-02-05T19:00:00+00:00
0.309000, 7.90, 2025-02-05T19:00:00+00:00, 2025-02-05T19:30:00+00:00
0.173000, 4.42, 2025-02-05T19:30:00+00:00, 2025-02-05T20:00:00+00:00
0.230000, 5.88, 2025-02-05T20:00:00+00:00, 2025-02-05T20:30:00+00:00
0.243000, 6.21, 2025-02-05T20:30:00+00:00, 2025-02-05T21:00:00+00:00
0.179000, 4.58, 2025-02-05T21:00:00+00:00, 2025-02-05T21:30:00+00:00
0.071000, 1.82, 2025-02-05T21:30:00+00:00, 2025-02-05T22:00:00+00:00
0.129000, 3.30, 2025-02-05T22:00:00+00:00, 2025-02-05T22:30:00+00:00
0.061000, 1.56, 2025-02-05T22:30:00+00:00, 2025-02-05T23:00:00+00:00
0.036000, 0.92, 2025-02-05T23:00:00+00:00, 2025-02-05T23:30:00+00:00
0.029000, 0.74, 2025-02-05T23:30:00+00:00, 2025-02-06T00:00:00+00:00
0.054000, 1.38, 2025-02-06T00:00:00+00:00, 2025-02-06T00:30:00+00:00
0.032000, 0.82, 2025-02-06T00:30:00+00:00, 2025-02-06T01:00:00+00:00
0.036000, 0.92, 2025-02-06T01:00:00+00:00, 2025-02-06T01:30:00+00:00
0.058000, 1.48, 2025-02-06T01:30:00+00:00, 2025-02-06T02:00:00+00:00
0.039000, 1.00, 2025-02-06T02:00:00+00:00, 2025-02-06T02:30:00+00:00
0.066000, 1.69, 2025-02-06T02:30:00+00:00, 2025-02-06T03:00:00+00:00
0.078000, 1.99, 2025-02-06T03:00:00+00:00, 2025-02-06T03:30:00+00:00
0.035000, 0.90, 2025-02-06T03:30:00+00:00, 2025-02-06T04:00:00+00:00
0.054000, 1.38, 2025-02-06T04:00:00+00:00, 2025-02-06T04:30:00+00:00
0.077000, 1.97, 2025-02-06T04:30:00+00:00, 2025-02-06T05:00:00+00:00
0.036000, 0.92, 2025-02-06T05:00:00+00:00, 2025-02-06T05:30:00+00:00
0.054000, 1.38, 2025-02-06T05:30:00+00:00, 2025-02-06T06:00:00+00:00
0.062000, 1.59, 2025-02-06T06:00:00+00:00, 2025-02-06T06:30:00+00:00
0.058000, 1.48, 2025-02-06T06:30:00+00:00, 2025-02-06T07:00:00+00:00
1.641000, 41.97, 2025-02-06T07:00:00+00:00, 2025-02-06T07:30:00+00:00
0.686000, 17.54, 2025-02-06T07:30:00+00:00, 2025-02-06T08:00:00+00:00
0.482000, 12.33, 2025-02-06T08:00:00+00:00, 2025-02-06T08:30:00+00:00
0.107000, 2.74, 2025-02-06T08:30:00+00:00, 2025-02-06T09:00:00+00:00
0.093000, 2.38, 2025-02-06T09:00:00+00:00, 2025-02-06T09:30:00+00:00
0.028000, 0.72, 2025-02-06T09:30:00+00:00, 2025-02-06T10:00:00+00:00
0.047000, 1.20, 2025-02-06T10:00:00+00:00, 2025-02-06T10:30:00+00:00
0.044000, 1.13, 2025-02-06T10:30:00+00:00, 2025-02-06T11:00:00+00:00
0.095000, 2.43, 2025-02-06T11:00:00+00:00, 2025-02-06T11:30:00+00:00
0.083000, 2.12, 2025-02-06T11:30:00+00:00, 2025-02-06T12:00:00+00:00
1.367000, 34.96, 2025-02-06T12:00:00+00:00, 2025-02-06T12:30:00+00:00
0.097000, 2.48, 2025-02-06T12:30:00+00:00, 2025-02-06T13:00:00+00:00
0.104000, 2.66, 2025-02-06T13:00:00+00:00, 2025-02-06T13:30:00+00:00
0.050000, 1.28, 2025-02-06T13:30:00+00:00, 2025-02-06T14:00:00+00:00
0.064000, 1.64, 2025-02-06T14:00:00+00:00, 2025-02-06T14:30:00+00:00
0.072000, 1.84, 2025-02-06T14:30:00+00:00, 2025-02-06T15:00:00+00:00
0.026000, 0.66, 2025-02-06T15:00:00+00:00, 2025-02-06T15:30:00+00:00
0.029000, 0.74, 2025-02-06T15:30:00+00:00, 2025-02-06T16:00:00+00:00
0.064000, 1.64, 2025-02-06T16:00:00+00:00, 2025-02-06T16:30:00+00:00
0.028000, 0.72, 2025-02-06T16:30:00+00:00, 2025-02-06T17:00:00+00:00
0.062000, 1.59, 2025-02-06T17:00:00+00:00, 2025-02-06T17:30:00+00:00
0.365000, 9.33, 2025-02-06T17:30:00+00:00, 2025-02-06T18:00:00+00:00
0.309000, 7.90, 2025-02-06T18:00:00+00:00, 2025-02-06T18:30:00+00:00
0.234000, 5.98, 2025-02-06T18:30:00+00:00, 2025-02-06T19:00:00+00:00
0.107000, 2.74, 2025-02-06T19:00:00+00:00, 2025-02-06T19:30:00+00:00
0.083000, 2.12, 2025-02-06T19:30:00+00:00, 2025-02-06T20:00:00+00:00
0.088000, 2.25, 2025-02-06T20:00:00+00:00, 2025-02-06T20:30:00+00:00
0.109000, 2.79, 2025-02-06T20:30:00+00:00, 2025-02-06T21:00:00+00:00
0.074000, 1.89, 2025-02-06T21:00:00+00:00, 2025-02-06T21:30:00+00:00
0.092000, 2.35, 2025-02-06T21:30:00+00:00, 2025-02-06T22:00:00+00:00
0.502000, 12.84, 2025-02-06T22:00:00+00:00, 2025-02-06T22:30:00+00:00
0.061000, 1.56, 2025-02-06T22:30:00+00:00, 2025-02-06T23:00:00+00:00
0.261000, 6.68, 2025-02-06T23:00:00+00:00, 2025-02-06T23:30:00+00:00
0.247000, 6.32, 2025-02-06T23:30:00+00:00, 2025-02-07T00:00:00+00:00
0.394000, 10.08, 2025-02-07T00:00:00+00:00, 2025-02-07T00:30:00+00:00
0.045000, 1.15, 2025-02-07T00:30:00+00:00, 2025-02-07T01:00:00+00:00
0.071000, 1.82, 2025-02-07T01:00:00+00:00, 2025-02-07T01:30:00+00:00
0.049000, 1.25, 2025-02-07T01:30:00+00:00, 2025-02-07T02:00:00+00:00
0.070000, 1.79, 2025-02-07T02:00:00+00:00, 2025-02-07T02:30:00+00:00
0.071000, 1.82, 2025-02-07T02:30:00+00:00, 2025-02-07T03:00:00+00:00
0.050000, 1.28, 2025-02-07T03:00:00+00:00, 2025-02-07T03:30:00+00:00
0.055000, 1.41, 2025-02-07T03:30:00+00:00, 2025-02-07T04:00:00+00:00
0.070000, 1.79, 2025-02-07T04:00:00+00:00, 2025-02-07T04:30:00+00:00
0.044000, 1.13, 2025-02-07T04:30:00+00:00, 2025-02-07T05:00:00+00:00
0.058000, 1.48, 2025-02-07T05:00:00+00:00, 2025-02-07T05:30:00+00:00
0.065000, 1.66, 2025-02-07T05:30:00+00:00, 2025-02-07T06:00:00+00:00
0.056000, 1.43, 2025-02-07T06:00:00+00:00, 2025-02-07T06:30:00+00:00
0.063000, 1.61, 2025-02-07T06:30:00+00:00, 2025-02-07T07:00:00+00:00
1.377000, 35.22, 2025-02-07T07:00:00+00:00, 2025-02-07T07:30:00+00:00
1.399000, 35.78, 2025-02-07T07:30:00+00:00, 2025-02-07T08:00:00+00:00
0.994000, 25.42, 2025-02-07T08:00:00+00:00, 2025-02-07T08:30:00+00:00
0.537000, 13.73, 2025-02-07T08:30:00+00:00, 2025-02-07T09:00:00+00:00
0.790000, 20.20, 2025-02-07T09:00:00+00:00, 2025-02-07T09:30:00+00:00
0.303000, 7.75, 2025-02-07T09:30:00+00:00, 2025-02-07T10:00:00+00:00
0.092000, 2.35, 2025-02-07T10:00:00+00:00, 2025-02-07T10:30:00+00:00
0.064000, 1.64, 2025-02-07T10:30:00+00:00, 2025-02-07T11:00:00+00:00
0.083000, 2.12, 2025-02-07T11:00:00+00:00, 2025-02-07T11:30:00+00:00
0.101000, 2.58, 2025-02-07T11:30:00+00:00, 2025-02-07T12:00:00+00:00
0.080000, 2.05, 2025-02-07T12:00:00+00:00, 2025-02-07T12:30:00+00:00
0.164000, 4.19, 2025-02-07T12:30:00+00:00, 2025-02-07T13:00:00+00:00
0.215000, 5.50, 2025-02-07T13:00:00+00:00, 2025-02-07T13:30:00+00:00
0.092000, 2.35, 2025-02-07T13:30:00+00:00, 2025-02-07T14:00:00+00:00
0.074000, 1.89, 2025-02-07T14:00:00+00:00, 2025-02-07T14:30:00+00:00
0.074000, 1.89, 2025-02-07T14:30:00+00:00, 2025-02-07T15:00:00+00:00
0.058000, 1.48, 2025-02-07T15:00:00+00:00, 2025-02-07T15:30:00+00:00
0.089000, 2.28, 2025-02-07T15:30:00+00:00, 2025-02-07T16:00:00+00:00
0.072000, 1.84, 2025-02-07T16:00:00+00:00, 2025-02-07T16:30:00+00:00
0.042000, 1.07, 2025-02-07T16:30:00+00:00, 2025-02-07T17:00:00+00:00
0.048000, 1.23, 2025-02-07T17:00:00+00:00, 2025-02-07T17:30:00+00:00
0.094000, 2.40, 2025-02-07T17:30:00+00:00, 2025-02-07T18:00:00+00:00
0.054000, 1.38, 2025-02-07T18:00:00+00:00, 2025-02-07T18:30:00+00:00
0.069000, 1.76, 2025-02-07T18:30:00+00:00, 2025-02-07T19:00:00+00:00
0.072000, 1.84, 2025-02-07T19:00:00+00:00, 2025-02-07T19:30:00+00:00
0.067000, 1.71, 2025-02-07T19:30:00+00:00, 2025-02-07T20:00:00+00:00
0.061000, 1.56, 2025-02-07T20:00:00+00:00, 2025-02-07T20:30:00+00:00
0.060000, 1.53, 2025-02-07T20:30:00+00:00, 2025-02-07T21:00:00+00:00
0.034000, 0.87, 2025-02-07T21:00:00+00:00, 2025-02-07T21:30:00+00:00
0.039000, 1.00, 2025-02-07T21:30:00+00:00, 2025-02-07T22:00:00+00:00
0.058000, 1.48, 2025-02-07T22:00:00+00:00, 2025-02-07T22:30:00+00:00
0.035000, 0.90, 2025-02-07T22:30:00+00:00, 2025-02-07T23:00:00+00:00
0.127000, 3.25, 2025-02-07T23:00:00+00:00, 2025-02-07T23:30:00+00:00
0.686000, 17.54, 2025-02-07T23:30:00+00:00, 2025-02-08T00:00:00+00:00
0.070000, 1.79, 2025-02-08T00:00:00+00:00, 2025-02-08T00:30:00+00:00
0.088000, 2.25, 2025-02-08T00:30:00+00:00, 2025-02-08T01:00:00+00:00
0.071000, 1.82, 2025-02-08T01:00:00+00:00, 2025-02-08T01:30:00+00:00
0.066000, 1.69, 2025-02-08T01:30:00+00:00, 2025-02-08T02:00:00+00:00
0.068000, 1.74, 2025-02-08T02:00:00+00:00, 2025-02-08T02:30:00+00:00
0.055000, 1.41, 2025-02-08T02:30:00+00:00, 2025-02-08T03:00:00+00:00
0.044000, 1.13, 2025-02-08T03:00:00+00:00, 2025-02-08T03:30:00+00:00
0.047000, 1.20, 2025-02-08T03:30:00+00:00, 2025-02-08T04:00:00+00:00
0.063000, 1.61, 2025-02-08T04:00:00+00:00, 2025-02-08T04:30:00+00:00
0.033000, 0.84, 2025-02-08T04:30:00+00:00, 2025-02-08T05:00:00+00:00
0.060000, 1.53, 2025-02-08T05:00:00+00:00, 2025-02-08T05:30:00+00:00
0.049000, 1.25, 2025-02-08T05:30:00+00:00, 2025-02-08T06:00:00+00:00
0.039000, 1.00, 2025-02-08T06:00:00+00:00, 2025-02-08T06:30:00+00:00
0.054000, 1.38, 2025-02-08T06:30:00+00:00, 2025-02-08T07:00:00+00:00
0.060000, 1.53, 2025-02-08T07:00:00+00:00, 2025-02-08T07:30:00+00:00
0.056000, 1.43, 2025-02-08T07:30:00+00:00, 2025-02-08T08:00:00+00:00
0.054000, 1.38, 2025-02-08T08:00:00+00:00, 2025-02-08T08:30:00+00:00
0.048000, 1.23, 2025-02-08T08:30:00+00:00, 2025-02-08T09:00:00+00:00
0.029000, 0.74, 2025-02-08T09:00:00+00:00, 2025-02-08T09:30:00+00:00
0.190000, 4.86, 2025-02-08T09:30:00+00:00, 2025-02-08T10:00:00+00:00
0.062000, 1.59, 2025-02-08T10:00:00+00:00, 2025-02-08T10:30:00+00:00
2.022000, 51.71, 2025-02-08T10:30:00+00:00, 2025-02-08T11:00:00+00:00
0.757000, 19.36, 2025-02-08T11:00:00+00:00, 2025-02-08T11:30:00+00:00
3.193000, 81.66, 2025-02-08T11:30:00+00:00, 2025-02-08T12:00:00+00:00
2.252000, 57.59, 2025-02-08T12:00:00+00:00, 2025-02-08T12:30:00+00:00
0.710000, 18.16, 2025-02-08T12:30:00+00:00, 2025-02-08T13:00:00+00:00
0.979000, 25.04, 2025-02-08T13:00:00+00:00, 2025-02-08T13:30:00+00:00
0.093000, 2.38, 2025-02-08T13:30:00+00:00, 2025-02-08T14:00:00+00:00
0.386000, 9.87, 2025-02-08T14:00:00+00:00, 2025-02-08T14:30:00+00:00
1.883000, 48.16, 2025-02-08T14:30:00+00:00, 2025-02-08T15:00:00+00:00
0.267000, 6.83, 2025-02-08T15:00:00+00:00, 2025-02-08T15:30:00+00:00
0.800000, 20.46, 2025-02-08T15:30:00+00:00, 2025-02-08T16:00:00+00:00
0.203000, 5.19, 2025-02-08T16:00:00+00:00, 2025-02-08T16:30:00+00:00
0.129000, 3.30, 2025-02-08T16:30:00+00:00, 2025-02-08T17:00:00+00:00
0.400000, 10.23, 2025-02-08T17:00:00+00:00, 2025-02-08T17:30:00+00:00
0.671000, 17.16, 2025-02-08T17:30:00+00:00, 2025-02-08T18:00:00+00:00
0.597000, 15.27, 2025-02-08T18:00:00+00:00, 2025-02-08T18:30:00+00:00
0.581000, 14.86, 2025-02-08T18:30:00+00:00, 2025-02-08T19:00:00+00:00
0.378000, 9.67, 2025-02-08T19:00:00+00:00, 2025-02-08T19:30:00+00:00
0.564000, 14.42, 2025-02-08T19:30:00+00:00, 2025-02-08T20:00:00+00:00
0.576000, 14.73, 2025-02-08T20:00:00+00:00, 2025-02-08T20:30:00+00:00
0.122000, 3.12, 2025-02-08T20:30:00+00:00, 2025-02-08T21:00:00+00:00
0.189000, 4.83, 2025-02-08T21:00:00+00:00, 2025-02-08T21:30:00+00:00
0.231000, 5.91, 2025-02-08T21:30:00+00:00, 2025-02-08T22:00:00+00:00
0.146000, 3.73, 2025-02-08T22:00:00+00:00, 2025-02-08T22:30:00+00:00
0.132000, 3.38, 2025-02-08T22:30:00+00:00, 2025-02-08T23:00:00+00:00
0.154000, 3.94, 2025-02-08T23:00:00+00:00, 2025-02-08T23:30:00+00:00
0.143000, 3.66, 2025-02-08T23:30:00+00:00, 2025-02-09T00:00:00+00:00
0.120000, 3.07, 2025-02-09T00:00:00+00:00, 2025-02-09T00:30:00+00:00
0.146000, 3.73, 2025-02-09T00:30:00+00:00, 2025-02-09T01:00:00+00:00
0.041000, 1.05, 2025-02-09T01:00:00+00:00, 2025-02-09T01:30:00+00:00
0.059000, 1.51, 2025-02-09T01:30:00+00:00, 2025-02-09T02:00:00+00:00
0.080000, 2.05, 2025-02-09T02:00:00+00:00, 2025-02-09T02:30:00+00:00
0.042000, 1.07, 2025-02-09T02:30:00+00:00, 2025-02-09T03:00:00+00:00
0.044000, 1.13, 2025-02-09T03:00:00+00:00, 2025-02-09T03:30:00+00:00
0.066000, 1.69, 2025-02-09T03:30:00+00:00, 2025-02-09T04:00:00+00:00
0.031000, 0.79, 2025-02-09T04:00:00+00:00, 2025-02-09T04:30:00+00:00
0.027000, 0.69, 2025-02-09T04:30:00+00:00, 2025-02-09T05:00:00+00:00
0.066000, 1.69, 2025-02-09T05:00:00+00:00, 2025-02-09T05:30:00+00:00
0.033000, 0.84, 2025-02-09T05:30:00+00:00, 2025-02-09T06:00:00+00:00
0.046000, 1.18, 2025-02-09T06:00:00+00:00, 2025-02-09T06:30:00+00:00
0.069000, 1.76, 2025-02-09T06:30:00+00:00, 2025-02-09T07:00:00+00:00
0.044000, 1.13, 2025-02-09T07:00:00+00:00, 2025-02-09T07:30:00+00:00
0.043000, 1.10, 2025-02-09T07:30:00+00:00, 2025-02-09T08:00:00+00:00
0.064000, 1.64, 2025-02-09T08:00:00+00:00, 2025-02-09T08:30:00+00:00
0.432000, 11.05, 2025-02-09T08:30:00+00:00, 2025-02-09T09:00:00+00:00
0.522000, 13.35, 2025-02-09T09:00:00+00:00, 2025-02-09T09:30:00+00:00
3.088000, 78.98, 2025-02-09T09:30:00+00:00, 2025-02-09T10:00:00+00:00
0.806000, 20.61, 2025-02-09T10:00:00+00:00, 2025-02-09T10:30:00+00:00
2.456000, 62.81, 2025-02-09T10:30:00+00:00, 2025-02-09T11:00:00+00:00
0.414000, 10.59, 2025-02-09T11:00:00+00:00, 2025-02-09T11:30:00+00:00
0.337000, 8.62, 2025-02-09T11:30:00+00:00, 2025-02-09T12:00:00+00:00
0.747000, 19.10, 2025-02-09T12:00:00+00:00, 2025-02-09T12:30:00+00:00
0.131000, 3.35, 2025-02-09T12:30:00+00:00, 2025-02-09T13:00:00+00:00
0.119000, 3.04, 2025-02-09T13:00:00+00:00, 2025-02-09T13:30:00+00:00
0.402000, 10.28, 2025-02-09T13:30:00+00:00, 2025-02-09T14:00:00+00:00
1.041000, 26.62, 2025-02-09T14:00:00+00:00, 2025-02-09T14:30:00+00:00
0.988000, 25.27, 2025-02-09T14:30:00+00:00, 2025-02-09T15:00:00+00:00
0.080000, 2.05, 2025-02-09T15:00:00+00:00, 2025-02-09T15:30:00+00:00
0.032000, 0.82, 2025-02-09T15:30:00+00:00, 2025-02-09T16:00:00+00:00
0.475000, 12.15, 2025-02-09T16:00:00+00:00, 2025-02-09T16:30:00+00:00
0.160000, 4.09, 2025-02-09T16:30:00+00:00, 2025-02-09T17:00:00+00:00
0.543000, 13.89, 2025-02-09T17:00:00+00:00, 2025-02-09T17:30:00+00:00
0.936000, 23.94, 2025-02-09T17:30:00+00:00, 2025-02-09T18:00:00+00:00
0.810000, 20.72, 2025-02-09T18:00:00+00:00, 2025-02-09T18:30:00+00:00
0.867000, 22.17, 2025-02-09T18:30:00+00:00, 2025-02-09T19:00:00+00:00
0.481000, 12.30, 2025-02-09T19:00:00+00:00, 2025-02-09T19:30:00+00:00
0.173000, 4.42, 2025-02-09T19:30:00+00:00, 2025-02-09T20:00:00+00:00
0.364000, 9.31, 2025-02-09T20:00:00+00:00, 2025-02-09T20:30:00+00:00
0.415000, 10.61, 2025-02-09T20:30:00+00:00, 2025-02-09T21:00:00+00:00
0.113000, 2.89, 2025-02-09T21:00:00+00:00, 2025-02-09T21:30:00+00:00
0.103000, 2.63, 2025-02-09T21:30:00+00:00, 2025-02-09T22:00:00+00:00
0.127000, 3.25, 2025-02-09T22:00:00+00:00, 2025-02-09T22:30:00+00:00
0.150000, 3.84, 2025-02-09T22:30:00+00:00, 2025-02-09T23:00:00+00:00
0.059000, 1.51, 2025-02-09T23:00:00+00:00, 2025-02-09T23:30:00+00:00
0.056000, 1.43, 2025-02-09T23:30:00+00:00, 2025-02-10T00:00:00+00:00
0.041000, 1.05, 2025-02-10T00:00:00+00:00, 2025-02-10T00:30:00+00:00
0.038000, 0.97, 2025-02-10T00:30:00+00:00, 2025-02-10T01:00:00+00:00
0.068000, 1.74, 2025-02-10T01:00:00+00:00, 2025-02-10T01:30:00+00:00
0.051000, 1.30, 2025-02-10T01:30:00+00:00, 2025-02-10T02:00:00+00:00
0.049000, 1.25, 2025-02-10T02:00:00+00:00, 2025-02-10T02:30:00+00:00
0.063000, 1.61, 2025-02-10T02:30:00+00:00, 2025-02-10T03:00:00+00:00
0.047000, 1.20, 2025-02-10T03:00:00+00:00, 2025-02-10T03:30:00+00:00
0.034000, 0.87, 2025-02-10T03:30:00+00:00, 2025-02-10T04:00:00+00:00
0.067000, 1.71, 2025-02-10T04:00:00+00:00, 2025-02-10T04:30:00+00:00
0.063000, 1.61, 2025-02-10T04:30:00+00:00, 2025-02-10T05:00:00+00:00
0.045000, 1.15, 2025-02-10T05:00:00+00:00, 2025-02-10T05:30:00+00:00
0.070000, 1.79, 2025-02-10T05:30:00+00:00, 2025-02-10T06:00:00+00:00
0.035000, 0.90, 2025-02-10T06:00:00+00:00, 2025-02-10T06:30:00+00:00
0.041000, 1.05, 2025-02-10T06:30:00+00:00, 2025-02-10T07:00:00+00:00
1.160000, 29.67, 2025-02-10T07:00:00+00:00, 2025-02-10T07:30:00+00:00
0.826000, 21.12, 2025-02-10T07:30:00+00:00, 2025-02-10T08:00:00+00:00
0.557000, 14.25, 2025-02-10T08:00:00+00:00, 2025-02-10T08:30:00+00:00
0.618000, 15.81, 2025-02-10T08:30:00+00:00, 2025-02-10T09:00:00+00:00
1.565000, 40.02, 2025-02-10T09:00:00+00:00, 2025-02-10T09:30:00+00:00
0.075000, 1.92, 2025-02-10T09:30:00+00:00, 2025-02-10T10:00:00+00:00
0.076000, 1.94, 2025-02-10T10:00:00+00:00, 2025-02-10T10:30:00+00:00
0.058000, 1.48, 2025-02-10T10:30:00+00:00, 2025-02-10T11:00:00+00:00
0.351000, 8.98, 2025-02-10T11:00:00+00:00, 2025-02-10T11:30:00+00:00
0.121000, 3.09, 2025-02-10T11:30:00+00:00, 2025-02-10T12:00:00+00:00
0.069000, 1.76, 2025-02-10T12:00:00+00:00, 2025-02-10T12:30:00+00:00
0.096000, 2.46, 2025-02-10T12:30:00+00:00, 2025-02-10T13:00:00+00:00
0.069000, 1.76, 2025-02-10T13:00:00+00:00, 2025-02-10T13:30:00+00:00
0.434000, 11.10, 2025-02-10T13:30:00+00:00, 2025-02-10T14:00:00+00:00
0.177000, 4.53, 2025-02-10T14:00:00+00:00, 2025-02-10T14:30:00+00:00
0.431000, 11.02, 2025-02-10T14:30:00+00:00, 2025-02-10T15:00:00+00:00
0.109000, 2.79, 2025-02-10T15:00:00+00:00, 2025-02-10T15:30:00+00:00
0.227000, 5.81, 2025-02-10T15:30:00+00:00, 2025-02-10T16:00:00+00:00
0.041000, 1.05, 2025-02-10T16:00:00+00:00, 2025-02-10T16:30:00+00:00
0.048000, 1.23, 2025-02-10T16:30:00+00:00, 2025-02-10T17:00:00+00:00
0.565000, 14.45, 2025-02-10T17:00:00+00:00, 2025-02-10T17:30:00+00:00
0.461000, 11.79, 2025-02-10T17:30:00+00:00, 2025-02-10T18:00:00+00:00
0.481000, 12.30, 2025-02-10T18:00:00+00:00, 2025-02-10T18:30:00+00:00
0.848000, 21.69, 2025-02-10T18:30:00+00:00, 2025-02-10T19:00:00+00:00
0.091000, 2.33, 2025-02-10T19:00:00+00:00, 2025-02-10T19:30:00+00:00
0.278000, 7.11, 2025-02-10T19:30:00+00:00, 2025-02-10T20:00:00+00:00
0.085000, 2.17, 2025-02-10T20:00:00+00:00, 2025-02-10T20:30:00+00:00
0.068000, 1.74, 2025-02-10T20:30:00+00:00, 2025-02-10T21:00:00+00:00
0.084000, 2.15, 2025-02-10T21:00:00+00:00, 2025-02-10T21:30:00+00:00
0.049000, 1.25, 2025-02-10T21:30:00+00:00, 2025-02-10T22:00:00+00:00
0.064000, 1.64, 2025-02-10T22:00:00+00:00, 2025-02-10T22:30:00+00:00
0.058000, 1.48, 2025-02-10T22:30:00+00:00, 2025-02-10T23:00:00+00:00
0.032000, 0.82, 2025-02-10T23:00:00+00:00, 2025-02-10T23:30:00+00:00
0.073000, 1.87, 2025-02-10T23:30:00+00:00, 2025-02-11T00:00:00+00:00
0.051000, 1.30, 2025-02-11T00:00:00+00:00, 2025-02-11T00:30:00+00:00
0.046000, 1.18, 2025-02-11T00:30:00+00:00, 2025-02-11T01:00:00+00:00
0.045000, 1.15, 2025-02-11T01:00:00+00:00, 2025-02-11T01:30:00+00:00
0.076000, 1.94, 2025-02-11T01:30:00+00:00, 2025-02-11T02:00:00+00:00
0.065000, 1.66, 2025-02-11T02:00:00+00:00, 2025-02-11T02:30:00+00:00
0.055000, 1.41, 2025-02-11T02:30:00+00:00, 2025-02-11T03:00:00+00:00
0.060000, 1.53, 2025-02-11T03:00:00+00:00, 2025-02-11T03:30:00+00:00
0.039000, 1.00, 2025-02-11T03:30:00+00:00, 2025-02-11T04:00:00+00:00
0.065000, 1.66, 2025-02-11T04:00:00+00:00, 2025-02-11T04:30:00+00:00
0.077000, 1.97, 2025-02-11T04:30:00+00:00, 2025-02-11T05:00:00+00:00
0.052000, 1.33, 2025-02-11T05:00:00+00:00, 2025-02-11T05:30:00+00:00
0.046000, 1.18, 2025-02-11T05:30:00+00:00, 2025-02-11T06:00:00+00:00
1.010000, 25.83, 2025-02-11T06:00:00+00:00, 2025-02-11T06:30:00+00:00
0.052000, 1.33, 2025-02-11T06:30:00+00:00, 2025-02-11T07:00:00+00:00
1.886000, 48.23, 2025-02-11T07:00:00+00:00, 2025-02-11T07:30:00+00:00
1.519000, 38.85, 2025-02-11T07:30:00+00:00, 2025-02-11T08:00:00+00:00
0.142000, 3.63, 2025-02-11T08:00:00+00:00, 2025-02-11T08:30:00+00:00
0.083000, 2.12, 2025-02-11T08:30:00+00:00, 2025-02-11T09:00:00+00:00
0.086000, 2.20, 2025-02-11T09:00:00+00:00, 2025-02-11T09:30:00+00:00
0.071000, 1.82, 2025-02-11T09:30:00+00:00, 2025-02-11T10:00:00+00:00
0.098000, 2.51, 2025-02-11T10:00:00+00:00, 2025-02-11T10:30:00+00:00
0.079000, 2.02, 2025-02-11T10:30:00+00:00, 2025-02-11T11:00:00+00:00
0.070000, 1.79, 2025-02-11T11:00:00+00:00, 2025-02-11T11:30:00+00:00
0.082000, 2.10, 2025-02-11T11:30:00+00:00, 2025-02-11T12:00:00+00:00
0.122000, 3.12, 2025-02-11T12:00:00+00:00, 2025-02-11T12:30:00+00:00
0.096000, 2.46, 2025-02-11T12:30:00+00:00, 2025-02-11T13:00:00+00:00
0.109000, 2.79, 2025-02-11T13:00:00+00:00, 2025-02-11T13:30:00+00:00
0.598000, 15.29, 2025-02-11T13:30:00+00:00, 2025-02-11T14:00:00+00:00
0.878000, 22.45, 2025-02-11T14:00:00+00:00, 2025-02-11T14:30:00+00:00
0.906000, 23.17, 2025-02-11T14:30:00+00:00, 2025-02-11T15:00:00+00:00
0.175000, 4.48, 2025-02-11T15:00:00+00:00, 2025-02-11T15:30:00+00:00
0.081000, 2.07, 2025-02-11T15:30:00+00:00, 2025-02-11T16:00:00+00:00
0.089000, 2.28, 2025-02-11T16:00:00+00:00, 2025-02-11T16:30:00+00:00
0.091000, 2.33, 2025-02-11T16:30:00+00:00, 2025-02-11T17:00:00+00:00
0.085000, 2.17, 2025-02-11T17:00:00+00:00, 2025-02-11T17:30:00+00:00
0.774000, 19.79, 2025-02-11T17:30:00+00:00, 2025-02-11T18:00:00+00:00
0.217000, 5.55, 2025-02-11T18:00:00+00:00, 2025-02-11T18:30:00+00:00
0.144000, 3.68, 2025-02-11T18:30:00+00:00, 2025-02-11T19:00:00+00:00
0.148000, 3.79, 2025-02-11T19:00:00+00:00, 2025-02-11T19:30:00+00:00
0.162000, 4.14, 2025-02-11T19:30:00+00:00, 2025-02-11T20:00:00+00:00
0.049000, 1.25, 2025-02-11T20:00:00+00:00, 2025-02-11T20:30:00+00:00
0.134000, 3.43, 2025-02-11T20:30:00+00:00, 2025-02-11T21:00:00+00:00
0.132000, 3.38, 2025-02-11T21:00:00+00:00, 2025-02-11T21:30:00+00:00
0.098000, 2.51, 2025-02-11T21:30:00+00:00, 2025-02-11T22:00:00+00:00
0.084000, 2.15, 2025-02-11T22:00:00+00:00, 2025-02-11T22:30:00+00:00
0.069000, 1.76, 2025-02-11T22:30:00+00:00, 2025-02-11T23:00:00+00:00
0.064000, 1.64, 2025-02-11T23:00:00+00:00, 2025-02-11T23:30:00+00:00
0.043000, 1.10, 2025-02-11T23:30:00+00:00, 2025-02-12T00:00:00+00:00
0.070000, 1.79, 2025-02-12T00:00:00+00:00, 2025-02-12T00:30:00+00:00
0.048000, 1.23, 2025-02-12T00:30:00+00:00, 2025-02-12T01:00:00+00:00
0.053000, 1.36, 2025-02-12T01:00:00+00:00, 2025-02-12T01:30:00+00:00
0.099000, 2.53, 2025-02-12T01:30:00+00:00, 2025-02-12T02:00:00+00:00
0.058000, 1.48, 2025-02-12T02:00:00+00:00, 2025-02-12T02:30:00+00:00
0.069000, 1.76, 2025-02-12T02:30:00+00:00, 2025-02-12T03:00:00+00:00
0.083000, 2.12, 2025-02-12T03:00:00+00:00, 2025-02-12T03:30:00+00:00
0.062000, 1.59, 2025-02-12T03:30:00+00:00, 2025-02-12T04:00:00+00:00
0.069000, 1.76, 2025-02-12T04:00:00+00:00, 2025-02-12T04:30:00+00:00
0.089000, 2.28, 2025-02-12T04:30:00+00:00, 2025-02-12T05:00:00+00:00
0.066000, 1.69, 2025-02-12T05:00:00+00:00, 2025-02-12T05:30:00+00:00
0.060000, 1.53, 2025-02-12T05:30:00+00:00, 2025-02-12T06:00:00+00:00
0.811000, 20.74, 2025-02-12T06:00:00+00:00, 2025-02-12T06:30:00+00:00
0.061000, 1.56, 2025-02-12T06:30:00+00:00, 2025-02-12T07:00:00+00:00
1.309000, 33.48, 2025-02-12T07:00:00+00:00, 2025-02-12T07:30:00+00:00
0.956000, 24.45, 2025-02-12T07:30:00+00:00, 2025-02-12T08:00:00+00:00
0.147000, 3.76, 2025-02-12T08:00:00+00:00, 2025-02-12T08:30:00+00:00
0.124000, 3.17, 2025-02-12T08:30:00+00:00, 2025-02-12T09:00:00+00:00
0.287000, 7.34, 2025-02-12T09:00:00+00:00, 2025-02-12T09:30:00+00:00
1.698000, 43.43, 2025-02-12T09:30:00+00:00, 2025-02-12T10:00:00+00:00
0.103000, 2.63, 2025-02-12T10:00:00+00:00, 2025-02-12T10:30:00+00:00
0.426000, 10.89, 2025-02-12T10:30:00+00:00, 2025-02-12T11:00:00+00:00
0.573000, 14.65, 2025-02-12T11:00:00+00:00, 2025-02-12T11:30:00+00:00
0.244000, 6.24, 2025-02-12T11:30:00+00:00, 2025-02-12T12:00:00+00:00
0.548000, 14.02, 2025-02-12T12:00:00+00:00, 2025-02-12T12:30:00+00:00
0.189000, 4.83, 2025-02-12T12:30:00+00:00, 2025-02-12T13:00:00+00:00
0.080000, 2.05, 2025-02-12T13:00:00+00:00, 2025-02-12T13:30:00+00:00
0.094000, 2.40, 2025-02-12T13:30:00+00:00, 2025-02-12T14:00:00+00:00
0.064000, 1.64, 2025-02-12T14:00:00+00:00, 2025-02-12T14:30:00+00:00
0.082000, 2.10, 2025-02-12T14:30:00+00:00, 2025-02-12T15:00:00+00:00
0.097000, 2.48, 2025-02-12T15:00:00+00:00, 2025-02-12T15:30:00+00:00
0.073000, 1.87, 2025-02-12T15:30:00+00:00, 2025-02-12T16:00:00+00:00
0.064000, 1.64, 2025-02-12T16:00:00+00:00, 2025-02-12T16:30:00+00:00
0.315000, 8.06, 2025-02-12T16:30:00+00:00, 2025-02-12T17:00:00+00:00
0.492000, 12.58, 2025-02-12T17:00:00+00:00, 2025-02-12T17:30:00+00:00
1.063000, 27.19, 2025-02-12T17:30:00+00:00, 2025-02-12T18:00:00+00:00
0.940000, 24.04, 2025-02-12T18:00:00+00:00, 2025-02-12T18:30:00+00:00
0.132000, 3.38, 2025-02-12T18:30:00+00:00, 2025-02-12T19:00:00+00:00
0.151000, 3.86, 2025-02-12T19:00:00+00:00, 2025-02-12T19:30:00+00:00
0.620000, 15.86, 2025-02-12T19:30:00+00:00, 2025-02-12T20:00:00+00:00
0.438000, 11.20, 2025-02-12T20:00:00+00:00, 2025-02-12T20:30:00+00:00
0.141000, 3.61, 2025-02-12T20:30:00+00:00, 2025-02-12T21:00:00+00:00
0.115000, 2.94, 2025-02-12T21:00:00+00:00, 2025-02-12T21:30:00+00:00
0.093000, 2.38, 2025-02-12T21:30:00+00:00, 2025-02-12T22:00:00+00:00
0.129000, 3.30, 2025-02-12T22:00:00+00:00, 2025-02-12T22:30:00+00:00
0.092000, 2.35, 2025-02-12T22:30:00+00:00, 2025-02-12T23:00:00+00:00
0.087000, 2.23, 2025-02-12T23:00:00+00:00, 2025-02-12T23:30:00+00:00
0.095000, 2.43, 2025-02-12T23:30:00+00:00, 2025-02-13T00:00:00+00:00
0.078000, 1.99, 2025-02-13T00:00:00+00:00, 2025-02-13T00:30:00+00:00
0.075000, 1.92, 2025-02-13T00:30:00+00:00, 2025-02-13T01:00:00+00:00
0.092000, 2.35, 2025-02-13T01:00:00+00:00, 2025-02-13T01:30:00+00:00
0.072000, 1.84, 2025-02-13T01:30:00+00:00, 2025-02-13T02:00:00+00:00
0.068000, 1.74, 2025-02-13T02:00:00+00:00, 2025-02-13T02:30:00+00:00
0.100000, 2.56, 2025-02-13T02:30:00+00:00, 2025-02-13T03:00:00+00:00
0.066000, 1.69, 2025-02-13T03:00:00+00:00, 2025-02-13T03:30:00+00:00
0.084000, 2.15, 2025-02-13T03:30:00+00:00, 2025-02-13T04:00:00+00:00
0.084000, 2.15, 2025-02-13T04:00:00+00:00, 2025-02-13T04:30:00+00:00
0.070000, 1.79, 2025-02-13T04:30:00+00:00, 2025-02-13T05:00:00+00:00
0.070000, 1.79, 2025-02-13T05:00:00+00:00, 2025-02-13T05:30:00+00:00
0.087000, 2.23, 2025-02-13T05:30:00+00:00, 2025-02-13T06:00:00+00:00
0.069000, 1.76, 2025-02-13T06:00:00+00:00, 2025-02-13T06:30:00+00:00
0.058000, 1.48, 2025-02-13T06:30:00+00:00, 2025-02-13T07:00:00+00:00
2.902000, 74.22, 2025-02-13T07:00:00+00:00, 2025-02-13T07:30:00+00:00
0.165000, 4.22, 2025-02-13T07:30:00+00:00, 2025-02-13T08:00:00+00:00
0.140000, 3.58, 2025-02-13T08:00:00+00:00, 2025-02-13T08:30:00+00:00
1.363000, 34.86, 2025-02-13T08:30:00+00:00, 2025-02-13T09:00:00+00:00
0.161000, 4.12, 2025-02-13T09:00:00+00:00, 2025-02-13T09:30:00+00:00
0.154000, 3.94, 2025-02-13T09:30:00+00:00, 2025-02-13T10:00:00+00:00
0.072000, 1.84, 2025-02-13T10:00:00+00:00, 2025-02-13T10:30:00+00:00
0.115000, 2.94, 2025-02-13T10:30:00+00:00, 2025-02-13T11:00:00+00:00
0.269000, 6.88, 2025-02-13T11:00:00+00:00, 2025-02-13T11:30:00+00:00
0.855000, 21.87, 2025-02-13T11:30:00+00:00, 2025-02-13T12:00:00+00:00
0.103000, 2.63, 2025-02-13T12:00:00+00:00, 2025-02-13T12:30:00+00:00
0.103000, 2.63, 2025-02-13T12:30:00+00:00, 2025-02-13T13:00:00+00:00
0.206000, 5.27, 2025-02-13T13:00:00+00:00, 2025-02-13T13:30:00+00:00
0.152000, 3.89, 2025-02-13T13:30:00+00:00, 2025-02-13T14:00:00+00:00
0.088000, 2.25, 2025-02-13T14:00:00+00:00, 2025-02-13T14:30:00+00:00
0.125000, 3.20, 2025-02-13T14:30:00+00:00, 2025-02-13T15:00:00+00:00
0.062000, 1.59, 2025-02-13T15:00:00+00:00, 2025-02-13T15:30:00+00:00
0.081000, 2.07, 2025-02-13T15:30:00+00:00, 2025-02-13T16:00:00+00:00
0.074000, 1.89, 2025-02-13T16:00:00+00:00, 2025-02-13T16:30:00+00:00
0.063000, 1.61, 2025-02-13T16:30:00+00:00, 2025-02-13T17:00:00+00:00
0.072000, 1.84, 2025-02-13T17:00:00+00:00, 2025-02-13T17:30:00+00:00
0.269000, 6.88, 2025-02-13T17:30:00+00:00, 2025-02-13T18:00:00+00:00
0.101000, 2.58, 2025-02-13T18:00:00+00:00, 2025-02-13T18:30:00+00:00
0.118000, 3.02, 2025-02-13T18:30:00+00:00, 2025-02-13T19:00:00+00:00
0.130000, 3.32, 2025-02-13T19:00:00+00:00, 2025-02-13T19:30:00+00:00
0.102000, 2.61, 2025-02-13T19:30:00+00:00, 2025-02-13T20:00:00+00:00
0.295000, 7.54, 2025-02-13T20:00:00+00:00, 2025-02-13T20:30:00+00:00
0.062000, 1.59, 2025-02-13T20:30:00+00:00, 2025-02-13T21:00:00+00:00
0.058000, 1.48, 2025-02-13T21:00:00+00:00, 2025-02-13T21:30:00+00:00
0.093000, 2.38, 2025-02-13T21:30:00+00:00, 2025-02-13T22:00:00+00:00
0.070000, 1.79, 2025-02-13T22:00:00+00:00, 2025-02-13T22:30:00+00:00
0.061000, 1.56, 2025-02-13T22:30:00+00:00, 2025-02-13T23:00:00+00:00
0.103000, 2.63, 2025-02-13T23:00:00+00:00, 2025-02-13T23:30:00+00:00
0.056000, 1.43, 2025-02-13T23:30:00+00:00, 2025-02-14T00:00:00+00:00
0.072000, 1.84, 2025-02-14T00:00:00+00:00, 2025-02-14T00:30:00+00:00
0.088000, 2.25, 2025-02-14T00:30:00+00:00, 2025-02-14T01:00:00+00:00
0.058000, 1.48, 2025-02-14T01:00:00+00:00, 2025-02-14T01:30:00+00:00
0.062000, 1.59, 2025-02-14T01:30:00+00:00, 2025-02-14T02:00:00+00:00
0.092000, 2.35, 2025-02-14T02:00:00+00:00, 2025-02-14T02:30:00+00:00
0.056000, 1.43, 2025-02-14T02:30:00+00:00, 2025-02-14T03:00:00+00:00
0.064000, 1.64, 2025-02-14T03:00:00+00:00, 2025-02-14T03:30:00+00:00
0.087000, 2.23, 2025-02-14T03:30:00+00:00, 2025-02-14T04:00:00+00:00
0.070000, 1.79, 2025-02-14T04:00:00+00:00, 2025-02-14T04:30:00+00:00
0.057000, 1.46, 2025-02-14T04:30:00+00:00, 2025-02-14T05:00:00+00:00
0.089000, 2.28, 2025-02-14T05:00:00+00:00, 2025-02-14T05:30:00+00:00
0.059000, 1.51, 2025-02-14T05:30:00+00:00, 2025-02-14T06:00:00+00:00
0.069000, 1.76, 2025-02-14T06:00:00+00:00, 2025-02-14T06:30:00+00:00
0.087000, 2.23, 2025-02-14T06:30:00+00:00, 2025-02-14T07:00:00+00:00
2.152000, 55.04, 2025-02-14T07:00:00+00:00, 2025-02-14T07:30:00+00:00
0.251000, 6.42, 2025-02-14T07:30:00+00:00, 2025-02-14T08:00:00+00:00
1.334000, 34.12, 2025-02-14T08:00:00+00:00, 2025-02-14T08:30:00+00:00
0.131000, 3.35, 2025-02-14T08:30:00+00:00, 2025-02-14T09:00:00+00:00
0.287000, 7.34, 2025-02-14T09:00:00+00:00, 2025-02-14T09:30:00+00:00
0.352000, 9.00, 2025-02-14T09:30:00+00:00, 2025-02-14T10:00:00+00:00
0.078000, 1.99, 2025-02-14T10:00:00+00:00, 2025-02-14T10:30:00+00:00
0.386000, 9.87, 2025-02-14T10:30:00+00:00, 2025-02-14T11:00:00+00:00
0.572000, 14.63, 2025-02-14T11:00:00+00:00, 2025-02-14T11:30:00+00:00
0.090000, 2.30, 2025-02-14T11:30:00+00:00, 2025-02-14T12:00:00+00:00
0.080000, 2.05, 2025-02-14T12:00:00+00:00, 2025-02-14T12:30:00+00:00
0.281000, 7.19, 2025-02-14T12:30:00+00:00, 2025-02-14T13:00:00+00:00
0.888000, 22.71, 2025-02-14T13:00:00+00:00, 2025-02-14T13:30:00+00:00
0.260000, 6.65, 2025-02-14T13:30:00+00:00, 2025-02-14T14:00:00+00:00
0.290000, 7.42, 2025-02-14T14:00:00+00:00, 2025-02-14T14:30:00+00:00
0.056000, 1.43, 2025-02-14T14:30:00+00:00, 2025-02-14T15:00:00+00:00
0.105000, 2.69, 2025-02-14T15:00:00+00:00, 2025-02-14T15:30:00+00:00
0.087000, 2.23, 2025-02-14T15:30:00+00:00, 2025-02-14T16:00:00+00:00
0.055000, 1.41, 2025-02-14T16:00:00+00:00, 2025-02-14T16:30:00+00:00
0.364000, 9.31, 2025-02-14T16:30:00+00:00, 2025-02-14T17:00:00+00:00
0.245000, 6.27, 2025-02-14T17:00:00+00:00, 2025-02-14T17:30:00+00:00
0.842000, 21.53, 2025-02-14T17:30:00+00:00, 2025-02-14T18:00:00+00:00
1.403000, 35.88, 2025-02-14T18:00:00+00:00, 2025-02-14T18:30:00+00:00
0.424000, 10.84, 2025-02-14T18:30:00+00:00, 2025-02-14T19:00:00+00:00
0.174000, 4.45, 2025-02-14T19:00:00+00:00, 2025-02-14T19:30:00+00:00
0.166000, 4.25, 2025-02-14T19:30:00+00:00, 2025-02-14T20:00:00+00:00
0.165000, 4.22, 2025-02-14T20:00:00+00:00, 2025-02-14T20:30:00+00:00
0.763000, 19.51, 2025-02-14T20:30:00+00:00, 2025-02-14T21:00:00+00:00
0.249000, 6.37, 2025-02-14T21:00:00+00:00, 2025-02-14T21:30:00+00:00
0.142000, 3.63, 2025-02-14T21:30:00+00:00, 2025-02-14T22:00:00+00:00
0.139000, 3.55, 2025-02-14T22:00:00+00:00, 2025-02-14T22:30:00+00:00
0.134000, 3.43, 2025-02-14T22:30:00+00:00, 2025-02-14T23:00:00+00:00
0.089000, 2.28, 2025-02-14T23:00:00+00:00, 2025-02-14T23:30:00+00:00
0.076000, 1.94, 2025-02-14T23:30:00+00:00, 2025-02-15T00:00:00+00:00
0.085000, 2.17, 2025-02-15T00:00:00+00:00, 2025-02-15T00:30:00+00:00
0.082000, 2.10, 2025-02-15T00:30:00+00:00, 2025-02-15T01:00:00+00:00
0.086000, 2.20, 2025-02-15T01:00:00+00:00, 2025-02-15T01:30:00+00:00
0.064000, 1.64, 2025-02-15T01:30:00+00:00, 2025-02-15T02:00:00+00:00
0.081000, 2.07, 2025-02-15T02:00:00+00:00, 2025-02-15T02:30:00+00:00
0.061000, 1.56, 2025-02-15T02:30:00+00:00, 2025-02-15T03:00:00+00:00
0.081000, 2.07, 2025-02-15T03:00:00+00:00, 2025-02-15T03:30:00+00:00
0.059000, 1.51, 2025-02-15T03:30:00+00:00, 2025-02-15T04:00:00+00:00
0.072000, 1.84, 2025-02-15T04:00:00+00:00, 2025-02-15T04:30:00+00:00
0.077000, 1.97, 2025-02-15T04:30:00+00:00, 2025-02-15T05:00:00+00:00
0.074000, 1.89, 2025-02-15T05:00:00+00:00, 2025-02-15T05:30:00+00:00
0.080000, 2.05, 2025-02-15T05:30:00+00:00, 2025-02-15T06:00:00+00:00
0.062000, 1.59, 2025-02-15T06:00:00+00:00, 2025-02-15T06:30:00+00:00
0.570000, 14.58, 2025-02-15T06:30:00+00:00, 2025-02-15T07:00:00+00:00
0.620000, 15.86, 2025-02-15T07:00:00+00:00, 2025-02-15T07:30:00+00:00
0.055000, 1.41, 2025-02-15T07:30:00+00:00, 2025-02-15T08:00:00+00:00
0.094000, 2.40, 2025-02-15T08:00:00+00:00, 2025-02-15T08:30:00+00:00
0.080000, 2.05, 2025-02-15T08:30:00+00:00, 2025-02-15T09:00:00+00:00
0.189000, 4.83, 2025-02-15T09:00:00+00:00, 2025-02-15T09:30:00+00:00
1.607000, 41.10, 2025-02-15T09:30:00+00:00, 2025-02-15T10:00:00+00:00
0.077000, 1.97, 2025-02-15T10:00:00+00:00, 2025-02-15T10:30:00+00:00
0.324000, 8.29, 2025-02-15T10:30:00+00:00, 2025-02-15T11:00:00+00:00
0.202000, 5.17, 2025-02-15T11:00:00+00:00, 2025-02-15T11:30:00+00:00
0.043000, 1.10, 2025-02-15T11:30:00+00:00, 2025-02-15T12:00:00+00:00
0.560000, 14.32, 2025-02-15T12:00:00+00:00, 2025-02-15T12:30:00+00:00
0.561000, 14.35, 2025-02-15T12:30:00+00:00, 2025-02-15T13:00:00+00:00
1.012000, 25.88, 2025-02-15T13:00:00+00:00, 2025-02-15T13:30:00+00:00
1.036000, 26.50, 2025-02-15T13:30:00+00:00, 2025-02-15T14:00:00+00:00
0.162000, 4.14, 2025-02-15T14:00:00+00:00, 2025-02-15T14:30:00+00:00
0.161000, 4.12, 2025-02-15T14:30:00+00:00, 2025-02-15T15:00:00+00:00
0.131000, 3.35, 2025-02-15T15:00:00+00:00, 2025-02-15T15:30:00+00:00
0.406000, 10.38, 2025-02-15T15:30:00+00:00, 2025-02-15T16:00:00+00:00
1.832000, 46.85, 2025-02-15T16:00:00+00:00, 2025-02-15T16:30:00+00:00
0.167000, 4.27, 2025-02-15T16:30:00+00:00, 2025-02-15T17:00:00+00:00
0.229000, 5.86, 2025-02-15T17:00:00+00:00, 2025-02-15T17:30:00+00:00
0.125000, 3.20, 2025-02-15T17:30:00+00:00, 2025-02-15T18:00:00+00:00
0.128000, 3.27, 2025-02-15T18:00:00+00:00, 2025-02-15T18:30:00+00:00
0.129000, 3.30, 2025-02-15T18:30:00+00:00, 2025-02-15T19:00:00+00:00
1.869000, 47.80, 2025-02-15T19:00:00+00:00, 2025-02-15T19:30:00+00:00
0.210000, 5.37, 2025-02-15T19:30:00+00:00, 2025-02-15T20:00:00+00:00
0.278000, 7.11, 2025-02-15T20:00:00+00:00, 2025-02-15T20:30:00+00:00
0.122000, 3.12, 2025-02-15T20:30:00+00:00, 2025-02-15T21:00:00+00:00
0.112000, 2.86, 2025-02-15T21:00:00+00:00, 2025-02-15T21:30:00+00:00
0.115000, 2.94, 2025-02-15T21:30:00+00:00, 2025-02-15T22:00:00+00:00
0.209000, 5.35, 2025-02-15T22:00:00+00:00, 2025-02-15T22:30:00+00:00
0.073000, 1.87, 2025-02-15T22:30:00+00:00, 2025-02-15T23:00:00+00:00
0.096000, 2.46, 2025-02-15T23:00:00+00:00, 2025-02-15T23:30:00+00:00
0.077000, 1.97, 2025-02-15T23:30:00+00:00, 2025-02-16T00:00:00+00:00
0.090000, 2.30, 2025-02-16T00:00:00+00:00, 2025-02-16T00:30:00+00:00
0.118000, 3.02, 2025-02-16T00:30:00+00:00, 2025-02-16T01:00:00+00:00
0.094000, 2.40, 2025-02-16T01:00:00+00:00, 2025-02-16T01:30:00+00:00
0.050000, 1.28, 2025-02-16T01:30:00+00:00, 2025-02-16T02:00:00+00:00
0.074000, 1.89, 2025-02-16T02:00:00+00:00, 2025-02-16T02:30:00+00:00
0.045000, 1.15, 2025-02-16T02:30:00+00:00, 2025-02-16T03:00:00+00:00
0.043000, 1.10, 2025-02-16T03:00:00+00:00, 2025-02-16T03:30:00+00:00
0.070000, 1.79, 2025-02-16T03:30:00+00:00, 2025-02-16T04:00:00+00:00
0.037000, 0.95, 2025-02-16T04:00:00+00:00, 2025-02-16T04:30:00+00:00
0.044000, 1.13, 2025-02-16T04:30:00+00:00, 2025-02-16T05:00:00+00:00
0.086000, 2.20, 2025-02-16T05:00:00+00:00, 2025-02-16T05:30:00+00:00
0.050000, 1.28, 2025-02-16T05:30:00+00:00, 2025-02-16T06:00:00+00:00
0.035000, 0.90, 2025-02-16T06:00:00+00:00, 2025-02-16T06:30:00+00:00
0.077000, 1.97, 2025-02-16T06:30:00+00:00, 2025-02-16T07:00:00+00:00
0.039000, 1.00, 2025-02-16T07:00:00+00:00, 2025-02-16T07:30:00+00:00
0.059000, 1.51, 2025-02-16T07:30:00+00:00, 2025-02-16T08:00:00+00:00
0.109000, 2.79, 2025-02-16T08:00:00+00:00, 2025-02-16T08:30:00+00:00
0.083000, 2.12, 2025-02-16T08:30:00+00:00, 2025-02-16T09:00:00+00:00
0.061000, 1.56, 2025-02-16T09:00:00+00:00, 2025-02-16T09:30:00+00:00
0.513000, 13.12, 2025-02-16T09:30:00+00:00, 2025-02-16T10:00:00+00:00
0.562000, 14.37, 2025-02-16T10:00:00+00:00, 2025-02-16T10:30:00+00:00
0.227000, 5.81, 2025-02-16T10:30:00+00:00, 2025-02-16T11:00:00+00:00
1.021000, 26.11, 2025-02-16T11:00:00+00:00, 2025-02-16T11:30:00+00:00
0.598000, 15.29, 2025-02-16T11:30:00+00:00, 2025-02-16T12:00:00+00:00
0.705000, 18.03, 2025-02-16T12:00:00+00:00, 2025-02-16T12:30:00+00:00
0.158000, 4.04, 2025-02-16T12:30:00+00:00, 2025-02-16T13:00:00+00:00
1.517000, 38.80, 2025-02-16T13:00:00+00:00, 2025-02-16T13:30:00+00:00
0.133000, 3.40, 2025-02-16T13:30:00+00:00, 2025-02-16T14:00:00+00:00
0.099000, 2.53, 2025-02-16T14:00:00+00:00, 2025-02-16T14:30:00+00:00
1.628000, 41.64, 2025-02-16T14:30:00+00:00, 2025-02-16T15:00:00+00:00
1.141000, 29.18, 2025-02-16T15:00:00+00:00, 2025-02-16T15:30:00+00:00
0.075000, 1.92, 2025-02-16T15:30:00+00:00, 2025-02-16T16:00:00+00:00
0.053000, 1.36, 2025-02-16T16:00:00+00:00, 2025-02-16T16:30:00+00:00
0.041000, 1.05, 2025-02-16T16:30:00+00:00, 2025-02-16T17:00:00+00:00
0.083000, 2.12, 2025-02-16T17:00:00+00:00, 2025-02-16T17:30:00+00:00
0.061000, 1.56, 2025-02-16T17:30:00+00:00, 2025-02-16T18:00:00+00:00
0.066000, 1.69, 2025-02-16T18:00:00+00:00, 2025-02-16T18:30:00+00:00
0.092000, 2.35, 2025-02-16T18:30:00+00:00, 2025-02-16T19:00:00+00:00
0.052000, 1.33, 2025-02-16T19:00:00+00:00, 2025-02-16T19:30:00+00:00
0.067000, 1.71, 2025-02-16T19:30:00+00:00, 2025-02-16T20:00:00+00:00
0.254000, 6.50, 2025-02-16T20:00:00+00:00, 2025-02-16T20:30:00+00:00
0.691000, 17.67, 2025-02-16T20:30:00+00:00, 2025-02-16T21:00:00+00:00
0.552000, 14.12, 2025-02-16T21:00:00+00:00, 2025-02-16T21:30:00+00:00
0.978000, 25.01, 2025-02-16T21:30:00+00:00, 2025-02-16T22:00:00+00:00
0.330000, 8.44, 2025-02-16T22:00:00+00:00, 2025-02-16T22:30:00+00:00
0.322000, 8.24, 2025-02-16T22:30:00+00:00, 2025-02-16T23:00:00+00:00
0.075000, 1.92, 2025-02-16T23:00:00+00:00, 2025-02-16T23:30:00+00:00
0.048000, 1.23, 2025-02-16T23:30:00+00:00, 2025-02-17T00:00:00+00:00
0.055000, 1.41, 2025-02-17T00:00:00+00:00, 2025-02-17T00:30:00+00:00
0.095000, 2.43, 2025-02-17T00:30:00+00:00, 2025-02-17T01:00:00+00:00
0.065000, 1.66, 2025-02-17T01:00:00+00:00, 2025-02-17T01:30:00+00:00
0.065000, 1.66, 2025-02-17T01:30:00+00:00, 2025-02-17T02:00:00+00:00
0.075000, 1.92, 2025-02-17T02:00:00+00:00, 2025-02-17T02:30:00+00:00
0.046000, 1.18, 2025-02-17T02:30:00+00:00, 2025-02-17T03:00:00+00:00
0.057000, 1.46, 2025-02-17T03:00:00+00:00, 2025-02-17T03:30:00+00:00
0.101000, 2.58, 2025-02-17T03:30:00+00:00, 2025-02-17T04:00:00+00:00
0.064000, 1.64, 2025-02-17T04:00:00+00:00, 2025-02-17T04:30:00+00:00
0.060000, 1.53, 2025-02-17T04:30:00+00:00, 2025-02-17T05:00:00+00:00
0.082000, 2.10, 2025-02-17T05:00:00+00:00, 2025-02-17T05:30:00+00:00
0.060000, 1.53, 2025-02-17T05:30:00+00:00, 2025-02-17T06:00:00+00:00
0.055000, 1.41, 2025-02-17T06:00:00+00:00, 2025-02-17T06:30:00+00:00
0.089000, 2.28, 2025-02-17T06:30:00+00:00, 2025-02-17T07:00:00+00:00
0.057000, 1.46, 2025-02-17T07:00:00+00:00, 2025-02-17T07:30:00+00:00
0.056000, 1.43, 2025-02-17T07:30:00+00:00, 2025-02-17T08:00:00+00:00
0.137000, 3.50, 2025-02-17T08:00:00+00:00, 2025-02-17T08:30:00+00:00
1.289000, 32.97, 2025-02-17T08:30:00+00:00, 2025-02-17T09:00:00+00:00
0.942000, 24.09, 2025-02-17T09:00:00+00:00, 2025-02-17T09:30:00+00:00
0.867000, 22.17, 2025-02-17T09:30:00+00:00, 2025-02-17T10:00:00+00:00
0.058000, 1.48, 2025-02-17T10:00:00+00:00, 2025-02-17T10:30:00+00:00
0.134000, 3.43, 2025-02-17T10:30:00+00:00, 2025-02-17T11:00:00+00:00
0.634000, 16.21, 2025-02-17T11:00:00+00:00, 2025-02-17T11:30:00+00:00
0.074000, 1.89, 2025-02-17T11:30:00+00:00, 2025-02-17T12:00:00+00:00
0.090000, 2.30, 2025-02-17T12:00:00+00:00, 2025-02-17T12:30:00+00:00
0.126000, 3.22, 2025-02-17T12:30:00+00:00, 2025-02-17T13:00:00+00:00
0.098000, 2.51, 2025-02-17T13:00:00+00:00, 2025-02-17T13:30:00+00:00
0.094000, 2.40, 2025-02-17T13:30:00+00:00, 2025-02-17T14:00:00+00:00
0.111000, 2.84, 2025-02-17T14:00:00+00:00, 2025-02-17T14:30:00+00:00
0.077000, 1.97, 2025-02-17T14:30:00+00:00, 2025-02-17T15:00:00+00:00
2.305000, 58.95, 2025-02-17T15:00:00+00:00, 2025-02-17T15:30:00+00:00
0.078000, 1.99, 2025-02-17T15:30:00+00:00, 2025-02-17T16:00:00+00:00
0.301000, 7.70, 2025-02-17T16:00:00+00:00, 2025-02-17T16:30:00+00:00
0.085000, 2.17, 2025-02-17T16:30:00+00:00, 2025-02-17T17:00:00+00:00
0.094000, 2.40, 2025-02-17T17:00:00+00:00, 2025-02-17T17:30:00+00:00
0.078000, 1.99, 2025-02-17T17:30:00+00:00, 2025-02-17T18:00:00+00:00
0.092000, 2.35, 2025-02-17T18:00:00+00:00, 2025-02-17T18:30:00+00:00
0.104000, 2.66, 2025-02-17T18:30:00+00:00, 2025-02-17T19:00:00+00:00
0.222000, 5.68, 2025-02-17T19:00:00+00:00, 2025-02-17T19:30:00+00:00
1.607000, 41.10, 2025-02-17T19:30:00+00:00, 2025-02-17T20:00:00+00:00
0.140000, 3.58, 2025-02-17T20:00:00+00:00, 2025-02-17T20:30:00+00:00
0.156000, 3.99, 2025-02-17T20:30:00+00:00, 2025-02-17T21:00:00+00:00
0.095000, 2.43, 2025-02-17T21:00:00+00:00, 2025-02-17T21:30:00+00:00
0.115000, 2.94, 2025-02-17T21:30:00+00:00, 2025-02-17T22:00:00+00:00
0.451000, 11.53, 2025-02-17T22:00:00+00:00, 2025-02-17T22:30:00+00:00
0.136000, 3.48, 2025-02-17T22:30:00+00:00, 2025-02-17T23:00:00+00:00
0.085000, 2.17, 2025-02-17T23:00:00+00:00, 2025-02-17T23:30:00+00:00
0.046000, 1.18, 2025-02-17T23:30:00+00:00, 2025-02-18T00:00:00+00:00
0.074000, 1.89, 2025-02-18T00:00:00+00:00, 2025-02-18T00:30:00+00:00
0.075000, 1.92, 2025-02-18T00:30:00+00:00, 2025-02-18T01:00:00+00:00
0.043000, 1.10, 2025-02-18T01:00:00+00:00, 2025-02-18T01:30:00+00:00
0.056000, 1.43, 2025-02-18T01:30:00+00:00, 2025-02-18T02:00:00+00:00
0.083000, 2.12, 2025-02-18T02:00:00+00:00, 2025-02-18T02:30:00+00:00
0.067000, 1.71, 2025-02-18T02:30:00+00:00, 2025-02-18T03:00:00+00:00
0.076000, 1.94, 2025-02-18T03:00:00+00:00, 2025-02-18T03:30:00+00:00
0.077000, 1.97, 2025-02-18T03:30:00+00:00, 2025-02-18T04:00:00+00:00
0.043000, 1.10, 2025-02-18T04:00:00+00:00, 2025-02-18T04:30:00+00:00
0.039000, 1.00, 2025-02-18T04:30:00+00:00, 2025-02-18T05:00:00+00:00
0.071000, 1.82, 2025-02-18T05:00:00+00:00, 2025-02-18T05:30:00+00:00
0.039000, 1.00, 2025-02-18T05:30:00+00:00, 2025-02-18T06:00:00+00:00
0.048000, 1.23, 2025-02-18T06:00:00+00:00, 2025-02-18T06:30:00+00:00
0.083000, 2.12, 2025-02-18T06:30:00+00:00, 2025-02-18T07:00:00+00:00
0.041000, 1.05, 2025-02-18T07:00:00+00:00, 2025-02-18T07:30:00+00:00
1.067000, 27.29, 2025-02-18T07:30:00+00:00, 2025-02-18T08:00:00+00:00
0.055000, 1.41, 2025-02-18T08:00:00+00:00, 2025-02-18T08:30:00+00:00
0.057000, 1.46, 2025-02-18T08:30:00+00:00, 2025-02-18T09:00:00+00:00
0.165000, 4.22, 2025-02-18T09:00:00+00:00, 2025-02-18T09:30:00+00:00
1.230000, 31.46, 2025-02-18T09:30:00+00:00, 2025-02-18T10:00:00+00:00
0.484000, 12.38, 2025-02-18T10:00:00+00:00, 2025-02-18T10:30:00+00:00
0.202000, 5.17, 2025-02-18T10:30:00+00:00, 2025-02-18T11:00:00+00:00
0.097000, 2.48, 2025-02-18T11:00:00+00:00, 2025-02-18T11:30:00+00:00
0.066000, 1.69, 2025-02-18T11:30:00+00:00, 2025-02-18T12:00:00+00:00
0.064000, 1.64, 2025-02-18T12:00:00+00:00, 2025-02-18T12:30:00+00:00
0.086000, 2.20, 2025-02-18T12:30:00+00:00, 2025-02-18T13:00:00+00:00
0.058000, 1.48, 2025-02-18T13:00:00+00:00, 2025-02-18T13:30:00+00:00
0.062000, 1.59, 2025-02-18T13:30:00+00:00, 2025-02-18T14:00:00+00:00
0.086000, 2.20, 2025-02-18T14:00:00+00:00, 2025-02-18T14:30:00+00:00
0.063000, 1.61, 2025-02-18T14:30:00+00:00, 2025-02-18T15:00:00+00:00
0.056000, 1.43, 2025-02-18T15:00:00+00:00, 2025-02-18T15:30:00+00:00
0.230000, 5.88, 2025-02-18T15:30:00+00:00, 2025-02-18T16:00:00+00:00
0.162000, 4.14, 2025-02-18T16:00:00+00:00, 2025-02-18T16:30:00+00:00
0.262000, 6.70, 2025-02-18T16:30:00+00:00, 2025-02-18T17:00:00+00:00
0.132000, 3.38, 2025-02-18T17:00:00+00:00, 2025-02-18T17:30:00+00:00
0.066000, 1.69, 2025-02-18T17:30:00+00:00, 2025-02-18T18:00:00+00:00
0.070000, 1.79, 2025-02-18T18:00:00+00:00, 2025-02-18T18:30:00+00:00
0.403000, 10.31, 2025-02-18T18:30:00+00:00, 2025-02-18T19:00:00+00:00
0.536000, 13.71, 2025-02-18T19:00:00+00:00, 2025-02-18T19:30:00+00:00
0.164000, 4.19, 2025-02-18T19:30:00+00:00, 2025-02-18T20:00:00+00:00
0.191000, 4.88, 2025-02-18T20:00:00+00:00, 2025-02-18T20:30:00+00:00
0.171000, 4.37, 2025-02-18T20:30:00+00:00, 2025-02-18T21:00:00+00:00
0.511000, 13.07, 2025-02-18T21:00:00+00:00, 2025-02-18T21:30:00+00:00
0.642000, 16.42, 2025-02-18T21:30:00+00:00, 2025-02-18T22:00:00+00:00
0.094000, 2.40, 2025-02-18T22:00:00+00:00, 2025-02-18T22:30:00+00:00
0.084000, 2.15, 2025-02-18T22:30:00+00:00, 2025-02-18T23:00:00+00:00
0.103000, 2.63, 2025-02-18T23:00:00+00:00, 2025-02-18T23:30:00+00:00
0.092000, 2.35, 2025-02-18T23:30:00+00:00, 2025-02-19T00:00:00+00:00
0.080000, 2.05, 2025-02-19T00:00:00+00:00, 2025-02-19T00:30:00+00:00
0.109000, 2.79, 2025-02-19T00:30:00+00:00, 2025-02-19T01:00:00+00:00
0.089000, 2.28, 2025-02-19T01:00:00+00:00, 2025-02-19T01:30:00+00:00
0.113000, 2.89, 2025-02-19T01:30:00+00:00, 2025-02-19T02:00:00+00:00
0.082000, 2.10, 2025-02-19T02:00:00+00:00, 2025-02-19T02:30:00+00:00
0.066000, 1.69, 2025-02-19T02:30:00+00:00, 2025-02-19T03:00:00+00:00
0.053000, 1.36, 2025-02-19T03:00:00+00:00, 2025-02-19T03:30:00+00:00
0.077000, 1.97, 2025-02-19T03:30:00+00:00, 2025-02-19T04:00:00+00:00
0.049000, 1.25, 2025-02-19T04:00:00+00:00, 2025-02-19T04:30:00+00:00
0.046000, 1.18, 2025-02-19T04:30:00+00:00, 2025-02-19T05:00:00+00:00
0.066000, 1.69, 2025-02-19T05:00:00+00:00, 2025-02-19T05:30:00+00:00
0.050000, 1.28, 2025-02-19T05:30:00+00:00, 2025-02-19T06:00:00+00:00
0.036000, 0.92, 2025-02-19T06:00:00+00:00, 2025-02-19T06:30:00+00:00
0.069000, 1.76, 2025-02-19T06:30:00+00:00, 2025-02-19T07:00:00+00:00
0.037000, 0.95, 2025-02-19T07:00:00+00:00, 2025-02-19T07:30:00+00:00
0.040000, 1.02, 2025-02-19T07:30:00+00:00, 2025-02-19T08:00:00+00:00
0.056000, 1.43, 2025-02-19T08:00:00+00:00, 2025-02-19T08:30:00+00:00
0.033000, 0.84, 2025-02-19T08:30:00+00:00, 2025-02-19T09:00:00+00:00
0.225000, 5.75, 2025-02-19T09:00:00+00:00, 2025-02-19T09:30:00+00:00
2.162000, 55.29, 2025-02-19T09:30:00+00:00, 2025-02-19T10:00:00+00:00
2.115000, 54.09, 2025-02-19T10:00:00+00:00, 2025-02-19T10:30:00+00:00
0.193000, 4.94, 2025-02-19T10:30:00+00:00, 2025-02-19T11:00:00+00:00
0.081000, 2.07, 2025-02-19T11:00:00+00:00, 2025-02-19T11:30:00+00:00
0.038000, 0.97, 2025-02-19T11:30:00+00:00, 2025-02-19T12:00:00+00:00
0.346000, 8.85, 2025-02-19T12:00:00+00:00, 2025-02-19T12:30:00+00:00
0.470000, 12.02, 2025-02-19T12:30:00+00:00, 2025-02-19T13:00:00+00:00
0.054000, 1.38, 2025-02-19T13:00:00+00:00, 2025-02-19T13:30:00+00:00
0.061000, 1.56, 2025-02-19T13:30:00+00:00, 2025-02-19T14:00:00+00:00
0.053000, 1.36, 2025-02-19T14:00:00+00:00, 2025-02-19T14:30:00+00:00
0.049000, 1.25, 2025-02-19T14:30:00+00:00, 2025-02-19T15:00:00+00:00
0.037000, 0.95, 2025-02-19T15:00:00+00:00, 2025-02-19T15:30:00+00:00
0.066000, 1.69, 2025-02-19T15:30:00+00:00, 2025-02-19T16:00:00+00:00
0.682000, 17.44, 2025-02-19T16:00:00+00:00, 2025-02-19T16:30:00+00:00
0.450000, 11.51, 2025-02-19T16:30:00+00:00, 2025-02-19T17:00:00+00:00
0.098000, 2.51, 2025-02-19T17:00:00+00:00, 2025-02-19T17:30:00+00:00
0.133000, 3.40, 2025-02-19T17:30:00+00:00, 2025-02-19T18:00:00+00:00
0.120000, 3.07, 2025-02-19T18:00:00+00:00, 2025-02-19T18:30:00+00:00
0.131000, 3.35, 2025-02-19T18:30:00+00:00, 2025-02-19T19:00:00+00:00
0.165000, 4.22, 2025-02-19T19:00:00+00:00, 2025-02-19T19:30:00+00:00
0.117000, 2.99, 2025-02-19T19:30:00+00:00, 2025-02-19T20:00:00+00:00
0.113000, 2.89, 2025-02-19T20:00:00+00:00, 2025-02-19T20:30:00+00:00
0.120000, 3.07, 2025-02-19T20:30:00+00:00, 2025-02-19T21:00:00+00:00
0.595000, 15.22, 2025-02-19T21:00:00+00:00, 2025-02-19T21:30:00+00:00
0.539000, 13.78, 2025-02-19T21:30:00+00:00, 2025-02-19T22:00:00+00:00
0.093000, 2.38, 2025-02-19T22:00:00+00:00, 2025-02-19T22:30:00+00:00
0.060000, 1.53, 2025-02-19T22:30:00+00:00, 2025-02-19T23:00:00+00:00
0.081000, 2.07, 2025-02-19T23:00:00+00:00, 2025-02-19T23:30:00+00:00
0.069000, 1.76, 2025-02-19T23:30:00+00:00, 2025-02-20T00:00:00+00:00
0.035000, 0.90, 2025-02-20T00:00:00+00:00, 2025-02-20T00:30:00+00:00
0.046000, 1.18, 2025-02-20T00:30:00+00:00, 2025-02-20T01:00:00+00:00
0.051000, 1.30, 2025-02-20T01:00:00+00:00, 2025-02-20T01:30:00+00:00
0.053000, 1.36, 2025-02-20T01:30:00+00:00, 2025-02-20T02:00:00+00:00
0.045000, 1.15, 2025-02-20T02:00:00+00:00, 2025-02-20T02:30:00+00:00
0.051000, 1.30, 2025-02-20T02:30:00+00:00, 2025-02-20T03:00:00+00:00
0.030000, 0.77, 2025-02-20T03:00:00+00:00, 2025-02-20T03:30:00+00:00
0.054000, 1.38, 2025-02-20T03:30:00+00:00, 2025-02-20T04:00:00+00:00
0.091000, 2.33, 2025-02-20T04:00:00+00:00, 2025-02-20T04:30:00+00:00
0.054000, 1.38, 2025-02-20T04:30:00+00:00, 2025-02-20T05:00:00+00:00
0.056000, 1.43, 2025-02-20T05:00:00+00:00, 2025-02-20T05:30:00+00:00
0.087000, 2.23, 2025-02-20T05:30:00+00:00, 2025-02-20T06:00:00+00:00
0.067000, 1.71, 2025-02-20T06:00:00+00:00, 2025-02-20T06:30:00+00:00
0.074000, 1.89, 2025-02-20T06:30:00+00:00, 2025-02-20T07:00:00+00:00
0.120000, 3.07, 2025-02-20T07:00:00+00:00, 2025-02-20T07:30:00+00:00
0.066000, 1.69, 2025-02-20T07:30:00+00:00, 2025-02-20T08:00:00+00:00
0.069000, 1.76, 2025-02-20T08:00:00+00:00, 2025-02-20T08:30:00+00:00
0.521000, 13.32, 2025-02-20T08:30:00+00:00, 2025-02-20T09:00:00+00:00
0.245000, 6.27, 2025-02-20T09:00:00+00:00, 2025-02-20T09:30:00+00:00
1.740000, 44.50, 2025-02-20T09:30:00+00:00, 2025-02-20T10:00:00+00:00
0.158000, 4.04, 2025-02-20T10:00:00+00:00, 2025-02-20T10:30:00+00:00
0.597000, 15.27, 2025-02-20T10:30:00+00:00, 2025-02-20T11:00:00+00:00
0.149000, 3.81, 2025-02-20T11:00:00+00:00, 2025-02-20T11:30:00+00:00
0.403000, 10.31, 2025-02-20T11:30:00+00:00, 2025-02-20T12:00:00+00:00
1.939000, 49.59, 2025-02-20T12:00:00+00:00, 2025-02-20T12:30:00+00:00
0.466000, 11.92, 2025-02-20T12:30:00+00:00, 2025-02-20T13:00:00+00:00
0.082000, 2.10, 2025-02-20T13:00:00+00:00, 2025-02-20T13:30:00+00:00
0.101000, 2.58, 2025-02-20T13:30:00+00:00, 2025-02-20T14:00:00+00:00
0.152000, 3.89, 2025-02-20T14:00:00+00:00, 2025-02-20T14:30:00+00:00
0.520000, 13.30, 2025-02-20T14:30:00+00:00, 2025-02-20T15:00:00+00:00
2.053000, 52.51, 2025-02-20T15:00:00+00:00, 2025-02-20T15:30:00+00:00
0.275000, 7.03, 2025-02-20T15:30:00+00:00, 2025-02-20T16:00:00+00:00
0.103000, 2.63, 2025-02-20T16:00:00+00:00, 2025-02-20T16:30:00+00:00
0.153000, 3.91, 2025-02-20T16:30:00+00:00, 2025-02-20T17:00:00+00:00
0.135000, 3.45, 2025-02-20T17:00:00+00:00, 2025-02-20T17:30:00+00:00
0.141000, 3.61, 2025-02-20T17:30:00+00:00, 2025-02-20T18:00:00+00:00
0.145000, 3.71, 2025-02-20T18:00:00+00:00, 2025-02-20T18:30:00+00:00
0.361000, 9.23, 2025-02-20T18:30:00+00:00, 2025-02-20T19:00:00+00:00
1.097000, 28.06, 2025-02-20T19:00:00+00:00, 2025-02-20T19:30:00+00:00
1.288000, 32.94, 2025-02-20T19:30:00+00:00, 2025-02-20T20:00:00+00:00
0.303000, 7.75, 2025-02-20T20:00:00+00:00, 2025-02-20T20:30:00+00:00
0.206000, 5.27, 2025-02-20T20:30:00+00:00, 2025-02-20T21:00:00+00:00
0.225000, 5.75, 2025-02-20T21:00:00+00:00, 2025-02-20T21:30:00+00:00
0.185000, 4.73, 2025-02-20T21:30:00+00:00, 2025-02-20T22:00:00+00:00
0.173000, 4.42, 2025-02-20T22:00:00+00:00, 2025-02-20T22:30:00+00:00
0.168000, 4.30, 2025-02-20T22:30:00+00:00, 2025-02-20T23:00:00+00:00
0.086000, 2.20, 2025-02-20T23:00:00+00:00, 2025-02-20T23:30:00+00:00
0.059000, 1.51, 2025-02-20T23:30:00+00:00, 2025-02-21T00:00:00+00:00
0.068000, 1.74, 2025-02-21T00:00:00+00:00, 2025-02-21T00:30:00+00:00
0.079000, 2.02, 2025-02-21T00:30:00+00:00, 2025-02-21T01:00:00+00:00
0.057000, 1.46, 2025-02-21T01:00:00+00:00, 2025-02-21T01:30:00+00:00
0.055000, 1.41, 2025-02-21T01:30:00+00:00, 2025-02-21T02:00:00+00:00
0.098000, 2.51, 2025-02-21T02:00:00+00:00, 2025-02-21T02:30:00+00:00
0.055000, 1.41, 2025-02-21T02:30:00+00:00, 2025-02-21T03:00:00+00:00
0.064000, 1.64, 2025-02-21T03:00:00+00:00, 2025-02-21T03:30:00+00:00
0.085000, 2.17, 2025-02-21T03:30:00+00:00, 2025-02-21T04:00:00+00:00
0.058000, 1.48, 2025-02-21T04:00:00+00:00, 2025-02-21T04:30:00+00:00
0.065000, 1.66, 2025-02-21T04:30:00+00:00, 2025-02-21T05:00:00+00:00
0.084000, 2.15, 2025-02-21T05:00:00+00:00, 2025-02-21T05:30:00+00:00
0.058000, 1.48, 2025-02-21T05:30:00+00:00, 2025-02-21T06:00:00+00:00
0.057000, 1.46, 2025-02-21T06:00:00+00:00, 2025-02-21T06:30:00+00:00
0.081000, 2.07, 2025-02-21T06:30:00+00:00, 2025-02-21T07:00:00+00:00
0.081000, 2.07, 2025-02-21T07:00:00+00:00, 2025-02-21T07:30:00+00:00
0.082000, 2.10, 2025-02-21T07:30:00+00:00, 2025-02-21T08:00:00+00:00
0.073000, 1.87, 2025-02-21T08:00:00+00:00, 2025-02-21T08:30:00+00:00
1.072000, 27.42, 2025-02-21T08:30:00+00:00, 2025-02-21T09:00:00+00:00
1.300000, 33.25, 2025-02-21T09:00:00+00:00, 2025-02-21T09:30:00+00:00
0.943000, 24.12, 2025-02-21T09:30:00+00:00, 2025-02-21T10:00:00+00:00
1.034000, 26.44, 2025-02-21T10:00:00+00:00, 2025-02-21T10:30:00+00:00
0.155000, 3.96, 2025-02-21T10:30:00+00:00, 2025-02-21T11:00:00+00:00
0.099000, 2.53, 2025-02-21T11:00:00+00:00, 2025-02-21T11:30:00+00:00
0.122000, 3.12, 2025-02-21T11:30:00+00:00, 2025-02-21T12:00:00+00:00
0.098000, 2.51, 2025-02-21T12:00:00+00:00, 2025-02-21T12:30:00+00:00
0.106000, 2.71, 2025-02-21T12:30:00+00:00, 2025-02-21T13:00:00+00:00
0.224000, 5.73, 2025-02-21T13:00:00+00:00, 2025-02-21T13:30:00+00:00
0.301000, 7.70, 2025-02-21T13:30:00+00:00, 2025-02-21T14:00:00+00:00
0.693000, 17.72, 2025-02-21T14:00:00+00:00, 2025-02-21T14:30:00+00:00
0.742000, 18.98, 2025-02-21T14:30:00+00:00, 2025-02-21T15:00:00+00:00
0.437000, 11.18, 2025-02-21T15:00:00+00:00, 2025-02-21T15:30:00+00:00
0.325000, 8.31, 2025-02-21T15:30:00+00:00, 2025-02-21T16:00:00+00:00
0.265000, 6.78, 2025-02-21T16:00:00+00:00, 2025-02-21T16:30:00+00:00
0.262000, 6.70, 2025-02-21T16:30:00+00:00, 2025-02-21T17:00:00+00:00
0.253000, 6.47, 2025-02-21T17:00:00+00:00, 2025-02-21T17:30:00+00:00
0.258000, 6.60, 2025-02-21T17:30:00+00:00, 2025-02-21T18:00:00+00:00
0.371000, 9.49, 2025-02-21T18:00:00+00:00, 2025-02-21T18:30:00+00:00
0.191000, 4.88, 2025-02-21T18:30:00+00:00, 2025-02-21T19:00:00+00:00
0.378000, 9.67, 2025-02-21T19:00:00+00:00, 2025-02-21T19:30:00+00:00
0.723000, 18.49, 2025-02-21T19:30:00+00:00, 2025-02-21T20:00:00+00:00
0.327000, 8.36, 2025-02-21T20:00:00+00:00, 2025-02-21T20:30:00+00:00
0.150000, 3.84, 2025-02-21T20:30:00+00:00, 2025-02-21T21:00:00+00:00
0.312000, 7.98, 2025-02-21T21:00:00+00:00, 2025-02-21T21:30:00+00:00
0.578000, 14.78, 2025-02-21T21:30:00+00:00, 2025-02-21T22:00:00+00:00
0.535000, 13.68, 2025-02-21T22:00:00+00:00, 2025-02-21T22:30:00+00:00
0.192000, 4.91, 2025-02-21T22:30:00+00:00, 2025-02-21T23:00:00+00:00
0.284000, 7.26, 2025-02-21T23:00:00+00:00, 2025-02-21T23:30:00+00:00
0.301000, 7.70, 2025-02-21T23:30:00+00:00, 2025-02-22T00:00:00+00:00
0.572000, 14.63, 2025-02-22T00:00:00+00:00, 2025-02-22T00:30:00+00:00
0.080000, 2.05, 2025-02-22T00:30:00+00:00, 2025-02-22T01:00:00+00:00
0.072000, 1.84, 2025-02-22T01:00:00+00:00, 2025-02-22T01:30:00+00:00
0.096000, 2.46, 2025-02-22T01:30:00+00:00, 2025-02-22T02:00:00+00:00
0.085000, 2.17, 2025-02-22T02:00:00+00:00, 2025-02-22T02:30:00+00:00
0.056000, 1.43, 2025-02-22T02:30:00+00:00, 2025-02-22T03:00:00+00:00
0.078000, 1.99, 2025-02-22T03:00:00+00:00, 2025-02-22T03:30:00+00:00
0.074000, 1.89, 2025-02-22T03:30:00+00:00, 2025-02-22T04:00:00+00:00
0.068000, 1.74, 2025-02-22T04:00:00+00:00, 2025-02-22T04:30:00+00:00
0.064000, 1.64, 2025-02-22T04:30:00+00:00, 2025-02-22T05:00:00+00:00
0.092000, 2.35, 2025-02-22T05:00:00+00:00, 2025-02-22T05:30:00+00:00
0.055000, 1.41, 2025-02-22T05:30:00+00:00, 2025-02-22T06:00:00+00:00
0.067000, 1.71, 2025-02-22T06:00:00+00:00, 2025-02-22T06:30:00+00:00
0.088000, 2.25, 2025-02-22T06:30:00+00:00, 2025-02-22T07:00:00+00:00
0.055000, 1.41, 2025-02-22T07:00:00+00:00, 2025-02-22T07:30:00+00:00
0.063000, 1.61, 2025-02-22T07:30:00+00:00, 2025-02-22T08:00:00+00:00
0.078000, 1.99, 2025-02-22T08:00:00+00:00, 2025-02-22T08:30:00+00:00
0.088000, 2.25, 2025-02-22T08:30:00+00:00, 2025-02-22T09:00:00+00:00
0.074000, 1.89, 2025-02-22T09:00:00+00:00, 2025-02-22T09:30:00+00:00
0.127000, 3.25, 2025-02-22T09:30:00+00:00, 2025-02-22T10:00:00+00:00
1.410000, 36.06, 2025-02-22T10:00:00+00:00, 2025-02-22T10:30:00+00:00
0.059000, 1.51, 2025-02-22T10:30:00+00:00, 2025-02-22T11:00:00+00:00
0.194000, 4.96, 2025-02-22T11:00:00+00:00, 2025-02-22T11:30:00+00:00
0.085000, 2.17, 2025-02-22T11:30:00+00:00, 2025-02-22T12:00:00+00:00
0.061000, 1.56, 2025-02-22T12:00:00+00:00, 2025-02-22T12:30:00+00:00
2.544000, 65.06, 2025-02-22T12:30:00+00:00, 2025-02-22T13:00:00+00:00
0.859000, 21.97, 2025-02-22T13:00:00+00:00, 2025-02-22T13:30:00+00:00
0.216000, 5.52, 2025-02-22T13:30:00+00:00, 2025-02-22T14:00:00+00:00
2.109000, 53.94, 2025-02-22T14:00:00+00:00, 2025-02-22T14:30:00+00:00
0.086000, 2.20, 2025-02-22T14:30:00+00:00, 2025-02-22T15:00:00+00:00
1.303000, 33.32, 2025-02-22T15:00:00+00:00, 2025-02-22T15:30:00+00:00
0.225000, 5.75, 2025-02-22T15:30:00+00:00, 2025-02-22T16:00:00+00:00
0.065000, 1.66, 2025-02-22T16:00:00+00:00, 2025-02-22T16:30:00+00:00
0.069000, 1.76, 2025-02-22T16:30:00+00:00, 2025-02-22T17:00:00+00:00
0.086000, 2.20, 2025-02-22T17:00:00+00:00, 2025-02-22T17:30:00+00:00
0.182000, 4.65, 2025-02-22T17:30:00+00:00, 2025-02-22T18:00:00+00:00
0.497000, 12.71, 2025-02-22T18:00:00+00:00, 2025-02-22T18:30:00+00:00
0.218000, 5.58, 2025-02-22T18:30:00+00:00, 2025-02-22T19:00:00+00:00
0.175000, 4.48, 2025-02-22T19:00:00+00:00, 2025-02-22T19:30:00+00:00
0.176000, 4.50, 2025-02-22T19:30:00+00:00, 2025-02-22T20:00:00+00:00
0.274000, 7.01, 2025-02-22T20:00:00+00:00, 2025-02-22T20:30:00+00:00
1.274000, 32.58, 2025-02-22T20:30:00+00:00, 2025-02-22T21:00:00+00:00
0.676000, 17.29, 2025-02-22T21:00:00+00:00, 2025-02-22T21:30:00+00:00
0.209000, 5.35, 2025-02-22T21:30:00+00:00, 2025-02-22T22:00:00+00:00
0.242000, 6.19, 2025-02-22T22:00:00+00:00, 2025-02-22T22:30:00+00:00
0.206000, 5.27, 2025-02-22T22:30:00+00:00, 2025-02-22T23:00:00+00:00
0.652000, 16.67, 2025-02-22T23:00:00+00:00, 2025-02-22T23:30:00+00:00
0.137000, 3.50, 2025-02-22T23:30:00+00:00, 2025-02-23T00:00:00+00:00
0.099000, 2.53, 2025-02-23T00:00:00+00:00, 2025-02-23T00:30:00+00:00
0.102000, 2.61, 2025-02-23T00:30:00+00:00, 2025-02-23T01:00:00+00:00
0.119000, 3.04, 2025-02-23T01:00:00+00:00, 2025-02-23T01:30:00+00:00
0.090000, 2.30, 2025-02-23T01:30:00+00:00, 2025-02-23T02:00:00+00:00
0.082000, 2.10, 2025-02-23T02:00:00+00:00, 2025-02-23T02:30:00+00:00
0.116000, 2.97, 2025-02-23T02:30:00+00:00, 2025-02-23T03:00:00+00:00
0.090000, 2.30, 2025-02-23T03:00:00+00:00, 2025-02-23T03:30:00+00:00
0.081000, 2.07, 2025-02-23T03:30:00+00:00, 2025-02-23T04:00:00+00:00
0.114000, 2.92, 2025-02-23T04:00:00+00:00, 2025-02-23T04:30:00+00:00
0.097000, 2.48, 2025-02-23T04:30:00+00:00, 2025-02-23T05:00:00+00:00
0.093000, 2.38, 2025-02-23T05:00:00+00:00, 2025-02-23T05:30:00+00:00
0.088000, 2.25, 2025-02-23T05:30:00+00:00, 2025-02-23T06:00:00+00:00
0.183000, 4.68, 2025-02-23T06:00:00+00:00, 2025-02-23T06:30:00+00:00
0.071000, 1.82, 2025-02-23T06:30:00+00:00, 2025-02-23T07:00:00+00:00
0.052000, 1.33, 2025-02-23T07:00:00+00:00, 2025-02-23T07:30:00+00:00
0.087000, 2.23, 2025-02-23T07:30:00+00:00, 2025-02-23T08:00:00+00:00
0.055000, 1.41, 2025-02-23T08:00:00+00:00, 2025-02-23T08:30:00+00:00
0.060000, 1.53, 2025-02-23T08:30:00+00:00, 2025-02-23T09:00:00+00:00
0.083000, 2.12, 2025-02-23T09:00:00+00:00, 2025-02-23T09:30:00+00:00
2.165000, 55.37, 2025-02-23T09:30:00+00:00, 2025-02-23T10:00:00+00:00
2.173000, 55.57, 2025-02-23T10:00:00+00:00, 2025-02-23T10:30:00+00:00
0.228000, 5.83, 2025-02-23T10:30:00+00:00, 2025-02-23T11:00:00+00:00
0.074000, 1.89, 2025-02-23T11:00:00+00:00, 2025-02-23T11:30:00+00:00
0.054000, 1.38, 2025-02-23T11:30:00+00:00, 2025-02-23T12:00:00+00:00
0.078000, 1.99, 2025-02-23T12:00:00+00:00, 2025-02-23T12:30:00+00:00
0.757000, 19.36, 2025-02-23T12:30:00+00:00, 2025-02-23T13:00:00+00:00
0.733000, 18.75, 2025-02-23T13:00:00+00:00, 2025-02-23T13:30:00+00:00
0.162000, 4.14, 2025-02-23T13:30:00+00:00, 2025-02-23T14:00:00+00:00
0.520000, 13.30, 2025-02-23T14:00:00+00:00, 2025-02-23T14:30:00+00:00
0.589000, 15.06, 2025-02-23T14:30:00+00:00, 2025-02-23T15:00:00+00:00
0.067000, 1.71, 2025-02-23T15:00:00+00:00, 2025-02-23T15:30:00+00:00
0.086000, 2.20, 2025-02-23T15:30:00+00:00, 2025-02-23T16:00:00+00:00
0.073000, 1.87, 2025-02-23T16:00:00+00:00, 2025-02-23T16:30:00+00:00
0.098000, 2.51, 2025-02-23T16:30:00+00:00, 2025-02-23T17:00:00+00:00
0.107000, 2.74, 2025-02-23T17:00:00+00:00, 2025-02-23T17:30:00+00:00
0.087000, 2.23, 2025-02-23T17:30:00+00:00, 2025-02-23T18:00:00+00:00
0.487000, 12.45, 2025-02-23T18:00:00+00:00, 2025-02-23T18:30:00+00:00
0.350000, 8.95, 2025-02-23T18:30:00+00:00, 2025-02-23T19:00:00+00:00
0.423000, 10.82, 2025-02-23T19:00:00+00:00, 2025-02-23T19:30:00+00:00
1.003000, 25.65, 2025-02-23T19:30:00+00:00, 2025-02-23T20:00:00+00:00
0.516000, 13.20, 2025-02-23T20:00:00+00:00, 2025-02-23T20:30:00+00:00
0.314000, 8.03, 2025-02-23T20:30:00+00:00, 2025-02-23T21:00:00+00:00
0.071000, 1.82, 2025-02-23T21:00:00+00:00, 2025-02-23T21:30:00+00:00
0.089000, 2.28, 2025-02-23T21:30:00+00:00, 2025-02-23T22:00:00+00:00
0.063000, 1.61, 2025-02-23T22:00:00+00:00, 2025-02-23T22:30:00+00:00
0.057000, 1.46, 2025-02-23T22:30:00+00:00, 2025-02-23T23:00:00+00:00
0.095000, 2.43, 2025-02-23T23:00:00+00:00, 2025-02-23T23:30:00+00:00
0.052000, 1.33, 2025-02-23T23:30:00+00:00, 2025-02-24T00:00:00+00:00
0.064000, 1.64, 2025-02-24T00:00:00+00:00, 2025-02-24T00:30:00+00:00
0.082000, 2.10, 2025-02-24T00:30:00+00:00, 2025-02-24T01:00:00+00:00
0.065000, 1.66, 2025-02-24T01:00:00+00:00, 2025-02-24T01:30:00+00:00
0.056000, 1.43, 2025-02-24T01:30:00+00:00, 2025-02-24T02:00:00+00:00
0.077000, 1.97, 2025-02-24T02:00:00+00:00, 2025-02-24T02:30:00+00:00
0.068000, 1.74, 2025-02-24T02:30:00+00:00, 2025-02-24T03:00:00+00:00
0.066000, 1.69, 2025-02-24T03:00:00+00:00, 2025-02-24T03:30:00+00:00
0.090000, 2.30, 2025-02-24T03:30:00+00:00, 2025-02-24T04:00:00+00:00
0.072000, 1.84, 2025-02-24T04:00:00+00:00, 2025-02-24T04:30:00+00:00
0.065000, 1.66, 2025-02-24T04:30:00+00:00, 2025-02-24T05:00:00+00:00
0.074000, 1.89, 2025-02-24T05:00:00+00:00, 2025-02-24T05:30:00+00:00
0.078000, 1.99, 2025-02-24T05:30:00+00:00, 2025-02-24T06:00:00+00:00
0.054000, 1.38, 2025-02-24T06:00:00+00:00, 2025-02-24T06:30:00+00:00
0.067000, 1.71, 2025-02-24T06:30:00+00:00, 2025-02-24T07:00:00+00:00
1.086000, 27.77, 2025-02-24T07:00:00+00:00, 2025-02-24T07:30:00+00:00
2.002000, 51.20, 2025-02-24T07:30:00+00:00, 2025-02-24T08:00:00+00:00
0.213000, 5.45, 2025-02-24T08:00:00+00:00, 2025-02-24T08:30:00+00:00
0.099000, 2.53, 2025-02-24T08:30:00+00:00, 2025-02-24T09:00:00+00:00
0.061000, 1.56, 2025-02-24T09:00:00+00:00, 2025-02-24T09:30:00+00:00
1.049000, 26.83, 2025-02-24T09:30:00+00:00, 2025-02-24T10:00:00+00:00
0.112000, 2.86, 2025-02-24T10:00:00+00:00, 2025-02-24T10:30:00+00:00
0.077000, 1.97, 2025-02-24T10:30:00+00:00, 2025-02-24T11:00:00+00:00
0.079000, 2.02, 2025-02-24T11:00:00+00:00, 2025-02-24T11:30:00+00:00
0.095000, 2.43, 2025-02-24T11:30:00+00:00, 2025-02-24T12:00:00+00:00
0.078000, 1.99, 2025-02-24T12:00:00+00:00, 2025-02-24T12:30:00+00:00
0.062000, 1.59, 2025-02-24T12:30:00+00:00, 2025-02-24T13:00:00+00:00
0.162000, 4.14, 2025-02-24T13:00:00+00:00, 2025-02-24T13:30:00+00:00
0.723000, 18.49, 2025-02-24T13:30:00+00:00, 2025-02-24T14:00:00+00:00
1.220000, 31.20, 2025-02-24T14:00:00+00:00, 2025-02-24T14:30:00+00:00
0.120000, 3.07, 2025-02-24T14:30:00+00:00, 2025-02-24T15:00:00+00:00
0.073000, 1.87, 2025-02-24T15:00:00+00:00, 2025-02-24T15:30:00+00:00
0.065000, 1.66, 2025-02-24T15:30:00+00:00, 2025-02-24T16:00:00+00:00
0.071000, 1.82, 2025-02-24T16:00:00+00:00, 2025-02-24T16:30:00+00:00
0.066000, 1.69, 2025-02-24T16:30:00+00:00, 2025-02-24T17:00:00+00:00
0.522000, 13.35, 2025-02-24T17:00:00+00:00, 2025-02-24T17:30:00+00:00
0.655000, 16.75, 2025-02-24T17:30:00+00:00, 2025-02-24T18:00:00+00:00
0.152000, 3.89, 2025-02-24T18:00:00+00:00, 2025-02-24T18:30:00+00:00
0.306000, 7.83, 2025-02-24T18:30:00+00:00, 2025-02-24T19:00:00+00:00
0.273000, 6.98, 2025-02-24T19:00:00+00:00, 2025-02-24T19:30:00+00:00
0.581000, 14.86, 2025-02-24T19:30:00+00:00, 2025-02-24T20:00:00+00:00
0.101000, 2.58, 2025-02-24T20:00:00+00:00, 2025-02-24T20:30:00+00:00
0.233000, 5.96, 2025-02-24T20:30:00+00:00, 2025-02-24T21:00:00+00:00
0.638000, 16.32, 2025-02-24T21:00:00+00:00, 2025-02-24T21:30:00+00:00
0.365000, 9.33, 2025-02-24T21:30:00+00:00, 2025-02-24T22:00:00+00:00
0.081000, 2.07, 2025-02-24T22:00:00+00:00, 2025-02-24T22:30:00+00:00
0.098000, 2.51, 2025-02-24T22:30:00+00:00, 2025-02-24T23:00:00+00:00
0.075000, 1.92, 2025-02-24T23:00:00+00:00, 2025-02-24T23:30:00+00:00
0.055000, 1.41, 2025-02-24T23:30:00+00:00, 2025-02-25T00:00:00+00:00
0.074000, 1.89, 2025-02-25T00:00:00+00:00, 2025-02-25T00:30:00+00:00
0.080000, 2.05, 2025-02-25T00:30:00+00:00, 2025-02-25T01:00:00+00:00
0.067000, 1.71, 2025-02-25T01:00:00+00:00, 2025-02-25T01:30:00+00:00
0.058000, 1.48, 2025-02-25T01:30:00+00:00, 2025-02-25T02:00:00+00:00
0.095000, 2.43, 2025-02-25T02:00:00+00:00, 2025-02-25T02:30:00+00:00
0.059000, 1.51, 2025-02-25T02:30:00+00:00, 2025-02-25T03:00:00+00:00
0.063000, 1.61, 2025-02-25T03:00:00+00:00, 2025-02-25T03:30:00+00:00
0.082000, 2.10, 2025-02-25T03:30:00+00:00, 2025-02-25T04:00:00+00:00
0.073000, 1.87, 2025-02-25T04:00:00+00:00, 2025-02-25T04:30:00+00:00
0.056000, 1.43, 2025-02-25T04:30:00+00:00, 2025-02-25T05:00:00+00:00
0.080000, 2.05, 2025-02-25T05:00:00+00:00, 2025-02-25T05:30:00+00:00
0.076000, 1.94, 2025-02-25T05:30:00+00:00, 2025-02-25T06:00:00+00:00
0.414000, 10.59, 2025-02-25T06:00:00+00:00, 2025-02-25T06:30:00+00:00
0.776000, 19.85, 2025-02-25T06:30:00+00:00, 2025-02-25T07:00:00+00:00
0.900000, 23.02, 2025-02-25T07:00:00+00:00, 2025-02-25T07:30:00+00:00
0.870000, 22.25, 2025-02-25T07:30:00+00:00, 2025-02-25T08:00:00+00:00
0.362000, 9.26, 2025-02-25T08:00:00+00:00, 2025-02-25T08:30:00+00:00
0.151000, 3.86, 2025-02-25T08:30:00+00:00, 2025-02-25T09:00:00+00:00
0.073000, 1.87, 2025-02-25T09:00:00+00:00, 2025-02-25T09:30:00+00:00
0.062000, 1.59, 2025-02-25T09:30:00+00:00, 2025-02-25T10:00:00+00:00
0.107000, 2.74, 2025-02-25T10:00:00+00:00, 2025-02-25T10:30:00+00:00
0.062000, 1.59, 2025-02-25T10:30:00+00:00, 2025-02-25T11:00:00+00:00
0.120000, 3.07, 2025-02-25T11:00:00+00:00, 2025-02-25T11:30:00+00:00
0.095000, 2.43, 2025-02-25T11:30:00+00:00, 2025-02-25T12:00:00+00:00
0.072000, 1.84, 2025-02-25T12:00:00+00:00, 2025-02-25T12:30:00+00:00
0.075000, 1.92, 2025-02-25T12:30:00+00:00, 2025-02-25T13:00:00+00:00
0.093000, 2.38, 2025-02-25T13:00:00+00:00, 2025-02-25T13:30:00+00:00
0.082000, 2.10, 2025-02-25T13:30:00+00:00, 2025-02-25T14:00:00+00:00
0.068000, 1.74, 2025-02-25T14:00:00+00:00, 2025-02-25T14:30:00+00:00
1.735000, 44.37, 2025-02-25T14:30:00+00:00, 2025-02-25T15:00:00+00:00
0.084000, 2.15, 2025-02-25T15:00:00+00:00, 2025-02-25T15:30:00+00:00
0.051000, 1.30, 2025-02-25T15:30:00+00:00, 2025-02-25T16:00:00+00:00
0.070000, 1.79, 2025-02-25T16:00:00+00:00, 2025-02-25T16:30:00+00:00
0.077000, 1.97, 2025-02-25T16:30:00+00:00, 2025-02-25T17:00:00+00:00
0.064000, 1.64, 2025-02-25T17:00:00+00:00, 2025-02-25T17:30:00+00:00
0.240000, 6.14, 2025-02-25T17:30:00+00:00, 2025-02-25T18:00:00+00:00
0.125000, 3.20, 2025-02-25T18:00:00+00:00, 2025-02-25T18:30:00+00:00
0.100000, 2.56, 2025-02-25T18:30:00+00:00, 2025-02-25T19:00:00+00:00
0.196000, 5.01, 2025-02-25T19:00:00+00:00, 2025-02-25T19:30:00+00:00
0.144000, 3.68, 2025-02-25T19:30:00+00:00, 2025-02-25T20:00:00+00:00
0.375000, 9.59, 2025-02-25T20:00:00+00:00, 2025-02-25T20:30:00+00:00
0.119000, 3.04, 2025-02-25T20:30:00+00:00, 2025-02-25T21:00:00+00:00
0.127000, 3.25, 2025-02-25T21:00:00+00:00, 2025-02-25T21:30:00+00:00
0.208000, 5.32, 2025-02-25T21:30:00+00:00, 2025-02-25T22:00:00+00:00
0.113000, 2.89, 2025-02-25T22:00:00+00:00, 2025-02-25T22:30:00+00:00
0.095000, 2.43, 2025-02-25T22:30:00+00:00, 2025-02-25T23:00:00+00:00
0.081000, 2.07, 2025-02-25T23:00:00+00:00, 2025-02-25T23:30:00+00:00
0.054000, 1.38, 2025-02-25T23:30:00+00:00, 2025-02-26T00:00:00+00:00
0.074000, 1.89, 2025-02-26T00:00:00+00:00, 2025-02-26T00:30:00+00:00
0.088000, 2.25, 2025-02-26T00:30:00+00:00, 2025-02-26T01:00:00+00:00
0.057000, 1.46, 2025-02-26T01:00:00+00:00, 2025-02-26T01:30:00+00:00
0.061000, 1.56, 2025-02-26T01:30:00+00:00, 2025-02-26T02:00:00+00:00
0.098000, 2.51, 2025-02-26T02:00:00+00:00, 2025-02-26T02:30:00+00:00
0.068000, 1.74, 2025-02-26T02:30:00+00:00, 2025-02-26T03:00:00+00:00
0.055000, 1.41, 2025-02-26T03:00:00+00:00, 2025-02-26T03:30:00+00:00
0.087000, 2.23, 2025-02-26T03:30:00+00:00, 2025-02-26T04:00:00+00:00
0.064000, 1.64, 2025-02-26T04:00:00+00:00, 2025-02-26T04:30:00+00:00
0.061000, 1.56, 2025-02-26T04:30:00+00:00, 2025-02-26T05:00:00+00:00
0.095000, 2.43, 2025-02-26T05:00:00+00:00, 2025-02-26T05:30:00+00:00
0.062000, 1.59, 2025-02-26T05:30:00+00:00, 2025-02-26T06:00:00+00:00
0.059000, 1.51, 2025-02-26T06:00:00+00:00, 2025-02-26T06:30:00+00:00
0.775000, 19.82, 2025-02-26T06:30:00+00:00, 2025-02-26T07:00:00+00:00
0.346000, 8.85, 2025-02-26T07:00:00+00:00, 2025-02-26T07:30:00+00:00
2.205000, 56.39, 2025-02-26T07:30:00+00:00, 2025-02-26T08:00:00+00:00
0.159000, 4.07, 2025-02-26T08:00:00+00:00, 2025-02-26T08:30:00+00:00
0.105000, 2.69, 2025-02-26T08:30:00+00:00, 2025-02-26T09:00:00+00:00
0.192000, 4.91, 2025-02-26T09:00:00+00:00, 2025-02-26T09:30:00+00:00
0.117000, 2.99, 2025-02-26T09:30:00+00:00, 2025-02-26T10:00:00+00:00
0.126000, 3.22, 2025-02-26T10:00:00+00:00, 2025-02-26T10:30:00+00:00
0.092000, 2.35, 2025-02-26T10:30:00+00:00, 2025-02-26T11:00:00+00:00
0.155000, 3.96, 2025-02-26T11:00:00+00:00, 2025-02-26T11:30:00+00:00
0.151000, 3.86, 2025-02-26T11:30:00+00:00, 2025-02-26T12:00:00+00:00
0.124000, 3.17, 2025-02-26T12:00:00+00:00, 2025-02-26T12:30:00+00:00
0.088000, 2.25, 2025-02-26T12:30:00+00:00, 2025-02-26T13:00:00+00:00
0.093000, 2.38, 2025-02-26T13:00:00+00:00, 2025-02-26T13:30:00+00:00
0.068000, 1.74, 2025-02-26T13:30:00+00:00, 2025-02-26T14:00:00+00:00
0.088000, 2.25, 2025-02-26T14:00:00+00:00, 2025-02-26T14:30:00+00:00
0.097000, 2.48, 2025-02-26T14:30:00+00:00, 2025-02-26T15:00:00+00:00
0.092000, 2.35, 2025-02-26T15:00:00+00:00, 2025-02-26T15:30:00+00:00
0.080000, 2.05, 2025-02-26T15:30:00+00:00, 2025-02-26T16:00:00+00:00
0.094000, 2.40, 2025-02-26T16:00:00+00:00, 2025-02-26T16:30:00+00:00
0.074000, 1.89, 2025-02-26T16:30:00+00:00, 2025-02-26T17:00:00+00:00
0.144000, 3.68, 2025-02-26T17:00:00+00:00, 2025-02-26T17:30:00+00:00
0.273000, 6.98, 2025-02-26T17:30:00+00:00, 2025-02-26T18:00:00+00:00
0.111000, 2.84, 2025-02-26T18:00:00+00:00, 2025-02-26T18:30:00+00:00
0.123000, 3.15, 2025-02-26T18:30:00+00:00, 2025-02-26T19:00:00+00:00
0.116000, 2.97, 2025-02-26T19:00:00+00:00, 2025-02-26T19:30:00+00:00
0.305000, 7.80, 2025-02-26T19:30:00+00:00, 2025-02-26T20:00:00+00:00
0.072000, 1.84, 2025-02-26T20:00:00+00:00, 2025-02-26T20:30:00+00:00
0.085000, 2.17, 2025-02-26T20:30:00+00:00, 2025-02-26T21:00:00+00:00
0.084000, 2.15, 2025-02-26T21:00:00+00:00, 2025-02-26T21:30:00+00:00
0.084000, 2.15, 2025-02-26T21:30:00+00:00, 2025-02-26T22:00:00+00:00
0.080000, 2.05, 2025-02-26T22:00:00+00:00, 2025-02-26T22:30:00+00:00
0.059000, 1.51, 2025-02-26T22:30:00+00:00, 2025-02-26T23:00:00+00:00
0.061000, 1.56, 2025-02-26T23:00:00+00:00, 2025-02-26T23:30:00+00:00
0.087000, 2.23, 2025-02-26T23:30:00+00:00, 2025-02-27T00:00:00+00:00
0.066000, 1.69, 2025-02-27T00:00:00+00:00, 2025-02-27T00:30:00+00:00
0.054000, 1.38, 2025-02-27T00:30:00+00:00, 2025-02-27T01:00:00+00:00
0.097000, 2.48, 2025-02-27T01:00:00+00:00, 2025-02-27T01:30:00+00:00
0.060000, 1.53, 2025-02-27T01:30:00+00:00, 2025-02-27T02:00:00+00:00
0.069000, 1.76, 2025-02-27T02:00:00+00:00, 2025-02-27T02:30:00+00:00
0.087000, 2.23, 2025-02-27T02:30:00+00:00, 2025-02-27T03:00:00+00:00
0.062000, 1.59, 2025-02-27T03:00:00+00:00, 2025-02-27T03:30:00+00:00
0.060000, 1.53, 2025-02-27T03:30:00+00:00, 2025-02-27T04:00:00+00:00
0.098000, 2.51, 2025-02-27T04:00:00+00:00, 2025-02-27T04:30:00+00:00
0.065000, 1.66, 2025-02-27T04:30:00+00:00, 2025-02-27T05:00:00+00:00
0.056000, 1.43, 2025-02-27T05:00:00+00:00, 2025-02-27T05:30:00+00:00
0.091000, 2.33, 2025-02-27T05:30:00+00:00, 2025-02-27T06:00:00+00:00
0.061000, 1.56, 2025-02-27T06:00:00+00:00, 2025-02-27T06:30:00+00:00
0.060000, 1.53, 2025-02-27T06:30:00+00:00, 2025-02-27T07:00:00+00:00
3.014000, 77.08, 2025-02-27T07:00:00+00:00, 2025-02-27T07:30:00+00:00
0.133000, 3.40, 2025-02-27T07:30:00+00:00, 2025-02-27T08:00:00+00:00
1.064000, 27.21, 2025-02-27T08:00:00+00:00, 2025-02-27T08:30:00+00:00
0.124000, 3.17, 2025-02-27T08:30:00+00:00, 2025-02-27T09:00:00+00:00
0.086000, 2.20, 2025-02-27T09:00:00+00:00, 2025-02-27T09:30:00+00:00
0.093000, 2.38, 2025-02-27T09:30:00+00:00, 2025-02-27T10:00:00+00:00
0.115000, 2.94, 2025-02-27T10:00:00+00:00, 2025-02-27T10:30:00+00:00
0.100000, 2.56, 2025-02-27T10:30:00+00:00, 2025-02-27T11:00:00+00:00
0.159000, 4.07, 2025-02-27T11:00:00+00:00, 2025-02-27T11:30:00+00:00
0.122000, 3.12, 2025-02-27T11:30:00+00:00, 2025-02-27T12:00:00+00:00
0.088000, 2.25, 2025-02-27T12:00:00+00:00, 2025-02-27T12:30:00+00:00
0.105000, 2.69, 2025-02-27T12:30:00+00:00, 2025-02-27T13:00:00+00:00
0.122000, 3.12, 2025-02-27T13:00:00+00:00, 2025-02-27T13:30:00+00:00
0.604000, 15.45, 2025-02-27T13:30:00+00:00, 2025-02-27T14:00:00+00:00
0.923000, 23.61, 2025-02-27T14:00:00+00:00, 2025-02-27T14:30:00+00:00
0.770000, 19.69, 2025-02-27T14:30:00+00:00, 2025-02-27T15:00:00+00:00
0.120000, 3.07, 2025-02-27T15:00:00+00:00, 2025-02-27T15:30:00+00:00
0.346000, 8.85, 2025-02-27T15:30:00+00:00, 2025-02-27T16:00:00+00:00
0.527000, 13.48, 2025-02-27T16:00:00+00:00, 2025-02-27T16:30:00+00:00
0.145000, 3.71, 2025-02-27T16:30:00+00:00, 2025-02-27T17:00:00+00:00
0.077000, 1.97, 2025-02-27T17:00:00+00:00, 2025-02-27T17:30:00+00:00
0.391000, 10.00, 2025-02-27T17:30:00+00:00, 2025-02-27T18:00:00+00:00
0.148000, 3.79, 2025-02-27T18:00:00+00:00, 2025-02-27T18:30:00+00:00
0.092000, 2.35, 2025-02-27T18:30:00+00:00, 2025-02-27T19:00:00+00:00
0.127000, 3.25, 2025-02-27T19:00:00+00:00, 2025-02-27T19:30:00+00:00
0.110000, 2.81, 2025-02-27T19:30:00+00:00, 2025-02-27T20:00:00+00:00
0.197000, 5.04, 2025-02-27T20:00:00+00:00, 2025-02-27T20:30:00+00:00
0.232000, 5.93, 2025-02-27T20:30:00+00:00, 2025-02-27T21:00:00+00:00
0.109000, 2.79, 2025-02-27T21:00:00+00:00, 2025-02-27T21:30:00+00:00
0.069000, 1.76, 2025-02-27T21:30:00+00:00, 2025-02-27T22:00:00+00:00
0.094000, 2.40, 2025-02-27T22:00:00+00:00, 2025-02-27T22:30:00+00:00
0.067000, 1.71, 2025-02-27T22:30:00+00:00, 2025-02-27T23:00:00+00:00
0.066000, 1.69, 2025-02-27T23:00:00+00:00, 2025-02-27T23:30:00+00:00
0.104000, 2.66, 2025-02-27T23:30:00+00:00, 2025-02-28T00:00:00+00:00
0.071000, 1.82, 2025-02-28T00:00:00+00:00, 2025-02-28T00:30:00+00:00
0.067000, 1.71, 2025-02-28T00:30:00+00:00, 2025-02-28T01:00:00+00:00
0.088000, 2.25, 2025-02-28T01:00:00+00:00, 2025-02-28T01:30:00+00:00
0.067000, 1.71, 2025-02-28T01:30:00+00:00, 2025-02-28T02:00:00+00:00
0.071000, 1.82, 2025-02-28T02:00:00+00:00, 2025-02-28T02:30:00+00:00
0.091000, 2.33, 2025-02-28T02:30:00+00:00, 2025-02-28T03:00:00+00:00
0.072000, 1.84, 2025-02-28T03:00:00+00:00, 2025-02-28T03:30:00+00:00
0.072000, 1.84, 2025-02-28T03:30:00+00:00, 2025-02-28T04:00:00+00:00
0.090000, 2.30, 2025-02-28T04:00:00+00:00, 2025-02-28T04:30:00+00:00
0.077000, 1.97, 2025-02-28T04:30:00+00:00, 2025-02-28T05:00:00+00:00
0.064000, 1.64, 2025-02-28T05:00:00+00:00, 2025-02-28T05:30:00+00:00
0.091000, 2.33, 2025-02-28T05:30:00+00:00, 2025-02-28T06:00:00+00:00
0.061000, 1.56, 2025-02-28T06:00:00+00:00, 2025-02-28T06:30:00+00:00
0.063000, 1.61, 2025-02-28T06:30:00+00:00, 2025-02-28T07:00:00+00:00
3.606000, 92.22, 2025-02-28T07:00:00+00:00, 2025-02-28T07:30:00+00:00
0.087000, 2.23, 2025-02-28T07:30:00+00:00, 2025-02-28T08:00:00+00:00
0.111000, 2.84, 2025-02-28T08:00:00+00:00, 2025-02-28T08:30:00+00:00
0.128000, 3.27, 2025-02-28T08:30:00+00:00, 2025-02-28T09:00:00+00:00
0.090000, 2.30, 2025-02-28T09:00:00+00:00, 2025-02-28T09:30:00+00:00
0.116000, 2.97, 2025-02-28T09:30:00+00:00, 2025-02-28T10:00:00+00:00
0.105000, 2.69, 2025-02-28T10:00:00+00:00, 2025-02-28T10:30:00+00:00
0.141000, 3.61, 2025-02-28T10:30:00+00:00, 2025-02-28T11:00:00+00:00
0.093000, 2.38, 2025-02-28T11:00:00+00:00, 2025-02-28T11:30:00+00:00
0.143000, 3.66, 2025-02-28T11:30:00+00:00, 2025-02-28T12:00:00+00:00
0.816000, 20.87, 2025-02-28T12:00:00+00:00, 2025-02-28T12:30:00+00:00
0.273000, 6.98, 2025-02-28T12:30:00+00:00, 2025-02-28T13:00:00+00:00
0.086000, 2.20, 2025-02-28T13:00:00+00:00, 2025-02-28T13:30:00+00:00
0.069000, 1.76, 2025-02-28T13:30:00+00:00, 2025-02-28T14:00:00+00:00
0.112000, 2.86, 2025-02-28T14:00:00+00:00, 2025-02-28T14:30:00+00:00
0.063000, 1.61, 2025-02-28T14:30:00+00:00, 2025-02-28T15:00:00+00:00
0.073000, 1.87, 2025-02-28T15:00:00+00:00, 2025-02-28T15:30:00+00:00
0.098000, 2.51, 2025-02-28T15:30:00+00:00, 2025-02-28T16:00:00+00:00
0.077000, 1.97, 2025-02-28T16:00:00+00:00, 2025-02-28T16:30:00+00:00
1.611000, 41.20, 2025-02-28T16:30:00+00:00, 2025-02-28T17:00:00+00:00
0.099000, 2.53, 2025-02-28T17:00:00+00:00, 2025-02-28T17:30:00+00:00
0.386000, 9.87, 2025-02-28T17:30:00+00:00, 2025-02-28T18:00:00+00:00
0.160000, 4.09, 2025-02-28T18:00:00+00:00, 2025-02-28T18:30:00+00:00
0.276000, 7.06, 2025-02-28T18:30:00+00:00, 2025-02-28T19:00:00+00:00
0.117000, 2.99, 2025-02-28T19:00:00+00:00, 2025-02-28T19:30:00+00:00
0.330000, 8.44, 2025-02-28T19:30:00+00:00, 2025-02-28T20:00:00+00:00
0.243000, 6.21, 2025-02-28T20:00:00+00:00, 2025-02-28T20:30:00+00:00
0.139000, 3.55, 2025-02-28T20:30:00+00:00, 2025-02-28T21:00:00+00:00
0.192000, 4.91, 2025-02-28T21:00:00+00:00, 2025-02-28T21:30:00+00:00
0.097000, 2.48, 2025-02-28T21:30:00+00:00, 2025-02-28T22:00:00+00:00
0.067000, 1.71, 2025-02-28T22:00:00+00:00, 2025-02-28T22:30:00+00:00
0.099000, 2.53, 2025-02-28T22:30:00+00:00, 2025-02-28T23:00:00+00:00
0.074000, 1.89, 2025-02-28T23:00:00+00:00, 2025-02-28T23:30:00+00:00
0.069000, 1.76, 2025-02-28T23:30:00+00:00, 2025-03-01T00:00:00+00:00
0.079000, 2.02, 2025-03-01T00:00:00+00:00, 2025-03-01T00:30:00+00:00
0.073000, 1.87, 2025-03-01T00:30:00+00:00, 2025-03-01T01:00:00+00:00
0.071000, 1.82, 2025-03-01T01:00:00+00:00, 2025-03-01T01:30:00+00:00
0.087000, 2.23, 2025-03-01T01:30:00+00:00, 2025-03-01T02:00:00+00:00
0.083000, 2.12, 2025-03-01T02:00:00+00:00, 2025-03-01T02:30:00+00:00
0.062000, 1.59, 2025-03-01T02:30:00+00:00, 2025-03-01T03:00:00+00:00
0.099000, 2.53, 2025-03-01T03:00:00+00:00, 2025-03-01T03:30:00+00:00
0.066000, 1.69, 2025-03-01T03:30:00+00:00, 2025-03-01T04:00:00+00:00
0.065000, 1.66, 2025-03-01T04:00:00+00:00, 2025-03-01T04:30:00+00:00
0.093000, 2.38, 2025-03-01T04:30:00+00:00, 2025-03-01T05:00:00+00:00
0.070000, 1.79, 2025-03-01T05:00:00+00:00, 2025-03-01T05:30:00+00:00
0.063000, 1.61, 2025-03-01T05:30:00+00:00, 2025-03-01T06:00:00+00:00
1.372000, 35.09, 2025-03-01T06:00:00+00:00, 2025-03-01T06:30:00+00:00
0.226000, 5.78, 2025-03-01T06:30:00+00:00, 2025-03-01T07:00:00+00:00
0.135000, 3.45, 2025-03-01T07:00:00+00:00, 2025-03-01T07:30:00+00:00
0.120000, 3.07, 2025-03-01T07:30:00+00:00, 2025-03-01T08:00:00+00:00
0.079000, 2.02, 2025-03-01T08:00:00+00:00, 2025-03-01T08:30:00+00:00
0.098000, 2.51, 2025-03-01T08:30:00+00:00, 2025-03-01T09:00:00+00:00
0.610000, 15.60, 2025-03-01T09:00:00+00:00, 2025-03-01T09:30:00+00:00
0.861000, 22.02, 2025-03-01T09:30:00+00:00, 2025-03-01T10:00:00+00:00
1.119000, 28.62, 2025-03-01T10:00:00+00:00, 2025-03-01T10:30:00+00:00
0.665000, 17.01, 2025-03-01T10:30:00+00:00, 2025-03-01T11:00:00+00:00
0.342000, 8.75, 2025-03-01T11:00:00+00:00, 2025-03-01T11:30:00+00:00
0.110000, 2.81, 2025-03-01T11:30:00+00:00, 2025-03-01T12:00:00+00:00
0.212000, 5.42, 2025-03-01T12:00:00+00:00, 2025-03-01T12:30:00+00:00
0.092000, 2.35, 2025-03-01T12:30:00+00:00, 2025-03-01T13:00:00+00:00
0.088000, 2.25, 2025-03-01T13:00:00+00:00, 2025-03-01T13:30:00+00:00
0.073000, 1.87, 2025-03-01T13:30:00+00:00, 2025-03-01T14:00:00+00:00
3.597000, 91.99, 2025-03-01T14:00:00+00:00, 2025-03-01T14:30:00+00:00
0.182000, 4.65, 2025-03-01T14:30:00+00:00, 2025-03-01T15:00:00+00:00
0.362000, 9.26, 2025-03-01T15:00:00+00:00, 2025-03-01T15:30:00+00:00
0.369000, 9.44, 2025-03-01T15:30:00+00:00, 2025-03-01T16:00:00+00:00
0.110000, 2.81, 2025-03-01T16:00:00+00:00, 2025-03-01T16:30:00+00:00
0.372000, 9.51, 2025-03-01T16:30:00+00:00, 2025-03-01T17:00:00+00:00
0.598000, 15.29, 2025-03-01T17:00:00+00:00, 2025-03-01T17:30:00+00:00
0.082000, 2.10, 2025-03-01T17:30:00+00:00, 2025-03-01T18:00:00+00:00
0.081000, 2.07, 2025-03-01T18:00:00+00:00, 2025-03-01T18:30:00+00:00
0.131000, 3.35, 2025-03-01T18:30:00+00:00, 2025-03-01T19:00:00+00:00
0.125000, 3.20, 2025-03-01T19:00:00+00:00, 2025-03-01T19:30:00+00:00
0.331000, 8.47, 2025-03-01T19:30:00+00:00, 2025-03-01T20:00:00+00:00
0.867000, 22.17, 2025-03-01T20:00:00+00:00, 2025-03-01T20:30:00+00:00
1.832000, 46.85, 2025-03-01T20:30:00+00:00, 2025-03-01T21:00:00+00:00
0.098000, 2.51, 2025-03-01T21:00:00+00:00, 2025-03-01T21:30:00+00:00
0.105000, 2.69, 2025-03-01T21:30:00+00:00, 2025-03-01T22:00:00+00:00
0.069000, 1.76, 2025-03-01T22:00:00+00:00, 2025-03-01T22:30:00+00:00
0.082000, 2.10, 2025-03-01T22:30:00+00:00, 2025-03-01T23:00:00+00:00
0.082000, 2.10, 2025-03-01T23:00:00+00:00, 2025-03-01T23:30:00+00:00
0.074000, 1.89, 2025-03-01T23:30:00+00:00, 2025-03-02T00:00:00+00:00
0.076000, 1.94, 2025-03-02T00:00:00+00:00, 2025-03-02T00:30:00+00:00
0.078000, 1.99, 2025-03-02T00:30:00+00:00, 2025-03-02T01:00:00+00:00
0.071000, 1.82, 2025-03-02T01:00:00+00:00, 2025-03-02T01:30:00+00:00
0.083000, 2.12, 2025-03-02T01:30:00+00:00, 2025-03-02T02:00:00+00:00
0.083000, 2.12, 2025-03-02T02:00:00+00:00, 2025-03-02T02:30:00+00:00
0.063000, 1.61, 2025-03-02T02:30:00+00:00, 2025-03-02T03:00:00+00:00
0.093000, 2.38, 2025-03-02T03:00:00+00:00, 2025-03-02T03:30:00+00:00
0.071000, 1.82, 2025-03-02T03:30:00+00:00, 2025-03-02T04:00:00+00:00
0.081000, 2.07, 2025-03-02T04:00:00+00:00, 2025-03-02T04:30:00+00:00
0.091000, 2.33, 2025-03-02T04:30:00+00:00, 2025-03-02T05:00:00+00:00
0.065000, 1.66, 2025-03-02T05:00:00+00:00, 2025-03-02T05:30:00+00:00
0.069000, 1.76, 2025-03-02T05:30:00+00:00, 2025-03-02T06:00:00+00:00
0.086000, 2.20, 2025-03-02T06:00:00+00:00, 2025-03-02T06:30:00+00:00
0.066000, 1.69, 2025-03-02T06:30:00+00:00, 2025-03-02T07:00:00+00:00
0.060000, 1.53, 2025-03-02T07:00:00+00:00, 2025-03-02T07:30:00+00:00
0.863000, 22.07, 2025-03-02T07:30:00+00:00, 2025-03-02T08:00:00+00:00
0.106000, 2.71, 2025-03-02T08:00:00+00:00, 2025-03-02T08:30:00+00:00
0.100000, 2.56, 2025-03-02T08:30:00+00:00, 2025-03-02T09:00:00+00:00
0.152000, 3.89, 2025-03-02T09:00:00+00:00, 2025-03-02T09:30:00+00:00
0.147000, 3.76, 2025-03-02T09:30:00+00:00, 2025-03-02T10:00:00+00:00
0.179000, 4.58, 2025-03-02T10:00:00+00:00, 2025-03-02T10:30:00+00:00
0.124000, 3.17, 2025-03-02T10:30:00+00:00, 2025-03-02T11:00:00+00:00
0.199000, 5.09, 2025-03-02T11:00:00+00:00, 2025-03-02T11:30:00+00:00
2.297000, 58.75, 2025-03-02T11:30:00+00:00, 2025-03-02T12:00:00+00:00
2.594000, 66.34, 2025-03-02T12:00:00+00:00, 2025-03-02T12:30:00+00:00
0.178000, 4.55, 2025-03-02T12:30:00+00:00, 2025-03-02T13:00:00+00:00
0.457000, 11.69, 2025-03-02T13:00:00+00:00, 2025-03-02T13:30:00+00:00
0.046000, 1.18, 2025-03-02T13:30:00+00:00, 2025-03-02T14:00:00+00:00
0.206000, 5.27, 2025-03-02T14:00:00+00:00, 2025-03-02T14:30:00+00:00
1.437000, 36.75, 2025-03-02T14:30:00+00:00, 2025-03-02T15:00:00+00:00
0.060000, 1.53, 2025-03-02T15:00:00+00:00, 2025-03-02T15:30:00+00:00
0.052000, 1.33, 2025-03-02T15:30:00+00:00, 2025-03-02T16:00:00+00:00
0.063000, 1.61, 2025-03-02T16:00:00+00:00, 2025-03-02T16:30:00+00:00
0.036000, 0.92, 2025-03-02T16:30:00+00:00, 2025-03-02T17:00:00+00:00
0.065000, 1.66, 2025-03-02T17:00:00+00:00, 2025-03-02T17:30:00+00:00
0.143000, 3.66, 2025-03-02T17:30:00+00:00, 2025-03-02T18:00:00+00:00
0.128000, 3.27, 2025-03-02T18:00:00+00:00, 2025-03-02T18:30:00+00:00
0.126000, 3.22, 2025-03-02T18:30:00+00:00, 2025-03-02T19:00:00+00:00
0.089000, 2.28, 2025-03-02T19:00:00+00:00, 2025-03-02T19:30:00+00:00
0.055000, 1.41, 2025-03-02T19:30:00+00:00, 2025-03-02T20:00:00+00:00
0.109000, 2.79, 2025-03-02T20:00:00+00:00, 2025-03-02T20:30:00+00:00
0.146000, 3.73, 2025-03-02T20:30:00+00:00, 2025-03-02T21:00:00+00:00
0.054000, 1.38, 2025-03-02T21:00:00+00:00, 2025-03-02T21:30:00+00:00
0.079000, 2.02, 2025-03-02T21:30:00+00:00, 2025-03-02T22:00:00+00:00
0.145000, 3.71, 2025-03-02T22:00:00+00:00, 2025-03-02T22:30:00+00:00
0.159000, 4.07, 2025-03-02T22:30:00+00:00, 2025-03-02T23:00:00+00:00
0.081000, 2.07, 2025-03-02T23:00:00+00:00, 2025-03-02T23:30:00+00:00
0.047000, 1.20, 2025-03-02T23:30:00+00:00, 2025-03-03T00:00:00+00:00
0.134000, 3.43, 2025-03-03T00:00:00+00:00, 2025-03-03T00:30:00+00:00
0.084000, 2.15, 2025-03-03T00:30:00+00:00, 2025-03-03T01:00:00+00:00
0.050000, 1.28, 2025-03-03T01:00:00+00:00, 2025-03-03T01:30:00+00:00
0.046000, 1.18, 2025-03-03T01:30:00+00:00, 2025-03-03T02:00:00+00:00
0.089000, 2.28, 2025-03-03T02:00:00+00:00, 2025-03-03T02:30:00+00:00
0.072000, 1.84, 2025-03-03T02:30:00+00:00, 2025-03-03T03:00:00+00:00
0.046000, 1.18, 2025-03-03T03:00:00+00:00, 2025-03-03T03:30:00+00:00
0.078000, 1.99, 2025-03-03T03:30:00+00:00, 2025-03-03T04:00:00+00:00
0.055000, 1.41, 2025-03-03T04:00:00+00:00, 2025-03-03T04:30:00+00:00
0.040000, 1.02, 2025-03-03T04:30:00+00:00, 2025-03-03T05:00:00+00:00
0.086000, 2.20, 2025-03-03T05:00:00+00:00, 2025-03-03T05:30:00+00:00
0.031000, 0.79, 2025-03-03T05:30:00+00:00, 2025-03-03T06:00:00+00:00
0.032000, 0.82, 2025-03-03T06:00:00+00:00, 2025-03-03T06:30:00+00:00
0.058000, 1.48, 2025-03-03T06:30:00+00:00, 2025-03-03T07:00:00+00:00
2.862000, 73.20, 2025-03-03T07:00:00+00:00, 2025-03-03T07:30:00+00:00
0.092000, 2.35, 2025-03-03T07:30:00+00:00, 2025-03-03T08:00:00+00:00
1.920000, 49.10, 2025-03-03T08:00:00+00:00, 2025-03-03T08:30:00+00:00
0.039000, 1.00, 2025-03-03T08:30:00+00:00, 2025-03-03T09:00:00+00:00
0.054000, 1.38, 2025-03-03T09:00:00+00:00, 2025-03-03T09:30:00+00:00
0.057000, 1.46, 2025-03-03T09:30:00+00:00, 2025-03-03T10:00:00+00:00
0.059000, 1.51, 2025-03-03T10:00:00+00:00, 2025-03-03T10:30:00+00:00
0.058000, 1.48, 2025-03-03T10:30:00+00:00, 2025-03-03T11:00:00+00:00
0.088000, 2.25, 2025-03-03T11:00:00+00:00, 2025-03-03T11:30:00+00:00
0.073000, 1.87, 2025-03-03T11:30:00+00:00, 2025-03-03T12:00:00+00:00
0.092000, 2.35, 2025-03-03T12:00:00+00:00, 2025-03-03T12:30:00+00:00
0.111000, 2.84, 2025-03-03T12:30:00+00:00, 2025-03-03T13:00:00+00:00
0.307000, 7.85, 2025-03-03T13:00:00+00:00, 2025-03-03T13:30:00+00:00
0.181000, 4.63, 2025-03-03T13:30:00+00:00, 2025-03-03T14:00:00+00:00
0.132000, 3.38, 2025-03-03T14:00:00+00:00, 2025-03-03T14:30:00+00:00
0.082000, 2.10, 2025-03-03T14:30:00+00:00, 2025-03-03T15:00:00+00:00
0.082000, 2.10, 2025-03-03T15:00:00+00:00, 2025-03-03T15:30:00+00:00
0.112000, 2.86, 2025-03-03T15:30:00+00:00, 2025-03-03T16:00:00+00:00
0.212000, 5.42, 2025-03-03T16:00:00+00:00, 2025-03-03T16:30:00+00:00
0.095000, 2.43, 2025-03-03T16:30:00+00:00, 2025-03-03T17:00:00+00:00
0.068000, 1.74, 2025-03-03T17:00:00+00:00, 2025-03-03T17:30:00+00:00
0.228000, 5.83, 2025-03-03T17:30:00+00:00, 2025-03-03T18:00:00+00:00
0.137000, 3.50, 2025-03-03T18:00:00+00:00, 2025-03-03T18:30:00+00:00
0.515000, 13.17, 2025-03-03T18:30:00+00:00, 2025-03-03T19:00:00+00:00
0.088000, 2.25, 2025-03-03T19:00:00+00:00, 2025-03-03T19:30:00+00:00
0.380000, 9.72, 2025-03-03T19:30:00+00:00, 2025-03-03T20:00:00+00:00
0.530000, 13.55, 2025-03-03T20:00:00+00:00, 2025-03-03T20:30:00+00:00
0.218000, 5.58, 2025-03-03T20:30:00+00:00, 2025-03-03T21:00:00+00:00
0.071000, 1.82, 2025-03-03T21:00:00+00:00, 2025-03-03T21:30:00+00:00
0.080000, 2.05, 2025-03-03T21:30:00+00:00, 2025-03-03T22:00:00+00:00
0.051000, 1.30, 2025-03-03T22:00:00+00:00, 2025-03-03T22:30:00+00:00
0.085000, 2.17, 2025-03-03T22:30:00+00:00, 2025-03-03T23:00:00+00:00
0.053000, 1.36, 2025-03-03T23:00:00+00:00, 2025-03-03T23:30:00+00:00
0.041000, 1.05, 2025-03-03T23:30:00+00:00, 2025-03-04T00:00:00+00:00
0.098000, 2.51, 2025-03-04T00:00:00+00:00, 2025-03-04T00:30:00+00:00
0.034000, 0.87, 2025-03-04T00:30:00+00:00, 2025-03-04T01:00:00+00:00
0.042000, 1.07, 2025-03-04T01:00:00+00:00, 2025-03-04T01:30:00+00:00
0.069000, 1.76, 2025-03-04T01:30:00+00:00, 2025-03-04T02:00:00+00:00
0.047000, 1.20, 2025-03-04T02:00:00+00:00, 2025-03-04T02:30:00+00:00
0.054000, 1.38, 2025-03-04T02:30:00+00:00, 2025-03-04T03:00:00+00:00
0.076000, 1.94, 2025-03-04T03:00:00+00:00, 2025-03-04T03:30:00+00:00
0.039000, 1.00, 2025-03-04T03:30:00+00:00, 2025-03-04T04:00:00+00:00
0.045000, 1.15, 2025-03-04T04:00:00+00:00, 2025-03-04T04:30:00+00:00
0.105000, 2.69, 2025-03-04T04:30:00+00:00, 2025-03-04T05:00:00+00:00
0.041000, 1.05, 2025-03-04T05:00:00+00:00, 2025-03-04T05:30:00+00:00
0.032000, 0.82, 2025-03-04T05:30:00+00:00, 2025-03-04T06:00:00+00:00
0.076000, 1.94, 2025-03-04T06:00:00+00:00, 2025-03-04T06:30:00+00:00
0.978000, 25.01, 2025-03-04T06:30:00+00:00, 2025-03-04T07:00:00+00:00
2.119000, 54.19, 2025-03-04T07:00:00+00:00, 2025-03-04T07:30:00+00:00
1.470000, 37.60, 2025-03-04T07:30:00+00:00, 2025-03-04T08:00:00+00:00
0.199000, 5.09, 2025-03-04T08:00:00+00:00, 2025-03-04T08:30:00+00:00
0.072000, 1.84, 2025-03-04T08:30:00+00:00, 2025-03-04T09:00:00+00:00
0.085000, 2.17, 2025-03-04T09:00:00+00:00, 2025-03-04T09:30:00+00:00
0.080000, 2.05, 2025-03-04T09:30:00+00:00, 2025-03-04T10:00:00+00:00
0.070000, 1.79, 2025-03-04T10:00:00+00:00, 2025-03-04T10:30:00+00:00
0.082000, 2.10, 2025-03-04T10:30:00+00:00, 2025-03-04T11:00:00+00:00
0.077000, 1.97, 2025-03-04T11:00:00+00:00, 2025-03-04T11:30:00+00:00
0.075000, 1.92, 2025-03-04T11:30:00+00:00, 2025-03-04T12:00:00+00:00
0.083000, 2.12, 2025-03-04T12:00:00+00:00, 2025-03-04T12:30:00+00:00
0.066000, 1.69, 2025-03-04T12:30:00+00:00, 2025-03-04T13:00:00+00:00
0.093000, 2.38, 2025-03-04T13:00:00+00:00, 2025-03-04T13:30:00+00:00
0.092000, 2.35, 2025-03-04T13:30:00+00:00, 2025-03-04T14:00:00+00:00
0.069000, 1.76, 2025-03-04T14:00:00+00:00, 2025-03-04T14:30:00+00:00
0.093000, 2.38, 2025-03-04T14:30:00+00:00, 2025-03-04T15:00:00+00:00
0.077000, 1.97, 2025-03-04T15:00:00+00:00, 2025-03-04T15:30:00+00:00
0.101000, 2.58, 2025-03-04T15:30:00+00:00, 2025-03-04T16:00:00+00:00
0.080000, 2.05, 2025-03-04T16:00:00+00:00, 2025-03-04T16:30:00+00:00
0.084000, 2.15, 2025-03-04T16:30:00+00:00, 2025-03-04T17:00:00+00:00
0.163000, 4.17, 2025-03-04T17:00:00+00:00, 2025-03-04T17:30:00+00:00
0.336000, 8.59, 2025-03-04T17:30:00+00:00, 2025-03-04T18:00:00+00:00
0.110000, 2.81, 2025-03-04T18:00:00+00:00, 2025-03-04T18:30:00+00:00
0.088000, 2.25, 2025-03-04T18:30:00+00:00, 2025-03-04T19:00:00+00:00
0.180000, 4.60, 2025-03-04T19:00:00+00:00, 2025-03-04T19:30:00+00:00
0.136000, 3.48, 2025-03-04T19:30:00+00:00, 2025-03-04T20:00:00+00:00
0.094000, 2.40, 2025-03-04T20:00:00+00:00, 2025-03-04T20:30:00+00:00
0.079000, 2.02, 2025-03-04T20:30:00+00:00, 2025-03-04T21:00:00+00:00
0.091000, 2.33, 2025-03-04T21:00:00+00:00, 2025-03-04T21:30:00+00:00
0.063000, 1.61, 2025-03-04T21:30:00+00:00, 2025-03-04T22:00:00+00:00
0.079000, 2.02, 2025-03-04T22:00:00+00:00, 2025-03-04T22:30:00+00:00
0.096000, 2.46, 2025-03-04T22:30:00+00:00, 2025-03-04T23:00:00+00:00
0.060000, 1.53, 2025-03-04T23:00:00+00:00, 2025-03-04T23:30:00+00:00
0.068000, 1.74, 2025-03-04T23:30:00+00:00, 2025-03-05T00:00:00+00:00
0.092000, 2.35, 2025-03-05T00:00:00+00:00, 2025-03-05T00:30:00+00:00
0.071000, 1.82, 2025-03-05T00:30:00+00:00, 2025-03-05T01:00:00+00:00
0.060000, 1.53, 2025-03-05T01:00:00+00:00, 2025-03-05T01:30:00+00:00
0.197000, 5.04, 2025-03-05T01:30:00+00:00, 2025-03-05T02:00:00+00:00
0.193000, 4.94, 2025-03-05T02:00:00+00:00, 2025-03-05T02:30:00+00:00
0.080000, 2.05, 2025-03-05T02:30:00+00:00, 2025-03-05T03:00:00+00:00
0.114000, 2.92, 2025-03-05T03:00:00+00:00, 2025-03-05T03:30:00+00:00
0.064000, 1.64, 2025-03-05T03:30:00+00:00, 2025-03-05T04:00:00+00:00
0.067000, 1.71, 2025-03-05T04:00:00+00:00, 2025-03-05T04:30:00+00:00
0.106000, 2.71, 2025-03-05T04:30:00+00:00, 2025-03-05T05:00:00+00:00
0.060000, 1.53, 2025-03-05T05:00:00+00:00, 2025-03-05T05:30:00+00:00
0.064000, 1.64, 2025-03-05T05:30:00+00:00, 2025-03-05T06:00:00+00:00
1.330000, 34.01, 2025-03-05T06:00:00+00:00, 2025-03-05T06:30:00+00:00
0.071000, 1.82, 2025-03-05T06:30:00+00:00, 2025-03-05T07:00:00+00:00
2.287000, 58.49, 2025-03-05T07:00:00+00:00, 2025-03-05T07:30:00+00:00
0.695000, 17.77, 2025-03-05T07:30:00+00:00, 2025-03-05T08:00:00+00:00
0.141000, 3.61, 2025-03-05T08:00:00+00:00, 2025-03-05T08:30:00+00:00
0.162000, 4.14, 2025-03-05T08:30:00+00:00, 2025-03-05T09:00:00+00:00
0.112000, 2.86, 2025-03-05T09:00:00+00:00, 2025-03-05T09:30:00+00:00
0.066000, 1.69, 2025-03-05T09:30:00+00:00, 2025-03-05T10:00:00+00:00
0.074000, 1.89, 2025-03-05T10:00:00+00:00, 2025-03-05T10:30:00+00:00
0.098000, 2.51, 2025-03-05T10:30:00+00:00, 2025-03-05T11:00:00+00:00
0.437000, 11.18, 2025-03-05T11:00:00+00:00, 2025-03-05T11:30:00+00:00
0.593000, 15.17, 2025-03-05T11:30:00+00:00, 2025-03-05T12:00:00+00:00
0.222000, 5.68, 2025-03-05T12:00:00+00:00, 2025-03-05T12:30:00+00:00
0.494000, 12.63, 2025-03-05T12:30:00+00:00, 2025-03-05T13:00:00+00:00
0.118000, 3.02, 2025-03-05T13:00:00+00:00, 2025-03-05T13:30:00+00:00
0.781000, 19.97, 2025-03-05T13:30:00+00:00, 2025-03-05T14:00:00+00:00
1.980000, 50.64, 2025-03-05T14:00:00+00:00, 2025-03-05T14:30:00+00:00
0.127000, 3.25, 2025-03-05T14:30:00+00:00, 2025-03-05T15:00:00+00:00
0.117000, 2.99, 2025-03-05T15:00:00+00:00, 2025-03-05T15:30:00+00:00
0.093000, 2.38, 2025-03-05T15:30:00+00:00, 2025-03-05T16:00:00+00:00
0.100000, 2.56, 2025-03-05T16:00:00+00:00, 2025-03-05T16:30:00+00:00
0.120000, 3.07, 2025-03-05T16:30:00+00:00, 2025-03-05T17:00:00+00:00
0.174000, 4.45, 2025-03-05T17:00:00+00:00, 2025-03-05T17:30:00+00:00
0.197000, 5.04, 2025-03-05T17:30:00+00:00, 2025-03-05T18:00:00+00:00
0.153000, 3.91, 2025-03-05T18:00:00+00:00, 2025-03-05T18:30:00+00:00
0.143000, 3.66, 2025-03-05T18:30:00+00:00, 2025-03-05T19:00:00+00:00
0.092000, 2.35, 2025-03-05T19:00:00+00:00, 2025-03-05T19:30:00+00:00
0.167000, 4.27, 2025-03-05T19:30:00+00:00, 2025-03-05T20:00:00+00:00
0.177000, 4.53, 2025-03-05T20:00:00+00:00, 2025-03-05T20:30:00+00:00
0.125000, 3.20, 2025-03-05T20:30:00+00:00, 2025-03-05T21:00:00+00:00
0.116000, 2.97, 2025-03-05T21:00:00+00:00, 2025-03-05T21:30:00+00:00
0.109000, 2.79, 2025-03-05T21:30:00+00:00, 2025-03-05T22:00:00+00:00
0.082000, 2.10, 2025-03-05T22:00:00+00:00, 2025-03-05T22:30:00+00:00
0.118000, 3.02, 2025-03-05T22:30:00+00:00, 2025-03-05T23:00:00+00:00
0.069000, 1.76, 2025-03-05T23:00:00+00:00, 2025-03-05T23:30:00+00:00
0.080000, 2.05, 2025-03-05T23:30:00+00:00, 2025-03-06T00:00:00+00:00
0.106000, 2.71, 2025-03-06T00:00:00+00:00, 2025-03-06T00:30:00+00:00
0.086000, 2.20, 2025-03-06T00:30:00+00:00, 2025-03-06T01:00:00+00:00
0.096000, 2.46, 2025-03-06T01:00:00+00:00, 2025-03-06T01:30:00+00:00
0.108000, 2.76, 2025-03-06T01:30:00+00:00, 2025-03-06T02:00:00+00:00
0.082000, 2.10, 2025-03-06T02:00:00+00:00, 2025-03-06T02:30:00+00:00
0.065000, 1.66, 2025-03-06T02:30:00+00:00, 2025-03-06T03:00:00+00:00
0.110000, 2.81, 2025-03-06T03:00:00+00:00, 2025-03-06T03:30:00+00:00
0.061000, 1.56, 2025-03-06T03:30:00+00:00, 2025-03-06T04:00:00+00:00
0.060000, 1.53, 2025-03-06T04:00:00+00:00, 2025-03-06T04:30:00+00:00
0.094000, 2.40, 2025-03-06T04:30:00+00:00, 2025-03-06T05:00:00+00:00
0.066000, 1.69, 2025-03-06T05:00:00+00:00, 2025-03-06T05:30:00+00:00
0.065000, 1.66, 2025-03-06T05:30:00+00:00, 2025-03-06T06:00:00+00:00
0.080000, 2.05, 2025-03-06T06:00:00+00:00, 2025-03-06T06:30:00+00:00
0.079000, 2.02, 2025-03-06T06:30:00+00:00, 2025-03-06T07:00:00+00:00
2.860000, 73.14, 2025-03-06T07:00:00+00:00, 2025-03-06T07:30:00+00:00
0.119000, 3.04, 2025-03-06T07:30:00+00:00, 2025-03-06T08:00:00+00:00
0.106000, 2.71, 2025-03-06T08:00:00+00:00, 2025-03-06T08:30:00+00:00
0.102000, 2.61, 2025-03-06T08:30:00+00:00, 2025-03-06T09:00:00+00:00
0.100000, 2.56, 2025-03-06T09:00:00+00:00, 2025-03-06T09:30:00+00:00
0.110000, 2.81, 2025-03-06T09:30:00+00:00, 2025-03-06T10:00:00+00:00
0.084000, 2.15, 2025-03-06T10:00:00+00:00, 2025-03-06T10:30:00+00:00
0.096000, 2.46, 2025-03-06T10:30:00+00:00, 2025-03-06T11:00:00+00:00
0.106000, 2.71, 2025-03-06T11:00:00+00:00, 2025-03-06T11:30:00+00:00
0.096000, 2.46, 2025-03-06T11:30:00+00:00, 2025-03-06T12:00:00+00:00
0.103000, 2.63, 2025-03-06T12:00:00+00:00, 2025-03-06T12:30:00+00:00
0.099000, 2.53, 2025-03-06T12:30:00+00:00, 2025-03-06T13:00:00+00:00
0.232000, 5.93, 2025-03-06T13:00:00+00:00, 2025-03-06T13:30:00+00:00
0.089000, 2.28, 2025-03-06T13:30:00+00:00, 2025-03-06T14:00:00+00:00
0.105000, 2.69, 2025-03-06T14:00:00+00:00, 2025-03-06T14:30:00+00:00
0.135000, 3.45, 2025-03-06T14:30:00+00:00, 2025-03-06T15:00:00+00:00
0.304000, 7.77, 2025-03-06T15:00:00+00:00, 2025-03-06T15:30:00+00:00
2.283000, 58.39, 2025-03-06T15:30:00+00:00, 2025-03-06T16:00:00+00:00
0.098000, 2.51, 2025-03-06T16:00:00+00:00, 2025-03-06T16:30:00+00:00
0.098000, 2.51, 2025-03-06T16:30:00+00:00, 2025-03-06T17:00:00+00:00
1.765000, 45.14, 2025-03-06T17:00:00+00:00, 2025-03-06T17:30:00+00:00
0.761000, 19.46, 2025-03-06T17:30:00+00:00, 2025-03-06T18:00:00+00:00
0.282000, 7.21, 2025-03-06T18:00:00+00:00, 2025-03-06T18:30:00+00:00
0.136000, 3.48, 2025-03-06T18:30:00+00:00, 2025-03-06T19:00:00+00:00
0.521000, 13.32, 2025-03-06T19:00:00+00:00, 2025-03-06T19:30:00+00:00
0.140000, 3.58, 2025-03-06T19:30:00+00:00, 2025-03-06T20:00:00+00:00
0.366000, 9.36, 2025-03-06T20:00:00+00:00, 2025-03-06T20:30:00+00:00
0.494000, 12.63, 2025-03-06T20:30:00+00:00, 2025-03-06T21:00:00+00:00
0.134000, 3.43, 2025-03-06T21:00:00+00:00, 2025-03-06T21:30:00+00:00
0.116000, 2.97, 2025-03-06T21:30:00+00:00, 2025-03-06T22:00:00+00:00
0.061000, 1.56, 2025-03-06T22:00:00+00:00, 2025-03-06T22:30:00+00:00
0.072000, 1.84, 2025-03-06T22:30:00+00:00, 2025-03-06T23:00:00+00:00
0.092000, 2.35, 2025-03-06T23:00:00+00:00, 2025-03-06T23:30:00+00:00
0.071000, 1.82, 2025-03-06T23:30:00+00:00, 2025-03-07T00:00:00+00:00
0.064000, 1.64, 2025-03-07T00:00:00+00:00, 2025-03-07T00:30:00+00:00
0.087000, 2.23, 2025-03-07T00:30:00+00:00, 2025-03-07T01:00:00+00:00
0.093000, 2.38, 2025-03-07T01:00:00+00:00, 2025-03-07T01:30:00+00:00
0.075000, 1.92, 2025-03-07T01:30:00+00:00, 2025-03-07T02:00:00+00:00
0.061000, 1.56, 2025-03-07T02:00:00+00:00, 2025-03-07T02:30:00+00:00
0.113000, 2.89, 2025-03-07T02:30:00+00:00, 2025-03-07T03:00:00+00:00
0.062000, 1.59, 2025-03-07T03:00:00+00:00, 2025-03-07T03:30:00+00:00
0.067000, 1.71, 2025-03-07T03:30:00+00:00, 2025-03-07T04:00:00+00:00
0.094000, 2.40, 2025-03-07T04:00:00+00:00, 2025-03-07T04:30:00+00:00
0.074000, 1.89, 2025-03-07T04:30:00+00:00, 2025-03-07T05:00:00+00:00
0.064000, 1.64, 2025-03-07T05:00:00+00:00, 2025-03-07T05:30:00+00:00
0.074000, 1.89, 2025-03-07T05:30:00+00:00, 2025-03-07T06:00:00+00:00
0.089000, 2.28, 2025-03-07T06:00:00+00:00, 2025-03-07T06:30:00+00:00
0.063000, 1.61, 2025-03-07T06:30:00+00:00, 2025-03-07T07:00:00+00:00
2.512000, 64.24, 2025-03-07T07:00:00+00:00, 2025-03-07T07:30:00+00:00
1.009000, 25.81, 2025-03-07T07:30:00+00:00, 2025-03-07T08:00:00+00:00
0.462000, 11.82, 2025-03-07T08:00:00+00:00, 2025-03-07T08:30:00+00:00
0.064000, 1.64, 2025-03-07T08:30:00+00:00, 2025-03-07T09:00:00+00:00
0.098000, 2.51, 2025-03-07T09:00:00+00:00, 2025-03-07T09:30:00+00:00
0.178000, 4.55, 2025-03-07T09:30:00+00:00, 2025-03-07T10:00:00+00:00
0.559000, 14.30, 2025-03-07T10:00:00+00:00, 2025-03-07T10:30:00+00:00
0.265000, 6.78, 2025-03-07T10:30:00+00:00, 2025-03-07T11:00:00+00:00
0.143000, 3.66, 2025-03-07T11:00:00+00:00, 2025-03-07T11:30:00+00:00
0.079000, 2.02, 2025-03-07T11:30:00+00:00, 2025-03-07T12:00:00+00:00
0.092000, 2.35, 2025-03-07T12:00:00+00:00, 2025-03-07T12:30:00+00:00
0.100000, 2.56, 2025-03-07T12:30:00+00:00, 2025-03-07T13:00:00+00:00
0.076000, 1.94, 2025-03-07T13:00:00+00:00, 2025-03-07T13:30:00+00:00
0.072000, 1.84, 2025-03-07T13:30:00+00:00, 2025-03-07T14:00:00+00:00
0.211000, 5.40, 2025-03-07T14:00:00+00:00, 2025-03-07T14:30:00+00:00
0.528000, 13.50, 2025-03-07T14:30:00+00:00, 2025-03-07T15:00:00+00:00
0.072000, 1.84, 2025-03-07T15:00:00+00:00, 2025-03-07T15:30:00+00:00
0.111000, 2.84, 2025-03-07T15:30:00+00:00, 2025-03-07T16:00:00+00:00
0.083000, 2.12, 2025-03-07T16:00:00+00:00, 2025-03-07T16:30:00+00:00
0.069000, 1.76, 2025-03-07T16:30:00+00:00, 2025-03-07T17:00:00+00:00
0.231000, 5.91, 2025-03-07T17:00:00+00:00, 2025-03-07T17:30:00+00:00
0.099000, 2.53, 2025-03-07T17:30:00+00:00, 2025-03-07T18:00:00+00:00
0.204000, 5.22, 2025-03-07T18:00:00+00:00, 2025-03-07T18:30:00+00:00
0.141000, 3.61, 2025-03-07T18:30:00+00:00, 2025-03-07T19:00:00+00:00
0.157000, 4.02, 2025-03-07T19:00:00+00:00, 2025-03-07T19:30:00+00:00
0.124000, 3.17, 2025-03-07T19:30:00+00:00, 2025-03-07T20:00:00+00:00
0.129000, 3.30, 2025-03-07T20:00:00+00:00, 2025-03-07T20:30:00+00:00
0.170000, 4.35, 2025-03-07T20:30:00+00:00, 2025-03-07T21:00:00+00:00
0.131000, 3.35, 2025-03-07T21:00:00+00:00, 2025-03-07T21:30:00+00:00
0.137000, 3.50, 2025-03-07T21:30:00+00:00, 2025-03-07T22:00:00+00:00
0.159000, 4.07, 2025-03-07T22:00:00+00:00, 2025-03-07T22:30:00+00:00
0.136000, 3.48, 2025-03-07T22:30:00+00:00, 2025-03-07T23:00:00+00:00
0.127000, 3.25, 2025-03-07T23:00:00+00:00, 2025-03-07T23:30:00+00:00
0.123000, 3.15, 2025-03-07T23:30:00+00:00, 2025-03-08T00:00:00+00:00
0.157000, 4.02, 2025-03-08T00:00:00+00:00, 2025-03-08T00:30:00+00:00
0.113000, 2.89, 2025-03-08T00:30:00+00:00, 2025-03-08T01:00:00+00:00
0.120000, 3.07, 2025-03-08T01:00:00+00:00, 2025-03-08T01:30:00+00:00
0.132000, 3.38, 2025-03-08T01:30:00+00:00, 2025-03-08T02:00:00+00:00
0.097000, 2.48, 2025-03-08T02:00:00+00:00, 2025-03-08T02:30:00+00:00
0.089000, 2.28, 2025-03-08T02:30:00+00:00, 2025-03-08T03:00:00+00:00
0.104000, 2.66, 2025-03-08T03:00:00+00:00, 2025-03-08T03:30:00+00:00
0.110000, 2.81, 2025-03-08T03:30:00+00:00, 2025-03-08T04:00:00+00:00
0.096000, 2.46, 2025-03-08T04:00:00+00:00, 2025-03-08T04:30:00+00:00
0.089000, 2.28, 2025-03-08T04:30:00+00:00, 2025-03-08T05:00:00+00:00
0.129000, 3.30, 2025-03-08T05:00:00+00:00, 2025-03-08T05:30:00+00:00
0.096000, 2.46, 2025-03-08T05:30:00+00:00, 2025-03-08T06:00:00+00:00
0.082000, 2.10, 2025-03-08T06:00:00+00:00, 2025-03-08T06:30:00+00:00
0.115000, 2.94, 2025-03-08T06:30:00+00:00, 2025-03-08T07:00:00+00:00
0.097000, 2.48, 2025-03-08T07:00:00+00:00, 2025-03-08T07:30:00+00:00
0.089000, 2.28, 2025-03-08T07:30:00+00:00, 2025-03-08T08:00:00+00:00
0.104000, 2.66, 2025-03-08T08:00:00+00:00, 2025-03-08T08:30:00+00:00
0.625000, 15.98, 2025-03-08T08:30:00+00:00, 2025-03-08T09:00:00+00:00
1.425000, 36.44, 2025-03-08T09:00:00+00:00, 2025-03-08T09:30:00+00:00
2.914000, 74.53, 2025-03-08T09:30:00+00:00, 2025-03-08T10:00:00+00:00
0.126000, 3.22, 2025-03-08T10:00:00+00:00, 2025-03-08T10:30:00+00:00
0.399000, 10.20, 2025-03-08T10:30:00+00:00, 2025-03-08T11:00:00+00:00
0.249000, 6.37, 2025-03-08T11:00:00+00:00, 2025-03-08T11:30:00+00:00
0.086000, 2.20, 2025-03-08T11:30:00+00:00, 2025-03-08T12:00:00+00:00
0.507000, 12.97, 2025-03-08T12:00:00+00:00, 2025-03-08T12:30:00+00:00
0.070000, 1.79, 2025-03-08T12:30:00+00:00, 2025-03-08T13:00:00+00:00
0.686000, 17.54, 2025-03-08T13:00:00+00:00, 2025-03-08T13:30:00+00:00
1.487000, 38.03, 2025-03-08T13:30:00+00:00, 2025-03-08T14:00:00+00:00
0.282000, 7.21, 2025-03-08T14:00:00+00:00, 2025-03-08T14:30:00+00:00
0.411000, 10.51, 2025-03-08T14:30:00+00:00, 2025-03-08T15:00:00+00:00
0.721000, 18.44, 2025-03-08T15:00:00+00:00, 2025-03-08T15:30:00+00:00
0.262000, 6.70, 2025-03-08T15:30:00+00:00, 2025-03-08T16:00:00+00:00
0.073000, 1.87, 2025-03-08T16:00:00+00:00, 2025-03-08T16:30:00+00:00
0.086000, 2.20, 2025-03-08T16:30:00+00:00, 2025-03-08T17:00:00+00:00
0.097000, 2.48, 2025-03-08T17:00:00+00:00, 2025-03-08T17:30:00+00:00
1.692000, 43.27, 2025-03-08T17:30:00+00:00, 2025-03-08T18:00:00+00:00
0.196000, 5.01, 2025-03-08T18:00:00+00:00, 2025-03-08T18:30:00+00:00
1.147000, 29.33, 2025-03-08T18:30:00+00:00, 2025-03-08T19:00:00+00:00
0.379000, 9.69, 2025-03-08T19:00:00+00:00, 2025-03-08T19:30:00+00:00
0.334000, 8.54, 2025-03-08T19:30:00+00:00, 2025-03-08T20:00:00+00:00
0.211000, 5.40, 2025-03-08T20:00:00+00:00, 2025-03-08T20:30:00+00:00
0.147000, 3.76, 2025-03-08T20:30:00+00:00, 2025-03-08T21:00:00+00:00
0.128000, 3.27, 2025-03-08T21:00:00+00:00, 2025-03-08T21:30:00+00:00
0.117000, 2.99, 2025-03-08T21:30:00+00:00, 2025-03-08T22:00:00+00:00
0.094000, 2.40, 2025-03-08T22:00:00+00:00, 2025-03-08T22:30:00+00:00
0.074000, 1.89, 2025-03-08T22:30:00+00:00, 2025-03-08T23:00:00+00:00
0.064000, 1.64, 2025-03-08T23:00:00+00:00, 2025-03-08T23:30:00+00:00
0.111000, 2.84, 2025-03-08T23:30:00+00:00, 2025-03-09T00:00:00+00:00
0.060000, 1.53, 2025-03-09T00:00:00+00:00, 2025-03-09T00:30:00+00:00
0.073000, 1.87, 2025-03-09T00:30:00+00:00, 2025-03-09T01:00:00+00:00
0.093000, 2.38, 2025-03-09T01:00:00+00:00, 2025-03-09T01:30:00+00:00
0.084000, 2.15, 2025-03-09T01:30:00+00:00, 2025-03-09T02:00:00+00:00
0.062000, 1.59, 2025-03-09T02:00:00+00:00, 2025-03-09T02:30:00+00:00
0.079000, 2.02, 2025-03-09T02:30:00+00:00, 2025-03-09T03:00:00+00:00
0.100000, 2.56, 2025-03-09T03:00:00+00:00, 2025-03-09T03:30:00+00:00
0.069000, 1.76, 2025-03-09T03:30:00+00:00, 2025-03-09T04:00:00+00:00
0.062000, 1.59, 2025-03-09T04:00:00+00:00, 2025-03-09T04:30:00+00:00
0.104000, 2.66, 2025-03-09T04:30:00+00:00, 2025-03-09T05:00:00+00:00
0.065000, 1.66, 2025-03-09T05:00:00+00:00, 2025-03-09T05:30:00+00:00
0.065000, 1.66, 2025-03-09T05:30:00+00:00, 2025-03-09T06:00:00+00:00
0.076000, 1.94, 2025-03-09T06:00:00+00:00, 2025-03-09T06:30:00+00:00
0.088000, 2.25, 2025-03-09T06:30:00+00:00, 2025-03-09T07:00:00+00:00
0.066000, 1.69, 2025-03-09T07:00:00+00:00, 2025-03-09T07:30:00+00:00
0.059000, 1.51, 2025-03-09T07:30:00+00:00, 2025-03-09T08:00:00+00:00
0.106000, 2.71, 2025-03-09T08:00:00+00:00, 2025-03-09T08:30:00+00:00
0.059000, 1.51, 2025-03-09T08:30:00+00:00, 2025-03-09T09:00:00+00:00
0.097000, 2.48, 2025-03-09T09:00:00+00:00, 2025-03-09T09:30:00+00:00
0.116000, 2.97, 2025-03-09T09:30:00+00:00, 2025-03-09T10:00:00+00:00
0.105000, 2.69, 2025-03-09T10:00:00+00:00, 2025-03-09T10:30:00+00:00
0.101000, 2.58, 2025-03-09T10:30:00+00:00, 2025-03-09T11:00:00+00:00
0.497000, 12.71, 2025-03-09T11:00:00+00:00, 2025-03-09T11:30:00+00:00
0.639000, 16.34, 2025-03-09T11:30:00+00:00, 2025-03-09T12:00:00+00:00
2.559000, 65.45, 2025-03-09T12:00:00+00:00, 2025-03-09T12:30:00+00:00
2.171000, 55.52, 2025-03-09T12:30:00+00:00, 2025-03-09T13:00:00+00:00
0.156000, 3.99, 2025-03-09T13:00:00+00:00, 2025-03-09T13:30:00+00:00
0.083000, 2.12, 2025-03-09T13:30:00+00:00, 2025-03-09T14:00:00+00:00
0.161000, 4.12, 2025-03-09T14:00:00+00:00, 2025-03-09T14:30:00+00:00
0.091000, 2.33, 2025-03-09T14:30:00+00:00, 2025-03-09T15:00:00+00:00
0.072000, 1.84, 2025-03-09T15:00:00+00:00, 2025-03-09T15:30:00+00:00
0.069000, 1.76, 2025-03-09T15:30:00+00:00, 2025-03-09T16:00:00+00:00
0.086000, 2.20, 2025-03-09T16:00:00+00:00, 2025-03-09T16:30:00+00:00
0.099000, 2.53, 2025-03-09T16:30:00+00:00, 2025-03-09T17:00:00+00:00
0.073000, 1.87, 2025-03-09T17:00:00+00:00, 2025-03-09T17:30:00+00:00
0.065000, 1.66, 2025-03-09T17:30:00+00:00, 2025-03-09T18:00:00+00:00
0.116000, 2.97, 2025-03-09T18:00:00+00:00, 2025-03-09T18:30:00+00:00
0.070000, 1.79, 2025-03-09T18:30:00+00:00, 2025-03-09T19:00:00+00:00
0.065000, 1.66, 2025-03-09T19:00:00+00:00, 2025-03-09T19:30:00+00:00
0.104000, 2.66, 2025-03-09T19:30:00+00:00, 2025-03-09T20:00:00+00:00
0.120000, 3.07, 2025-03-09T20:00:00+00:00, 2025-03-09T20:30:00+00:00
0.099000, 2.53, 2025-03-09T20:30:00+00:00, 2025-03-09T21:00:00+00:00
0.099000, 2.53, 2025-03-09T21:00:00+00:00, 2025-03-09T21:30:00+00:00
0.087000, 2.23, 2025-03-09T21:30:00+00:00, 2025-03-09T22:00:00+00:00
0.075000, 1.92, 2025-03-09T22:00:00+00:00, 2025-03-09T22:30:00+00:00
0.064000, 1.64, 2025-03-09T22:30:00+00:00, 2025-03-09T23:00:00+00:00
0.110000, 2.81, 2025-03-09T23:00:00+00:00, 2025-03-09T23:30:00+00:00
0.059000, 1.51, 2025-03-09T23:30:00+00:00, 2025-03-10T00:00:00+00:00
0.068000, 1.74, 2025-03-10T00:00:00+00:00, 2025-03-10T00:30:00+00:00
0.094000, 2.40, 2025-03-10T00:30:00+00:00, 2025-03-10T01:00:00+00:00
0.076000, 1.94, 2025-03-10T01:00:00+00:00, 2025-03-10T01:30:00+00:00
0.070000, 1.79, 2025-03-10T01:30:00+00:00, 2025-03-10T02:00:00+00:00
0.078000, 1.99, 2025-03-10T02:00:00+00:00, 2025-03-10T02:30:00+00:00
0.092000, 2.35, 2025-03-10T02:30:00+00:00, 2025-03-10T03:00:00+00:00
0.067000, 1.71, 2025-03-10T03:00:00+00:00, 2025-03-10T03:30:00+00:00
0.067000, 1.71, 2025-03-10T03:30:00+00:00, 2025-03-10T04:00:00+00:00
0.102000, 2.61, 2025-03-10T04:00:00+00:00, 2025-03-10T04:30:00+00:00
0.068000, 1.74, 2025-03-10T04:30:00+00:00, 2025-03-10T05:00:00+00:00
0.068000, 1.74, 2025-03-10T05:00:00+00:00, 2025-03-10T05:30:00+00:00
0.088000, 2.25, 2025-03-10T05:30:00+00:00, 2025-03-10T06:00:00+00:00
0.082000, 2.10, 2025-03-10T06:00:00+00:00, 2025-03-10T06:30:00+00:00
0.671000, 17.16, 2025-03-10T06:30:00+00:00, 2025-03-10T07:00:00+00:00
3.111000, 79.56, 2025-03-10T07:00:00+00:00, 2025-03-10T07:30:00+00:00
0.260000, 6.65, 2025-03-10T07:30:00+00:00, 2025-03-10T08:00:00+00:00
1.770000, 45.27, 2025-03-10T08:00:00+00:00, 2025-03-10T08:30:00+00:00
0.297000, 7.60, 2025-03-10T08:30:00+00:00, 2025-03-10T09:00:00+00:00
0.233000, 5.96, 2025-03-10T09:00:00+00:00, 2025-03-10T09:30:00+00:00
0.192000, 4.91, 2025-03-10T09:30:00+00:00, 2025-03-10T10:00:00+00:00
0.171000, 4.37, 2025-03-10T10:00:00+00:00, 2025-03-10T10:30:00+00:00
0.098000, 2.51, 2025-03-10T10:30:00+00:00, 2025-03-10T11:00:00+00:00
0.102000, 2.61, 2025-03-10T11:00:00+00:00, 2025-03-10T11:30:00+00:00
0.083000, 2.12, 2025-03-10T11:30:00+00:00, 2025-03-10T12:00:00+00:00
0.066000, 1.69, 2025-03-10T12:00:00+00:00, 2025-03-10T12:30:00+00:00
0.112000, 2.86, 2025-03-10T12:30:00+00:00, 2025-03-10T13:00:00+00:00
0.195000, 4.99, 2025-03-10T13:00:00+00:00, 2025-03-10T13:30:00+00:00
0.368000, 9.41, 2025-03-10T13:30:00+00:00, 2025-03-10T14:00:00+00:00
0.236000, 6.04, 2025-03-10T14:00:00+00:00, 2025-03-10T14:30:00+00:00
0.803000, 20.54, 2025-03-10T14:30:00+00:00, 2025-03-10T15:00:00+00:00
0.089000, 2.28, 2025-03-10T15:00:00+00:00, 2025-03-10T15:30:00+00:00
0.084000, 2.15, 2025-03-10T15:30:00+00:00, 2025-03-10T16:00:00+00:00
0.082000, 2.10, 2025-03-10T16:00:00+00:00, 2025-03-10T16:30:00+00:00
0.058000, 1.48, 2025-03-10T16:30:00+00:00, 2025-03-10T17:00:00+00:00
0.299000, 7.65, 2025-03-10T17:00:00+00:00, 2025-03-10T17:30:00+00:00
0.131000, 3.35, 2025-03-10T17:30:00+00:00, 2025-03-10T18:00:00+00:00
0.082000, 2.10, 2025-03-10T18:00:00+00:00, 2025-03-10T18:30:00+00:00
0.145000, 3.71, 2025-03-10T18:30:00+00:00, 2025-03-10T19:00:00+00:00
0.142000, 3.63, 2025-03-10T19:00:00+00:00, 2025-03-10T19:30:00+00:00
0.095000, 2.43, 2025-03-10T19:30:00+00:00, 2025-03-10T20:00:00+00:00
0.075000, 1.92, 2025-03-10T20:00:00+00:00, 2025-03-10T20:30:00+00:00
0.109000, 2.79, 2025-03-10T20:30:00+00:00, 2025-03-10T21:00:00+00:00
0.092000, 2.35, 2025-03-10T21:00:00+00:00, 2025-03-10T21:30:00+00:00
0.079000, 2.02, 2025-03-10T21:30:00+00:00, 2025-03-10T22:00:00+00:00
0.086000, 2.20, 2025-03-10T22:00:00+00:00, 2025-03-10T22:30:00+00:00
0.116000, 2.97, 2025-03-10T22:30:00+00:00, 2025-03-10T23:00:00+00:00
0.069000, 1.76, 2025-03-10T23:00:00+00:00, 2025-03-10T23:30:00+00:00
0.075000, 1.92, 2025-03-10T23:30:00+00:00, 2025-03-11T00:00:00+00:00
0.114000, 2.92, 2025-03-11T00:00:00+00:00, 2025-03-11T00:30:00+00:00
0.068000, 1.74, 2025-03-11T00:30:00+00:00, 2025-03-11T01:00:00+00:00
0.073000, 1.87, 2025-03-11T01:00:00+00:00, 2025-03-11T01:30:00+00:00
0.096000, 2.46, 2025-03-11T01:30:00+00:00, 2025-03-11T02:00:00+00:00
0.084000, 2.15, 2025-03-11T02:00:00+00:00, 2025-03-11T02:30:00+00:00
0.074000, 1.89, 2025-03-11T02:30:00+00:00, 2025-03-11T03:00:00+00:00
0.086000, 2.20, 2025-03-11T03:00:00+00:00, 2025-03-11T03:30:00+00:00
0.106000, 2.71, 2025-03-11T03:30:00+00:00, 2025-03-11T04:00:00+00:00
0.077000, 1.97, 2025-03-11T04:00:00+00:00, 2025-03-11T04:30:00+00:00
0.074000, 1.89, 2025-03-11T04:30:00+00:00, 2025-03-11T05:00:00+00:00
0.110000, 2.81, 2025-03-11T05:00:00+00:00, 2025-03-11T05:30:00+00:00
0.068000, 1.74, 2025-03-11T05:30:00+00:00, 2025-03-11T06:00:00+00:00
0.286000, 7.31, 2025-03-11T06:00:00+00:00, 2025-03-11T06:30:00+00:00
0.924000, 23.63, 2025-03-11T06:30:00+00:00, 2025-03-11T07:00:00+00:00
1.827000, 46.73, 2025-03-11T07:00:00+00:00, 2025-03-11T07:30:00+00:00
0.365000, 9.33, 2025-03-11T07:30:00+00:00, 2025-03-11T08:00:00+00:00
0.115000, 2.94, 2025-03-11T08:00:00+00:00, 2025-03-11T08:30:00+00:00
0.103000, 2.63, 2025-03-11T08:30:00+00:00, 2025-03-11T09:00:00+00:00
0.372000, 9.51, 2025-03-11T09:00:00+00:00, 2025-03-11T09:30:00+00:00
0.087000, 2.23, 2025-03-11T09:30:00+00:00, 2025-03-11T10:00:00+00:00
0.112000, 2.86, 2025-03-11T10:00:00+00:00, 2025-03-11T10:30:00+00:00
1.383000, 35.37, 2025-03-11T10:30:00+00:00, 2025-03-11T11:00:00+00:00
0.082000, 2.10, 2025-03-11T11:00:00+00:00, 2025-03-11T11:30:00+00:00
0.101000, 2.58, 2025-03-11T11:30:00+00:00, 2025-03-11T12:00:00+00:00
0.076000, 1.94, 2025-03-11T12:00:00+00:00, 2025-03-11T12:30:00+00:00
0.063000, 1.61, 2025-03-11T12:30:00+00:00, 2025-03-11T13:00:00+00:00
0.097000, 2.48, 2025-03-11T13:00:00+00:00, 2025-03-11T13:30:00+00:00
0.080000, 2.05, 2025-03-11T13:30:00+00:00, 2025-03-11T14:00:00+00:00
0.470000, 12.02, 2025-03-11T14:00:00+00:00, 2025-03-11T14:30:00+00:00
0.084000, 2.15, 2025-03-11T14:30:00+00:00, 2025-03-11T15:00:00+00:00
0.098000, 2.51, 2025-03-11T15:00:00+00:00, 2025-03-11T15:30:00+00:00
0.066000, 1.69, 2025-03-11T15:30:00+00:00, 2025-03-11T16:00:00+00:00
0.059000, 1.51, 2025-03-11T16:00:00+00:00, 2025-03-11T16:30:00+00:00
0.106000, 2.71, 2025-03-11T16:30:00+00:00, 2025-03-11T17:00:00+00:00
0.061000, 1.56, 2025-03-11T17:00:00+00:00, 2025-03-11T17:30:00+00:00
0.086000, 2.20, 2025-03-11T17:30:00+00:00, 2025-03-11T18:00:00+00:00
0.686000, 17.54, 2025-03-11T18:00:00+00:00, 2025-03-11T18:30:00+00:00
0.854000, 21.84, 2025-03-11T18:30:00+00:00, 2025-03-11T19:00:00+00:00
0.347000, 8.87, 2025-03-11T19:00:00+00:00, 2025-03-11T19:30:00+00:00
0.227000, 5.81, 2025-03-11T19:30:00+00:00, 2025-03-11T20:00:00+00:00
0.330000, 8.44, 2025-03-11T20:00:00+00:00, 2025-03-11T20:30:00+00:00
0.125000, 3.20, 2025-03-11T20:30:00+00:00, 2025-03-11T21:00:00+00:00
0.545000, 13.94, 2025-03-11T21:00:00+00:00, 2025-03-11T21:30:00+00:00
0.127000, 3.25, 2025-03-11T21:30:00+00:00, 2025-03-11T22:00:00+00:00
0.293000, 7.49, 2025-03-11T22:00:00+00:00, 2025-03-11T22:30:00+00:00
0.250000, 6.39, 2025-03-11T22:30:00+00:00, 2025-03-11T23:00:00+00:00
0.493000, 12.61, 2025-03-11T23:00:00+00:00, 2025-03-11T23:30:00+00:00
0.116000, 2.97, 2025-03-11T23:30:00+00:00, 2025-03-12T00:00:00+00:00
0.078000, 1.99, 2025-03-12T00:00:00+00:00, 2025-03-12T00:30:00+00:00
0.076000, 1.94, 2025-03-12T00:30:00+00:00, 2025-03-12T01:00:00+00:00
0.100000, 2.56, 2025-03-12T01:00:00+00:00, 2025-03-12T01:30:00+00:00
0.065000, 1.66, 2025-03-12T01:30:00+00:00, 2025-03-12T02:00:00+00:00
0.072000, 1.84, 2025-03-12T02:00:00+00:00, 2025-03-12T02:30:00+00:00
0.091000, 2.33, 2025-03-12T02:30:00+00:00, 2025-03-12T03:00:00+00:00
0.093000, 2.38, 2025-03-12T03:00:00+00:00, 2025-03-12T03:30:00+00:00
0.061000, 1.56, 2025-03-12T03:30:00+00:00, 2025-03-12T04:00:00+00:00
0.074000, 1.89, 2025-03-12T04:00:00+00:00, 2025-03-12T04:30:00+00:00
0.089000, 2.28, 2025-03-12T04:30:00+00:00, 2025-03-12T05:00:00+00:00
0.061000, 1.56, 2025-03-12T05:00:00+00:00, 2025-03-12T05:30:00+00:00
0.059000, 1.51, 2025-03-12T05:30:00+00:00, 2025-03-12T06:00:00+00:00
1.128000, 28.85, 2025-03-12T06:00:00+00:00, 2025-03-12T06:30:00+00:00
1.354000, 34.63, 2025-03-12T06:30:00+00:00, 2025-03-12T07:00:00+00:00
1.980000, 50.64, 2025-03-12T07:00:00+00:00, 2025-03-12T07:30:00+00:00
0.114000, 2.92, 2025-03-12T07:30:00+00:00, 2025-03-12T08:00:00+00:00
0.081000, 2.07, 2025-03-12T08:00:00+00:00, 2025-03-12T08:30:00+00:00
0.067000, 1.71, 2025-03-12T08:30:00+00:00, 2025-03-12T09:00:00+00:00
0.061000, 1.56, 2025-03-12T09:00:00+00:00, 2025-03-12T09:30:00+00:00
0.097000, 2.48, 2025-03-12T09:30:00+00:00, 2025-03-12T10:00:00+00:00
0.065000, 1.66, 2025-03-12T10:00:00+00:00, 2025-03-12T10:30:00+00:00
0.062000, 1.59, 2025-03-12T10:30:00+00:00, 2025-03-12T11:00:00+00:00
0.099000, 2.53, 2025-03-12T11:00:00+00:00, 2025-03-12T11:30:00+00:00
0.067000, 1.71, 2025-03-12T11:30:00+00:00, 2025-03-12T12:00:00+00:00
0.066000, 1.69, 2025-03-12T12:00:00+00:00, 2025-03-12T12:30:00+00:00
0.092000, 2.35, 2025-03-12T12:30:00+00:00, 2025-03-12T13:00:00+00:00
0.085000, 2.17, 2025-03-12T13:00:00+00:00, 2025-03-12T13:30:00+00:00
0.071000, 1.82, 2025-03-12T13:30:00+00:00, 2025-03-12T14:00:00+00:00
0.072000, 1.84, 2025-03-12T14:00:00+00:00, 2025-03-12T14:30:00+00:00
0.098000, 2.51, 2025-03-12T14:30:00+00:00, 2025-03-12T15:00:00+00:00
0.079000, 2.02, 2025-03-12T15:00:00+00:00, 2025-03-12T15:30:00+00:00
0.061000, 1.56, 2025-03-12T15:30:00+00:00, 2025-03-12T16:00:00+00:00
0.103000, 2.63, 2025-03-12T16:00:00+00:00, 2025-03-12T16:30:00+00:00
0.162000, 4.14, 2025-03-12T16:30:00+00:00, 2025-03-12T17:00:00+00:00
0.224000, 5.73, 2025-03-12T17:00:00+00:00, 2025-03-12T17:30:00+00:00
0.163000, 4.17, 2025-03-12T17:30:00+00:00, 2025-03-12T18:00:00+00:00
0.738000, 18.87, 2025-03-12T18:00:00+00:00, 2025-03-12T18:30:00+00:00
1.920000, 49.10, 2025-03-12T18:30:00+00:00, 2025-03-12T19:00:00+00:00
2.084000, 53.30, 2025-03-12T19:00:00+00:00, 2025-03-12T19:30:00+00:00
0.925000, 23.66, 2025-03-12T19:30:00+00:00, 2025-03-12T20:00:00+00:00
0.939000, 24.01, 2025-03-12T20:00:00+00:00, 2025-03-12T20:30:00+00:00
0.792000, 20.26, 2025-03-12T20:30:00+00:00, 2025-03-12T21:00:00+00:00
0.132000, 3.38, 2025-03-12T21:00:00+00:00, 2025-03-12T21:30:00+00:00
0.094000, 2.40, 2025-03-12T21:30:00+00:00, 2025-03-12T22:00:00+00:00
0.095000, 2.43, 2025-03-12T22:00:00+00:00, 2025-03-12T22:30:00+00:00
0.093000, 2.38, 2025-03-12T22:30:00+00:00, 2025-03-12T23:00:00+00:00
0.084000, 2.15, 2025-03-12T23:00:00+00:00, 2025-03-12T23:30:00+00:00
0.086000, 2.20, 2025-03-12T23:30:00+00:00, 2025-03-13T00:00:00+00:00
0.076000, 1.94, 2025-03-13T00:00:00+00:00, 2025-03-13T00:30:00+00:00
0.092000, 2.35, 2025-03-13T00:30:00+00:00, 2025-03-13T01:00:00+00:00
0.077000, 1.97, 2025-03-13T01:00:00+00:00, 2025-03-13T01:30:00+00:00
0.082000, 2.10, 2025-03-13T01:30:00+00:00, 2025-03-13T02:00:00+00:00
0.088000, 2.25, 2025-03-13T02:00:00+00:00, 2025-03-13T02:30:00+00:00
0.072000, 1.84, 2025-03-13T02:30:00+00:00, 2025-03-13T03:00:00+00:00
0.093000, 2.38, 2025-03-13T03:00:00+00:00, 2025-03-13T03:30:00+00:00
0.067000, 1.71, 2025-03-13T03:30:00+00:00, 2025-03-13T04:00:00+00:00
0.086000, 2.20, 2025-03-13T04:00:00+00:00, 2025-03-13T04:30:00+00:00
0.081000, 2.07, 2025-03-13T04:30:00+00:00, 2025-03-13T05:00:00+00:00
0.061000, 1.56, 2025-03-13T05:00:00+00:00, 2025-03-13T05:30:00+00:00
0.104000, 2.66, 2025-03-13T05:30:00+00:00, 2025-03-13T06:00:00+00:00
0.059000, 1.51, 2025-03-13T06:00:00+00:00, 2025-03-13T06:30:00+00:00
0.085000, 2.17, 2025-03-13T06:30:00+00:00, 2025-03-13T07:00:00+00:00
2.952000, 75.50, 2025-03-13T07:00:00+00:00, 2025-03-13T07:30:00+00:00
0.158000, 4.04, 2025-03-13T07:30:00+00:00, 2025-03-13T08:00:00+00:00
0.819000, 20.95, 2025-03-13T08:00:00+00:00, 2025-03-13T08:30:00+00:00
0.068000, 1.74, 2025-03-13T08:30:00+00:00, 2025-03-13T09:00:00+00:00
0.227000, 5.81, 2025-03-13T09:00:00+00:00, 2025-03-13T09:30:00+00:00
0.105000, 2.69, 2025-03-13T09:30:00+00:00, 2025-03-13T10:00:00+00:00
0.091000, 2.33, 2025-03-13T10:00:00+00:00, 2025-03-13T10:30:00+00:00
0.113000, 2.89, 2025-03-13T10:30:00+00:00, 2025-03-13T11:00:00+00:00
0.089000, 2.28, 2025-03-13T11:00:00+00:00, 2025-03-13T11:30:00+00:00
0.077000, 1.97, 2025-03-13T11:30:00+00:00, 2025-03-13T12:00:00+00:00
0.109000, 2.79, 2025-03-13T12:00:00+00:00, 2025-03-13T12:30:00+00:00
0.063000, 1.61, 2025-03-13T12:30:00+00:00, 2025-03-13T13:00:00+00:00
0.113000, 2.89, 2025-03-13T13:00:00+00:00, 2025-03-13T13:30:00+00:00
0.229000, 5.86, 2025-03-13T13:30:00+00:00, 2025-03-13T14:00:00+00:00
0.103000, 2.63, 2025-03-13T14:00:00+00:00, 2025-03-13T14:30:00+00:00
0.090000, 2.30, 2025-03-13T14:30:00+00:00, 2025-03-13T15:00:00+00:00
0.100000, 2.56, 2025-03-13T15:00:00+00:00, 2025-03-13T15:30:00+00:00
0.062000, 1.59, 2025-03-13T15:30:00+00:00, 2025-03-13T16:00:00+00:00
0.083000, 2.12, 2025-03-13T16:00:00+00:00, 2025-03-13T16:30:00+00:00
0.090000, 2.30, 2025-03-13T16:30:00+00:00, 2025-03-13T17:00:00+00:00
1.181000, 30.20, 2025-03-13T17:00:00+00:00, 2025-03-13T17:30:00+00:00
1.645000, 42.07, 2025-03-13T17:30:00+00:00, 2025-03-13T18:00:00+00:00
1.151000, 29.44, 2025-03-13T18:00:00+00:00, 2025-03-13T18:30:00+00:00
0.384000, 9.82, 2025-03-13T18:30:00+00:00, 2025-03-13T19:00:00+00:00
0.092000, 2.35, 2025-03-13T19:00:00+00:00, 2025-03-13T19:30:00+00:00
0.096000, 2.46, 2025-03-13T19:30:00+00:00, 2025-03-13T20:00:00+00:00
0.090000, 2.30, 2025-03-13T20:00:00+00:00, 2025-03-13T20:30:00+00:00
0.256000, 6.55, 2025-03-13T20:30:00+00:00, 2025-03-13T21:00:00+00:00
0.080000, 2.05, 2025-03-13T21:00:00+00:00, 2025-03-13T21:30:00+00:00
0.075000, 1.92, 2025-03-13T21:30:00+00:00, 2025-03-13T22:00:00+00:00
0.083000, 2.12, 2025-03-13T22:00:00+00:00, 2025-03-13T22:30:00+00:00
0.084000, 2.15, 2025-03-13T22:30:00+00:00, 2025-03-13T23:00:00+00:00
0.063000, 1.61, 2025-03-13T23:00:00+00:00, 2025-03-13T23:30:00+00:00
0.092000, 2.35, 2025-03-13T23:30:00+00:00, 2025-03-14T00:00:00+00:00
0.071000, 1.82, 2025-03-14T00:00:00+00:00, 2025-03-14T00:30:00+00:00
0.072000, 1.84, 2025-03-14T00:30:00+00:00, 2025-03-14T01:00:00+00:00
0.079000, 2.02, 2025-03-14T01:00:00+00:00, 2025-03-14T01:30:00+00:00
0.219000, 5.60, 2025-03-14T01:30:00+00:00, 2025-03-14T02:00:00+00:00
0.101000, 2.58, 2025-03-14T02:00:00+00:00, 2025-03-14T02:30:00+00:00
0.104000, 2.66, 2025-03-14T02:30:00+00:00, 2025-03-14T03:00:00+00:00
0.097000, 2.48, 2025-03-14T03:00:00+00:00, 2025-03-14T03:30:00+00:00
0.068000, 1.74, 2025-03-14T03:30:00+00:00, 2025-03-14T04:00:00+00:00
0.084000, 2.15, 2025-03-14T04:00:00+00:00, 2025-03-14T04:30:00+00:00
0.074000, 1.89, 2025-03-14T04:30:00+00:00, 2025-03-14T05:00:00+00:00
0.067000, 1.71, 2025-03-14T05:00:00+00:00, 2025-03-14T05:30:00+00:00
0.078000, 1.99, 2025-03-14T05:30:00+00:00, 2025-03-14T06:00:00+00:00
0.073000, 1.87, 2025-03-14T06:00:00+00:00, 2025-03-14T06:30:00+00:00
0.070000, 1.79, 2025-03-14T06:30:00+00:00, 2025-03-14T07:00:00+00:00
2.877000, 73.58, 2025-03-14T07:00:00+00:00, 2025-03-14T07:30:00+00:00
0.437000, 11.18, 2025-03-14T07:30:00+00:00, 2025-03-14T08:00:00+00:00
0.153000, 3.91, 2025-03-14T08:00:00+00:00, 2025-03-14T08:30:00+00:00
0.077000, 1.97, 2025-03-14T08:30:00+00:00, 2025-03-14T09:00:00+00:00
0.161000, 4.12, 2025-03-14T09:00:00+00:00, 2025-03-14T09:30:00+00:00
0.091000, 2.33, 2025-03-14T09:30:00+00:00, 2025-03-14T10:00:00+00:00
0.273000, 6.98, 2025-03-14T10:00:00+00:00, 2025-03-14T10:30:00+00:00
0.320000, 8.18, 2025-03-14T10:30:00+00:00, 2025-03-14T11:00:00+00:00
0.080000, 2.05, 2025-03-14T11:00:00+00:00, 2025-03-14T11:30:00+00:00
0.107000, 2.74, 2025-03-14T11:30:00+00:00, 2025-03-14T12:00:00+00:00
1.874000, 47.93, 2025-03-14T12:00:00+00:00, 2025-03-14T12:30:00+00:00
0.155000, 3.96, 2025-03-14T12:30:00+00:00, 2025-03-14T13:00:00+00:00
0.124000, 3.17, 2025-03-14T13:00:00+00:00, 2025-03-14T13:30:00+00:00
0.100000, 2.56, 2025-03-14T13:30:00+00:00, 2025-03-14T14:00:00+00:00
0.103000, 2.63, 2025-03-14T14:00:00+00:00, 2025-03-14T14:30:00+00:00
0.106000, 2.71, 2025-03-14T14:30:00+00:00, 2025-03-14T15:00:00+00:00
0.072000, 1.84, 2025-03-14T15:00:00+00:00, 2025-03-14T15:30:00+00:00
0.077000, 1.97, 2025-03-14T15:30:00+00:00, 2025-03-14T16:00:00+00:00
0.083000, 2.12, 2025-03-14T16:00:00+00:00, 2025-03-14T16:30:00+00:00
0.146000, 3.73, 2025-03-14T16:30:00+00:00, 2025-03-14T17:00:00+00:00
0.119000, 3.04, 2025-03-14T17:00:00+00:00, 2025-03-14T17:30:00+00:00
0.104000, 2.66, 2025-03-14T17:30:00+00:00, 2025-03-14T18:00:00+00:00
0.098000, 2.51, 2025-03-14T18:00:00+00:00, 2025-03-14T18:30:00+00:00
2.034000, 52.02, 2025-03-14T18:30:00+00:00, 2025-03-14T19:00:00+00:00
1.170000, 29.92, 2025-03-14T19:00:00+00:00, 2025-03-14T19:30:00+00:00
1.040000, 26.60, 2025-03-14T19:30:00+00:00, 2025-03-14T20:00:00+00:00
0.211000, 5.40, 2025-03-14T20:00:00+00:00, 2025-03-14T20:30:00+00:00
0.175000, 4.48, 2025-03-14T20:30:00+00:00, 2025-03-14T21:00:00+00:00
0.180000, 4.60, 2025-03-14T21:00:00+00:00, 2025-03-14T21:30:00+00:00
0.317000, 8.11, 2025-03-14T21:30:00+00:00, 2025-03-14T22:00:00+00:00
0.125000, 3.20, 2025-03-14T22:00:00+00:00, 2025-03-14T22:30:00+00:00
0.105000, 2.69, 2025-03-14T22:30:00+00:00, 2025-03-14T23:00:00+00:00
0.099000, 2.53, 2025-03-14T23:00:00+00:00, 2025-03-14T23:30:00+00:00
0.071000, 1.82, 2025-03-14T23:30:00+00:00, 2025-03-15T00:00:00+00:00
0.063000, 1.61, 2025-03-15T00:00:00+00:00, 2025-03-15T00:30:00+00:00
0.073000, 1.87, 2025-03-15T00:30:00+00:00, 2025-03-15T01:00:00+00:00
0.077000, 1.97, 2025-03-15T01:00:00+00:00, 2025-03-15T01:30:00+00:00
0.069000, 1.76, 2025-03-15T01:30:00+00:00, 2025-03-15T02:00:00+00:00
0.073000, 1.87, 2025-03-15T02:00:00+00:00, 2025-03-15T02:30:00+00:00
0.084000, 2.15, 2025-03-15T02:30:00+00:00, 2025-03-15T03:00:00+00:00
0.060000, 1.53, 2025-03-15T03:00:00+00:00, 2025-03-15T03:30:00+00:00
0.077000, 1.97, 2025-03-15T03:30:00+00:00, 2025-03-15T04:00:00+00:00
0.080000, 2.05, 2025-03-15T04:00:00+00:00, 2025-03-15T04:30:00+00:00
0.069000, 1.76, 2025-03-15T04:30:00+00:00, 2025-03-15T05:00:00+00:00
0.090000, 2.30, 2025-03-15T05:00:00+00:00, 2025-03-15T05:30:00+00:00
0.089000, 2.28, 2025-03-15T05:30:00+00:00, 2025-03-15T06:00:00+00:00
0.060000, 1.53, 2025-03-15T06:00:00+00:00, 2025-03-15T06:30:00+00:00
0.070000, 1.79, 2025-03-15T06:30:00+00:00, 2025-03-15T07:00:00+00:00
0.089000, 2.28, 2025-03-15T07:00:00+00:00, 2025-03-15T07:30:00+00:00
0.060000, 1.53, 2025-03-15T07:30:00+00:00, 2025-03-15T08:00:00+00:00
0.081000, 2.07, 2025-03-15T08:00:00+00:00, 2025-03-15T08:30:00+00:00
0.084000, 2.15, 2025-03-15T08:30:00+00:00, 2025-03-15T09:00:00+00:00
0.065000, 1.66, 2025-03-15T09:00:00+00:00, 2025-03-15T09:30:00+00:00
1.961000, 50.15, 2025-03-15T09:30:00+00:00, 2025-03-15T10:00:00+00:00
0.083000, 2.12, 2025-03-15T10:00:00+00:00, 2025-03-15T10:30:00+00:00
0.081000, 2.07, 2025-03-15T10:30:00+00:00, 2025-03-15T11:00:00+00:00
1.162000, 29.72, 2025-03-15T11:00:00+00:00, 2025-03-15T11:30:00+00:00
0.587000, 15.01, 2025-03-15T11:30:00+00:00, 2025-03-15T12:00:00+00:00
2.068000, 52.89, 2025-03-15T12:00:00+00:00, 2025-03-15T12:30:00+00:00
1.291000, 33.02, 2025-03-15T12:30:00+00:00, 2025-03-15T13:00:00+00:00
0.485000, 12.40, 2025-03-15T13:00:00+00:00, 2025-03-15T13:30:00+00:00
0.184000, 4.71, 2025-03-15T13:30:00+00:00, 2025-03-15T14:00:00+00:00
0.131000, 3.35, 2025-03-15T14:00:00+00:00, 2025-03-15T14:30:00+00:00
0.142000, 3.63, 2025-03-15T14:30:00+00:00, 2025-03-15T15:00:00+00:00
0.141000, 3.61, 2025-03-15T15:00:00+00:00, 2025-03-15T15:30:00+00:00
0.097000, 2.48, 2025-03-15T15:30:00+00:00, 2025-03-15T16:00:00+00:00
0.105000, 2.69, 2025-03-15T16:00:00+00:00, 2025-03-15T16:30:00+00:00
0.207000, 5.29, 2025-03-15T16:30:00+00:00, 2025-03-15T17:00:00+00:00
0.215000, 5.50, 2025-03-15T17:00:00+00:00, 2025-03-15T17:30:00+00:00
0.133000, 3.40, 2025-03-15T17:30:00+00:00, 2025-03-15T18:00:00+00:00
0.313000, 8.00, 2025-03-15T18:00:00+00:00, 2025-03-15T18:30:00+00:00
0.237000, 6.06, 2025-03-15T18:30:00+00:00, 2025-03-15T19:00:00+00:00
0.136000, 3.48, 2025-03-15T19:00:00+00:00, 2025-03-15T19:30:00+00:00
0.229000, 5.86, 2025-03-15T19:30:00+00:00, 2025-03-15T20:00:00+00:00
0.243000, 6.21, 2025-03-15T20:00:00+00:00, 2025-03-15T20:30:00+00:00
0.303000, 7.75, 2025-03-15T20:30:00+00:00, 2025-03-15T21:00:00+00:00
0.227000, 5.81, 2025-03-15T21:00:00+00:00, 2025-03-15T21:30:00+00:00
0.140000, 3.58, 2025-03-15T21:30:00+00:00, 2025-03-15T22:00:00+00:00
0.143000, 3.66, 2025-03-15T22:00:00+00:00, 2025-03-15T22:30:00+00:00
0.103000, 2.63, 2025-03-15T22:30:00+00:00, 2025-03-15T23:00:00+00:00
0.136000, 3.48, 2025-03-15T23:00:00+00:00, 2025-03-15T23:30:00+00:00
0.135000, 3.45, 2025-03-15T23:30:00+00:00, 2025-03-16T00:00:00+00:00
0.112000, 2.86, 2025-03-16T00:00:00+00:00, 2025-03-16T00:30:00+00:00
0.109000, 2.79, 2025-03-16T00:30:00+00:00, 2025-03-16T01:00:00+00:00
0.099000, 2.53, 2025-03-16T01:00:00+00:00, 2025-03-16T01:30:00+00:00
0.121000, 3.09, 2025-03-16T01:30:00+00:00, 2025-03-16T02:00:00+00:00
0.101000, 2.58, 2025-03-16T02:00:00+00:00, 2025-03-16T02:30:00+00:00
0.097000, 2.48, 2025-03-16T02:30:00+00:00, 2025-03-16T03:00:00+00:00
0.109000, 2.79, 2025-03-16T03:00:00+00:00, 2025-03-16T03:30:00+00:00
0.061000, 1.56, 2025-03-16T03:30:00+00:00, 2025-03-16T04:00:00+00:00
0.089000, 2.28, 2025-03-16T04:00:00+00:00, 2025-03-16T04:30:00+00:00
0.080000, 2.05, 2025-03-16T04:30:00+00:00, 2025-03-16T05:00:00+00:00
0.061000, 1.56, 2025-03-16T05:00:00+00:00, 2025-03-16T05:30:00+00:00
0.101000, 2.58, 2025-03-16T05:30:00+00:00, 2025-03-16T06:00:00+00:00
0.062000, 1.59, 2025-03-16T06:00:00+00:00, 2025-03-16T06:30:00+00:00
0.070000, 1.79, 2025-03-16T06:30:00+00:00, 2025-03-16T07:00:00+00:00
0.098000, 2.51, 2025-03-16T07:00:00+00:00, 2025-03-16T07:30:00+00:00
0.222000, 5.68, 2025-03-16T07:30:00+00:00, 2025-03-16T08:00:00+00:00
0.073000, 1.87, 2025-03-16T08:00:00+00:00, 2025-03-16T08:30:00+00:00
0.079000, 2.02, 2025-03-16T08:30:00+00:00, 2025-03-16T09:00:00+00:00
2.571000, 65.75, 2025-03-16T09:00:00+00:00, 2025-03-16T09:30:00+00:00
1.587000, 40.59, 2025-03-16T09:30:00+00:00, 2025-03-16T10:00:00+00:00
3.230000, 82.61, 2025-03-16T10:00:00+00:00, 2025-03-16T10:30:00+00:00
0.066000, 1.69, 2025-03-16T10:30:00+00:00, 2025-03-16T11:00:00+00:00
0.095000, 2.43, 2025-03-16T11:00:00+00:00, 2025-03-16T11:30:00+00:00
0.068000, 1.74, 2025-03-16T11:30:00+00:00, 2025-03-16T12:00:00+00:00
0.059000, 1.51, 2025-03-16T12:00:00+00:00, 2025-03-16T12:30:00+00:00
0.104000, 2.66, 2025-03-16T12:30:00+00:00, 2025-03-16T13:00:00+00:00
0.059000, 1.51, 2025-03-16T13:00:00+00:00, 2025-03-16T13:30:00+00:00
0.068000, 1.74, 2025-03-16T13:30:00+00:00, 2025-03-16T14:00:00+00:00
0.090000, 2.30, 2025-03-16T14:00:00+00:00, 2025-03-16T14:30:00+00:00
0.183000, 4.68, 2025-03-16T14:30:00+00:00, 2025-03-16T15:00:00+00:00
0.246000, 6.29, 2025-03-16T15:00:00+00:00, 2025-03-16T15:30:00+00:00
0.324000, 8.29, 2025-03-16T15:30:00+00:00, 2025-03-16T16:00:00+00:00
0.326000, 8.34, 2025-03-16T16:00:00+00:00, 2025-03-16T16:30:00+00:00
0.342000, 8.75, 2025-03-16T16:30:00+00:00, 2025-03-16T17:00:00+00:00
0.309000, 7.90, 2025-03-16T17:00:00+00:00, 2025-03-16T17:30:00+00:00
0.783000, 20.03, 2025-03-16T17:30:00+00:00, 2025-03-16T18:00:00+00:00
0.536000, 13.71, 2025-03-16T18:00:00+00:00, 2025-03-16T18:30:00+00:00
0.507000, 12.97, 2025-03-16T18:30:00+00:00, 2025-03-16T19:00:00+00:00
0.595000, 15.22, 2025-03-16T19:00:00+00:00, 2025-03-16T19:30:00+00:00
0.781000, 19.97, 2025-03-16T19:30:00+00:00, 2025-03-16T20:00:00+00:00
0.735000, 18.80, 2025-03-16T20:00:00+00:00, 2025-03-16T20:30:00+00:00
0.108000, 2.76, 2025-03-16T20:30:00+00:00, 2025-03-16T21:00:00+00:00
0.247000, 6.32, 2025-03-16T21:00:00+00:00, 2025-03-16T21:30:00+00:00
0.122000, 3.12, 2025-03-16T21:30:00+00:00, 2025-03-16T22:00:00+00:00
0.105000, 2.69, 2025-03-16T22:00:00+00:00, 2025-03-16T22:30:00+00:00
0.087000, 2.23, 2025-03-16T22:30:00+00:00, 2025-03-16T23:00:00+00:00
0.106000, 2.71, 2025-03-16T23:00:00+00:00, 2025-03-16T23:30:00+00:00
0.064000, 1.64, 2025-03-16T23:30:00+00:00, 2025-03-17T00:00:00+00:00
0.057000, 1.46, 2025-03-17T00:00:00+00:00, 2025-03-17T00:30:00+00:00
0.087000, 2.23, 2025-03-17T00:30:00+00:00, 2025-03-17T01:00:00+00:00
0.068000, 1.74, 2025-03-17T01:00:00+00:00, 2025-03-17T01:30:00+00:00
0.061000, 1.56, 2025-03-17T01:30:00+00:00, 2025-03-17T02:00:00+00:00
0.065000, 1.66, 2025-03-17T02:00:00+00:00, 2025-03-17T02:30:00+00:00
0.040000, 1.02, 2025-03-17T02:30:00+00:00, 2025-03-17T03:00:00+00:00
0.054000, 1.38, 2025-03-17T03:00:00+00:00, 2025-03-17T03:30:00+00:00
0.070000, 1.79, 2025-03-17T03:30:00+00:00, 2025-03-17T04:00:00+00:00
0.067000, 1.71, 2025-03-17T04:00:00+00:00, 2025-03-17T04:30:00+00:00
0.053000, 1.36, 2025-03-17T04:30:00+00:00, 2025-03-17T05:00:00+00:00
0.072000, 1.84, 2025-03-17T05:00:00+00:00, 2025-03-17T05:30:00+00:00
0.031000, 0.79, 2025-03-17T05:30:00+00:00, 2025-03-17T06:00:00+00:00
0.039000, 1.00, 2025-03-17T06:00:00+00:00, 2025-03-17T06:30:00+00:00
0.088000, 2.25, 2025-03-17T06:30:00+00:00, 2025-03-17T07:00:00+00:00
2.090000, 53.45, 2025-03-17T07:00:00+00:00, 2025-03-17T07:30:00+00:00
0.897000, 22.94, 2025-03-17T07:30:00+00:00, 2025-03-17T08:00:00+00:00
0.718000, 18.36, 2025-03-17T08:00:00+00:00, 2025-03-17T08:30:00+00:00
0.204000, 5.22, 2025-03-17T08:30:00+00:00, 2025-03-17T09:00:00+00:00
0.056000, 1.43, 2025-03-17T09:00:00+00:00, 2025-03-17T09:30:00+00:00
0.139000, 3.55, 2025-03-17T09:30:00+00:00, 2025-03-17T10:00:00+00:00
0.068000, 1.74, 2025-03-17T10:00:00+00:00, 2025-03-17T10:30:00+00:00
0.075000, 1.92, 2025-03-17T10:30:00+00:00, 2025-03-17T11:00:00+00:00
0.157000, 4.02, 2025-03-17T11:00:00+00:00, 2025-03-17T11:30:00+00:00
0.130000, 3.32, 2025-03-17T11:30:00+00:00, 2025-03-17T12:00:00+00:00
1.406000, 35.96, 2025-03-17T12:00:00+00:00, 2025-03-17T12:30:00+00:00
0.116000, 2.97, 2025-03-17T12:30:00+00:00, 2025-03-17T13:00:00+00:00
0.064000, 1.64, 2025-03-17T13:00:00+00:00, 2025-03-17T13:30:00+00:00
0.051000, 1.30, 2025-03-17T13:30:00+00:00, 2025-03-17T14:00:00+00:00
0.092000, 2.35, 2025-03-17T14:00:00+00:00, 2025-03-17T14:30:00+00:00
0.149000, 3.81, 2025-03-17T14:30:00+00:00, 2025-03-17T15:00:00+00:00
0.058000, 1.48, 2025-03-17T15:00:00+00:00, 2025-03-17T15:30:00+00:00
0.191000, 4.88, 2025-03-17T15:30:00+00:00, 2025-03-17T16:00:00+00:00
1.426000, 36.47, 2025-03-17T16:00:00+00:00, 2025-03-17T16:30:00+00:00
0.877000, 22.43, 2025-03-17T16:30:00+00:00, 2025-03-17T17:00:00+00:00
0.130000, 3.32, 2025-03-17T17:00:00+00:00, 2025-03-17T17:30:00+00:00
0.386000, 9.87, 2025-03-17T17:30:00+00:00, 2025-03-17T18:00:00+00:00
0.605000, 15.47, 2025-03-17T18:00:00+00:00, 2025-03-17T18:30:00+00:00
0.498000, 12.74, 2025-03-17T18:30:00+00:00, 2025-03-17T19:00:00+00:00
1.222000, 31.25, 2025-03-17T19:00:00+00:00, 2025-03-17T19:30:00+00:00
0.162000, 4.14, 2025-03-17T19:30:00+00:00, 2025-03-17T20:00:00+00:00
0.161000, 4.12, 2025-03-17T20:00:00+00:00, 2025-03-17T20:30:00+00:00
0.242000, 6.19, 2025-03-17T20:30:00+00:00, 2025-03-17T21:00:00+00:00
0.075000, 1.92, 2025-03-17T21:00:00+00:00, 2025-03-17T21:30:00+00:00
0.105000, 2.69, 2025-03-17T21:30:00+00:00, 2025-03-17T22:00:00+00:00
0.064000, 1.64, 2025-03-17T22:00:00+00:00, 2025-03-17T22:30:00+00:00
0.045000, 1.15, 2025-03-17T22:30:00+00:00, 2025-03-17T23:00:00+00:00
0.083000, 2.12, 2025-03-17T23:00:00+00:00, 2025-03-17T23:30:00+00:00
0.046000, 1.18, 2025-03-17T23:30:00+00:00, 2025-03-18T00:00:00+00:00
0.049000, 1.25, 2025-03-18T00:00:00+00:00, 2025-03-18T00:30:00+00:00
0.073000, 1.87, 2025-03-18T00:30:00+00:00, 2025-03-18T01:00:00+00:00
0.051000, 1.30, 2025-03-18T01:00:00+00:00, 2025-03-18T01:30:00+00:00
0.043000, 1.10, 2025-03-18T01:30:00+00:00, 2025-03-18T02:00:00+00:00
0.072000, 1.84, 2025-03-18T02:00:00+00:00, 2025-03-18T02:30:00+00:00
0.074000, 1.89, 2025-03-18T02:30:00+00:00, 2025-03-18T03:00:00+00:00
0.045000, 1.15, 2025-03-18T03:00:00+00:00, 2025-03-18T03:30:00+00:00
0.067000, 1.71, 2025-03-18T03:30:00+00:00, 2025-03-18T04:00:00+00:00
0.062000, 1.59, 2025-03-18T04:00:00+00:00, 2025-03-18T04:30:00+00:00
0.055000, 1.41, 2025-03-18T04:30:00+00:00, 2025-03-18T05:00:00+00:00
0.086000, 2.20, 2025-03-18T05:00:00+00:00, 2025-03-18T05:30:00+00:00
0.077000, 1.97, 2025-03-18T05:30:00+00:00, 2025-03-18T06:00:00+00:00
0.042000, 1.07, 2025-03-18T06:00:00+00:00, 2025-03-18T06:30:00+00:00
0.244000, 6.24, 2025-03-18T06:30:00+00:00, 2025-03-18T07:00:00+00:00
0.070000, 1.79, 2025-03-18T07:00:00+00:00, 2025-03-18T07:30:00+00:00
2.523000, 64.53, 2025-03-18T07:30:00+00:00, 2025-03-18T08:00:00+00:00
1.447000, 37.01, 2025-03-18T08:00:00+00:00, 2025-03-18T08:30:00+00:00
0.094000, 2.40, 2025-03-18T08:30:00+00:00, 2025-03-18T09:00:00+00:00
0.301000, 7.70, 2025-03-18T09:00:00+00:00, 2025-03-18T09:30:00+00:00
0.077000, 1.97, 2025-03-18T09:30:00+00:00, 2025-03-18T10:00:00+00:00
0.097000, 2.48, 2025-03-18T10:00:00+00:00, 2025-03-18T10:30:00+00:00
0.248000, 6.34, 2025-03-18T10:30:00+00:00, 2025-03-18T11:00:00+00:00
0.066000, 1.69, 2025-03-18T11:00:00+00:00, 2025-03-18T11:30:00+00:00
0.080000, 2.05, 2025-03-18T11:30:00+00:00, 2025-03-18T12:00:00+00:00
0.116000, 2.97, 2025-03-18T12:00:00+00:00, 2025-03-18T12:30:00+00:00
0.063000, 1.61, 2025-03-18T12:30:00+00:00, 2025-03-18T13:00:00+00:00
0.072000, 1.84, 2025-03-18T13:00:00+00:00, 2025-03-18T13:30:00+00:00
0.046000, 1.18, 2025-03-18T13:30:00+00:00, 2025-03-18T14:00:00+00:00
0.056000, 1.43, 2025-03-18T14:00:00+00:00, 2025-03-18T14:30:00+00:00
0.097000, 2.48, 2025-03-18T14:30:00+00:00, 2025-03-18T15:00:00+00:00
0.058000, 1.48, 2025-03-18T15:00:00+00:00, 2025-03-18T15:30:00+00:00
0.048000, 1.23, 2025-03-18T15:30:00+00:00, 2025-03-18T16:00:00+00:00
0.117000, 2.99, 2025-03-18T16:00:00+00:00, 2025-03-18T16:30:00+00:00
0.098000, 2.51, 2025-03-18T16:30:00+00:00, 2025-03-18T17:00:00+00:00
0.091000, 2.33, 2025-03-18T17:00:00+00:00, 2025-03-18T17:30:00+00:00
0.126000, 3.22, 2025-03-18T17:30:00+00:00, 2025-03-18T18:00:00+00:00
0.133000, 3.40, 2025-03-18T18:00:00+00:00, 2025-03-18T18:30:00+00:00
0.123000, 3.15, 2025-03-18T18:30:00+00:00, 2025-03-18T19:00:00+00:00
0.125000, 3.20, 2025-03-18T19:00:00+00:00, 2025-03-18T19:30:00+00:00
0.182000, 4.65, 2025-03-18T19:30:00+00:00, 2025-03-18T20:00:00+00:00
0.191000, 4.88, 2025-03-18T20:00:00+00:00, 2025-03-18T20:30:00+00:00
0.061000, 1.56, 2025-03-18T20:30:00+00:00, 2025-03-18T21:00:00+00:00
0.073000, 1.87, 2025-03-18T21:00:00+00:00, 2025-03-18T21:30:00+00:00
0.068000, 1.74, 2025-03-18T21:30:00+00:00, 2025-03-18T22:00:00+00:00
0.092000, 2.35, 2025-03-18T22:00:00+00:00, 2025-03-18T22:30:00+00:00
0.061000, 1.56, 2025-03-18T22:30:00+00:00, 2025-03-18T23:00:00+00:00
0.138000, 3.53, 2025-03-18T23:00:00+00:00, 2025-03-18T23:30:00+00:00
0.039000, 1.00, 2025-03-18T23:30:00+00:00, 2025-03-19T00:00:00+00:00
0.045000, 1.15, 2025-03-19T00:00:00+00:00, 2025-03-19T00:30:00+00:00
0.111000, 2.84, 2025-03-19T00:30:00+00:00, 2025-03-19T01:00:00+00:00
0.066000, 1.69, 2025-03-19T01:00:00+00:00, 2025-03-19T01:30:00+00:00
0.072000, 1.84, 2025-03-19T01:30:00+00:00, 2025-03-19T02:00:00+00:00
0.074000, 1.89, 2025-03-19T02:00:00+00:00, 2025-03-19T02:30:00+00:00
0.070000, 1.79, 2025-03-19T02:30:00+00:00, 2025-03-19T03:00:00+00:00
0.048000, 1.23, 2025-03-19T03:00:00+00:00, 2025-03-19T03:30:00+00:00
0.050000, 1.28, 2025-03-19T03:30:00+00:00, 2025-03-19T04:00:00+00:00
0.081000, 2.07, 2025-03-19T04:00:00+00:00, 2025-03-19T04:30:00+00:00
0.053000, 1.36, 2025-03-19T04:30:00+00:00, 2025-03-19T05:00:00+00:00
0.042000, 1.07, 2025-03-19T05:00:00+00:00, 2025-03-19T05:30:00+00:00
0.088000, 2.25, 2025-03-19T05:30:00+00:00, 2025-03-19T06:00:00+00:00
0.041000, 1.05, 2025-03-19T06:00:00+00:00, 2025-03-19T06:30:00+00:00
0.041000, 1.05, 2025-03-19T06:30:00+00:00, 2025-03-19T07:00:00+00:00
1.960000, 50.13, 2025-03-19T07:00:00+00:00, 2025-03-19T07:30:00+00:00
1.807000, 46.21, 2025-03-19T07:30:00+00:00, 2025-03-19T08:00:00+00:00
0.227000, 5.81, 2025-03-19T08:00:00+00:00, 2025-03-19T08:30:00+00:00
0.038000, 0.97, 2025-03-19T08:30:00+00:00, 2025-03-19T09:00:00+00:00
0.270000, 6.91, 2025-03-19T09:00:00+00:00, 2025-03-19T09:30:00+00:00
0.063000, 1.61, 2025-03-19T09:30:00+00:00, 2025-03-19T10:00:00+00:00
0.077000, 1.97, 2025-03-19T10:00:00+00:00, 2025-03-19T10:30:00+00:00
0.124000, 3.17, 2025-03-19T10:30:00+00:00, 2025-03-19T11:00:00+00:00
0.335000, 8.57, 2025-03-19T11:00:00+00:00, 2025-03-19T11:30:00+00:00
0.083000, 2.12, 2025-03-19T11:30:00+00:00, 2025-03-19T12:00:00+00:00
0.099000, 2.53, 2025-03-19T12:00:00+00:00, 2025-03-19T12:30:00+00:00
0.060000, 1.53, 2025-03-19T12:30:00+00:00, 2025-03-19T13:00:00+00:00
0.052000, 1.33, 2025-03-19T13:00:00+00:00, 2025-03-19T13:30:00+00:00
0.067000, 1.71, 2025-03-19T13:30:00+00:00, 2025-03-19T14:00:00+00:00
0.083000, 2.12, 2025-03-19T14:00:00+00:00, 2025-03-19T14:30:00+00:00
0.190000, 4.86, 2025-03-19T14:30:00+00:00, 2025-03-19T15:00:00+00:00
0.085000, 2.17, 2025-03-19T15:00:00+00:00, 2025-03-19T15:30:00+00:00
0.070000, 1.79, 2025-03-19T15:30:00+00:00, 2025-03-19T16:00:00+00:00
0.044000, 1.13, 2025-03-19T16:00:00+00:00, 2025-03-19T16:30:00+00:00
0.208000, 5.32, 2025-03-19T16:30:00+00:00, 2025-03-19T17:00:00+00:00
0.456000, 11.66, 2025-03-19T17:00:00+00:00, 2025-03-19T17:30:00+00:00
0.099000, 2.53, 2025-03-19T17:30:00+00:00, 2025-03-19T18:00:00+00:00
0.049000, 1.25, 2025-03-19T18:00:00+00:00, 2025-03-19T18:30:00+00:00
0.078000, 1.99, 2025-03-19T18:30:00+00:00, 2025-03-19T19:00:00+00:00
0.113000, 2.89, 2025-03-19T19:00:00+00:00, 2025-03-19T19:30:00+00:00
0.325000, 8.31, 2025-03-19T19:30:00+00:00, 2025-03-19T20:00:00+00:00
0.525000, 13.43, 2025-03-19T20:00:00+00:00, 2025-03-19T20:30:00+00:00
0.134000, 3.43, 2025-03-19T20:30:00+00:00, 2025-03-19T21:00:00+00:00
0.279000, 7.14, 2025-03-19T21:00:00+00:00, 2025-03-19T21:30:00+00:00
0.461000, 11.79, 2025-03-19T21:30:00+00:00, 2025-03-19T22:00:00+00:00
0.055000, 1.41, 2025-03-19T22:00:00+00:00, 2025-03-19T22:30:00+00:00
0.091000, 2.33, 2025-03-19T22:30:00+00:00, 2025-03-19T23:00:00+00:00
0.028000, 0.72, 2025-03-19T23:00:00+00:00, 2025-03-19T23:30:00+00:00
0.064000, 1.64, 2025-03-19T23:30:00+00:00, 2025-03-20T00:00:00+00:00
0.064000, 1.60, 2025-03-20T00:00:00+00:00, 2025-03-20T00:30:00+00:00
0.041000, 1.02, 2025-03-20T00:30:00+00:00, 2025-03-20T01:00:00+00:00
0.051000, 1.27, 2025-03-20T01:00:00+00:00, 2025-03-20T01:30:00+00:00
0.087000, 2.17, 2025-03-20T01:30:00+00:00, 2025-03-20T02:00:00+00:00
0.076000, 1.90, 2025-03-20T02:00:00+00:00, 2025-03-20T02:30:00+00:00
0.061000, 1.52, 2025-03-20T02:30:00+00:00, 2025-03-20T03:00:00+00:00
0.035000, 0.87, 2025-03-20T03:00:00+00:00, 2025-03-20T03:30:00+00:00
0.084000, 2.10, 2025-03-20T03:30:00+00:00, 2025-03-20T04:00:00+00:00
0.040000, 1.00, 2025-03-20T04:00:00+00:00, 2025-03-20T04:30:00+00:00
0.041000, 1.02, 2025-03-20T04:30:00+00:00, 2025-03-20T05:00:00+00:00
0.093000, 2.32, 2025-03-20T05:00:00+00:00, 2025-03-20T05:30:00+00:00
0.071000, 1.77, 2025-03-20T05:30:00+00:00, 2025-03-20T06:00:00+00:00
0.046000, 1.15, 2025-03-20T06:00:00+00:00, 2025-03-20T06:30:00+00:00
1.400000, 34.97, 2025-03-20T06:30:00+00:00, 2025-03-20T07:00:00+00:00
1.275000, 31.85, 2025-03-20T07:00:00+00:00, 2025-03-20T07:30:00+00:00
0.289000, 7.22, 2025-03-20T07:30:00+00:00, 2025-03-20T08:00:00+00:00
0.076000, 1.90, 2025-03-20T08:00:00+00:00, 2025-03-20T08:30:00+00:00
0.083000, 2.07, 2025-03-20T08:30:00+00:00, 2025-03-20T09:00:00+00:00
0.108000, 2.70, 2025-03-20T09:00:00+00:00, 2025-03-20T09:30:00+00:00
0.085000, 2.12, 2025-03-20T09:30:00+00:00, 2025-03-20T10:00:00+00:00
0.088000, 2.20, 2025-03-20T10:00:00+00:00, 2025-03-20T10:30:00+00:00
0.077000, 1.92, 2025-03-20T10:30:00+00:00, 2025-03-20T11:00:00+00:00
0.060000, 1.50, 2025-03-20T11:00:00+00:00, 2025-03-20T11:30:00+00:00
0.041000, 1.02, 2025-03-20T11:30:00+00:00, 2025-03-20T12:00:00+00:00
0.128000, 3.20, 2025-03-20T12:00:00+00:00, 2025-03-20T12:30:00+00:00
0.102000, 2.55, 2025-03-20T12:30:00+00:00, 2025-03-20T13:00:00+00:00
0.082000, 2.05, 2025-03-20T13:00:00+00:00, 2025-03-20T13:30:00+00:00
1.562000, 39.02, 2025-03-20T13:30:00+00:00, 2025-03-20T14:00:00+00:00
0.105000, 2.62, 2025-03-20T14:00:00+00:00, 2025-03-20T14:30:00+00:00
3.128000, 78.14, 2025-03-20T14:30:00+00:00, 2025-03-20T15:00:00+00:00
0.074000, 1.85, 2025-03-20T15:00:00+00:00, 2025-03-20T15:30:00+00:00
0.236000, 5.90, 2025-03-20T15:30:00+00:00, 2025-03-20T16:00:00+00:00
0.083000, 2.07, 2025-03-20T16:00:00+00:00, 2025-03-20T16:30:00+00:00
0.395000, 9.87, 2025-03-20T16:30:00+00:00, 2025-03-20T17:00:00+00:00
0.196000, 4.90, 2025-03-20T17:00:00+00:00, 2025-03-20T17:30:00+00:00
0.110000, 2.75, 2025-03-20T17:30:00+00:00, 2025-03-20T18:00:00+00:00
0.050000, 1.25, 2025-03-20T18:00:00+00:00, 2025-03-20T18:30:00+00:00
0.058000, 1.45, 2025-03-20T18:30:00+00:00, 2025-03-20T19:00:00+00:00
0.193000, 4.82, 2025-03-20T19:00:00+00:00, 2025-03-20T19:30:00+00:00
0.113000, 2.82, 2025-03-20T19:30:00+00:00, 2025-03-20T20:00:00+00:00
0.132000, 3.30, 2025-03-20T20:00:00+00:00, 2025-03-20T20:30:00+00:00
0.093000, 2.32, 2025-03-20T20:30:00+00:00, 2025-03-20T21:00:00+00:00
0.140000, 3.50, 2025-03-20T21:00:00+00:00, 2025-03-20T21:30:00+00:00
0.045000, 1.12, 2025-03-20T21:30:00+00:00, 2025-03-20T22:00:00+00:00
0.063000, 1.57, 2025-03-20T22:00:00+00:00, 2025-03-20T22:30:00+00:00
0.092000, 2.30, 2025-03-20T22:30:00+00:00, 2025-03-20T23:00:00+00:00
0.036000, 0.90, 2025-03-20T23:00:00+00:00, 2025-03-20T23:30:00+00:00
0.055000, 1.37, 2025-03-20T23:30:00+00:00, 2025-03-21T00:00:00+00:00
0.082000, 2.05, 2025-03-21T00:00:00+00:00, 2025-03-21T00:30:00+00:00
0.065000, 1.62, 2025-03-21T00:30:00+00:00, 2025-03-21T01:00:00+00:00
0.031000, 0.77, 2025-03-21T01:00:00+00:00, 2025-03-21T01:30:00+00:00
0.063000, 1.57, 2025-03-21T01:30:00+00:00, 2025-03-21T02:00:00+00:00
0.076000, 1.90, 2025-03-21T02:00:00+00:00, 2025-03-21T02:30:00+00:00
0.061000, 1.52, 2025-03-21T02:30:00+00:00, 2025-03-21T03:00:00+00:00
0.067000, 1.67, 2025-03-21T03:00:00+00:00, 2025-03-21T03:30:00+00:00
0.073000, 1.82, 2025-03-21T03:30:00+00:00, 2025-03-21T04:00:00+00:00
0.036000, 0.90, 2025-03-21T04:00:00+00:00, 2025-03-21T04:30:00+00:00
0.045000, 1.12, 2025-03-21T04:30:00+00:00, 2025-03-21T05:00:00+00:00
0.090000, 2.25, 2025-03-21T05:00:00+00:00, 2025-03-21T05:30:00+00:00
0.055000, 1.37, 2025-03-21T05:30:00+00:00, 2025-03-21T06:00:00+00:00
0.035000, 0.87, 2025-03-21T06:00:00+00:00, 2025-03-21T06:30:00+00:00
0.029000, 0.72, 2025-03-21T06:30:00+00:00, 2025-03-21T07:00:00+00:00
2.561000, 63.97, 2025-03-21T07:00:00+00:00, 2025-03-21T07:30:00+00:00
0.162000, 4.05, 2025-03-21T07:30:00+00:00, 2025-03-21T08:00:00+00:00
0.172000, 4.30, 2025-03-21T08:00:00+00:00, 2025-03-21T08:30:00+00:00
0.106000, 2.65, 2025-03-21T08:30:00+00:00, 2025-03-21T09:00:00+00:00
0.657000, 16.41, 2025-03-21T09:00:00+00:00, 2025-03-21T09:30:00+00:00
0.349000, 8.72, 2025-03-21T09:30:00+00:00, 2025-03-21T10:00:00+00:00
0.183000, 4.57, 2025-03-21T10:00:00+00:00, 2025-03-21T10:30:00+00:00
1.556000, 38.87, 2025-03-21T10:30:00+00:00, 2025-03-21T11:00:00+00:00
0.032000, 0.80, 2025-03-21T11:00:00+00:00, 2025-03-21T11:30:00+00:00
0.038000, 0.95, 2025-03-21T11:30:00+00:00, 2025-03-21T12:00:00+00:00
0.225000, 5.62, 2025-03-21T12:00:00+00:00, 2025-03-21T12:30:00+00:00
0.178000, 4.45, 2025-03-21T12:30:00+00:00, 2025-03-21T13:00:00+00:00
0.047000, 1.17, 2025-03-21T13:00:00+00:00, 2025-03-21T13:30:00+00:00
0.031000, 0.77, 2025-03-21T13:30:00+00:00, 2025-03-21T14:00:00+00:00
0.089000, 2.22, 2025-03-21T14:00:00+00:00, 2025-03-21T14:30:00+00:00
0.078000, 1.95, 2025-03-21T14:30:00+00:00, 2025-03-21T15:00:00+00:00
0.070000, 1.75, 2025-03-21T15:00:00+00:00, 2025-03-21T15:30:00+00:00
0.161000, 4.02, 2025-03-21T15:30:00+00:00, 2025-03-21T16:00:00+00:00
0.067000, 1.67, 2025-03-21T16:00:00+00:00, 2025-03-21T16:30:00+00:00
0.568000, 14.19, 2025-03-21T16:30:00+00:00, 2025-03-21T17:00:00+00:00
0.078000, 1.95, 2025-03-21T17:00:00+00:00, 2025-03-21T17:30:00+00:00
0.201000, 5.02, 2025-03-21T17:30:00+00:00, 2025-03-21T18:00:00+00:00
0.057000, 1.42, 2025-03-21T18:00:00+00:00, 2025-03-21T18:30:00+00:00
0.061000, 1.52, 2025-03-21T18:30:00+00:00, 2025-03-21T19:00:00+00:00
0.096000, 2.40, 2025-03-21T19:00:00+00:00, 2025-03-21T19:30:00+00:00
0.094000, 2.35, 2025-03-21T19:30:00+00:00, 2025-03-21T20:00:00+00:00
0.090000, 2.25, 2025-03-21T20:00:00+00:00, 2025-03-21T20:30:00+00:00
0.195000, 4.87, 2025-03-21T20:30:00+00:00, 2025-03-21T21:00:00+00:00
0.223000, 5.57, 2025-03-21T21:00:00+00:00, 2025-03-21T21:30:00+00:00
0.167000, 4.17, 2025-03-21T21:30:00+00:00, 2025-03-21T22:00:00+00:00
0.158000, 3.95, 2025-03-21T22:00:00+00:00, 2025-03-21T22:30:00+00:00
0.131000, 3.27, 2025-03-21T22:30:00+00:00, 2025-03-21T23:00:00+00:00
0.175000, 4.37, 2025-03-21T23:00:00+00:00, 2025-03-21T23:30:00+00:00
0.192000, 4.80, 2025-03-21T23:30:00+00:00, 2025-03-22T00:00:00+00:00
0.509000, 12.71, 2025-03-22T00:00:00+00:00, 2025-03-22T00:30:00+00:00
0.107000, 2.67, 2025-03-22T00:30:00+00:00, 2025-03-22T01:00:00+00:00
0.144000, 3.60, 2025-03-22T01:00:00+00:00, 2025-03-22T01:30:00+00:00
0.217000, 5.42, 2025-03-22T01:30:00+00:00, 2025-03-22T02:00:00+00:00
0.521000, 13.01, 2025-03-22T02:00:00+00:00, 2025-03-22T02:30:00+00:00
0.078000, 1.95, 2025-03-22T02:30:00+00:00, 2025-03-22T03:00:00+00:00
0.048000, 1.20, 2025-03-22T03:00:00+00:00, 2025-03-22T03:30:00+00:00
0.029000, 0.72, 2025-03-22T03:30:00+00:00, 2025-03-22T04:00:00+00:00
0.086000, 2.15, 2025-03-22T04:00:00+00:00, 2025-03-22T04:30:00+00:00
0.085000, 2.12, 2025-03-22T04:30:00+00:00, 2025-03-22T05:00:00+00:00
0.042000, 1.05, 2025-03-22T05:00:00+00:00, 2025-03-22T05:30:00+00:00
0.035000, 0.87, 2025-03-22T05:30:00+00:00, 2025-03-22T06:00:00+00:00
0.070000, 1.75, 2025-03-22T06:00:00+00:00, 2025-03-22T06:30:00+00:00
0.039000, 0.97, 2025-03-22T06:30:00+00:00, 2025-03-22T07:00:00+00:00
0.027000, 0.67, 2025-03-22T07:00:00+00:00, 2025-03-22T07:30:00+00:00
0.210000, 5.25, 2025-03-22T07:30:00+00:00, 2025-03-22T08:00:00+00:00
0.717000, 17.91, 2025-03-22T08:00:00+00:00, 2025-03-22T08:30:00+00:00
1.637000, 40.89, 2025-03-22T08:30:00+00:00, 2025-03-22T09:00:00+00:00
2.018000, 50.41, 2025-03-22T09:00:00+00:00, 2025-03-22T09:30:00+00:00
0.711000, 17.76, 2025-03-22T09:30:00+00:00, 2025-03-22T10:00:00+00:00
0.343000, 8.57, 2025-03-22T10:00:00+00:00, 2025-03-22T10:30:00+00:00
0.050000, 1.25, 2025-03-22T10:30:00+00:00, 2025-03-22T11:00:00+00:00
0.058000, 1.45, 2025-03-22T11:00:00+00:00, 2025-03-22T11:30:00+00:00
0.085000, 2.12, 2025-03-22T11:30:00+00:00, 2025-03-22T12:00:00+00:00
1.585000, 39.59, 2025-03-22T12:00:00+00:00, 2025-03-22T12:30:00+00:00
1.253000, 31.30, 2025-03-22T12:30:00+00:00, 2025-03-22T13:00:00+00:00
0.154000, 3.85, 2025-03-22T13:00:00+00:00, 2025-03-22T13:30:00+00:00
0.110000, 2.75, 2025-03-22T13:30:00+00:00, 2025-03-22T14:00:00+00:00
1.022000, 25.53, 2025-03-22T14:00:00+00:00, 2025-03-22T14:30:00+00:00
1.651000, 41.24, 2025-03-22T14:30:00+00:00, 2025-03-22T15:00:00+00:00
0.174000, 4.35, 2025-03-22T15:00:00+00:00, 2025-03-22T15:30:00+00:00
0.217000, 5.42, 2025-03-22T15:30:00+00:00, 2025-03-22T16:00:00+00:00
0.150000, 3.75, 2025-03-22T16:00:00+00:00, 2025-03-22T16:30:00+00:00
0.276000, 6.89, 2025-03-22T16:30:00+00:00, 2025-03-22T17:00:00+00:00
0.119000, 2.97, 2025-03-22T17:00:00+00:00, 2025-03-22T17:30:00+00:00
0.125000, 3.12, 2025-03-22T17:30:00+00:00, 2025-03-22T18:00:00+00:00
0.217000, 5.42, 2025-03-22T18:00:00+00:00, 2025-03-22T18:30:00+00:00
0.458000, 11.44, 2025-03-22T18:30:00+00:00, 2025-03-22T19:00:00+00:00
0.262000, 6.54, 2025-03-22T19:00:00+00:00, 2025-03-22T19:30:00+00:00
0.191000, 4.77, 2025-03-22T19:30:00+00:00, 2025-03-22T20:00:00+00:00
0.202000, 5.05, 2025-03-22T20:00:00+00:00, 2025-03-22T20:30:00+00:00
0.059000, 1.47, 2025-03-22T20:30:00+00:00, 2025-03-22T21:00:00+00:00
0.066000, 1.65, 2025-03-22T21:00:00+00:00, 2025-03-22T21:30:00+00:00
0.075000, 1.87, 2025-03-22T21:30:00+00:00, 2025-03-22T22:00:00+00:00
0.067000, 1.67, 2025-03-22T22:00:00+00:00, 2025-03-22T22:30:00+00:00
0.037000, 0.92, 2025-03-22T22:30:00+00:00, 2025-03-22T23:00:00+00:00
0.066000, 1.65, 2025-03-22T23:00:00+00:00, 2025-03-22T23:30:00+00:00
0.044000, 1.10, 2025-03-22T23:30:00+00:00, 2025-03-23T00:00:00+00:00
0.027000, 0.67, 2025-03-23T00:00:00+00:00, 2025-03-23T00:30:00+00:00
0.081000, 2.02, 2025-03-23T00:30:00+00:00, 2025-03-23T01:00:00+00:00
0.054000, 1.35, 2025-03-23T01:00:00+00:00, 2025-03-23T01:30:00+00:00
0.031000, 0.77, 2025-03-23T01:30:00+00:00, 2025-03-23T02:00:00+00:00
0.049000, 1.22, 2025-03-23T02:00:00+00:00, 2025-03-23T02:30:00+00:00
0.102000, 2.55, 2025-03-23T02:30:00+00:00, 2025-03-23T03:00:00+00:00
0.053000, 1.32, 2025-03-23T03:00:00+00:00, 2025-03-23T03:30:00+00:00
0.030000, 0.75, 2025-03-23T03:30:00+00:00, 2025-03-23T04:00:00+00:00
0.085000, 2.12, 2025-03-23T04:00:00+00:00, 2025-03-23T04:30:00+00:00
0.034000, 0.85, 2025-03-23T04:30:00+00:00, 2025-03-23T05:00:00+00:00
0.050000, 1.25, 2025-03-23T05:00:00+00:00, 2025-03-23T05:30:00+00:00
0.074000, 1.85, 2025-03-23T05:30:00+00:00, 2025-03-23T06:00:00+00:00
0.075000, 1.87, 2025-03-23T06:00:00+00:00, 2025-03-23T06:30:00+00:00
0.039000, 0.97, 2025-03-23T06:30:00+00:00, 2025-03-23T07:00:00+00:00
0.031000, 0.77, 2025-03-23T07:00:00+00:00, 2025-03-23T07:30:00+00:00
0.072000, 1.80, 2025-03-23T07:30:00+00:00, 2025-03-23T08:00:00+00:00
0.029000, 0.72, 2025-03-23T08:00:00+00:00, 2025-03-23T08:30:00+00:00
0.070000, 1.75, 2025-03-23T08:30:00+00:00, 2025-03-23T09:00:00+00:00
1.639000, 40.94, 2025-03-23T09:00:00+00:00, 2025-03-23T09:30:00+00:00
1.529000, 38.19, 2025-03-23T09:30:00+00:00, 2025-03-23T10:00:00+00:00
0.419000, 10.47, 2025-03-23T10:00:00+00:00, 2025-03-23T10:30:00+00:00
0.726000, 18.14, 2025-03-23T10:30:00+00:00, 2025-03-23T11:00:00+00:00
0.276000, 6.89, 2025-03-23T11:00:00+00:00, 2025-03-23T11:30:00+00:00
0.536000, 13.39, 2025-03-23T11:30:00+00:00, 2025-03-23T12:00:00+00:00
0.282000, 7.04, 2025-03-23T12:00:00+00:00, 2025-03-23T12:30:00+00:00
0.721000, 18.01, 2025-03-23T12:30:00+00:00, 2025-03-23T13:00:00+00:00
0.499000, 12.46, 2025-03-23T13:00:00+00:00, 2025-03-23T13:30:00+00:00
0.680000, 16.99, 2025-03-23T13:30:00+00:00, 2025-03-23T14:00:00+00:00
0.539000, 13.46, 2025-03-23T14:00:00+00:00, 2025-03-23T14:30:00+00:00
0.314000, 7.84, 2025-03-23T14:30:00+00:00, 2025-03-23T15:00:00+00:00
0.219000, 5.47, 2025-03-23T15:00:00+00:00, 2025-03-23T15:30:00+00:00
0.113000, 2.82, 2025-03-23T15:30:00+00:00, 2025-03-23T16:00:00+00:00
0.334000, 8.34, 2025-03-23T16:00:00+00:00, 2025-03-23T16:30:00+00:00
0.101000, 2.52, 2025-03-23T16:30:00+00:00, 2025-03-23T17:00:00+00:00
0.084000, 2.10, 2025-03-23T17:00:00+00:00, 2025-03-23T17:30:00+00:00
0.260000, 6.49, 2025-03-23T17:30:00+00:00, 2025-03-23T18:00:00+00:00
1.258000, 31.42, 2025-03-23T18:00:00+00:00, 2025-03-23T18:30:00+00:00
0.761000, 19.01, 2025-03-23T18:30:00+00:00, 2025-03-23T19:00:00+00:00
0.809000, 20.21, 2025-03-23T19:00:00+00:00, 2025-03-23T19:30:00+00:00
0.343000, 8.57, 2025-03-23T19:30:00+00:00, 2025-03-23T20:00:00+00:00
0.213000, 5.32, 2025-03-23T20:00:00+00:00, 2025-03-23T20:30:00+00:00
0.109000, 2.72, 2025-03-23T20:30:00+00:00, 2025-03-23T21:00:00+00:00
0.113000, 2.82, 2025-03-23T21:00:00+00:00, 2025-03-23T21:30:00+00:00
0.153000, 3.82, 2025-03-23T21:30:00+00:00, 2025-03-23T22:00:00+00:00
0.163000, 4.07, 2025-03-23T22:00:00+00:00, 2025-03-23T22:30:00+00:00
0.103000, 2.57, 2025-03-23T22:30:00+00:00, 2025-03-23T23:00:00+00:00
1.405000, 35.10, 2025-03-23T23:00:00+00:00, 2025-03-23T23:30:00+00:00
0.061000, 1.52, 2025-03-23T23:30:00+00:00, 2025-03-24T00:00:00+00:00
0.047000, 1.17, 2025-03-24T00:00:00+00:00, 2025-03-24T00:30:00+00:00
0.044000, 1.10, 2025-03-24T00:30:00+00:00, 2025-03-24T01:00:00+00:00
0.084000, 2.10, 2025-03-24T01:00:00+00:00, 2025-03-24T01:30:00+00:00
0.049000, 1.22, 2025-03-24T01:30:00+00:00, 2025-03-24T02:00:00+00:00
0.061000, 1.52, 2025-03-24T02:00:00+00:00, 2025-03-24T02:30:00+00:00
0.061000, 1.52, 2025-03-24T02:30:00+00:00, 2025-03-24T03:00:00+00:00
0.051000, 1.27, 2025-03-24T03:00:00+00:00, 2025-03-24T03:30:00+00:00
0.037000, 0.92, 2025-03-24T03:30:00+00:00, 2025-03-24T04:00:00+00:00
0.048000, 1.20, 2025-03-24T04:00:00+00:00, 2025-03-24T04:30:00+00:00
0.082000, 2.05, 2025-03-24T04:30:00+00:00, 2025-03-24T05:00:00+00:00
0.054000, 1.35, 2025-03-24T05:00:00+00:00, 2025-03-24T05:30:00+00:00
0.038000, 0.95, 2025-03-24T05:30:00+00:00, 2025-03-24T06:00:00+00:00
0.063000, 1.57, 2025-03-24T06:00:00+00:00, 2025-03-24T06:30:00+00:00
0.035000, 0.87, 2025-03-24T06:30:00+00:00, 2025-03-24T07:00:00+00:00
0.174000, 4.35, 2025-03-24T07:00:00+00:00, 2025-03-24T07:30:00+00:00
2.502000, 62.50, 2025-03-24T07:30:00+00:00, 2025-03-24T08:00:00+00:00
1.755000, 43.84, 2025-03-24T08:00:00+00:00, 2025-03-24T08:30:00+00:00
0.089000, 2.22, 2025-03-24T08:30:00+00:00, 2025-03-24T09:00:00+00:00
0.102000, 2.55, 2025-03-24T09:00:00+00:00, 2025-03-24T09:30:00+00:00
0.122000, 3.05, 2025-03-24T09:30:00+00:00, 2025-03-24T10:00:00+00:00
0.101000, 2.52, 2025-03-24T10:00:00+00:00, 2025-03-24T10:30:00+00:00
0.063000, 1.57, 2025-03-24T10:30:00+00:00, 2025-03-24T11:00:00+00:00
0.082000, 2.05, 2025-03-24T11:00:00+00:00, 2025-03-24T11:30:00+00:00
0.093000, 2.32, 2025-03-24T11:30:00+00:00, 2025-03-24T12:00:00+00:00
0.050000, 1.25, 2025-03-24T12:00:00+00:00, 2025-03-24T12:30:00+00:00
0.085000, 2.12, 2025-03-24T12:30:00+00:00, 2025-03-24T13:00:00+00:00
0.396000, 9.89, 2025-03-24T13:00:00+00:00, 2025-03-24T13:30:00+00:00
0.097000, 2.42, 2025-03-24T13:30:00+00:00, 2025-03-24T14:00:00+00:00
0.083000, 2.07, 2025-03-24T14:00:00+00:00, 2025-03-24T14:30:00+00:00
0.065000, 1.62, 2025-03-24T14:30:00+00:00, 2025-03-24T15:00:00+00:00
0.212000, 5.30, 2025-03-24T15:00:00+00:00, 2025-03-24T15:30:00+00:00
0.103000, 2.57, 2025-03-24T15:30:00+00:00, 2025-03-24T16:00:00+00:00
0.217000, 5.42, 2025-03-24T16:00:00+00:00, 2025-03-24T16:30:00+00:00
2.034000, 50.81, 2025-03-24T16:30:00+00:00, 2025-03-24T17:00:00+00:00
0.103000, 2.57, 2025-03-24T17:00:00+00:00, 2025-03-24T17:30:00+00:00
0.142000, 3.55, 2025-03-24T17:30:00+00:00, 2025-03-24T18:00:00+00:00
0.062000, 1.55, 2025-03-24T18:00:00+00:00, 2025-03-24T18:30:00+00:00
0.376000, 9.39, 2025-03-24T18:30:00+00:00, 2025-03-24T19:00:00+00:00
0.129000, 3.22, 2025-03-24T19:00:00+00:00, 2025-03-24T19:30:00+00:00
0.476000, 11.89, 2025-03-24T19:30:00+00:00, 2025-03-24T20:00:00+00:00
0.215000, 5.37, 2025-03-24T20:00:00+00:00, 2025-03-24T20:30:00+00:00
0.165000, 4.12, 2025-03-24T20:30:00+00:00, 2025-03-24T21:00:00+00:00
0.361000, 9.02, 2025-03-24T21:00:00+00:00, 2025-03-24T21:30:00+00:00
0.540000, 13.49, 2025-03-24T21:30:00+00:00, 2025-03-24T22:00:00+00:00
0.066000, 1.65, 2025-03-24T22:00:00+00:00, 2025-03-24T22:30:00+00:00
0.088000, 2.20, 2025-03-24T22:30:00+00:00, 2025-03-24T23:00:00+00:00
0.110000, 2.75, 2025-03-24T23:00:00+00:00, 2025-03-24T23:30:00+00:00
0.079000, 1.97, 2025-03-24T23:30:00+00:00, 2025-03-25T00:00:00+00:00
0.079000, 1.97, 2025-03-25T00:00:00+00:00, 2025-03-25T00:30:00+00:00
0.079000, 1.97, 2025-03-25T00:30:00+00:00, 2025-03-25T01:00:00+00:00
0.062000, 1.55, 2025-03-25T01:00:00+00:00, 2025-03-25T01:30:00+00:00
0.034000, 0.85, 2025-03-25T01:30:00+00:00, 2025-03-25T02:00:00+00:00
0.073000, 1.82, 2025-03-25T02:00:00+00:00, 2025-03-25T02:30:00+00:00
0.039000, 0.97, 2025-03-25T02:30:00+00:00, 2025-03-25T03:00:00+00:00
0.064000, 1.60, 2025-03-25T03:00:00+00:00, 2025-03-25T03:30:00+00:00
0.099000, 2.47, 2025-03-25T03:30:00+00:00, 2025-03-25T04:00:00+00:00
0.045000, 1.12, 2025-03-25T04:00:00+00:00, 2025-03-25T04:30:00+00:00
0.039000, 0.97, 2025-03-25T04:30:00+00:00, 2025-03-25T05:00:00+00:00
0.048000, 1.20, 2025-03-25T05:00:00+00:00, 2025-03-25T05:30:00+00:00
0.058000, 1.45, 2025-03-25T05:30:00+00:00, 2025-03-25T06:00:00+00:00
0.067000, 1.67, 2025-03-25T06:00:00+00:00, 2025-03-25T06:30:00+00:00
0.631000, 15.76, 2025-03-25T06:30:00+00:00, 2025-03-25T07:00:00+00:00
1.240000, 30.97, 2025-03-25T07:00:00+00:00, 2025-03-25T07:30:00+00:00
1.306000, 32.62, 2025-03-25T07:30:00+00:00, 2025-03-25T08:00:00+00:00
0.081000, 2.02, 2025-03-25T08:00:00+00:00, 2025-03-25T08:30:00+00:00
0.275000, 6.87, 2025-03-25T08:30:00+00:00, 2025-03-25T09:00:00+00:00
1.502000, 37.52, 2025-03-25T09:00:00+00:00, 2025-03-25T09:30:00+00:00
0.443000, 11.07, 2025-03-25T09:30:00+00:00, 2025-03-25T10:00:00+00:00
0.240000, 6.00, 2025-03-25T10:00:00+00:00, 2025-03-25T10:30:00+00:00
0.148000, 3.70, 2025-03-25T10:30:00+00:00, 2025-03-25T11:00:00+00:00
0.116000, 2.90, 2025-03-25T11:00:00+00:00, 2025-03-25T11:30:00+00:00
0.133000, 3.32, 2025-03-25T11:30:00+00:00, 2025-03-25T12:00:00+00:00
0.082000, 2.05, 2025-03-25T12:00:00+00:00, 2025-03-25T12:30:00+00:00
0.066000, 1.65, 2025-03-25T12:30:00+00:00, 2025-03-25T13:00:00+00:00
0.224000, 5.60, 2025-03-25T13:00:00+00:00, 2025-03-25T13:30:00+00:00
0.642000, 16.04, 2025-03-25T13:30:00+00:00, 2025-03-25T14:00:00+00:00
0.364000, 9.09, 2025-03-25T14:00:00+00:00, 2025-03-25T14:30:00+00:00
1.717000, 42.89, 2025-03-25T14:30:00+00:00, 2025-03-25T15:00:00+00:00
0.468000, 11.69, 2025-03-25T15:00:00+00:00, 2025-03-25T15:30:00+00:00
0.033000, 0.82, 2025-03-25T15:30:00+00:00, 2025-03-25T16:00:00+00:00
0.045000, 1.12, 2025-03-25T16:00:00+00:00, 2025-03-25T16:30:00+00:00
0.051000, 1.27, 2025-03-25T16:30:00+00:00, 2025-03-25T17:00:00+00:00
0.061000, 1.52, 2025-03-25T17:00:00+00:00, 2025-03-25T17:30:00+00:00
0.891000, 22.26, 2025-03-25T17:30:00+00:00, 2025-03-25T18:00:00+00:00
0.150000, 3.75, 2025-03-25T18:00:00+00:00, 2025-03-25T18:30:00+00:00
0.363000, 9.07, 2025-03-25T18:30:00+00:00, 2025-03-25T19:00:00+00:00
0.159000, 3.97, 2025-03-25T19:00:00+00:00, 2025-03-25T19:30:00+00:00
0.116000, 2.90, 2025-03-25T19:30:00+00:00, 2025-03-25T20:00:00+00:00
0.133000, 3.32, 2025-03-25T20:00:00+00:00, 2025-03-25T20:30:00+00:00
0.065000, 1.62, 2025-03-25T20:30:00+00:00, 2025-03-25T21:00:00+00:00
0.069000, 1.72, 2025-03-25T21:00:00+00:00, 2025-03-25T21:30:00+00:00
0.105000, 2.62, 2025-03-25T21:30:00+00:00, 2025-03-25T22:00:00+00:00
0.069000, 1.72, 2025-03-25T22:00:00+00:00, 2025-03-25T22:30:00+00:00
0.074000, 1.85, 2025-03-25T22:30:00+00:00, 2025-03-25T23:00:00+00:00
0.093000, 2.32, 2025-03-25T23:00:00+00:00, 2025-03-25T23:30:00+00:00
0.081000, 2.02, 2025-03-25T23:30:00+00:00, 2025-03-26T00:00:00+00:00
0.057000, 1.42, 2025-03-26T00:00:00+00:00, 2025-03-26T00:30:00+00:00
0.056000, 1.40, 2025-03-26T00:30:00+00:00, 2025-03-26T01:00:00+00:00
0.107000, 2.67, 2025-03-26T01:00:00+00:00, 2025-03-26T01:30:00+00:00
0.046000, 1.15, 2025-03-26T01:30:00+00:00, 2025-03-26T02:00:00+00:00
0.035000, 0.87, 2025-03-26T02:00:00+00:00, 2025-03-26T02:30:00+00:00
0.075000, 1.87, 2025-03-26T02:30:00+00:00, 2025-03-26T03:00:00+00:00
0.046000, 1.15, 2025-03-26T03:00:00+00:00, 2025-03-26T03:30:00+00:00
0.046000, 1.15, 2025-03-26T03:30:00+00:00, 2025-03-26T04:00:00+00:00
0.080000, 2.00, 2025-03-26T04:00:00+00:00, 2025-03-26T04:30:00+00:00
0.067000, 1.67, 2025-03-26T04:30:00+00:00, 2025-03-26T05:00:00+00:00
0.039000, 0.97, 2025-03-26T05:00:00+00:00, 2025-03-26T05:30:00+00:00
0.036000, 0.90, 2025-03-26T05:30:00+00:00, 2025-03-26T06:00:00+00:00
0.100000, 2.50, 2025-03-26T06:00:00+00:00, 2025-03-26T06:30:00+00:00
0.034000, 0.85, 2025-03-26T06:30:00+00:00, 2025-03-26T07:00:00+00:00
1.068000, 26.68, 2025-03-26T07:00:00+00:00, 2025-03-26T07:30:00+00:00
1.416000, 35.37, 2025-03-26T07:30:00+00:00, 2025-03-26T08:00:00+00:00
0.234000, 5.85, 2025-03-26T08:00:00+00:00, 2025-03-26T08:30:00+00:00
0.051000, 1.27, 2025-03-26T08:30:00+00:00, 2025-03-26T09:00:00+00:00
0.106000, 2.65, 2025-03-26T09:00:00+00:00, 2025-03-26T09:30:00+00:00
0.151000, 3.77, 2025-03-26T09:30:00+00:00, 2025-03-26T10:00:00+00:00
0.334000, 8.34, 2025-03-26T10:00:00+00:00, 2025-03-26T10:30:00+00:00
1.634000, 40.82, 2025-03-26T10:30:00+00:00, 2025-03-26T11:00:00+00:00
0.102000, 2.55, 2025-03-26T11:00:00+00:00, 2025-03-26T11:30:00+00:00
0.054000, 1.35, 2025-03-26T11:30:00+00:00, 2025-03-26T12:00:00+00:00
0.035000, 0.87, 2025-03-26T12:00:00+00:00, 2025-03-26T12:30:00+00:00
0.078000, 1.95, 2025-03-26T12:30:00+00:00, 2025-03-26T13:00:00+00:00
0.068000, 1.70, 2025-03-26T13:00:00+00:00, 2025-03-26T13:30:00+00:00
0.200000, 5.00, 2025-03-26T13:30:00+00:00, 2025-03-26T14:00:00+00:00
0.520000, 12.99, 2025-03-26T14:00:00+00:00, 2025-03-26T14:30:00+00:00
0.127000, 3.17, 2025-03-26T14:30:00+00:00, 2025-03-26T15:00:00+00:00
0.119000, 2.97, 2025-03-26T15:00:00+00:00, 2025-03-26T15:30:00+00:00
0.107000, 2.67, 2025-03-26T15:30:00+00:00, 2025-03-26T16:00:00+00:00
0.115000, 2.87, 2025-03-26T16:00:00+00:00, 2025-03-26T16:30:00+00:00
0.148000, 3.70, 2025-03-26T16:30:00+00:00, 2025-03-26T17:00:00+00:00
0.115000, 2.87, 2025-03-26T17:00:00+00:00, 2025-03-26T17:30:00+00:00
0.126000, 3.15, 2025-03-26T17:30:00+00:00, 2025-03-26T18:00:00+00:00
0.541000, 13.51, 2025-03-26T18:00:00+00:00, 2025-03-26T18:30:00+00:00
0.955000, 23.86, 2025-03-26T18:30:00+00:00, 2025-03-26T19:00:00+00:00
0.567000, 14.16, 2025-03-26T19:00:00+00:00, 2025-03-26T19:30:00+00:00
0.951000, 23.76, 2025-03-26T19:30:00+00:00, 2025-03-26T20:00:00+00:00
0.158000, 3.95, 2025-03-26T20:00:00+00:00, 2025-03-26T20:30:00+00:00
0.229000, 5.72, 2025-03-26T20:30:00+00:00, 2025-03-26T21:00:00+00:00
1.418000, 35.42, 2025-03-26T21:00:00+00:00, 2025-03-26T21:30:00+00:00
0.313000, 7.82, 2025-03-26T21:30:00+00:00, 2025-03-26T22:00:00+00:00
0.161000, 4.02, 2025-03-26T22:00:00+00:00, 2025-03-26T22:30:00+00:00
0.342000, 8.54, 2025-03-26T22:30:00+00:00, 2025-03-26T23:00:00+00:00
0.537000, 13.41, 2025-03-26T23:00:00+00:00, 2025-03-26T23:30:00+00:00
0.091000, 2.27, 2025-03-26T23:30:00+00:00, 2025-03-27T00:00:00+00:00
0.099000, 2.47, 2025-03-27T00:00:00+00:00, 2025-03-27T00:30:00+00:00
0.064000, 1.60, 2025-03-27T00:30:00+00:00, 2025-03-27T01:00:00+00:00
0.074000, 1.85, 2025-03-27T01:00:00+00:00, 2025-03-27T01:30:00+00:00
0.095000, 2.37, 2025-03-27T01:30:00+00:00, 2025-03-27T02:00:00+00:00
0.074000, 1.85, 2025-03-27T02:00:00+00:00, 2025-03-27T02:30:00+00:00
0.061000, 1.52, 2025-03-27T02:30:00+00:00, 2025-03-27T03:00:00+00:00
0.115000, 2.87, 2025-03-27T03:00:00+00:00, 2025-03-27T03:30:00+00:00
0.062000, 1.55, 2025-03-27T03:30:00+00:00, 2025-03-27T04:00:00+00:00
0.087000, 2.17, 2025-03-27T04:00:00+00:00, 2025-03-27T04:30:00+00:00
0.114000, 2.85, 2025-03-27T04:30:00+00:00, 2025-03-27T05:00:00+00:00
0.097000, 2.42, 2025-03-27T05:00:00+00:00, 2025-03-27T05:30:00+00:00
0.086000, 2.15, 2025-03-27T05:30:00+00:00, 2025-03-27T06:00:00+00:00
0.091000, 2.27, 2025-03-27T06:00:00+00:00, 2025-03-27T06:30:00+00:00
2.021000, 50.48, 2025-03-27T06:30:00+00:00, 2025-03-27T07:00:00+00:00
1.519000, 37.94, 2025-03-27T07:00:00+00:00, 2025-03-27T07:30:00+00:00
0.369000, 9.22, 2025-03-27T07:30:00+00:00, 2025-03-27T08:00:00+00:00
0.101000, 2.52, 2025-03-27T08:00:00+00:00, 2025-03-27T08:30:00+00:00
0.080000, 2.00, 2025-03-27T08:30:00+00:00, 2025-03-27T09:00:00+00:00
0.144000, 3.60, 2025-03-27T09:00:00+00:00, 2025-03-27T09:30:00+00:00
0.096000, 2.40, 2025-03-27T09:30:00+00:00, 2025-03-27T10:00:00+00:00
0.283000, 7.07, 2025-03-27T10:00:00+00:00, 2025-03-27T10:30:00+00:00
0.078000, 1.95, 2025-03-27T10:30:00+00:00, 2025-03-27T11:00:00+00:00
0.266000, 6.64, 2025-03-27T11:00:00+00:00, 2025-03-27T11:30:00+00:00
0.162000, 4.05, 2025-03-27T11:30:00+00:00, 2025-03-27T12:00:00+00:00
0.076000, 1.90, 2025-03-27T12:00:00+00:00, 2025-03-27T12:30:00+00:00
0.072000, 1.80, 2025-03-27T12:30:00+00:00, 2025-03-27T13:00:00+00:00
0.407000, 10.17, 2025-03-27T13:00:00+00:00, 2025-03-27T13:30:00+00:00
0.064000, 1.60, 2025-03-27T13:30:00+00:00, 2025-03-27T14:00:00+00:00
0.075000, 1.87, 2025-03-27T14:00:00+00:00, 2025-03-27T14:30:00+00:00
0.094000, 2.35, 2025-03-27T14:30:00+00:00, 2025-03-27T15:00:00+00:00
0.064000, 1.60, 2025-03-27T15:00:00+00:00, 2025-03-27T15:30:00+00:00
0.058000, 1.45, 2025-03-27T15:30:00+00:00, 2025-03-27T16:00:00+00:00
0.099000, 2.47, 2025-03-27T16:00:00+00:00, 2025-03-27T16:30:00+00:00
0.072000, 1.80, 2025-03-27T16:30:00+00:00, 2025-03-27T17:00:00+00:00
0.066000, 1.65, 2025-03-27T17:00:00+00:00, 2025-03-27T17:30:00+00:00
0.359000, 8.97, 2025-03-27T17:30:00+00:00, 2025-03-27T18:00:00+00:00
0.774000, 19.33, 2025-03-27T18:00:00+00:00, 2025-03-27T18:30:00+00:00
0.138000, 3.45, 2025-03-27T18:30:00+00:00, 2025-03-27T19:00:00+00:00
0.124000, 3.10, 2025-03-27T19:00:00+00:00, 2025-03-27T19:30:00+00:00
0.114000, 2.85, 2025-03-27T19:30:00+00:00, 2025-03-27T20:00:00+00:00
0.142000, 3.55, 2025-03-27T20:00:00+00:00, 2025-03-27T20:30:00+00:00
0.070000, 1.75, 2025-03-27T20:30:00+00:00, 2025-03-27T21:00:00+00:00
0.126000, 3.15, 2025-03-27T21:00:00+00:00, 2025-03-27T21:30:00+00:00
0.067000, 1.67, 2025-03-27T21:30:00+00:00, 2025-03-27T22:00:00+00:00
0.071000, 1.77, 2025-03-27T22:00:00+00:00, 2025-03-27T22:30:00+00:00
0.115000, 2.87, 2025-03-27T22:30:00+00:00, 2025-03-27T23:00:00+00:00
0.068000, 1.70, 2025-03-27T23:00:00+00:00, 2025-03-27T23:30:00+00:00
0.085000, 2.12, 2025-03-27T23:30:00+00:00, 2025-03-28T00:00:00+00:00
0.084000, 2.10, 2025-03-28T00:00:00+00:00, 2025-03-28T00:30:00+00:00
0.078000, 1.95, 2025-03-28T00:30:00+00:00, 2025-03-28T01:00:00+00:00
0.068000, 1.70, 2025-03-28T01:00:00+00:00, 2025-03-28T01:30:00+00:00
0.071000, 1.77, 2025-03-28T01:30:00+00:00, 2025-03-28T02:00:00+00:00
0.094000, 2.35, 2025-03-28T02:00:00+00:00, 2025-03-28T02:30:00+00:00
0.057000, 1.42, 2025-03-28T02:30:00+00:00, 2025-03-28T03:00:00+00:00
0.074000, 1.85, 2025-03-28T03:00:00+00:00, 2025-03-28T03:30:00+00:00
0.099000, 2.47, 2025-03-28T03:30:00+00:00, 2025-03-28T04:00:00+00:00
0.067000, 1.67, 2025-03-28T04:00:00+00:00, 2025-03-28T04:30:00+00:00
0.063000, 1.57, 2025-03-28T04:30:00+00:00, 2025-03-28T05:00:00+00:00
0.093000, 2.32, 2025-03-28T05:00:00+00:00, 2025-03-28T05:30:00+00:00
0.076000, 1.90, 2025-03-28T05:30:00+00:00, 2025-03-28T06:00:00+00:00
0.059000, 1.47, 2025-03-28T06:00:00+00:00, 2025-03-28T06:30:00+00:00
0.964000, 24.08, 2025-03-28T06:30:00+00:00, 2025-03-28T07:00:00+00:00
2.664000, 66.55, 2025-03-28T07:00:00+00:00, 2025-03-28T07:30:00+00:00
0.105000, 2.62, 2025-03-28T07:30:00+00:00, 2025-03-28T08:00:00+00:00
0.134000, 3.35, 2025-03-28T08:00:00+00:00, 2025-03-28T08:30:00+00:00
0.107000, 2.67, 2025-03-28T08:30:00+00:00, 2025-03-28T09:00:00+00:00
0.087000, 2.17, 2025-03-28T09:00:00+00:00, 2025-03-28T09:30:00+00:00
0.070000, 1.75, 2025-03-28T09:30:00+00:00, 2025-03-28T10:00:00+00:00
0.121000, 3.02, 2025-03-28T10:00:00+00:00, 2025-03-28T10:30:00+00:00
0.242000, 6.05, 2025-03-28T10:30:00+00:00, 2025-03-28T11:00:00+00:00
0.091000, 2.27, 2025-03-28T11:00:00+00:00, 2025-03-28T11:30:00+00:00
0.113000, 2.82, 2025-03-28T11:30:00+00:00, 2025-03-28T12:00:00+00:00
0.269000, 6.72, 2025-03-28T12:00:00+00:00, 2025-03-28T12:30:00+00:00
0.074000, 1.85, 2025-03-28T12:30:00+00:00, 2025-03-28T13:00:00+00:00
0.088000, 2.20, 2025-03-28T13:00:00+00:00, 2025-03-28T13:30:00+00:00
0.108000, 2.70, 2025-03-28T13:30:00+00:00, 2025-03-28T14:00:00+00:00
0.074000, 1.85, 2025-03-28T14:00:00+00:00, 2025-03-28T14:30:00+00:00
0.352000, 8.79, 2025-03-28T14:30:00+00:00, 2025-03-28T15:00:00+00:00
0.119000, 2.97, 2025-03-28T15:00:00+00:00, 2025-03-28T15:30:00+00:00
0.238000, 5.95, 2025-03-28T15:30:00+00:00, 2025-03-28T16:00:00+00:00
0.064000, 1.60, 2025-03-28T16:00:00+00:00, 2025-03-28T16:30:00+00:00
2.209000, 55.18, 2025-03-28T16:30:00+00:00, 2025-03-28T17:00:00+00:00
0.498000, 12.44, 2025-03-28T17:00:00+00:00, 2025-03-28T17:30:00+00:00
0.090000, 2.25, 2025-03-28T17:30:00+00:00, 2025-03-28T18:00:00+00:00
0.340000, 8.49, 2025-03-28T18:00:00+00:00, 2025-03-28T18:30:00+00:00
2.444000, 61.05, 2025-03-28T18:30:00+00:00, 2025-03-28T19:00:00+00:00
0.334000, 8.34, 2025-03-28T19:00:00+00:00, 2025-03-28T19:30:00+00:00
0.226000, 5.65, 2025-03-28T19:30:00+00:00, 2025-03-28T20:00:00+00:00
0.122000, 3.05, 2025-03-28T20:00:00+00:00, 2025-03-28T20:30:00+00:00
0.090000, 2.25, 2025-03-28T20:30:00+00:00, 2025-03-28T21:00:00+00:00
0.127000, 3.17, 2025-03-28T21:00:00+00:00, 2025-03-28T21:30:00+00:00
0.561000, 14.01, 2025-03-28T21:30:00+00:00, 2025-03-28T22:00:00+00:00
0.768000, 19.18, 2025-03-28T22:00:00+00:00, 2025-03-28T22:30:00+00:00
0.120000, 3.00, 2025-03-28T22:30:00+00:00, 2025-03-28T23:00:00+00:00
0.150000, 3.75, 2025-03-28T23:00:00+00:00, 2025-03-28T23:30:00+00:00
0.142000, 3.55, 2025-03-28T23:30:00+00:00, 2025-03-29T00:00:00+00:00
0.080000, 2.00, 2025-03-29T00:00:00+00:00, 2025-03-29T00:30:00+00:00
0.101000, 2.52, 2025-03-29T00:30:00+00:00, 2025-03-29T01:00:00+00:00
0.109000, 2.72, 2025-03-29T01:00:00+00:00, 2025-03-29T01:30:00+00:00
0.100000, 2.50, 2025-03-29T01:30:00+00:00, 2025-03-29T02:00:00+00:00
0.068000, 1.70, 2025-03-29T02:00:00+00:00, 2025-03-29T02:30:00+00:00
0.109000, 2.72, 2025-03-29T02:30:00+00:00, 2025-03-29T03:00:00+00:00
0.096000, 2.40, 2025-03-29T03:00:00+00:00, 2025-03-29T03:30:00+00:00
0.089000, 2.22, 2025-03-29T03:30:00+00:00, 2025-03-29T04:00:00+00:00
0.075000, 1.87, 2025-03-29T04:00:00+00:00, 2025-03-29T04:30:00+00:00
0.095000, 2.37, 2025-03-29T04:30:00+00:00, 2025-03-29T05:00:00+00:00
0.065000, 1.62, 2025-03-29T05:00:00+00:00, 2025-03-29T05:30:00+00:00
0.063000, 1.57, 2025-03-29T05:30:00+00:00, 2025-03-29T06:00:00+00:00
0.105000, 2.62, 2025-03-29T06:00:00+00:00, 2025-03-29T06:30:00+00:00
0.081000, 2.02, 2025-03-29T06:30:00+00:00, 2025-03-29T07:00:00+00:00
0.057000, 1.42, 2025-03-29T07:00:00+00:00, 2025-03-29T07:30:00+00:00
0.077000, 1.92, 2025-03-29T07:30:00+00:00, 2025-03-29T08:00:00+00:00
0.122000, 3.05, 2025-03-29T08:00:00+00:00, 2025-03-29T08:30:00+00:00
0.089000, 2.22, 2025-03-29T08:30:00+00:00, 2025-03-29T09:00:00+00:00
0.098000, 2.45, 2025-03-29T09:00:00+00:00, 2025-03-29T09:30:00+00:00
0.282000, 7.04, 2025-03-29T09:30:00+00:00, 2025-03-29T10:00:00+00:00
0.144000, 3.60, 2025-03-29T10:00:00+00:00, 2025-03-29T10:30:00+00:00
2.601000, 64.97, 2025-03-29T10:30:00+00:00, 2025-03-29T11:00:00+00:00
0.067000, 1.67, 2025-03-29T11:00:00+00:00, 2025-03-29T11:30:00+00:00
0.454000, 11.34, 2025-03-29T11:30:00+00:00, 2025-03-29T12:00:00+00:00
0.134000, 3.35, 2025-03-29T12:00:00+00:00, 2025-03-29T12:30:00+00:00
1.357000, 33.90, 2025-03-29T12:30:00+00:00, 2025-03-29T13:00:00+00:00
0.272000, 6.79, 2025-03-29T13:00:00+00:00, 2025-03-29T13:30:00+00:00
0.258000, 6.44, 2025-03-29T13:30:00+00:00, 2025-03-29T14:00:00+00:00
1.935000, 48.34, 2025-03-29T14:00:00+00:00, 2025-03-29T14:30:00+00:00
0.091000, 2.27, 2025-03-29T14:30:00+00:00, 2025-03-29T15:00:00+00:00
0.216000, 5.40, 2025-03-29T15:00:00+00:00, 2025-03-29T15:30:00+00:00
0.068000, 1.70, 2025-03-29T15:30:00+00:00, 2025-03-29T16:00:00+00:00
0.078000, 1.95, 2025-03-29T16:00:00+00:00, 2025-03-29T16:30:00+00:00
0.470000, 11.74, 2025-03-29T16:30:00+00:00, 2025-03-29T17:00:00+00:00
0.713000, 17.81, 2025-03-29T17:00:00+00:00, 2025-03-29T17:30:00+00:00
0.446000, 11.14, 2025-03-29T17:30:00+00:00, 2025-03-29T18:00:00+00:00
0.164000, 4.10, 2025-03-29T18:00:00+00:00, 2025-03-29T18:30:00+00:00
0.133000, 3.32, 2025-03-29T18:30:00+00:00, 2025-03-29T19:00:00+00:00
0.084000, 2.10, 2025-03-29T19:00:00+00:00, 2025-03-29T19:30:00+00:00
0.102000, 2.55, 2025-03-29T19:30:00+00:00, 2025-03-29T20:00:00+00:00
0.096000, 2.40, 2025-03-29T20:00:00+00:00, 2025-03-29T20:30:00+00:00
0.084000, 2.10, 2025-03-29T20:30:00+00:00, 2025-03-29T21:00:00+00:00
0.063000, 1.57, 2025-03-29T21:00:00+00:00, 2025-03-29T21:30:00+00:00
0.104000, 2.60, 2025-03-29T21:30:00+00:00, 2025-03-29T22:00:00+00:00
0.072000, 1.80, 2025-03-29T22:00:00+00:00, 2025-03-29T22:30:00+00:00
0.058000, 1.45, 2025-03-29T22:30:00+00:00, 2025-03-29T23:00:00+00:00
0.095000, 2.37, 2025-03-29T23:00:00+00:00, 2025-03-29T23:30:00+00:00
0.094000, 2.35, 2025-03-29T23:30:00+00:00, 2025-03-30T00:00:00+00:00
0.068000, 1.70, 2025-03-30T00:00:00+00:00, 2025-03-30T00:30:00+00:00
0.074000, 1.85, 2025-03-30T00:30:00+00:00, 2025-03-30T02:00:00+01:00
0.115000, 2.87, 2025-03-30T02:00:00+01:00, 2025-03-30T02:30:00+01:00
0.062000, 1.55, 2025-03-30T02:30:00+01:00, 2025-03-30T03:00:00+01:00
0.067000, 1.67, 2025-03-30T03:00:00+01:00, 2025-03-30T03:30:00+01:00
0.107000, 2.67, 2025-03-30T03:30:00+01:00, 2025-03-30T04:00:00+01:00
0.069000, 1.72, 2025-03-30T04:00:00+01:00, 2025-03-30T04:30:00+01:00
0.067000, 1.67, 2025-03-30T04:30:00+01:00, 2025-03-30T05:00:00+01:00
0.072000, 1.80, 2025-03-30T05:00:00+01:00, 2025-03-30T05:30:00+01:00
0.091000, 2.27, 2025-03-30T05:30:00+01:00, 2025-03-30T06:00:00+01:00
0.064000, 1.60, 2025-03-30T06:00:00+01:00, 2025-03-30T06:30:00+01:00
0.058000, 1.45, 2025-03-30T06:30:00+01:00, 2025-03-30T07:00:00+01:00
0.112000, 2.80, 2025-03-30T07:00:00+01:00, 2025-03-30T07:30:00+01:00
1.721000, 42.99, 2025-03-30T07:30:00+01:00, 2025-03-30T08:00:00+01:00
1.786000, 44.61, 2025-03-30T08:00:00+01:00, 2025-03-30T08:30:00+01:00
1.023000, 25.55, 2025-03-30T08:30:00+01:00, 2025-03-30T09:00:00+01:00
0.078000, 1.95, 2025-03-30T09:00:00+01:00, 2025-03-30T09:30:00+01:00
0.057000, 1.42, 2025-03-30T09:30:00+01:00, 2025-03-30T10:00:00+01:00
0.077000, 1.92, 2025-03-30T10:00:00+01:00, 2025-03-30T10:30:00+01:00
0.089000, 2.22, 2025-03-30T10:30:00+01:00, 2025-03-30T11:00:00+01:00
0.076000, 1.90, 2025-03-30T11:00:00+01:00, 2025-03-30T11:30:00+01:00
0.088000, 2.20, 2025-03-30T11:30:00+01:00, 2025-03-30T12:00:00+01:00
0.349000, 8.72, 2025-03-30T12:00:00+01:00, 2025-03-30T12:30:00+01:00
0.142000, 3.55, 2025-03-30T12:30:00+01:00, 2025-03-30T13:00:00+01:00
0.737000, 18.41, 2025-03-30T13:00:00+01:00, 2025-03-30T13:30:00+01:00
1.143000, 28.55, 2025-03-30T13:30:00+01:00, 2025-03-30T14:00:00+01:00
0.385000, 9.62, 2025-03-30T14:00:00+01:00, 2025-03-30T14:30:00+01:00
0.513000, 12.81, 2025-03-30T14:30:00+01:00, 2025-03-30T15:00:00+01:00
0.118000, 2.95, 2025-03-30T15:00:00+01:00, 2025-03-30T15:30:00+01:00
0.325000, 8.12, 2025-03-30T15:30:00+01:00, 2025-03-30T16:00:00+01:00
0.524000, 13.09, 2025-03-30T16:00:00+01:00, 2025-03-30T16:30:00+01:00
0.086000, 2.15, 2025-03-30T16:30:00+01:00, 2025-03-30T17:00:00+01:00
0.099000, 2.47, 2025-03-30T17:00:00+01:00, 2025-03-30T17:30:00+01:00
0.078000, 1.95, 2025-03-30T17:30:00+01:00, 2025-03-30T18:00:00+01:00
0.058000, 1.45, 2025-03-30T18:00:00+01:00, 2025-03-30T18:30:00+01:00
0.113000, 2.82, 2025-03-30T18:30:00+01:00, 2025-03-30T19:00:00+01:00
0.060000, 1.50, 2025-03-30T19:00:00+01:00, 2025-03-30T19:30:00+01:00
0.076000, 1.90, 2025-03-30T19:30:00+01:00, 2025-03-30T20:00:00+01:00
0.082000, 2.05, 2025-03-30T20:00:00+01:00, 2025-03-30T20:30:00+01:00
0.171000, 4.27, 2025-03-30T20:30:00+01:00, 2025-03-30T21:00:00+01:00
0.661000, 16.51, 2025-03-30T21:00:00+01:00, 2025-03-30T21:30:00+01:00
0.150000, 3.75, 2025-03-30T21:30:00+01:00, 2025-03-30T22:00:00+01:00
0.125000, 3.12, 2025-03-30T22:00:00+01:00, 2025-03-30T22:30:00+01:00
0.072000, 1.80, 2025-03-30T22:30:00+01:00, 2025-03-30T23:00:00+01:00
0.117000, 2.92, 2025-03-30T23:00:00+01:00, 2025-03-30T23:30:00+01:00
0.138000, 3.45, 2025-03-30T23:30:00+01:00, 2025-03-31T00:00:00+01:00
0.091000, 2.27, 2025-03-31T00:00:00+01:00, 2025-03-31T00:30:00+01:00
0.083000, 2.07, 2025-03-31T00:30:00+01:00, 2025-03-31T01:00:00+01:00
0.105000, 2.62, 2025-03-31T01:00:00+01:00, 2025-03-31T01:30:00+01:00
0.084000, 2.10, 2025-03-31T01:30:00+01:00, 2025-03-31T02:00:00+01:00
0.064000, 1.60, 2025-03-31T02:00:00+01:00, 2025-03-31T02:30:00+01:00
0.096000, 2.40, 2025-03-31T02:30:00+01:00, 2025-03-31T03:00:00+01:00
0.082000, 2.05, 2025-03-31T03:00:00+01:00, 2025-03-31T03:30:00+01:00
0.069000, 1.72, 2025-03-31T03:30:00+01:00, 2025-03-31T04:00:00+01:00
0.067000, 1.67, 2025-03-31T04:00:00+01:00, 2025-03-31T04:30:00+01:00
0.114000, 2.85, 2025-03-31T04:30:00+01:00, 2025-03-31T05:00:00+01:00
0.065000, 1.62, 2025-03-31T05:00:00+01:00, 2025-03-31T05:30:00+01:00
0.063000, 1.57, 2025-03-31T05:30:00+01:00, 2025-03-31T06:00:00+01:00
1.087000, 27.15, 2025-03-31T06:00:00+01:00, 2025-03-31T06:30:00+01:00
0.141000, 3.52, 2025-03-31T06:30:00+01:00, 2025-03-31T07:00:00+01:00
1.980000, 49.46, 2025-03-31T07:00:00+01:00, 2025-03-31T07:30:00+01:00
0.241000, 6.02, 2025-03-31T07:30:00+01:00, 2025-03-31T08:00:00+01:00
0.170000, 4.25, 2025-03-31T08:00:00+01:00, 2025-03-31T08:30:00+01:00
0.065000, 1.62, 2025-03-31T08:30:00+01:00, 2025-03-31T09:00:00+01:00
0.182000, 4.55, 2025-03-31T09:00:00+01:00, 2025-03-31T09:30:00+01:00
1.800000, 44.96, 2025-03-31T09:30:00+01:00, 2025-03-31T10:00:00+01:00
0.058000, 1.45, 2025-03-31T10:00:00+01:00, 2025-03-31T10:30:00+01:00
0.064000, 1.60, 2025-03-31T10:30:00+01:00, 2025-03-31T11:00:00+01:00
0.091000, 2.27, 2025-03-31T11:00:00+01:00, 2025-03-31T11:30:00+01:00
0.077000, 1.92, 2025-03-31T11:30:00+01:00, 2025-03-31T12:00:00+01:00
0.059000, 1.47, 2025-03-31T12:00:00+01:00, 2025-03-31T12:30:00+01:00
0.092000, 2.30, 2025-03-31T12:30:00+01:00, 2025-03-31T13:00:00+01:00
0.079000, 1.97, 2025-03-31T13:00:00+01:00, 2025-03-31T13:30:00+01:00
0.077000, 1.92, 2025-03-31T13:30:00+01:00, 2025-03-31T14:00:00+01:00
0.059000, 1.47, 2025-03-31T14:00:00+01:00, 2025-03-31T14:30:00+01:00
0.111000, 2.77, 2025-03-31T14:30:00+01:00, 2025-03-31T15:00:00+01:00
0.057000, 1.42, 2025-03-31T15:00:00+01:00, 2025-03-31T15:30:00+01:00
0.082000, 2.05, 2025-03-31T15:30:00+01:00, 2025-03-31T16:00:00+01:00
0.094000, 2.35, 2025-03-31T16:00:00+01:00, 2025-03-31T16:30:00+01:00
0.079000, 1.97, 2025-03-31T16:30:00+01:00, 2025-03-31T17:00:00+01:00
0.058000, 1.45, 2025-03-31T17:00:00+01:00, 2025-03-31T17:30:00+01:00
0.674000, 16.84, 2025-03-31T17:30:00+01:00, 2025-03-31T18:00:00+01:00
0.473000, 11.82, 2025-03-31T18:00:00+01:00, 2025-03-31T18:30:00+01:00
0.524000, 13.09, 2025-03-31T18:30:00+01:00, 2025-03-31T19:00:00+01:00
0.391000, 9.77, 2025-03-31T19:00:00+01:00, 2025-03-31T19:30:00+01:00
0.098000, 2.45, 2025-03-31T19:30:00+01:00, 2025-03-31T20:00:00+01:00
0.098000, 2.45, 2025-03-31T20:00:00+01:00, 2025-03-31T20:30:00+01:00
0.126000, 3.15, 2025-03-31T20:30:00+01:00, 2025-03-31T21:00:00+01:00
0.093000, 2.32, 2025-03-31T21:00:00+01:00, 2025-03-31T21:30:00+01:00
0.089000, 2.22, 2025-03-31T21:30:00+01:00, 2025-03-31T22:00:00+01:00
0.090000, 2.25, 2025-03-31T22:00:00+01:00, 2025-03-31T22:30:00+01:00
0.091000, 2.27, 2025-03-31T22:30:00+01:00, 2025-03-31T23:00:00+01:00
0.061000, 1.52, 2025-03-31T23:00:00+01:00, 2025-03-31T23:30:00+01:00
0.081000, 2.02, 2025-03-31T23:30:00+01:00, 2025-04-01T00:00:00+01:00
0.093000, 2.32, 2025-04-01T00:00:00+01:00, 2025-04-01T00:30:00+01:00
0.062000, 1.55, 2025-04-01T00:30:00+01:00, 2025-04-01T01:00:00+01:00
0.078000, 1.95, 2025-04-01T01:00:00+01:00, 2025-04-01T01:30:00+01:00
0.093000, 2.32, 2025-04-01T01:30:00+01:00, 2025-04-01T02:00:00+01:00
0.068000, 1.70, 2025-04-01T02:00:00+01:00, 2025-04-01T02:30:00+01:00
0.067000, 1.67, 2025-04-01T02:30:00+01:00, 2025-04-01T03:00:00+01:00
0.096000, 2.40, 2025-04-01T03:00:00+01:00, 2025-04-01T03:30:00+01:00
0.072000, 1.80, 2025-04-01T03:30:00+01:00, 2025-04-01T04:00:00+01:00
0.060000, 1.50, 2025-04-01T04:00:00+01:00, 2025-04-01T04:30:00+01:00
0.098000, 2.45, 2025-04-01T04:30:00+01:00, 2025-04-01T05:00:00+01:00
0.070000, 1.75, 2025-04-01T05:00:00+01:00, 2025-04-01T05:30:00+01:00
0.073000, 1.82, 2025-04-01T05:30:00+01:00, 2025-04-01T06:00:00+01:00
0.079000, 1.97, 2025-04-01T06:00:00+01:00, 2025-04-01T06:30:00+01:00
0.083000, 2.07, 2025-04-01T06:30:00+01:00, 2025-04-01T07:00:00+01:00
2.918000, 72.89, 2025-04-01T07:00:00+01:00, 2025-04-01T07:30:00+01:00
0.891000, 22.26, 2025-04-01T07:30:00+01:00, 2025-04-01T08:00:00+01:00
0.099000, 2.47, 2025-04-01T08:00:00+01:00, 2025-04-01T08:30:00+01:00
0.073000, 1.82, 2025-04-01T08:30:00+01:00, 2025-04-01T09:00:00+01:00
0.212000, 5.30, 2025-04-01T09:00:00+01:00, 2025-04-01T09:30:00+01:00
0.120000, 3.00, 2025-04-01T09:30:00+01:00, 2025-04-01T10:00:00+01:00
0.075000, 1.87, 2025-04-01T10:00:00+01:00, 2025-04-01T10:30:00+01:00
0.187000, 4.67, 2025-04-01T10:30:00+01:00, 2025-04-01T11:00:00+01:00
0.115000, 2.87, 2025-04-01T11:00:00+01:00, 2025-04-01T11:30:00+01:00
0.130000, 3.25, 2025-04-01T11:30:00+01:00, 2025-04-01T12:00:00+01:00
0.214000, 5.35, 2025-04-01T12:00:00+01:00, 2025-04-01T12:30:00+01:00
0.148000, 3.70, 2025-04-01T12:30:00+01:00, 2025-04-01T13:00:00+01:00
0.114000, 2.85, 2025-04-01T13:00:00+01:00, 2025-04-01T13:30:00+01:00
0.085000, 2.12, 2025-04-01T13:30:00+01:00, 2025-04-01T14:00:00+01:00
0.158000, 3.95, 2025-04-01T14:00:00+01:00, 2025-04-01T14:30:00+01:00
0.105000, 2.62, 2025-04-01T14:30:00+01:00, 2025-04-01T15:00:00+01:00
0.060000, 1.50, 2025-04-01T15:00:00+01:00, 2025-04-01T15:30:00+01:00
0.095000, 2.37, 2025-04-01T15:30:00+01:00, 2025-04-01T16:00:00+01:00
0.114000, 2.85, 2025-04-01T16:00:00+01:00, 2025-04-01T16:30:00+01:00
0.120000, 3.00, 2025-04-01T16:30:00+01:00, 2025-04-01T17:00:00+01:00
0.381000, 9.52, 2025-04-01T17:00:00+01:00, 2025-04-01T17:30:00+01:00
0.449000, 11.22, 2025-04-01T17:30:00+01:00, 2025-04-01T18:00:00+01:00
0.221000, 5.52, 2025-04-01T18:00:00+01:00, 2025-04-01T18:30:00+01:00
0.110000, 2.75, 2025-04-01T18:30:00+01:00, 2025-04-01T19:00:00+01:00
0.124000, 3.10, 2025-04-01T19:00:00+01:00, 2025-04-01T19:30:00+01:00
0.068000, 1.70, 2025-04-01T19:30:00+01:00, 2025-04-01T20:00:00+01:00
0.194000, 4.85, 2025-04-01T20:00:00+01:00, 2025-04-01T20:30:00+01:00
0.114000, 2.85, 2025-04-01T20:30:00+01:00, 2025-04-01T21:00:00+01:00
0.087000, 2.17, 2025-04-01T21:00:00+01:00, 2025-04-01T21:30:00+01:00
0.071000, 1.77, 2025-04-01T21:30:00+01:00, 2025-04-01T22:00:00+01:00
0.117000, 2.92, 2025-04-01T22:00:00+01:00, 2025-04-01T22:30:00+01:00
0.084000, 2.10, 2025-04-01T22:30:00+01:00, 2025-04-01T23:00:00+01:00
0.081000, 2.02, 2025-04-01T23:00:00+01:00, 2025-04-01T23:30:00+01:00
0.101000, 2.52, 2025-04-01T23:30:00+01:00, 2025-04-02T00:00:00+01:00
0.095000, 2.37, 2025-04-02T00:00:00+01:00, 2025-04-02T00:30:00+01:00
0.074000, 1.85, 2025-04-02T00:30:00+01:00, 2025-04-02T01:00:00+01:00
0.076000, 1.90, 2025-04-02T01:00:00+01:00, 2025-04-02T01:30:00+01:00
0.090000, 2.25, 2025-04-02T01:30:00+01:00, 2025-04-02T02:00:00+01:00
0.062000, 1.55, 2025-04-02T02:00:00+01:00, 2025-04-02T02:30:00+01:00
0.086000, 2.15, 2025-04-02T02:30:00+01:00, 2025-04-02T03:00:00+01:00
0.096000, 2.40, 2025-04-02T03:00:00+01:00, 2025-04-02T03:30:00+01:00
0.067000, 1.67, 2025-04-02T03:30:00+01:00, 2025-04-02T04:00:00+01:00
0.069000, 1.72, 2025-04-02T04:00:00+01:00, 2025-04-02T04:30:00+01:00
0.095000, 2.37, 2025-04-02T04:30:00+01:00, 2025-04-02T05:00:00+01:00
0.067000, 1.67, 2025-04-02T05:00:00+01:00, 2025-04-02T05:30:00+01:00
0.065000, 1.62, 2025-04-02T05:30:00+01:00, 2025-04-02T06:00:00+01:00
1.055000, 26.35, 2025-04-02T06:00:00+01:00, 2025-04-02T06:30:00+01:00
0.069000, 1.72, 2025-04-02T06:30:00+01:00, 2025-04-02T07:00:00+01:00
2.213000, 55.28, 2025-04-02T07:00:00+01:00, 2025-04-02T07:30:00+01:00
0.261000, 6.52, 2025-04-02T07:30:00+01:00, 2025-04-02T08:00:00+01:00
0.112000, 2.80, 2025-04-02T08:00:00+01:00, 2025-04-02T08:30:00+01:00
0.545000, 13.61, 2025-04-02T08:30:00+01:00, 2025-04-02T09:00:00+01:00
0.158000, 3.95, 2025-04-02T09:00:00+01:00, 2025-04-02T09:30:00+01:00
0.396000, 9.89, 2025-04-02T09:30:00+01:00, 2025-04-02T10:00:00+01:00
0.406000, 10.14, 2025-04-02T10:00:00+01:00, 2025-04-02T10:30:00+01:00
0.701000, 17.51, 2025-04-02T10:30:00+01:00, 2025-04-02T11:00:00+01:00
1.655000, 41.34, 2025-04-02T11:00:00+01:00, 2025-04-02T11:30:00+01:00
2.066000, 51.61, 2025-04-02T11:30:00+01:00, 2025-04-02T12:00:00+01:00
0.105000, 2.62, 2025-04-02T12:00:00+01:00, 2025-04-02T12:30:00+01:00
0.279000, 6.97, 2025-04-02T12:30:00+01:00, 2025-04-02T13:00:00+01:00
0.261000, 6.52, 2025-04-02T13:00:00+01:00, 2025-04-02T13:30:00+01:00
0.075000, 1.87, 2025-04-02T13:30:00+01:00, 2025-04-02T14:00:00+01:00
0.102000, 2.55, 2025-04-02T14:00:00+01:00, 2025-04-02T14:30:00+01:00
0.091000, 2.27, 2025-04-02T14:30:00+01:00, 2025-04-02T15:00:00+01:00
0.073000, 1.82, 2025-04-02T15:00:00+01:00, 2025-04-02T15:30:00+01:00
0.071000, 1.77, 2025-04-02T15:30:00+01:00, 2025-04-02T16:00:00+01:00
0.103000, 2.57, 2025-04-02T16:00:00+01:00, 2025-04-02T16:30:00+01:00
0.479000, 11.97, 2025-04-02T16:30:00+01:00, 2025-04-02T17:00:00+01:00
0.220000, 5.50, 2025-04-02T17:00:00+01:00, 2025-04-02T17:30:00+01:00
0.103000, 2.57, 2025-04-02T17:30:00+01:00, 2025-04-02T18:00:00+01:00
0.066000, 1.65, 2025-04-02T18:00:00+01:00, 2025-04-02T18:30:00+01:00
0.077000, 1.92, 2025-04-02T18:30:00+01:00, 2025-04-02T19:00:00+01:00
0.099000, 2.47, 2025-04-02T19:00:00+01:00, 2025-04-02T19:30:00+01:00
0.222000, 5.55, 2025-04-02T19:30:00+01:00, 2025-04-02T20:00:00+01:00
0.115000, 2.87, 2025-04-02T20:00:00+01:00, 2025-04-02T20:30:00+01:00
0.141000, 3.52, 2025-04-02T20:30:00+01:00, 2025-04-02T21:00:00+01:00
0.105000, 2.62, 2025-04-02T21:00:00+01:00, 2025-04-02T21:30:00+01:00
0.350000, 8.74, 2025-04-02T21:30:00+01:00, 2025-04-02T22:00:00+01:00
0.128000, 3.20, 2025-04-02T22:00:00+01:00, 2025-04-02T22:30:00+01:00
0.106000, 2.65, 2025-04-02T22:30:00+01:00, 2025-04-02T23:00:00+01:00
0.102000, 2.55, 2025-04-02T23:00:00+01:00, 2025-04-02T23:30:00+01:00
0.097000, 2.42, 2025-04-02T23:30:00+01:00, 2025-04-03T00:00:00+01:00
0.090000, 2.25, 2025-04-03T00:00:00+01:00, 2025-04-03T00:30:00+01:00
0.066000, 1.65, 2025-04-03T00:30:00+01:00, 2025-04-03T01:00:00+01:00
0.069000, 1.72, 2025-04-03T01:00:00+01:00, 2025-04-03T01:30:00+01:00
0.093000, 2.32, 2025-04-03T01:30:00+01:00, 2025-04-03T02:00:00+01:00
0.076000, 1.90, 2025-04-03T02:00:00+01:00, 2025-04-03T02:30:00+01:00
0.069000, 1.72, 2025-04-03T02:30:00+01:00, 2025-04-03T03:00:00+01:00
0.099000, 2.47, 2025-04-03T03:00:00+01:00, 2025-04-03T03:30:00+01:00
0.067000, 1.67, 2025-04-03T03:30:00+01:00, 2025-04-03T04:00:00+01:00
0.061000, 1.52, 2025-04-03T04:00:00+01:00, 2025-04-03T04:30:00+01:00
0.119000, 2.97, 2025-04-03T04:30:00+01:00, 2025-04-03T05:00:00+01:00
0.068000, 1.70, 2025-04-03T05:00:00+01:00, 2025-04-03T05:30:00+01:00
0.081000, 2.02, 2025-04-03T05:30:00+01:00, 2025-04-03T06:00:00+01:00
0.102000, 2.55, 2025-04-03T06:00:00+01:00, 2025-04-03T06:30:00+01:00
0.891000, 22.26, 2025-04-03T06:30:00+01:00, 2025-04-03T07:00:00+01:00
2.710000, 67.69, 2025-04-03T07:00:00+01:00, 2025-04-03T07:30:00+01:00
2.370000, 59.20, 2025-04-03T07:30:00+01:00, 2025-04-03T08:00:00+01:00
0.158000, 3.95, 2025-04-03T08:00:00+01:00, 2025-04-03T08:30:00+01:00
0.099000, 2.47, 2025-04-03T08:30:00+01:00, 2025-04-03T09:00:00+01:00
0.949000, 23.71, 2025-04-03T09:00:00+01:00, 2025-04-03T09:30:00+01:00
0.173000, 4.32, 2025-04-03T09:30:00+01:00, 2025-04-03T10:00:00+01:00
0.070000, 1.75, 2025-04-03T10:00:00+01:00, 2025-04-03T10:30:00+01:00
0.064000, 1.60, 2025-04-03T10:30:00+01:00, 2025-04-03T11:00:00+01:00
0.099000, 2.47, 2025-04-03T11:00:00+01:00, 2025-04-03T11:30:00+01:00
0.075000, 1.87, 2025-04-03T11:30:00+01:00, 2025-04-03T12:00:00+01:00
0.058000, 1.45, 2025-04-03T12:00:00+01:00, 2025-04-03T12:30:00+01:00
0.248000, 6.19, 2025-04-03T12:30:00+01:00, 2025-04-03T13:00:00+01:00
0.080000, 2.00, 2025-04-03T13:00:00+01:00, 2025-04-03T13:30:00+01:00
0.069000, 1.72, 2025-04-03T13:30:00+01:00, 2025-04-03T14:00:00+01:00
0.090000, 2.25, 2025-04-03T14:00:00+01:00, 2025-04-03T14:30:00+01:00
0.083000, 2.07, 2025-04-03T14:30:00+01:00, 2025-04-03T15:00:00+01:00
0.082000, 2.05, 2025-04-03T15:00:00+01:00, 2025-04-03T15:30:00+01:00
0.074000, 1.85, 2025-04-03T15:30:00+01:00, 2025-04-03T16:00:00+01:00
0.103000, 2.57, 2025-04-03T16:00:00+01:00, 2025-04-03T16:30:00+01:00
0.056000, 1.40, 2025-04-03T16:30:00+01:00, 2025-04-03T17:00:00+01:00
0.090000, 2.25, 2025-04-03T17:00:00+01:00, 2025-04-03T17:30:00+01:00
0.103000, 2.57, 2025-04-03T17:30:00+01:00, 2025-04-03T18:00:00+01:00
0.326000, 8.14, 2025-04-03T18:00:00+01:00, 2025-04-03T18:30:00+01:00
0.627000, 15.66, 2025-04-03T18:30:00+01:00, 2025-04-03T19:00:00+01:00
0.198000, 4.95, 2025-04-03T19:00:00+01:00, 2025-04-03T19:30:00+01:00
0.438000, 10.94, 2025-04-03T19:30:00+01:00, 2025-04-03T20:00:00+01:00
0.147000, 3.67, 2025-04-03T20:00:00+01:00, 2025-04-03T20:30:00+01:00
0.190000, 4.75, 2025-04-03T20:30:00+01:00, 2025-04-03T21:00:00+01:00
0.098000, 2.45, 2025-04-03T21:00:00+01:00, 2025-04-03T21:30:00+01:00
0.103000, 2.57, 2025-04-03T21:30:00+01:00, 2025-04-03T22:00:00+01:00
0.122000, 3.05, 2025-04-03T22:00:00+01:00, 2025-04-03T22:30:00+01:00
0.100000, 2.50, 2025-04-03T22:30:00+01:00, 2025-04-03T23:00:00+01:00
0.083000, 2.07, 2025-04-03T23:00:00+01:00, 2025-04-03T23:30:00+01:00
0.094000, 2.35, 2025-04-03T23:30:00+01:00, 2025-04-04T00:00:00+01:00
0.102000, 2.55, 2025-04-04T00:00:00+01:00, 2025-04-04T00:30:00+01:00
0.068000, 1.70, 2025-04-04T00:30:00+01:00, 2025-04-04T01:00:00+01:00
0.090000, 2.25, 2025-04-04T01:00:00+01:00, 2025-04-04T01:30:00+01:00
0.100000, 2.50, 2025-04-04T01:30:00+01:00, 2025-04-04T02:00:00+01:00
0.086000, 2.15, 2025-04-04T02:00:00+01:00, 2025-04-04T02:30:00+01:00
0.076000, 1.90, 2025-04-04T02:30:00+01:00, 2025-04-04T03:00:00+01:00
0.123000, 3.07, 2025-04-04T03:00:00+01:00, 2025-04-04T03:30:00+01:00
0.067000, 1.67, 2025-04-04T03:30:00+01:00, 2025-04-04T04:00:00+01:00
0.064000, 1.60, 2025-04-04T04:00:00+01:00, 2025-04-04T04:30:00+01:00
0.103000, 2.57, 2025-04-04T04:30:00+01:00, 2025-04-04T05:00:00+01:00
0.070000, 1.75, 2025-04-04T05:00:00+01:00, 2025-04-04T05:30:00+01:00
0.059000, 1.47, 2025-04-04T05:30:00+01:00, 2025-04-04T06:00:00+01:00
0.110000, 2.75, 2025-04-04T06:00:00+01:00, 2025-04-04T06:30:00+01:00
0.106000, 2.65, 2025-04-04T06:30:00+01:00, 2025-04-04T07:00:00+01:00
2.509000, 62.67, 2025-04-04T07:00:00+01:00, 2025-04-04T07:30:00+01:00
0.338000, 8.44, 2025-04-04T07:30:00+01:00, 2025-04-04T08:00:00+01:00
1.019000, 25.45, 2025-04-04T08:00:00+01:00, 2025-04-04T08:30:00+01:00
0.494000, 12.34, 2025-04-04T08:30:00+01:00, 2025-04-04T09:00:00+01:00
0.556000, 13.89, 2025-04-04T09:00:00+01:00, 2025-04-04T09:30:00+01:00
1.554000, 38.82, 2025-04-04T09:30:00+01:00, 2025-04-04T10:00:00+01:00
1.135000, 28.35, 2025-04-04T10:00:00+01:00, 2025-04-04T10:30:00+01:00
2.261000, 56.48, 2025-04-04T10:30:00+01:00, 2025-04-04T11:00:00+01:00
0.700000, 17.49, 2025-04-04T11:00:00+01:00, 2025-04-04T11:30:00+01:00
0.119000, 2.97, 2025-04-04T11:30:00+01:00, 2025-04-04T12:00:00+01:00
0.443000, 11.07, 2025-04-04T12:00:00+01:00, 2025-04-04T12:30:00+01:00
0.172000, 4.30, 2025-04-04T12:30:00+01:00, 2025-04-04T13:00:00+01:00
0.134000, 3.35, 2025-04-04T13:00:00+01:00, 2025-04-04T13:30:00+01:00
0.303000, 7.57, 2025-04-04T13:30:00+01:00, 2025-04-04T14:00:00+01:00
0.559000, 13.96, 2025-04-04T14:00:00+01:00, 2025-04-04T14:30:00+01:00
0.100000, 2.50, 2025-04-04T14:30:00+01:00, 2025-04-04T15:00:00+01:00
0.107000, 2.67, 2025-04-04T15:00:00+01:00, 2025-04-04T15:30:00+01:00
0.083000, 2.07, 2025-04-04T15:30:00+01:00, 2025-04-04T16:00:00+01:00
0.087000, 2.17, 2025-04-04T16:00:00+01:00, 2025-04-04T16:30:00+01:00
0.115000, 2.87, 2025-04-04T16:30:00+01:00, 2025-04-04T17:00:00+01:00
0.078000, 1.95, 2025-04-04T17:00:00+01:00, 2025-04-04T17:30:00+01:00
0.097000, 2.42, 2025-04-04T17:30:00+01:00, 2025-04-04T18:00:00+01:00
0.153000, 3.82, 2025-04-04T18:00:00+01:00, 2025-04-04T18:30:00+01:00
0.160000, 4.00, 2025-04-04T18:30:00+01:00, 2025-04-04T19:00:00+01:00
0.184000, 4.60, 2025-04-04T19:00:00+01:00, 2025-04-04T19:30:00+01:00
0.153000, 3.82, 2025-04-04T19:30:00+01:00, 2025-04-04T20:00:00+01:00
0.189000, 4.72, 2025-04-04T20:00:00+01:00, 2025-04-04T20:30:00+01:00
0.138000, 3.45, 2025-04-04T20:30:00+01:00, 2025-04-04T21:00:00+01:00
0.157000, 3.92, 2025-04-04T21:00:00+01:00, 2025-04-04T21:30:00+01:00
0.153000, 3.82, 2025-04-04T21:30:00+01:00, 2025-04-04T22:00:00+01:00
0.137000, 3.42, 2025-04-04T22:00:00+01:00, 2025-04-04T22:30:00+01:00
0.144000, 3.60, 2025-04-04T22:30:00+01:00, 2025-04-04T23:00:00+01:00
0.145000, 3.62, 2025-04-04T23:00:00+01:00, 2025-04-04T23:30:00+01:00
0.075000, 1.87, 2025-04-04T23:30:00+01:00, 2025-04-05T00:00:00+01:00
0.083000, 2.07, 2025-04-05T00:00:00+01:00, 2025-04-05T00:30:00+01:00
0.095000, 2.37, 2025-04-05T00:30:00+01:00, 2025-04-05T01:00:00+01:00
0.057000, 1.42, 2025-04-05T01:00:00+01:00, 2025-04-05T01:30:00+01:00
0.077000, 1.92, 2025-04-05T01:30:00+01:00, 2025-04-05T02:00:00+01:00
0.098000, 2.45, 2025-04-05T02:00:00+01:00, 2025-04-05T02:30:00+01:00
0.063000, 1.57, 2025-04-05T02:30:00+01:00, 2025-04-05T03:00:00+01:00
0.067000, 1.67, 2025-04-05T03:00:00+01:00, 2025-04-05T03:30:00+01:00
0.103000, 2.57, 2025-04-05T03:30:00+01:00, 2025-04-05T04:00:00+01:00
0.059000, 1.47, 2025-04-05T04:00:00+01:00, 2025-04-05T04:30:00+01:00
0.064000, 1.60, 2025-04-05T04:30:00+01:00, 2025-04-05T05:00:00+01:00
0.085000, 2.12, 2025-04-05T05:00:00+01:00, 2025-04-05T05:30:00+01:00
0.086000, 2.15, 2025-04-05T05:30:00+01:00, 2025-04-05T06:00:00+01:00
0.061000, 1.52, 2025-04-05T06:00:00+01:00, 2025-04-05T06:30:00+01:00
0.076000, 1.90, 2025-04-05T06:30:00+01:00, 2025-04-05T07:00:00+01:00
0.107000, 2.67, 2025-04-05T07:00:00+01:00, 2025-04-05T07:30:00+01:00
0.080000, 2.00, 2025-04-05T07:30:00+01:00, 2025-04-05T08:00:00+01:00
0.069000, 1.72, 2025-04-05T08:00:00+01:00, 2025-04-05T08:30:00+01:00
0.663000, 16.56, 2025-04-05T08:30:00+01:00, 2025-04-05T09:00:00+01:00
0.097000, 2.42, 2025-04-05T09:00:00+01:00, 2025-04-05T09:30:00+01:00
0.132000, 3.30, 2025-04-05T09:30:00+01:00, 2025-04-05T10:00:00+01:00
0.192000, 4.80, 2025-04-05T10:00:00+01:00, 2025-04-05T10:30:00+01:00
0.105000, 2.62, 2025-04-05T10:30:00+01:00, 2025-04-05T11:00:00+01:00
0.062000, 1.55, 2025-04-05T11:00:00+01:00, 2025-04-05T11:30:00+01:00
0.140000, 3.50, 2025-04-05T11:30:00+01:00, 2025-04-05T12:00:00+01:00
0.327000, 8.17, 2025-04-05T12:00:00+01:00, 2025-04-05T12:30:00+01:00
0.527000, 13.16, 2025-04-05T12:30:00+01:00, 2025-04-05T13:00:00+01:00
0.124000, 3.10, 2025-04-05T13:00:00+01:00, 2025-04-05T13:30:00+01:00
0.079000, 1.97, 2025-04-05T13:30:00+01:00, 2025-04-05T14:00:00+01:00
0.503000, 12.56, 2025-04-05T14:00:00+01:00, 2025-04-05T14:30:00+01:00
0.349000, 8.72, 2025-04-05T14:30:00+01:00, 2025-04-05T15:00:00+01:00
1.824000, 45.56, 2025-04-05T15:00:00+01:00, 2025-04-05T15:30:00+01:00
0.084000, 2.10, 2025-04-05T15:30:00+01:00, 2025-04-05T16:00:00+01:00
0.105000, 2.62, 2025-04-05T16:00:00+01:00, 2025-04-05T16:30:00+01:00
0.085000, 2.12, 2025-04-05T16:30:00+01:00, 2025-04-05T17:00:00+01:00
0.069000, 1.72, 2025-04-05T17:00:00+01:00, 2025-04-05T17:30:00+01:00
0.111000, 2.77, 2025-04-05T17:30:00+01:00, 2025-04-05T18:00:00+01:00
0.135000, 3.37, 2025-04-05T18:00:00+01:00, 2025-04-05T18:30:00+01:00
0.176000, 4.40, 2025-04-05T18:30:00+01:00, 2025-04-05T19:00:00+01:00
0.156000, 3.90, 2025-04-05T19:00:00+01:00, 2025-04-05T19:30:00+01:00
0.138000, 3.45, 2025-04-05T19:30:00+01:00, 2025-04-05T20:00:00+01:00
0.121000, 3.02, 2025-04-05T20:00:00+01:00, 2025-04-05T20:30:00+01:00
0.255000, 6.37, 2025-04-05T20:30:00+01:00, 2025-04-05T21:00:00+01:00
0.196000, 4.90, 2025-04-05T21:00:00+01:00, 2025-04-05T21:30:00+01:00
0.140000, 3.50, 2025-04-05T21:30:00+01:00, 2025-04-05T22:00:00+01:00
0.107000, 2.67, 2025-04-05T22:00:00+01:00, 2025-04-05T22:30:00+01:00
0.102000, 2.55, 2025-04-05T22:30:00+01:00, 2025-04-05T23:00:00+01:00
0.095000, 2.37, 2025-04-05T23:00:00+01:00, 2025-04-05T23:30:00+01:00
0.144000, 3.60, 2025-04-05T23:30:00+01:00, 2025-04-06T00:00:00+01:00
0.094000, 2.35, 2025-04-06T00:00:00+01:00, 2025-04-06T00:30:00+01:00
0.107000, 2.67, 2025-04-06T00:30:00+01:00, 2025-04-06T01:00:00+01:00
0.099000, 2.47, 2025-04-06T01:00:00+01:00, 2025-04-06T01:30:00+01:00
0.134000, 3.35, 2025-04-06T01:30:00+01:00, 2025-04-06T02:00:00+01:00
0.087000, 2.17, 2025-04-06T02:00:00+01:00, 2025-04-06T02:30:00+01:00
0.103000, 2.57, 2025-04-06T02:30:00+01:00, 2025-04-06T03:00:00+01:00
0.107000, 2.67, 2025-04-06T03:00:00+01:00, 2025-04-06T03:30:00+01:00
0.120000, 3.00, 2025-04-06T03:30:00+01:00, 2025-04-06T04:00:00+01:00
0.086000, 2.15, 2025-04-06T04:00:00+01:00, 2025-04-06T04:30:00+01:00
0.093000, 2.32, 2025-04-06T04:30:00+01:00, 2025-04-06T05:00:00+01:00
0.103000, 2.57, 2025-04-06T05:00:00+01:00, 2025-04-06T05:30:00+01:00
0.068000, 1.70, 2025-04-06T05:30:00+01:00, 2025-04-06T06:00:00+01:00
0.071000, 1.77, 2025-04-06T06:00:00+01:00, 2025-04-06T06:30:00+01:00
0.059000, 1.47, 2025-04-06T06:30:00+01:00, 2025-04-06T07:00:00+01:00
0.101000, 2.52, 2025-04-06T07:00:00+01:00, 2025-04-06T07:30:00+01:00
0.058000, 1.45, 2025-04-06T07:30:00+01:00, 2025-04-06T08:00:00+01:00
0.064000, 1.60, 2025-04-06T08:00:00+01:00, 2025-04-06T08:30:00+01:00
0.078000, 1.95, 2025-04-06T08:30:00+01:00, 2025-04-06T09:00:00+01:00
0.078000, 1.95, 2025-04-06T09:00:00+01:00, 2025-04-06T09:30:00+01:00
0.072000, 1.80, 2025-04-06T09:30:00+01:00, 2025-04-06T10:00:00+01:00
0.060000, 1.50, 2025-04-06T10:00:00+01:00, 2025-04-06T10:30:00+01:00
0.097000, 2.42, 2025-04-06T10:30:00+01:00, 2025-04-06T11:00:00+01:00
0.091000, 2.27, 2025-04-06T11:00:00+01:00, 2025-04-06T11:30:00+01:00
0.072000, 1.80, 2025-04-06T11:30:00+01:00, 2025-04-06T12:00:00+01:00
0.212000, 5.30, 2025-04-06T12:00:00+01:00, 2025-04-06T12:30:00+01:00
0.209000, 5.22, 2025-04-06T12:30:00+01:00, 2025-04-06T13:00:00+01:00
0.075000, 1.87, 2025-04-06T13:00:00+01:00, 2025-04-06T13:30:00+01:00
0.070000, 1.75, 2025-04-06T13:30:00+01:00, 2025-04-06T14:00:00+01:00
0.094000, 2.35, 2025-04-06T14:00:00+01:00, 2025-04-06T14:30:00+01:00
0.073000, 1.82, 2025-04-06T14:30:00+01:00, 2025-04-06T15:00:00+01:00
0.058000, 1.45, 2025-04-06T15:00:00+01:00, 2025-04-06T15:30:00+01:00
1.975000, 49.33, 2025-04-06T15:30:00+01:00, 2025-04-06T16:00:00+01:00
0.385000, 9.62, 2025-04-06T16:00:00+01:00, 2025-04-06T16:30:00+01:00
0.867000, 21.66, 2025-04-06T16:30:00+01:00, 2025-04-06T17:00:00+01:00
0.069000, 1.72, 2025-04-06T17:00:00+01:00, 2025-04-06T17:30:00+01:00
0.098000, 2.45, 2025-04-06T17:30:00+01:00, 2025-04-06T18:00:00+01:00
0.059000, 1.47, 2025-04-06T18:00:00+01:00, 2025-04-06T18:30:00+01:00
0.070000, 1.75, 2025-04-06T18:30:00+01:00, 2025-04-06T19:00:00+01:00
0.430000, 10.74, 2025-04-06T19:00:00+01:00, 2025-04-06T19:30:00+01:00
0.704000, 17.59, 2025-04-06T19:30:00+01:00, 2025-04-06T20:00:00+01:00
0.892000, 22.28, 2025-04-06T20:00:00+01:00, 2025-04-06T20:30:00+01:00
0.603000, 15.06, 2025-04-06T20:30:00+01:00, 2025-04-06T21:00:00+01:00
0.133000, 3.32, 2025-04-06T21:00:00+01:00, 2025-04-06T21:30:00+01:00
0.111000, 2.77, 2025-04-06T21:30:00+01:00, 2025-04-06T22:00:00+01:00
0.093000, 2.32, 2025-04-06T22:00:00+01:00, 2025-04-06T22:30:00+01:00
0.123000, 3.07, 2025-04-06T22:30:00+01:00, 2025-04-06T23:00:00+01:00
0.102000, 2.55, 2025-04-06T23:00:00+01:00, 2025-04-06T23:30:00+01:00
0.069000, 1.72, 2025-04-06T23:30:00+01:00, 2025-04-07T00:00:00+01:00
0.097000, 2.42, 2025-04-07T00:00:00+01:00, 2025-04-07T00:30:00+01:00
0.078000, 1.95, 2025-04-07T00:30:00+01:00, 2025-04-07T01:00:00+01:00
0.061000, 1.52, 2025-04-07T01:00:00+01:00, 2025-04-07T01:30:00+01:00
0.074000, 1.85, 2025-04-07T01:30:00+01:00, 2025-04-07T02:00:00+01:00
0.099000, 2.47, 2025-04-07T02:00:00+01:00, 2025-04-07T02:30:00+01:00
0.076000, 1.90, 2025-04-07T02:30:00+01:00, 2025-04-07T03:00:00+01:00
0.061000, 1.52, 2025-04-07T03:00:00+01:00, 2025-04-07T03:30:00+01:00
0.077000, 1.92, 2025-04-07T03:30:00+01:00, 2025-04-07T04:00:00+01:00
0.093000, 2.32, 2025-04-07T04:00:00+01:00, 2025-04-07T04:30:00+01:00
0.058000, 1.45, 2025-04-07T04:30:00+01:00, 2025-04-07T05:00:00+01:00
0.065000, 1.62, 2025-04-07T05:00:00+01:00, 2025-04-07T05:30:00+01:00
0.098000, 2.45, 2025-04-07T05:30:00+01:00, 2025-04-07T06:00:00+01:00
0.071000, 1.77, 2025-04-07T06:00:00+01:00, 2025-04-07T06:30:00+01:00
0.074000, 1.85, 2025-04-07T06:30:00+01:00, 2025-04-07T07:00:00+01:00
0.772000, 19.28, 2025-04-07T07:00:00+01:00, 2025-04-07T07:30:00+01:00
0.222000, 5.55, 2025-04-07T07:30:00+01:00, 2025-04-07T08:00:00+01:00
0.058000, 1.45, 2025-04-07T08:00:00+01:00, 2025-04-07T08:30:00+01:00
2.233000, 55.78, 2025-04-07T08:30:00+01:00, 2025-04-07T09:00:00+01:00
0.109000, 2.72, 2025-04-07T09:00:00+01:00, 2025-04-07T09:30:00+01:00
0.129000, 3.22, 2025-04-07T09:30:00+01:00, 2025-04-07T10:00:00+01:00
0.078000, 1.95, 2025-04-07T10:00:00+01:00, 2025-04-07T10:30:00+01:00
0.251000, 6.27, 2025-04-07T10:30:00+01:00, 2025-04-07T11:00:00+01:00
0.914000, 22.83, 2025-04-07T11:00:00+01:00, 2025-04-07T11:30:00+01:00
0.444000, 11.09, 2025-04-07T11:30:00+01:00, 2025-04-07T12:00:00+01:00
0.387000, 9.67, 2025-04-07T12:00:00+01:00, 2025-04-07T12:30:00+01:00
0.124000, 3.10, 2025-04-07T12:30:00+01:00, 2025-04-07T13:00:00+01:00
0.072000, 1.80, 2025-04-07T13:00:00+01:00, 2025-04-07T13:30:00+01:00
0.078000, 1.95, 2025-04-07T13:30:00+01:00, 2025-04-07T14:00:00+01:00
0.102000, 2.55, 2025-04-07T14:00:00+01:00, 2025-04-07T14:30:00+01:00
0.083000, 2.07, 2025-04-07T14:30:00+01:00, 2025-04-07T15:00:00+01:00
0.067000, 1.67, 2025-04-07T15:00:00+01:00, 2025-04-07T15:30:00+01:00
0.071000, 1.77, 2025-04-07T15:30:00+01:00, 2025-04-07T16:00:00+01:00
0.109000, 2.72, 2025-04-07T16:00:00+01:00, 2025-04-07T16:30:00+01:00
0.058000, 1.45, 2025-04-07T16:30:00+01:00, 2025-04-07T17:00:00+01:00
0.150000, 3.75, 2025-04-07T17:00:00+01:00, 2025-04-07T17:30:00+01:00
0.246000, 6.14, 2025-04-07T17:30:00+01:00, 2025-04-07T18:00:00+01:00
0.151000, 3.77, 2025-04-07T18:00:00+01:00, 2025-04-07T18:30:00+01:00
0.125000, 3.12, 2025-04-07T18:30:00+01:00, 2025-04-07T19:00:00+01:00
0.107000, 2.67, 2025-04-07T19:00:00+01:00, 2025-04-07T19:30:00+01:00
0.140000, 3.50, 2025-04-07T19:30:00+01:00, 2025-04-07T20:00:00+01:00
0.100000, 2.50, 2025-04-07T20:00:00+01:00, 2025-04-07T20:30:00+01:00
0.114000, 2.85, 2025-04-07T20:30:00+01:00, 2025-04-07T21:00:00+01:00
0.138000, 3.45, 2025-04-07T21:00:00+01:00, 2025-04-07T21:30:00+01:00
0.097000, 2.42, 2025-04-07T21:30:00+01:00, 2025-04-07T22:00:00+01:00
0.102000, 2.55, 2025-04-07T22:00:00+01:00, 2025-04-07T22:30:00+01:00
0.107000, 2.67, 2025-04-07T22:30:00+01:00, 2025-04-07T23:00:00+01:00
0.108000, 2.70, 2025-04-07T23:00:00+01:00, 2025-04-07T23:30:00+01:00
0.059000, 1.47, 2025-04-07T23:30:00+01:00, 2025-04-08T00:00:00+01:00
0.072000, 1.80, 2025-04-08T00:00:00+01:00, 2025-04-08T00:30:00+01:00
0.097000, 2.42, 2025-04-08T00:30:00+01:00, 2025-04-08T01:00:00+01:00
0.070000, 1.75, 2025-04-08T01:00:00+01:00, 2025-04-08T01:30:00+01:00
0.060000, 1.50, 2025-04-08T01:30:00+01:00, 2025-04-08T02:00:00+01:00
0.079000, 1.97, 2025-04-08T02:00:00+01:00, 2025-04-08T02:30:00+01:00
0.103000, 2.57, 2025-04-08T02:30:00+01:00, 2025-04-08T03:00:00+01:00
0.061000, 1.52, 2025-04-08T03:00:00+01:00, 2025-04-08T03:30:00+01:00
0.070000, 1.75, 2025-04-08T03:30:00+01:00, 2025-04-08T04:00:00+01:00
0.096000, 2.40, 2025-04-08T04:00:00+01:00, 2025-04-08T04:30:00+01:00
0.068000, 1.70, 2025-04-08T04:30:00+01:00, 2025-04-08T05:00:00+01:00
0.067000, 1.67, 2025-04-08T05:00:00+01:00, 2025-04-08T05:30:00+01:00
0.068000, 1.70, 2025-04-08T05:30:00+01:00, 2025-04-08T06:00:00+01:00
1.233000, 30.80, 2025-04-08T06:00:00+01:00, 2025-04-08T06:30:00+01:00
0.118000, 2.95, 2025-04-08T06:30:00+01:00, 2025-04-08T07:00:00+01:00
0.096000, 2.40, 2025-04-08T07:00:00+01:00, 2025-04-08T07:30:00+01:00
0.083000, 2.07, 2025-04-08T07:30:00+01:00, 2025-04-08T08:00:00+01:00
0.082000, 2.05, 2025-04-08T08:00:00+01:00, 2025-04-08T08:30:00+01:00
0.057000, 1.42, 2025-04-08T08:30:00+01:00, 2025-04-08T09:00:00+01:00
2.196000, 54.85, 2025-04-08T09:00:00+01:00, 2025-04-08T09:30:00+01:00
0.102000, 2.55, 2025-04-08T09:30:00+01:00, 2025-04-08T10:00:00+01:00
0.082000, 2.05, 2025-04-08T10:00:00+01:00, 2025-04-08T10:30:00+01:00
0.308000, 7.69, 2025-04-08T10:30:00+01:00, 2025-04-08T11:00:00+01:00
0.462000, 11.54, 2025-04-08T11:00:00+01:00, 2025-04-08T11:30:00+01:00
0.295000, 7.37, 2025-04-08T11:30:00+01:00, 2025-04-08T12:00:00+01:00
0.090000, 2.25, 2025-04-08T12:00:00+01:00, 2025-04-08T12:30:00+01:00
0.666000, 16.64, 2025-04-08T12:30:00+01:00, 2025-04-08T13:00:00+01:00
0.687000, 17.16, 2025-04-08T13:00:00+01:00, 2025-04-08T13:30:00+01:00
0.086000, 2.15, 2025-04-08T13:30:00+01:00, 2025-04-08T14:00:00+01:00
0.069000, 1.72, 2025-04-08T14:00:00+01:00, 2025-04-08T14:30:00+01:00
0.121000, 3.02, 2025-04-08T14:30:00+01:00, 2025-04-08T15:00:00+01:00
0.067000, 1.67, 2025-04-08T15:00:00+01:00, 2025-04-08T15:30:00+01:00
0.811000, 20.26, 2025-04-08T15:30:00+01:00, 2025-04-08T16:00:00+01:00
0.094000, 2.35, 2025-04-08T16:00:00+01:00, 2025-04-08T16:30:00+01:00
0.064000, 1.60, 2025-04-08T16:30:00+01:00, 2025-04-08T17:00:00+01:00
0.037000, 0.92, 2025-04-08T17:00:00+01:00, 2025-04-08T17:30:00+01:00
0.081000, 2.02, 2025-04-08T17:30:00+01:00, 2025-04-08T18:00:00+01:00
0.397000, 9.92, 2025-04-08T18:00:00+01:00, 2025-04-08T18:30:00+01:00
0.053000, 1.32, 2025-04-08T18:30:00+01:00, 2025-04-08T19:00:00+01:00
0.066000, 1.65, 2025-04-08T19:00:00+01:00, 2025-04-08T19:30:00+01:00
0.217000, 5.42, 2025-04-08T19:30:00+01:00, 2025-04-08T20:00:00+01:00
0.125000, 3.12, 2025-04-08T20:00:00+01:00, 2025-04-08T20:30:00+01:00
0.134000, 3.35, 2025-04-08T20:30:00+01:00, 2025-04-08T21:00:00+01:00
0.123000, 3.07, 2025-04-08T21:00:00+01:00, 2025-04-08T21:30:00+01:00
0.186000, 4.65, 2025-04-08T21:30:00+01:00, 2025-04-08T22:00:00+01:00
0.112000, 2.80, 2025-04-08T22:00:00+01:00, 2025-04-08T22:30:00+01:00
0.118000, 2.95, 2025-04-08T22:30:00+01:00, 2025-04-08T23:00:00+01:00
0.083000, 2.07, 2025-04-08T23:00:00+01:00, 2025-04-08T23:30:00+01:00
0.061000, 1.52, 2025-04-08T23:30:00+01:00, 2025-04-09T00:00:00+01:00
0.047000, 1.17, 2025-04-09T00:00:00+01:00, 2025-04-09T00:30:00+01:00
0.047000, 1.17, 2025-04-09T00:30:00+01:00, 2025-04-09T01:00:00+01:00
0.097000, 2.42, 2025-04-09T01:00:00+01:00, 2025-04-09T01:30:00+01:00
0.037000, 0.92, 2025-04-09T01:30:00+01:00, 2025-04-09T02:00:00+01:00
0.050000, 1.25, 2025-04-09T02:00:00+01:00, 2025-04-09T02:30:00+01:00
0.077000, 1.92, 2025-04-09T02:30:00+01:00, 2025-04-09T03:00:00+01:00
0.070000, 1.75, 2025-04-09T03:00:00+01:00, 2025-04-09T03:30:00+01:00
0.037000, 0.92, 2025-04-09T03:30:00+01:00, 2025-04-09T04:00:00+01:00
0.063000, 1.57, 2025-04-09T04:00:00+01:00, 2025-04-09T04:30:00+01:00
0.063000, 1.57, 2025-04-09T04:30:00+01:00, 2025-04-09T05:00:00+01:00
0.042000, 1.05, 2025-04-09T05:00:00+01:00, 2025-04-09T05:30:00+01:00
0.028000, 0.70, 2025-04-09T05:30:00+01:00, 2025-04-09T06:00:00+01:00
1.231000, 30.75, 2025-04-09T06:00:00+01:00, 2025-04-09T06:30:00+01:00
0.095000, 2.37, 2025-04-09T06:30:00+01:00, 2025-04-09T07:00:00+01:00
0.026000, 0.65, 2025-04-09T07:00:00+01:00, 2025-04-09T07:30:00+01:00
0.033000, 0.82, 2025-04-09T07:30:00+01:00, 2025-04-09T08:00:00+01:00
0.058000, 1.45, 2025-04-09T08:00:00+01:00, 2025-04-09T08:30:00+01:00
0.042000, 1.05, 2025-04-09T08:30:00+01:00, 2025-04-09T09:00:00+01:00
0.200000, 5.00, 2025-04-09T09:00:00+01:00, 2025-04-09T09:30:00+01:00
0.047000, 1.17, 2025-04-09T09:30:00+01:00, 2025-04-09T10:00:00+01:00
0.074000, 1.85, 2025-04-09T10:00:00+01:00, 2025-04-09T10:30:00+01:00
0.039000, 0.97, 2025-04-09T10:30:00+01:00, 2025-04-09T11:00:00+01:00
0.064000, 1.60, 2025-04-09T11:00:00+01:00, 2025-04-09T11:30:00+01:00
0.199000, 4.97, 2025-04-09T11:30:00+01:00, 2025-04-09T12:00:00+01:00
0.083000, 2.07, 2025-04-09T12:00:00+01:00, 2025-04-09T12:30:00+01:00
0.139000, 3.47, 2025-04-09T12:30:00+01:00, 2025-04-09T13:00:00+01:00
0.239000, 5.97, 2025-04-09T13:00:00+01:00, 2025-04-09T13:30:00+01:00
0.124000, 3.10, 2025-04-09T13:30:00+01:00, 2025-04-09T14:00:00+01:00
1.487000, 37.14, 2025-04-09T14:00:00+01:00, 2025-04-09T14:30:00+01:00
0.073000, 1.82, 2025-04-09T14:30:00+01:00, 2025-04-09T15:00:00+01:00
0.071000, 1.77, 2025-04-09T15:00:00+01:00, 2025-04-09T15:30:00+01:00
0.065000, 1.62, 2025-04-09T15:30:00+01:00, 2025-04-09T16:00:00+01:00
0.088000, 2.20, 2025-04-09T16:00:00+01:00, 2025-04-09T16:30:00+01:00
0.030000, 0.75, 2025-04-09T16:30:00+01:00, 2025-04-09T17:00:00+01:00
0.081000, 2.02, 2025-04-09T17:00:00+01:00, 2025-04-09T17:30:00+01:00
0.065000, 1.62, 2025-04-09T17:30:00+01:00, 2025-04-09T18:00:00+01:00
0.051000, 1.27, 2025-04-09T18:00:00+01:00, 2025-04-09T18:30:00+01:00
0.287000, 7.17, 2025-04-09T18:30:00+01:00, 2025-04-09T19:00:00+01:00
0.211000, 5.27, 2025-04-09T19:00:00+01:00, 2025-04-09T19:30:00+01:00
0.367000, 9.17, 2025-04-09T19:30:00+01:00, 2025-04-09T20:00:00+01:00
0.220000, 5.50, 2025-04-09T20:00:00+01:00, 2025-04-09T20:30:00+01:00
0.202000, 5.05, 2025-04-09T20:30:00+01:00, 2025-04-09T21:00:00+01:00
0.242000, 6.05, 2025-04-09T21:00:00+01:00, 2025-04-09T21:30:00+01:00
0.065000, 1.62, 2025-04-09T21:30:00+01:00, 2025-04-09T22:00:00+01:00
0.060000, 1.50, 2025-04-09T22:00:00+01:00, 2025-04-09T22:30:00+01:00
0.127000, 3.17, 2025-04-09T22:30:00+01:00, 2025-04-09T23:00:00+01:00
0.063000, 1.57, 2025-04-09T23:00:00+01:00, 2025-04-09T23:30:00+01:00
0.063000, 1.57, 2025-04-09T23:30:00+01:00, 2025-04-10T00:00:00+01:00
0.056000, 1.40, 2025-04-10T00:00:00+01:00, 2025-04-10T00:30:00+01:00
0.070000, 1.75, 2025-04-10T00:30:00+01:00, 2025-04-10T01:00:00+01:00
0.029000, 0.72, 2025-04-10T01:00:00+01:00, 2025-04-10T01:30:00+01:00
0.040000, 1.00, 2025-04-10T01:30:00+01:00, 2025-04-10T02:00:00+01:00
0.056000, 1.40, 2025-04-10T02:00:00+01:00, 2025-04-10T02:30:00+01:00
0.105000, 2.62, 2025-04-10T02:30:00+01:00, 2025-04-10T03:00:00+01:00
0.057000, 1.42, 2025-04-10T03:00:00+01:00, 2025-04-10T03:30:00+01:00
0.038000, 0.95, 2025-04-10T03:30:00+01:00, 2025-04-10T04:00:00+01:00
0.059000, 1.47, 2025-04-10T04:00:00+01:00, 2025-04-10T04:30:00+01:00
0.060000, 1.50, 2025-04-10T04:30:00+01:00, 2025-04-10T05:00:00+01:00
0.041000, 1.02, 2025-04-10T05:00:00+01:00, 2025-04-10T05:30:00+01:00
0.063000, 1.57, 2025-04-10T05:30:00+01:00, 2025-04-10T06:00:00+01:00
0.072000, 1.80, 2025-04-10T06:00:00+01:00, 2025-04-10T06:30:00+01:00
0.046000, 1.15, 2025-04-10T06:30:00+01:00, 2025-04-10T07:00:00+01:00
1.484000, 37.07, 2025-04-10T07:00:00+01:00, 2025-04-10T07:30:00+01:00
0.661000, 16.51, 2025-04-10T07:30:00+01:00, 2025-04-10T08:00:00+01:00
2.044000, 51.06, 2025-04-10T08:00:00+01:00, 2025-04-10T08:30:00+01:00
0.044000, 1.10, 2025-04-10T08:30:00+01:00, 2025-04-10T09:00:00+01:00
2.023000, 50.53, 2025-04-10T09:00:00+01:00, 2025-04-10T09:30:00+01:00
0.281000, 7.02, 2025-04-10T09:30:00+01:00, 2025-04-10T10:00:00+01:00
0.068000, 1.70, 2025-04-10T10:00:00+01:00, 2025-04-10T10:30:00+01:00
0.042000, 1.05, 2025-04-10T10:30:00+01:00, 2025-04-10T11:00:00+01:00
0.033000, 0.82, 2025-04-10T11:00:00+01:00, 2025-04-10T11:30:00+01:00
0.086000, 2.15, 2025-04-10T11:30:00+01:00, 2025-04-10T12:00:00+01:00
0.062000, 1.55, 2025-04-10T12:00:00+01:00, 2025-04-10T12:30:00+01:00
0.070000, 1.75, 2025-04-10T12:30:00+01:00, 2025-04-10T13:00:00+01:00
0.067000, 1.67, 2025-04-10T13:00:00+01:00, 2025-04-10T13:30:00+01:00
0.062000, 1.55, 2025-04-10T13:30:00+01:00, 2025-04-10T14:00:00+01:00
0.034000, 0.85, 2025-04-10T14:00:00+01:00, 2025-04-10T14:30:00+01:00
0.041000, 1.02, 2025-04-10T14:30:00+01:00, 2025-04-10T15:00:00+01:00
0.088000, 2.20, 2025-04-10T15:00:00+01:00, 2025-04-10T15:30:00+01:00
0.053000, 1.32, 2025-04-10T15:30:00+01:00, 2025-04-10T16:00:00+01:00
0.075000, 1.87, 2025-04-10T16:00:00+01:00, 2025-04-10T16:30:00+01:00
0.054000, 1.35, 2025-04-10T16:30:00+01:00, 2025-04-10T17:00:00+01:00
0.064000, 1.60, 2025-04-10T17:00:00+01:00, 2025-04-10T17:30:00+01:00
0.060000, 1.50, 2025-04-10T17:30:00+01:00, 2025-04-10T18:00:00+01:00
0.204000, 5.10, 2025-04-10T18:00:00+01:00, 2025-04-10T18:30:00+01:00
0.543000, 13.56, 2025-04-10T18:30:00+01:00, 2025-04-10T19:00:00+01:00
0.084000, 2.10, 2025-04-10T19:00:00+01:00, 2025-04-10T19:30:00+01:00
0.309000, 7.72, 2025-04-10T19:30:00+01:00, 2025-04-10T20:00:00+01:00
0.409000, 10.22, 2025-04-10T20:00:00+01:00, 2025-04-10T20:30:00+01:00
0.102000, 2.55, 2025-04-10T20:30:00+01:00, 2025-04-10T21:00:00+01:00
0.283000, 7.07, 2025-04-10T21:00:00+01:00, 2025-04-10T21:30:00+01:00
0.536000, 13.39, 2025-04-10T21:30:00+01:00, 2025-04-10T22:00:00+01:00
0.085000, 2.12, 2025-04-10T22:00:00+01:00, 2025-04-10T22:30:00+01:00
0.079000, 1.97, 2025-04-10T22:30:00+01:00, 2025-04-10T23:00:00+01:00
0.051000, 1.27, 2025-04-10T23:00:00+01:00, 2025-04-10T23:30:00+01:00
0.087000, 2.17, 2025-04-10T23:30:00+01:00, 2025-04-11T00:00:00+01:00
0.074000, 1.85, 2025-04-11T00:00:00+01:00, 2025-04-11T00:30:00+01:00
0.040000, 1.00, 2025-04-11T00:30:00+01:00, 2025-04-11T01:00:00+01:00
0.054000, 1.35, 2025-04-11T01:00:00+01:00, 2025-04-11T01:30:00+01:00
0.106000, 2.65, 2025-04-11T01:30:00+01:00, 2025-04-11T02:00:00+01:00
0.056000, 1.40, 2025-04-11T02:00:00+01:00, 2025-04-11T02:30:00+01:00
0.051000, 1.27, 2025-04-11T02:30:00+01:00, 2025-04-11T03:00:00+01:00
0.060000, 1.50, 2025-04-11T03:00:00+01:00, 2025-04-11T03:30:00+01:00
0.071000, 1.77, 2025-04-11T03:30:00+01:00, 2025-04-11T04:00:00+01:00
0.033000, 0.82, 2025-04-11T04:00:00+01:00, 2025-04-11T04:30:00+01:00
0.038000, 0.95, 2025-04-11T04:30:00+01:00, 2025-04-11T05:00:00+01:00
0.070000, 1.75, 2025-04-11T05:00:00+01:00, 2025-04-11T05:30:00+01:00
0.051000, 1.27, 2025-04-11T05:30:00+01:00, 2025-04-11T06:00:00+01:00
0.069000, 1.72, 2025-04-11T06:00:00+01:00, 2025-04-11T06:30:00+01:00
0.039000, 0.97, 2025-04-11T06:30:00+01:00, 2025-04-11T07:00:00+01:00
1.167000, 29.15, 2025-04-11T07:00:00+01:00, 2025-04-11T07:30:00+01:00
0.029000, 0.72, 2025-04-11T07:30:00+01:00, 2025-04-11T08:00:00+01:00
0.033000, 0.82, 2025-04-11T08:00:00+01:00, 2025-04-11T08:30:00+01:00
0.095000, 2.37, 2025-04-11T08:30:00+01:00, 2025-04-11T09:00:00+01:00
0.185000, 4.62, 2025-04-11T09:00:00+01:00, 2025-04-11T09:30:00+01:00
0.078000, 1.95, 2025-04-11T09:30:00+01:00, 2025-04-11T10:00:00+01:00
0.065000, 1.62, 2025-04-11T10:00:00+01:00, 2025-04-11T10:30:00+01:00
0.103000, 2.57, 2025-04-11T10:30:00+01:00, 2025-04-11T11:00:00+01:00
0.663000, 16.56, 2025-04-11T11:00:00+01:00, 2025-04-11T11:30:00+01:00
0.646000, 16.14, 2025-04-11T11:30:00+01:00, 2025-04-11T12:00:00+01:00
0.350000, 8.74, 2025-04-11T12:00:00+01:00, 2025-04-11T12:30:00+01:00
0.422000, 10.54, 2025-04-11T12:30:00+01:00, 2025-04-11T13:00:00+01:00
0.362000, 9.04, 2025-04-11T13:00:00+01:00, 2025-04-11T13:30:00+01:00
0.045000, 1.12, 2025-04-11T13:30:00+01:00, 2025-04-11T14:00:00+01:00
0.082000, 2.05, 2025-04-11T14:00:00+01:00, 2025-04-11T14:30:00+01:00
0.052000, 1.30, 2025-04-11T14:30:00+01:00, 2025-04-11T15:00:00+01:00
0.044000, 1.10, 2025-04-11T15:00:00+01:00, 2025-04-11T15:30:00+01:00
0.079000, 1.97, 2025-04-11T15:30:00+01:00, 2025-04-11T16:00:00+01:00
1.130000, 28.23, 2025-04-11T16:00:00+01:00, 2025-04-11T16:30:00+01:00
0.934000, 23.33, 2025-04-11T16:30:00+01:00, 2025-04-11T17:00:00+01:00
0.048000, 1.20, 2025-04-11T17:00:00+01:00, 2025-04-11T17:30:00+01:00
0.475000, 11.87, 2025-04-11T17:30:00+01:00, 2025-04-11T18:00:00+01:00
0.314000, 7.84, 2025-04-11T18:00:00+01:00, 2025-04-11T18:30:00+01:00
0.061000, 1.52, 2025-04-11T18:30:00+01:00, 2025-04-11T19:00:00+01:00
0.080000, 2.00, 2025-04-11T19:00:00+01:00, 2025-04-11T19:30:00+01:00
0.092000, 2.30, 2025-04-11T19:30:00+01:00, 2025-04-11T20:00:00+01:00
0.127000, 3.17, 2025-04-11T20:00:00+01:00, 2025-04-11T20:30:00+01:00
0.205000, 5.12, 2025-04-11T20:30:00+01:00, 2025-04-11T21:00:00+01:00
0.085000, 2.12, 2025-04-11T21:00:00+01:00, 2025-04-11T21:30:00+01:00
0.034000, 0.85, 2025-04-11T21:30:00+01:00, 2025-04-11T22:00:00+01:00
0.034000, 0.85, 2025-04-11T22:00:00+01:00, 2025-04-11T22:30:00+01:00
0.075000, 1.87, 2025-04-11T22:30:00+01:00, 2025-04-11T23:00:00+01:00
0.049000, 1.22, 2025-04-11T23:00:00+01:00, 2025-04-11T23:30:00+01:00
0.076000, 1.90, 2025-04-11T23:30:00+01:00, 2025-04-12T00:00:00+01:00
0.035000, 0.87, 2025-04-12T00:00:00+01:00, 2025-04-12T00:30:00+01:00
0.086000, 2.15, 2025-04-12T00:30:00+01:00, 2025-04-12T01:00:00+01:00
0.033000, 0.82, 2025-04-12T01:00:00+01:00, 2025-04-12T01:30:00+01:00
0.045000, 1.12, 2025-04-12T01:30:00+01:00, 2025-04-12T02:00:00+01:00
0.045000, 1.12, 2025-04-12T02:00:00+01:00, 2025-04-12T02:30:00+01:00
0.107000, 2.67, 2025-04-12T02:30:00+01:00, 2025-04-12T03:00:00+01:00
0.046000, 1.15, 2025-04-12T03:00:00+01:00, 2025-04-12T03:30:00+01:00
0.043000, 1.07, 2025-04-12T03:30:00+01:00, 2025-04-12T04:00:00+01:00
0.077000, 1.92, 2025-04-12T04:00:00+01:00, 2025-04-12T04:30:00+01:00
0.041000, 1.02, 2025-04-12T04:30:00+01:00, 2025-04-12T05:00:00+01:00
0.043000, 1.07, 2025-04-12T05:00:00+01:00, 2025-04-12T05:30:00+01:00
0.041000, 1.02, 2025-04-12T05:30:00+01:00, 2025-04-12T06:00:00+01:00
0.113000, 2.82, 2025-04-12T06:00:00+01:00, 2025-04-12T06:30:00+01:00
0.058000, 1.45, 2025-04-12T06:30:00+01:00, 2025-04-12T07:00:00+01:00
0.048000, 1.20, 2025-04-12T07:00:00+01:00, 2025-04-12T07:30:00+01:00
0.046000, 1.15, 2025-04-12T07:30:00+01:00, 2025-04-12T08:00:00+01:00
0.065000, 1.62, 2025-04-12T08:00:00+01:00, 2025-04-12T08:30:00+01:00
0.034000, 0.85, 2025-04-12T08:30:00+01:00, 2025-04-12T09:00:00+01:00
0.041000, 1.02, 2025-04-12T09:00:00+01:00, 2025-04-12T09:30:00+01:00
0.057000, 1.42, 2025-04-12T09:30:00+01:00, 2025-04-12T10:00:00+01:00
0.072000, 1.80, 2025-04-12T10:00:00+01:00, 2025-04-12T10:30:00+01:00
0.038000, 0.95, 2025-04-12T10:30:00+01:00, 2025-04-12T11:00:00+01:00
0.304000, 7.59, 2025-04-12T11:00:00+01:00, 2025-04-12T11:30:00+01:00
0.114000, 2.85, 2025-04-12T11:30:00+01:00, 2025-04-12T12:00:00+01:00
0.040000, 1.00, 2025-04-12T12:00:00+01:00, 2025-04-12T12:30:00+01:00
0.066000, 1.65, 2025-04-12T12:30:00+01:00, 2025-04-12T13:00:00+01:00
0.740000, 18.48, 2025-04-12T13:00:00+01:00, 2025-04-12T13:30:00+01:00
0.059000, 1.47, 2025-04-12T13:30:00+01:00, 2025-04-12T14:00:00+01:00
1.006000, 25.13, 2025-04-12T14:00:00+01:00, 2025-04-12T14:30:00+01:00
0.060000, 1.50, 2025-04-12T14:30:00+01:00, 2025-04-12T15:00:00+01:00
0.100000, 2.50, 2025-04-12T15:00:00+01:00, 2025-04-12T15:30:00+01:00
0.041000, 1.02, 2025-04-12T15:30:00+01:00, 2025-04-12T16:00:00+01:00
0.048000, 1.20, 2025-04-12T16:00:00+01:00, 2025-04-12T16:30:00+01:00
0.036000, 0.90, 2025-04-12T16:30:00+01:00, 2025-04-12T17:00:00+01:00
0.077000, 1.92, 2025-04-12T17:00:00+01:00, 2025-04-12T17:30:00+01:00
0.052000, 1.30, 2025-04-12T17:30:00+01:00, 2025-04-12T18:00:00+01:00
0.048000, 1.20, 2025-04-12T18:00:00+01:00, 2025-04-12T18:30:00+01:00
0.053000, 1.32, 2025-04-12T18:30:00+01:00, 2025-04-12T19:00:00+01:00
0.068000, 1.70, 2025-04-12T19:00:00+01:00, 2025-04-12T19:30:00+01:00
0.027000, 0.67, 2025-04-12T19:30:00+01:00, 2025-04-12T20:00:00+01:00
0.064000, 1.60, 2025-04-12T20:00:00+01:00, 2025-04-12T20:30:00+01:00
0.087000, 2.17, 2025-04-12T20:30:00+01:00, 2025-04-12T21:00:00+01:00
0.032000, 0.80, 2025-04-12T21:00:00+01:00, 2025-04-12T21:30:00+01:00
0.203000, 5.07, 2025-04-12T21:30:00+01:00, 2025-04-12T22:00:00+01:00
0.070000, 1.75, 2025-04-12T22:00:00+01:00, 2025-04-12T22:30:00+01:00
0.102000, 2.55, 2025-04-12T22:30:00+01:00, 2025-04-12T23:00:00+01:00
0.088000, 2.20, 2025-04-12T23:00:00+01:00, 2025-04-12T23:30:00+01:00
0.062000, 1.55, 2025-04-12T23:30:00+01:00, 2025-04-13T00:00:00+01:00
0.087000, 2.17, 2025-04-13T00:00:00+01:00, 2025-04-13T00:30:00+01:00
0.071000, 1.77, 2025-04-13T00:30:00+01:00, 2025-04-13T01:00:00+01:00
0.049000, 1.22, 2025-04-13T01:00:00+01:00, 2025-04-13T01:30:00+01:00
0.090000, 2.25, 2025-04-13T01:30:00+01:00, 2025-04-13T02:00:00+01:00
0.097000, 2.42, 2025-04-13T02:00:00+01:00, 2025-04-13T02:30:00+01:00
0.054000, 1.35, 2025-04-13T02:30:00+01:00, 2025-04-13T03:00:00+01:00
0.059000, 1.47, 2025-04-13T03:00:00+01:00, 2025-04-13T03:30:00+01:00
0.061000, 1.52, 2025-04-13T03:30:00+01:00, 2025-04-13T04:00:00+01:00
0.116000, 2.90, 2025-04-13T04:00:00+01:00, 2025-04-13T04:30:00+01:00
0.068000, 1.70, 2025-04-13T04:30:00+01:00, 2025-04-13T05:00:00+01:00
0.046000, 1.15, 2025-04-13T05:00:00+01:00, 2025-04-13T05:30:00+01:00
0.081000, 2.02, 2025-04-13T05:30:00+01:00, 2025-04-13T06:00:00+01:00
0.072000, 1.80, 2025-04-13T06:00:00+01:00, 2025-04-13T06:30:00+01:00
0.080000, 2.00, 2025-04-13T06:30:00+01:00, 2025-04-13T07:00:00+01:00
0.067000, 1.67, 2025-04-13T07:00:00+01:00, 2025-04-13T07:30:00+01:00
0.081000, 2.02, 2025-04-13T07:30:00+01:00, 2025-04-13T08:00:00+01:00
0.065000, 1.62, 2025-04-13T08:00:00+01:00, 2025-04-13T08:30:00+01:00
0.060000, 1.50, 2025-04-13T08:30:00+01:00, 2025-04-13T09:00:00+01:00
0.076000, 1.90, 2025-04-13T09:00:00+01:00, 2025-04-13T09:30:00+01:00
0.090000, 2.25, 2025-04-13T09:30:00+01:00, 2025-04-13T10:00:00+01:00
0.072000, 1.80, 2025-04-13T10:00:00+01:00, 2025-04-13T10:30:00+01:00
0.054000, 1.35, 2025-04-13T10:30:00+01:00, 2025-04-13T11:00:00+01:00
0.078000, 1.95, 2025-04-13T11:00:00+01:00, 2025-04-13T11:30:00+01:00
0.088000, 2.20, 2025-04-13T11:30:00+01:00, 2025-04-13T12:00:00+01:00
0.041000, 1.02, 2025-04-13T12:00:00+01:00, 2025-04-13T12:30:00+01:00
0.518000, 12.94, 2025-04-13T12:30:00+01:00, 2025-04-13T13:00:00+01:00
1.515000, 37.84, 2025-04-13T13:00:00+01:00, 2025-04-13T13:30:00+01:00
0.196000, 4.90, 2025-04-13T13:30:00+01:00, 2025-04-13T14:00:00+01:00
1.080000, 26.98, 2025-04-13T14:00:00+01:00, 2025-04-13T14:30:00+01:00
0.240000, 6.00, 2025-04-13T14:30:00+01:00, 2025-04-13T15:00:00+01:00
0.256000, 6.39, 2025-04-13T15:00:00+01:00, 2025-04-13T15:30:00+01:00
0.182000, 4.55, 2025-04-13T15:30:00+01:00, 2025-04-13T16:00:00+01:00
0.374000, 9.34, 2025-04-13T16:00:00+01:00, 2025-04-13T16:30:00+01:00
0.083000, 2.07, 2025-04-13T16:30:00+01:00, 2025-04-13T17:00:00+01:00
0.055000, 1.37, 2025-04-13T17:00:00+01:00, 2025-04-13T17:30:00+01:00
0.878000, 21.93, 2025-04-13T17:30:00+01:00, 2025-04-13T18:00:00+01:00
2.475000, 61.82, 2025-04-13T18:00:00+01:00, 2025-04-13T18:30:00+01:00
0.274000, 6.84, 2025-04-13T18:30:00+01:00, 2025-04-13T19:00:00+01:00
0.779000, 19.46, 2025-04-13T19:00:00+01:00, 2025-04-13T19:30:00+01:00
0.131000, 3.27, 2025-04-13T19:30:00+01:00, 2025-04-13T20:00:00+01:00
0.499000, 12.46, 2025-04-13T20:00:00+01:00, 2025-04-13T20:30:00+01:00
0.142000, 3.55, 2025-04-13T20:30:00+01:00, 2025-04-13T21:00:00+01:00
0.430000, 10.74, 2025-04-13T21:00:00+01:00, 2025-04-13T21:30:00+01:00
1.515000, 37.84, 2025-04-13T21:30:00+01:00, 2025-04-13T22:00:00+01:00
0.463000, 11.57, 2025-04-13T22:00:00+01:00, 2025-04-13T22:30:00+01:00
0.042000, 1.05, 2025-04-13T22:30:00+01:00, 2025-04-13T23:00:00+01:00
0.043000, 1.07, 2025-04-13T23:00:00+01:00, 2025-04-13T23:30:00+01:00
0.080000, 2.00, 2025-04-13T23:30:00+01:00, 2025-04-14T00:00:00+01:00
0.058000, 1.45, 2025-04-14T00:00:00+01:00, 2025-04-14T00:30:00+01:00
0.037000, 0.92, 2025-04-14T00:30:00+01:00, 2025-04-14T01:00:00+01:00
0.054000, 1.35, 2025-04-14T01:00:00+01:00, 2025-04-14T01:30:00+01:00
0.069000, 1.72, 2025-04-14T01:30:00+01:00, 2025-04-14T02:00:00+01:00
0.075000, 1.87, 2025-04-14T02:00:00+01:00, 2025-04-14T02:30:00+01:00
0.040000, 1.00, 2025-04-14T02:30:00+01:00, 2025-04-14T03:00:00+01:00
0.041000, 1.02, 2025-04-14T03:00:00+01:00, 2025-04-14T03:30:00+01:00
0.081000, 2.02, 2025-04-14T03:30:00+01:00, 2025-04-14T04:00:00+01:00
0.038000, 0.95, 2025-04-14T04:00:00+01:00, 2025-04-14T04:30:00+01:00
0.042000, 1.05, 2025-04-14T04:30:00+01:00, 2025-04-14T05:00:00+01:00
0.072000, 1.80, 2025-04-14T05:00:00+01:00, 2025-04-14T05:30:00+01:00
0.054000, 1.35, 2025-04-14T05:30:00+01:00, 2025-04-14T06:00:00+01:00
0.035000, 0.87, 2025-04-14T06:00:00+01:00, 2025-04-14T06:30:00+01:00
0.044000, 1.10, 2025-04-14T06:30:00+01:00, 2025-04-14T07:00:00+01:00
0.994000, 24.83, 2025-04-14T07:00:00+01:00, 2025-04-14T07:30:00+01:00
1.568000, 39.17, 2025-04-14T07:30:00+01:00, 2025-04-14T08:00:00+01:00
1.894000, 47.31, 2025-04-14T08:00:00+01:00, 2025-04-14T08:30:00+01:00
0.126000, 3.15, 2025-04-14T08:30:00+01:00, 2025-04-14T09:00:00+01:00
0.196000, 4.90, 2025-04-14T09:00:00+01:00, 2025-04-14T09:30:00+01:00
0.174000, 4.35, 2025-04-14T09:30:00+01:00, 2025-04-14T10:00:00+01:00
0.088000, 2.20, 2025-04-14T10:00:00+01:00, 2025-04-14T10:30:00+01:00
0.072000, 1.80, 2025-04-14T10:30:00+01:00, 2025-04-14T11:00:00+01:00
0.081000, 2.02, 2025-04-14T11:00:00+01:00, 2025-04-14T11:30:00+01:00
0.118000, 2.95, 2025-04-14T11:30:00+01:00, 2025-04-14T12:00:00+01:00
0.092000, 2.30, 2025-04-14T12:00:00+01:00, 2025-04-14T12:30:00+01:00
0.076000, 1.90, 2025-04-14T12:30:00+01:00, 2025-04-14T13:00:00+01:00
0.090000, 2.25, 2025-04-14T13:00:00+01:00, 2025-04-14T13:30:00+01:00
0.077000, 1.92, 2025-04-14T13:30:00+01:00, 2025-04-14T14:00:00+01:00
0.142000, 3.55, 2025-04-14T14:00:00+01:00, 2025-04-14T14:30:00+01:00
0.135000, 3.37, 2025-04-14T14:30:00+01:00, 2025-04-14T15:00:00+01:00
0.073000, 1.82, 2025-04-14T15:00:00+01:00, 2025-04-14T15:30:00+01:00
0.080000, 2.00, 2025-04-14T15:30:00+01:00, 2025-04-14T16:00:00+01:00
0.073000, 1.82, 2025-04-14T16:00:00+01:00, 2025-04-14T16:30:00+01:00
0.087000, 2.17, 2025-04-14T16:30:00+01:00, 2025-04-14T17:00:00+01:00
0.099000, 2.47, 2025-04-14T17:00:00+01:00, 2025-04-14T17:30:00+01:00
0.072000, 1.80, 2025-04-14T17:30:00+01:00, 2025-04-14T18:00:00+01:00
0.079000, 1.97, 2025-04-14T18:00:00+01:00, 2025-04-14T18:30:00+01:00
0.073000, 1.82, 2025-04-14T18:30:00+01:00, 2025-04-14T19:00:00+01:00
0.566000, 14.14, 2025-04-14T19:00:00+01:00, 2025-04-14T19:30:00+01:00
0.272000, 6.79, 2025-04-14T19:30:00+01:00, 2025-04-14T20:00:00+01:00
0.060000, 1.50, 2025-04-14T20:00:00+01:00, 2025-04-14T20:30:00+01:00
0.060000, 1.50, 2025-04-14T20:30:00+01:00, 2025-04-14T21:00:00+01:00
0.103000, 2.57, 2025-04-14T21:00:00+01:00, 2025-04-14T21:30:00+01:00
0.051000, 1.27, 2025-04-14T21:30:00+01:00, 2025-04-14T22:00:00+01:00
0.079000, 1.97, 2025-04-14T22:00:00+01:00, 2025-04-14T22:30:00+01:00
0.059000, 1.47, 2025-04-14T22:30:00+01:00, 2025-04-14T23:00:00+01:00
0.039000, 0.97, 2025-04-14T23:00:00+01:00, 2025-04-14T23:30:00+01:00
0.075000, 1.87, 2025-04-14T23:30:00+01:00, 2025-04-15T00:00:00+01:00
0.078000, 1.95, 2025-04-15T00:00:00+01:00, 2025-04-15T00:30:00+01:00
0.037000, 0.92, 2025-04-15T00:30:00+01:00, 2025-04-15T01:00:00+01:00
0.045000, 1.12, 2025-04-15T01:00:00+01:00, 2025-04-15T01:30:00+01:00
0.071000, 1.77, 2025-04-15T01:30:00+01:00, 2025-04-15T02:00:00+01:00
0.094000, 2.35, 2025-04-15T02:00:00+01:00, 2025-04-15T02:30:00+01:00
0.077000, 1.92, 2025-04-15T02:30:00+01:00, 2025-04-15T03:00:00+01:00
0.070000, 1.75, 2025-04-15T03:00:00+01:00, 2025-04-15T03:30:00+01:00
0.072000, 1.80, 2025-04-15T03:30:00+01:00, 2025-04-15T04:00:00+01:00
0.046000, 1.15, 2025-04-15T04:00:00+01:00, 2025-04-15T04:30:00+01:00
0.030000, 0.75, 2025-04-15T04:30:00+01:00, 2025-04-15T05:00:00+01:00
0.037000, 0.92, 2025-04-15T05:00:00+01:00, 2025-04-15T05:30:00+01:00
0.078000, 1.95, 2025-04-15T05:30:00+01:00, 2025-04-15T06:00:00+01:00
0.030000, 0.75, 2025-04-15T06:00:00+01:00, 2025-04-15T06:30:00+01:00
0.037000, 0.92, 2025-04-15T06:30:00+01:00, 2025-04-15T07:00:00+01:00
0.966000, 24.13, 2025-04-15T07:00:00+01:00, 2025-04-15T07:30:00+01:00
0.081000, 2.02, 2025-04-15T07:30:00+01:00, 2025-04-15T08:00:00+01:00
0.027000, 0.67, 2025-04-15T08:00:00+01:00, 2025-04-15T08:30:00+01:00
0.039000, 0.97, 2025-04-15T08:30:00+01:00, 2025-04-15T09:00:00+01:00
0.039000, 0.97, 2025-04-15T09:00:00+01:00, 2025-04-15T09:30:00+01:00
1.846000, 46.11, 2025-04-15T09:30:00+01:00, 2025-04-15T10:00:00+01:00
0.060000, 1.50, 2025-04-15T10:00:00+01:00, 2025-04-15T10:30:00+01:00
0.573000, 14.31, 2025-04-15T10:30:00+01:00, 2025-04-15T11:00:00+01:00
0.742000, 18.53, 2025-04-15T11:00:00+01:00, 2025-04-15T11:30:00+01:00
0.360000, 8.99, 2025-04-15T11:30:00+01:00, 2025-04-15T12:00:00+01:00
0.959000, 23.96, 2025-04-15T12:00:00+01:00, 2025-04-15T12:30:00+01:00
0.562000, 14.04, 2025-04-15T12:30:00+01:00, 2025-04-15T13:00:00+01:00
0.124000, 3.10, 2025-04-15T13:00:00+01:00, 2025-04-15T13:30:00+01:00
1.750000, 43.71, 2025-04-15T13:30:00+01:00, 2025-04-15T14:00:00+01:00
0.109000, 2.72, 2025-04-15T14:00:00+01:00, 2025-04-15T14:30:00+01:00
0.155000, 3.87, 2025-04-15T14:30:00+01:00, 2025-04-15T15:00:00+01:00
0.098000, 2.45, 2025-04-15T15:00:00+01:00, 2025-04-15T15:30:00+01:00
0.076000, 1.90, 2025-04-15T15:30:00+01:00, 2025-04-15T16:00:00+01:00
0.054000, 1.35, 2025-04-15T16:00:00+01:00, 2025-04-15T16:30:00+01:00
0.075000, 1.87, 2025-04-15T16:30:00+01:00, 2025-04-15T17:00:00+01:00
0.992000, 24.78, 2025-04-15T17:00:00+01:00, 2025-04-15T17:30:00+01:00
0.214000, 5.35, 2025-04-15T17:30:00+01:00, 2025-04-15T18:00:00+01:00
0.357000, 8.92, 2025-04-15T18:00:00+01:00, 2025-04-15T18:30:00+01:00
0.138000, 3.45, 2025-04-15T18:30:00+01:00, 2025-04-15T19:00:00+01:00
0.101000, 2.52, 2025-04-15T19:00:00+01:00, 2025-04-15T19:30:00+01:00
0.103000, 2.57, 2025-04-15T19:30:00+01:00, 2025-04-15T20:00:00+01:00
0.236000, 5.90, 2025-04-15T20:00:00+01:00, 2025-04-15T20:30:00+01:00
0.095000, 2.37, 2025-04-15T20:30:00+01:00, 2025-04-15T21:00:00+01:00
0.042000, 1.05, 2025-04-15T21:00:00+01:00, 2025-04-15T21:30:00+01:00
0.050000, 1.25, 2025-04-15T21:30:00+01:00, 2025-04-15T22:00:00+01:00
0.092000, 2.30, 2025-04-15T22:00:00+01:00, 2025-04-15T22:30:00+01:00
0.076000, 1.90, 2025-04-15T22:30:00+01:00, 2025-04-15T23:00:00+01:00
0.058000, 1.45, 2025-04-15T23:00:00+01:00, 2025-04-15T23:30:00+01:00
0.039000, 0.97, 2025-04-15T23:30:00+01:00, 2025-04-16T00:00:00+01:00
0.091000, 2.27, 2025-04-16T00:00:00+01:00, 2025-04-16T00:30:00+01:00
0.060000, 1.50, 2025-04-16T00:30:00+01:00, 2025-04-16T01:00:00+01:00
0.090000, 2.25, 2025-04-16T01:00:00+01:00, 2025-04-16T01:30:00+01:00
0.084000, 2.10, 2025-04-16T01:30:00+01:00, 2025-04-16T02:00:00+01:00
0.114000, 2.85, 2025-04-16T02:00:00+01:00, 2025-04-16T02:30:00+01:00
0.072000, 1.80, 2025-04-16T02:30:00+01:00, 2025-04-16T03:00:00+01:00
0.082000, 2.05, 2025-04-16T03:00:00+01:00, 2025-04-16T03:30:00+01:00
0.079000, 1.97, 2025-04-16T03:30:00+01:00, 2025-04-16T04:00:00+01:00
0.060000, 1.50, 2025-04-16T04:00:00+01:00, 2025-04-16T04:30:00+01:00
0.041000, 1.02, 2025-04-16T04:30:00+01:00, 2025-04-16T05:00:00+01:00
0.054000, 1.35, 2025-04-16T05:00:00+01:00, 2025-04-16T05:30:00+01:00
0.066000, 1.65, 2025-04-16T05:30:00+01:00, 2025-04-16T06:00:00+01:00
0.051000, 1.27, 2025-04-16T06:00:00+01:00, 2025-04-16T06:30:00+01:00
0.035000, 0.87, 2025-04-16T06:30:00+01:00, 2025-04-16T07:00:00+01:00
0.063000, 1.57, 2025-04-16T07:00:00+01:00, 2025-04-16T07:30:00+01:00
0.097000, 2.42, 2025-04-16T07:30:00+01:00, 2025-04-16T08:00:00+01:00
0.124000, 3.10, 2025-04-16T08:00:00+01:00, 2025-04-16T08:30:00+01:00
0.109000, 2.72, 2025-04-16T08:30:00+01:00, 2025-04-16T09:00:00+01:00
0.072000, 1.80, 2025-04-16T09:00:00+01:00, 2025-04-16T09:30:00+01:00
0.115000, 2.87, 2025-04-16T09:30:00+01:00, 2025-04-16T10:00:00+01:00
2.071000, 51.73, 2025-04-16T10:00:00+01:00, 2025-04-16T10:30:00+01:00
0.525000, 13.11, 2025-04-16T10:30:00+01:00, 2025-04-16T11:00:00+01:00
0.181000, 4.52, 2025-04-16T11:00:00+01:00, 2025-04-16T11:30:00+01:00
0.064000, 1.60, 2025-04-16T11:30:00+01:00, 2025-04-16T12:00:00+01:00
0.047000, 1.17, 2025-04-16T12:00:00+01:00, 2025-04-16T12:30:00+01:00
0.066000, 1.65, 2025-04-16T12:30:00+01:00, 2025-04-16T13:00:00+01:00
0.313000, 7.82, 2025-04-16T13:00:00+01:00, 2025-04-16T13:30:00+01:00
0.219000, 5.47, 2025-04-16T13:30:00+01:00, 2025-04-16T14:00:00+01:00
0.060000, 1.50, 2025-04-16T14:00:00+01:00, 2025-04-16T14:30:00+01:00
0.819000, 20.46, 2025-04-16T14:30:00+01:00, 2025-04-16T15:00:00+01:00
0.369000, 9.22, 2025-04-16T15:00:00+01:00, 2025-04-16T15:30:00+01:00
0.042000, 1.05, 2025-04-16T15:30:00+01:00, 2025-04-16T16:00:00+01:00
0.030000, 0.75, 2025-04-16T16:00:00+01:00, 2025-04-16T16:30:00+01:00
0.076000, 1.90, 2025-04-16T16:30:00+01:00, 2025-04-16T17:00:00+01:00
0.223000, 5.57, 2025-04-16T17:00:00+01:00, 2025-04-16T17:30:00+01:00
0.138000, 3.45, 2025-04-16T17:30:00+01:00, 2025-04-16T18:00:00+01:00
0.185000, 4.62, 2025-04-16T18:00:00+01:00, 2025-04-16T18:30:00+01:00
0.122000, 3.05, 2025-04-16T18:30:00+01:00, 2025-04-16T19:00:00+01:00
0.108000, 2.70, 2025-04-16T19:00:00+01:00, 2025-04-16T19:30:00+01:00
1.935000, 48.34, 2025-04-16T19:30:00+01:00, 2025-04-16T20:00:00+01:00
0.131000, 3.27, 2025-04-16T20:00:00+01:00, 2025-04-16T20:30:00+01:00
0.078000, 1.95, 2025-04-16T20:30:00+01:00, 2025-04-16T21:00:00+01:00
0.103000, 2.57, 2025-04-16T21:00:00+01:00, 2025-04-16T21:30:00+01:00
0.070000, 1.75, 2025-04-16T21:30:00+01:00, 2025-04-16T22:00:00+01:00
0.131000, 3.27, 2025-04-16T22:00:00+01:00, 2025-04-16T22:30:00+01:00
0.040000, 1.00, 2025-04-16T22:30:00+01:00, 2025-04-16T23:00:00+01:00
0.044000, 1.10, 2025-04-16T23:00:00+01:00, 2025-04-16T23:30:00+01:00
0.060000, 1.50, 2025-04-16T23:30:00+01:00, 2025-04-17T00:00:00+01:00
0.084000, 2.10, 2025-04-17T00:00:00+01:00, 2025-04-17T00:30:00+01:00
0.072000, 1.80, 2025-04-17T00:30:00+01:00, 2025-04-17T01:00:00+01:00
0.046000, 1.15, 2025-04-17T01:00:00+01:00, 2025-04-17T01:30:00+01:00
0.068000, 1.70, 2025-04-17T01:30:00+01:00, 2025-04-17T02:00:00+01:00
0.059000, 1.47, 2025-04-17T02:00:00+01:00, 2025-04-17T02:30:00+01:00
0.060000, 1.50, 2025-04-17T02:30:00+01:00, 2025-04-17T03:00:00+01:00
0.066000, 1.65, 2025-04-17T03:00:00+01:00, 2025-04-17T03:30:00+01:00
0.088000, 2.20, 2025-04-17T03:30:00+01:00, 2025-04-17T04:00:00+01:00
0.046000, 1.15, 2025-04-17T04:00:00+01:00, 2025-04-17T04:30:00+01:00
0.033000, 0.82, 2025-04-17T04:30:00+01:00, 2025-04-17T05:00:00+01:00
0.043000, 1.07, 2025-04-17T05:00:00+01:00, 2025-04-17T05:30:00+01:00
0.062000, 1.55, 2025-04-17T05:30:00+01:00, 2025-04-17T06:00:00+01:00
0.057000, 1.42, 2025-04-17T06:00:00+01:00, 2025-04-17T06:30:00+01:00
0.074000, 1.85, 2025-04-17T06:30:00+01:00, 2025-04-17T07:00:00+01:00
1.299000, 32.45, 2025-04-17T07:00:00+01:00, 2025-04-17T07:30:00+01:00
0.121000, 3.02, 2025-04-17T07:30:00+01:00, 2025-04-17T08:00:00+01:00
1.312000, 32.77, 2025-04-17T08:00:00+01:00, 2025-04-17T08:30:00+01:00
0.147000, 3.67, 2025-04-17T08:30:00+01:00, 2025-04-17T09:00:00+01:00
0.137000, 3.42, 2025-04-17T09:00:00+01:00, 2025-04-17T09:30:00+01:00
0.075000, 1.87, 2025-04-17T09:30:00+01:00, 2025-04-17T10:00:00+01:00
2.043000, 51.03, 2025-04-17T10:00:00+01:00, 2025-04-17T10:30:00+01:00
0.113000, 2.82, 2025-04-17T10:30:00+01:00, 2025-04-17T11:00:00+01:00
0.111000, 2.77, 2025-04-17T11:00:00+01:00, 2025-04-17T11:30:00+01:00
0.048000, 1.20, 2025-04-17T11:30:00+01:00, 2025-04-17T12:00:00+01:00
0.068000, 1.70, 2025-04-17T12:00:00+01:00, 2025-04-17T12:30:00+01:00
0.128000, 3.20, 2025-04-17T12:30:00+01:00, 2025-04-17T13:00:00+01:00
0.050000, 1.25, 2025-04-17T13:00:00+01:00, 2025-04-17T13:30:00+01:00
0.083000, 2.07, 2025-04-17T13:30:00+01:00, 2025-04-17T14:00:00+01:00
0.098000, 2.45, 2025-04-17T14:00:00+01:00, 2025-04-17T14:30:00+01:00
0.079000, 1.97, 2025-04-17T14:30:00+01:00, 2025-04-17T15:00:00+01:00
0.067000, 1.67, 2025-04-17T15:00:00+01:00, 2025-04-17T15:30:00+01:00
0.055000, 1.37, 2025-04-17T15:30:00+01:00, 2025-04-17T16:00:00+01:00
0.152000, 3.80, 2025-04-17T16:00:00+01:00, 2025-04-17T16:30:00+01:00
0.490000, 12.24, 2025-04-17T16:30:00+01:00, 2025-04-17T17:00:00+01:00
0.423000, 10.57, 2025-04-17T17:00:00+01:00, 2025-04-17T17:30:00+01:00
0.810000, 20.23, 2025-04-17T17:30:00+01:00, 2025-04-17T18:00:00+01:00
0.759000, 18.96, 2025-04-17T18:00:00+01:00, 2025-04-17T18:30:00+01:00
0.226000, 5.65, 2025-04-17T18:30:00+01:00, 2025-04-17T19:00:00+01:00
0.133000, 3.32, 2025-04-17T19:00:00+01:00, 2025-04-17T19:30:00+01:00
0.229000, 5.72, 2025-04-17T19:30:00+01:00, 2025-04-17T20:00:00+01:00
0.165000, 4.12, 2025-04-17T20:00:00+01:00, 2025-04-17T20:30:00+01:00
0.157000, 3.92, 2025-04-17T20:30:00+01:00, 2025-04-17T21:00:00+01:00
0.322000, 8.04, 2025-04-17T21:00:00+01:00, 2025-04-17T21:30:00+01:00
0.778000, 19.43, 2025-04-17T21:30:00+01:00, 2025-04-17T22:00:00+01:00
0.130000, 3.25, 2025-04-17T22:00:00+01:00, 2025-04-17T22:30:00+01:00
0.274000, 6.84, 2025-04-17T22:30:00+01:00, 2025-04-17T23:00:00+01:00
0.076000, 1.90, 2025-04-17T23:00:00+01:00, 2025-04-17T23:30:00+01:00
0.070000, 1.75, 2025-04-17T23:30:00+01:00, 2025-04-18T00:00:00+01:00
0.039000, 0.97, 2025-04-18T00:00:00+01:00, 2025-04-18T00:30:00+01:00
0.043000, 1.07, 2025-04-18T00:30:00+01:00, 2025-04-18T01:00:00+01:00
0.084000, 2.10, 2025-04-18T01:00:00+01:00, 2025-04-18T01:30:00+01:00
0.059000, 1.47, 2025-04-18T01:30:00+01:00, 2025-04-18T02:00:00+01:00
0.062000, 1.55, 2025-04-18T02:00:00+01:00, 2025-04-18T02:30:00+01:00
0.048000, 1.20, 2025-04-18T02:30:00+01:00, 2025-04-18T03:00:00+01:00
0.076000, 1.90, 2025-04-18T03:00:00+01:00, 2025-04-18T03:30:00+01:00
0.046000, 1.15, 2025-04-18T03:30:00+01:00, 2025-04-18T04:00:00+01:00
0.040000, 1.00, 2025-04-18T04:00:00+01:00, 2025-04-18T04:30:00+01:00
0.056000, 1.40, 2025-04-18T04:30:00+01:00, 2025-04-18T05:00:00+01:00
0.056000, 1.40, 2025-04-18T05:00:00+01:00, 2025-04-18T05:30:00+01:00
0.051000, 1.27, 2025-04-18T05:30:00+01:00, 2025-04-18T06:00:00+01:00
0.075000, 1.87, 2025-04-18T06:00:00+01:00, 2025-04-18T06:30:00+01:00
0.083000, 2.07, 2025-04-18T06:30:00+01:00, 2025-04-18T07:00:00+01:00
0.051000, 1.27, 2025-04-18T07:00:00+01:00, 2025-04-18T07:30:00+01:00
0.037000, 0.92, 2025-04-18T07:30:00+01:00, 2025-04-18T08:00:00+01:00
0.045000, 1.12, 2025-04-18T08:00:00+01:00, 2025-04-18T08:30:00+01:00
1.164000, 29.08, 2025-04-18T08:30:00+01:00, 2025-04-18T09:00:00+01:00
0.680000, 16.99, 2025-04-18T09:00:00+01:00, 2025-04-18T09:30:00+01:00
0.034000, 0.85, 2025-04-18T09:30:00+01:00, 2025-04-18T10:00:00+01:00
0.057000, 1.42, 2025-04-18T10:00:00+01:00, 2025-04-18T10:30:00+01:00
0.175000, 4.37, 2025-04-18T10:30:00+01:00, 2025-04-18T11:00:00+01:00
2.173000, 54.28, 2025-04-18T11:00:00+01:00, 2025-04-18T11:30:00+01:00
0.503000, 12.56, 2025-04-18T11:30:00+01:00, 2025-04-18T12:00:00+01:00
0.401000, 10.02, 2025-04-18T12:00:00+01:00, 2025-04-18T12:30:00+01:00
2.378000, 59.40, 2025-04-18T12:30:00+01:00, 2025-04-18T13:00:00+01:00
0.283000, 7.07, 2025-04-18T13:00:00+01:00, 2025-04-18T13:30:00+01:00
0.102000, 2.55, 2025-04-18T13:30:00+01:00, 2025-04-18T14:00:00+01:00
0.137000, 3.42, 2025-04-18T14:00:00+01:00, 2025-04-18T14:30:00+01:00
0.058000, 1.45, 2025-04-18T14:30:00+01:00, 2025-04-18T15:00:00+01:00
0.083000, 2.07, 2025-04-18T15:00:00+01:00, 2025-04-18T15:30:00+01:00
0.097000, 2.42, 2025-04-18T15:30:00+01:00, 2025-04-18T16:00:00+01:00
0.082000, 2.05, 2025-04-18T16:00:00+01:00, 2025-04-18T16:30:00+01:00
0.049000, 1.22, 2025-04-18T16:30:00+01:00, 2025-04-18T17:00:00+01:00
0.068000, 1.70, 2025-04-18T17:00:00+01:00, 2025-04-18T17:30:00+01:00
0.147000, 3.67, 2025-04-18T17:30:00+01:00, 2025-04-18T18:00:00+01:00
0.256000, 6.39, 2025-04-18T18:00:00+01:00, 2025-04-18T18:30:00+01:00
0.483000, 12.07, 2025-04-18T18:30:00+01:00, 2025-04-18T19:00:00+01:00
0.087000, 2.17, 2025-04-18T19:00:00+01:00, 2025-04-18T19:30:00+01:00
0.081000, 2.02, 2025-04-18T19:30:00+01:00, 2025-04-18T20:00:00+01:00
0.078000, 1.95, 2025-04-18T20:00:00+01:00, 2025-04-18T20:30:00+01:00
0.071000, 1.77, 2025-04-18T20:30:00+01:00, 2025-04-18T21:00:00+01:00
0.099000, 2.47, 2025-04-18T21:00:00+01:00, 2025-04-18T21:30:00+01:00
0.096000, 2.40, 2025-04-18T21:30:00+01:00, 2025-04-18T22:00:00+01:00
0.089000, 2.22, 2025-04-18T22:00:00+01:00, 2025-04-18T22:30:00+01:00
0.089000, 2.22, 2025-04-18T22:30:00+01:00, 2025-04-18T23:00:00+01:00
0.141000, 3.52, 2025-04-18T23:00:00+01:00, 2025-04-18T23:30:00+01:00
0.114000, 2.85, 2025-04-18T23:30:00+01:00, 2025-04-19T00:00:00+01:00
0.126000, 3.15, 2025-04-19T00:00:00+01:00, 2025-04-19T00:30:00+01:00
0.093000, 2.32, 2025-04-19T00:30:00+01:00, 2025-04-19T01:00:00+01:00
0.121000, 3.02, 2025-04-19T01:00:00+01:00, 2025-04-19T01:30:00+01:00
0.084000, 2.10, 2025-04-19T01:30:00+01:00, 2025-04-19T02:00:00+01:00
0.037000, 0.92, 2025-04-19T02:00:00+01:00, 2025-04-19T02:30:00+01:00
0.067000, 1.67, 2025-04-19T02:30:00+01:00, 2025-04-19T03:00:00+01:00
0.045000, 1.12, 2025-04-19T03:00:00+01:00, 2025-04-19T03:30:00+01:00
0.072000, 1.80, 2025-04-19T03:30:00+01:00, 2025-04-19T04:00:00+01:00
0.036000, 0.90, 2025-04-19T04:00:00+01:00, 2025-04-19T04:30:00+01:00
0.071000, 1.77, 2025-04-19T04:30:00+01:00, 2025-04-19T05:00:00+01:00
0.039000, 0.97, 2025-04-19T05:00:00+01:00, 2025-04-19T05:30:00+01:00
0.026000, 0.65, 2025-04-19T05:30:00+01:00, 2025-04-19T06:00:00+01:00
0.053000, 1.32, 2025-04-19T06:00:00+01:00, 2025-04-19T06:30:00+01:00
0.066000, 1.65, 2025-04-19T06:30:00+01:00, 2025-04-19T07:00:00+01:00
0.035000, 0.87, 2025-04-19T07:00:00+01:00, 2025-04-19T07:30:00+01:00
0.025000, 0.62, 2025-04-19T07:30:00+01:00, 2025-04-19T08:00:00+01:00
0.057000, 1.42, 2025-04-19T08:00:00+01:00, 2025-04-19T08:30:00+01:00
0.078000, 1.95, 2025-04-19T08:30:00+01:00, 2025-04-19T09:00:00+01:00
0.026000, 0.65, 2025-04-19T09:00:00+01:00, 2025-04-19T09:30:00+01:00
0.093000, 2.32, 2025-04-19T09:30:00+01:00, 2025-04-19T10:00:00+01:00
0.114000, 2.85, 2025-04-19T10:00:00+01:00, 2025-04-19T10:30:00+01:00
0.255000, 6.37, 2025-04-19T10:30:00+01:00, 2025-04-19T11:00:00+01:00
0.275000, 6.87, 2025-04-19T11:00:00+01:00, 2025-04-19T11:30:00+01:00
0.100000, 2.50, 2025-04-19T11:30:00+01:00, 2025-04-19T12:00:00+01:00
0.147000, 3.67, 2025-04-19T12:00:00+01:00, 2025-04-19T12:30:00+01:00
1.102000, 27.53, 2025-04-19T12:30:00+01:00, 2025-04-19T13:00:00+01:00
0.770000, 19.23, 2025-04-19T13:00:00+01:00, 2025-04-19T13:30:00+01:00
2.131000, 53.23, 2025-04-19T13:30:00+01:00, 2025-04-19T14:00:00+01:00
0.062000, 1.55, 2025-04-19T14:00:00+01:00, 2025-04-19T14:30:00+01:00
0.027000, 0.67, 2025-04-19T14:30:00+01:00, 2025-04-19T15:00:00+01:00
0.035000, 0.87, 2025-04-19T15:00:00+01:00, 2025-04-19T15:30:00+01:00
0.098000, 2.45, 2025-04-19T15:30:00+01:00, 2025-04-19T16:00:00+01:00
0.442000, 11.04, 2025-04-19T16:00:00+01:00, 2025-04-19T16:30:00+01:00
1.054000, 26.33, 2025-04-19T16:30:00+01:00, 2025-04-19T17:00:00+01:00
0.160000, 4.00, 2025-04-19T17:00:00+01:00, 2025-04-19T17:30:00+01:00
0.153000, 3.82, 2025-04-19T17:30:00+01:00, 2025-04-19T18:00:00+01:00
0.145000, 3.62, 2025-04-19T18:00:00+01:00, 2025-04-19T18:30:00+01:00
0.224000, 5.60, 2025-04-19T18:30:00+01:00, 2025-04-19T19:00:00+01:00
0.367000, 9.17, 2025-04-19T19:00:00+01:00, 2025-04-19T19:30:00+01:00
0.235000, 5.87, 2025-04-19T19:30:00+01:00, 2025-04-19T20:00:00+01:00
0.244000, 6.09, 2025-04-19T20:00:00+01:00, 2025-04-19T20:30:00+01:00
0.249000, 6.22, 2025-04-19T20:30:00+01:00, 2025-04-19T21:00:00+01:00
0.307000, 7.67, 2025-04-19T21:00:00+01:00, 2025-04-19T21:30:00+01:00
0.712000, 17.79, 2025-04-19T21:30:00+01:00, 2025-04-19T22:00:00+01:00
0.324000, 8.09, 2025-04-19T22:00:00+01:00, 2025-04-19T22:30:00+01:00
0.177000, 4.42, 2025-04-19T22:30:00+01:00, 2025-04-19T23:00:00+01:00
0.224000, 5.60, 2025-04-19T23:00:00+01:00, 2025-04-19T23:30:00+01:00
0.075000, 1.87, 2025-04-19T23:30:00+01:00, 2025-04-20T00:00:00+01:00
0.068000, 1.70, 2025-04-20T00:00:00+01:00, 2025-04-20T00:30:00+01:00
0.099000, 2.47, 2025-04-20T00:30:00+01:00, 2025-04-20T01:00:00+01:00
0.083000, 2.07, 2025-04-20T01:00:00+01:00, 2025-04-20T01:30:00+01:00
0.066000, 1.65, 2025-04-20T01:30:00+01:00, 2025-04-20T02:00:00+01:00
0.068000, 1.70, 2025-04-20T02:00:00+01:00, 2025-04-20T02:30:00+01:00
0.101000, 2.52, 2025-04-20T02:30:00+01:00, 2025-04-20T03:00:00+01:00
0.092000, 2.30, 2025-04-20T03:00:00+01:00, 2025-04-20T03:30:00+01:00
0.064000, 1.60, 2025-04-20T03:30:00+01:00, 2025-04-20T04:00:00+01:00
0.070000, 1.75, 2025-04-20T04:00:00+01:00, 2025-04-20T04:30:00+01:00
0.114000, 2.85, 2025-04-20T04:30:00+01:00, 2025-04-20T05:00:00+01:00
0.059000, 1.47, 2025-04-20T05:00:00+01:00, 2025-04-20T05:30:00+01:00
0.066000, 1.65, 2025-04-20T05:30:00+01:00, 2025-04-20T06:00:00+01:00
0.072000, 1.80, 2025-04-20T06:00:00+01:00, 2025-04-20T06:30:00+01:00
0.097000, 2.42, 2025-04-20T06:30:00+01:00, 2025-04-20T07:00:00+01:00
0.068000, 1.70, 2025-04-20T07:00:00+01:00, 2025-04-20T07:30:00+01:00
0.059000, 1.47, 2025-04-20T07:30:00+01:00, 2025-04-20T08:00:00+01:00
1.338000, 33.42, 2025-04-20T08:00:00+01:00, 2025-04-20T08:30:00+01:00
2.600000, 64.95, 2025-04-20T08:30:00+01:00, 2025-04-20T09:00:00+01:00
0.164000, 4.10, 2025-04-20T09:00:00+01:00, 2025-04-20T09:30:00+01:00
0.121000, 3.02, 2025-04-20T09:30:00+01:00, 2025-04-20T10:00:00+01:00
0.267000, 6.67, 2025-04-20T10:00:00+01:00, 2025-04-20T10:30:00+01:00
0.071000, 1.77, 2025-04-20T10:30:00+01:00, 2025-04-20T11:00:00+01:00
0.060000, 1.50, 2025-04-20T11:00:00+01:00, 2025-04-20T11:30:00+01:00
0.067000, 1.67, 2025-04-20T11:30:00+01:00, 2025-04-20T12:00:00+01:00
0.100000, 2.50, 2025-04-20T12:00:00+01:00, 2025-04-20T12:30:00+01:00
0.072000, 1.80, 2025-04-20T12:30:00+01:00, 2025-04-20T13:00:00+01:00
0.057000, 1.42, 2025-04-20T13:00:00+01:00, 2025-04-20T13:30:00+01:00
0.079000, 1.97, 2025-04-20T13:30:00+01:00, 2025-04-20T14:00:00+01:00
0.099000, 2.47, 2025-04-20T14:00:00+01:00, 2025-04-20T14:30:00+01:00
0.057000, 1.42, 2025-04-20T14:30:00+01:00, 2025-04-20T15:00:00+01:00
0.071000, 1.77, 2025-04-20T15:00:00+01:00, 2025-04-20T15:30:00+01:00
0.084000, 2.10, 2025-04-20T15:30:00+01:00, 2025-04-20T16:00:00+01:00
0.076000, 1.90, 2025-04-20T16:00:00+01:00, 2025-04-20T16:30:00+01:00
0.065000, 1.62, 2025-04-20T16:30:00+01:00, 2025-04-20T17:00:00+01:00
0.065000, 1.62, 2025-04-20T17:00:00+01:00, 2025-04-20T17:30:00+01:00
0.104000, 2.60, 2025-04-20T17:30:00+01:00, 2025-04-20T18:00:00+01:00
0.073000, 1.82, 2025-04-20T18:00:00+01:00, 2025-04-20T18:30:00+01:00
0.059000, 1.47, 2025-04-20T18:30:00+01:00, 2025-04-20T19:00:00+01:00
0.080000, 2.00, 2025-04-20T19:00:00+01:00, 2025-04-20T19:30:00+01:00
0.089000, 2.22, 2025-04-20T19:30:00+01:00, 2025-04-20T20:00:00+01:00
0.061000, 1.52, 2025-04-20T20:00:00+01:00, 2025-04-20T20:30:00+01:00
0.062000, 1.55, 2025-04-20T20:30:00+01:00, 2025-04-20T21:00:00+01:00
0.079000, 1.97, 2025-04-20T21:00:00+01:00, 2025-04-20T21:30:00+01:00
0.272000, 6.79, 2025-04-20T21:30:00+01:00, 2025-04-20T22:00:00+01:00
0.281000, 7.02, 2025-04-20T22:00:00+01:00, 2025-04-20T22:30:00+01:00
0.127000, 3.17, 2025-04-20T22:30:00+01:00, 2025-04-20T23:00:00+01:00
0.111000, 2.77, 2025-04-20T23:00:00+01:00, 2025-04-20T23:30:00+01:00
0.075000, 1.87, 2025-04-20T23:30:00+01:00, 2025-04-21T00:00:00+01:00
0.061000, 1.52, 2025-04-21T00:00:00+01:00, 2025-04-21T00:30:00+01:00
0.080000, 2.00, 2025-04-21T00:30:00+01:00, 2025-04-21T01:00:00+01:00
0.091000, 2.27, 2025-04-21T01:00:00+01:00, 2025-04-21T01:30:00+01:00
0.057000, 1.42, 2025-04-21T01:30:00+01:00, 2025-04-21T02:00:00+01:00
0.073000, 1.82, 2025-04-21T02:00:00+01:00, 2025-04-21T02:30:00+01:00
0.100000, 2.50, 2025-04-21T02:30:00+01:00, 2025-04-21T03:00:00+01:00
0.066000, 1.65, 2025-04-21T03:00:00+01:00, 2025-04-21T03:30:00+01:00
0.063000, 1.57, 2025-04-21T03:30:00+01:00, 2025-04-21T04:00:00+01:00
0.073000, 1.82, 2025-04-21T04:00:00+01:00, 2025-04-21T04:30:00+01:00
0.106000, 2.65, 2025-04-21T04:30:00+01:00, 2025-04-21T05:00:00+01:00
0.074000, 1.85, 2025-04-21T05:00:00+01:00, 2025-04-21T05:30:00+01:00
0.066000, 1.65, 2025-04-21T05:30:00+01:00, 2025-04-21T06:00:00+01:00
0.082000, 2.05, 2025-04-21T06:00:00+01:00, 2025-04-21T06:30:00+01:00
0.084000, 2.10, 2025-04-21T06:30:00+01:00, 2025-04-21T07:00:00+01:00
0.074000, 1.85, 2025-04-21T07:00:00+01:00, 2025-04-21T07:30:00+01:00
0.058000, 1.45, 2025-04-21T07:30:00+01:00, 2025-04-21T08:00:00+01:00
0.106000, 2.65, 2025-04-21T08:00:00+01:00, 2025-04-21T08:30:00+01:00
0.066000, 1.65, 2025-04-21T08:30:00+01:00, 2025-04-21T09:00:00+01:00
0.066000, 1.65, 2025-04-21T09:00:00+01:00, 2025-04-21T09:30:00+01:00
0.067000, 1.67, 2025-04-21T09:30:00+01:00, 2025-04-21T10:00:00+01:00
0.097000, 2.42, 2025-04-21T10:00:00+01:00, 2025-04-21T10:30:00+01:00
0.198000, 4.95, 2025-04-21T10:30:00+01:00, 2025-04-21T11:00:00+01:00
0.842000, 21.03, 2025-04-21T11:00:00+01:00, 2025-04-21T11:30:00+01:00
0.234000, 5.85, 2025-04-21T11:30:00+01:00, 2025-04-21T12:00:00+01:00
0.103000, 2.57, 2025-04-21T12:00:00+01:00, 2025-04-21T12:30:00+01:00
1.072000, 26.78, 2025-04-21T12:30:00+01:00, 2025-04-21T13:00:00+01:00
1.805000, 45.09, 2025-04-21T13:00:00+01:00, 2025-04-21T13:30:00+01:00
0.147000, 3.67, 2025-04-21T13:30:00+01:00, 2025-04-21T14:00:00+01:00
0.130000, 3.25, 2025-04-21T14:00:00+01:00, 2025-04-21T14:30:00+01:00
1.548000, 38.67, 2025-04-21T14:30:00+01:00, 2025-04-21T15:00:00+01:00
0.324000, 8.09, 2025-04-21T15:00:00+01:00, 2025-04-21T15:30:00+01:00
0.068000, 1.70, 2025-04-21T15:30:00+01:00, 2025-04-21T16:00:00+01:00
0.035000, 0.87, 2025-04-21T16:00:00+01:00, 2025-04-21T16:30:00+01:00
0.041000, 1.02, 2025-04-21T16:30:00+01:00, 2025-04-21T17:00:00+01:00
0.066000, 1.65, 2025-04-21T17:00:00+01:00, 2025-04-21T17:30:00+01:00
0.048000, 1.20, 2025-04-21T17:30:00+01:00, 2025-04-21T18:00:00+01:00
0.052000, 1.30, 2025-04-21T18:00:00+01:00, 2025-04-21T18:30:00+01:00
0.070000, 1.75, 2025-04-21T18:30:00+01:00, 2025-04-21T19:00:00+01:00
0.060000, 1.50, 2025-04-21T19:00:00+01:00, 2025-04-21T19:30:00+01:00
0.029000, 0.72, 2025-04-21T19:30:00+01:00, 2025-04-21T20:00:00+01:00
0.036000, 0.90, 2025-04-21T20:00:00+01:00, 2025-04-21T20:30:00+01:00
0.260000, 6.49, 2025-04-21T20:30:00+01:00, 2025-04-21T21:00:00+01:00
0.154000, 3.85, 2025-04-21T21:00:00+01:00, 2025-04-21T21:30:00+01:00
0.073000, 1.82, 2025-04-21T21:30:00+01:00, 2025-04-21T22:00:00+01:00
0.068000, 1.70, 2025-04-21T22:00:00+01:00, 2025-04-21T22:30:00+01:00
0.063000, 1.57, 2025-04-21T22:30:00+01:00, 2025-04-21T23:00:00+01:00
0.028000, 0.70, 2025-04-21T23:00:00+01:00, 2025-04-21T23:30:00+01:00
0.047000, 1.17, 2025-04-21T23:30:00+01:00, 2025-04-22T00:00:00+01:00
0.064000, 1.60, 2025-04-22T00:00:00+01:00, 2025-04-22T00:30:00+01:00
0.053000, 1.32, 2025-04-22T00:30:00+01:00, 2025-04-22T01:00:00+01:00
0.031000, 0.77, 2025-04-22T01:00:00+01:00, 2025-04-22T01:30:00+01:00
0.031000, 0.77, 2025-04-22T01:30:00+01:00, 2025-04-22T02:00:00+01:00
0.071000, 1.77, 2025-04-22T02:00:00+01:00, 2025-04-22T02:30:00+01:00
0.074000, 1.85, 2025-04-22T02:30:00+01:00, 2025-04-22T03:00:00+01:00
0.042000, 1.05, 2025-04-22T03:00:00+01:00, 2025-04-22T03:30:00+01:00
0.057000, 1.42, 2025-04-22T03:30:00+01:00, 2025-04-22T04:00:00+01:00
0.056000, 1.40, 2025-04-22T04:00:00+01:00, 2025-04-22T04:30:00+01:00
0.035000, 0.87, 2025-04-22T04:30:00+01:00, 2025-04-22T05:00:00+01:00
0.046000, 1.15, 2025-04-22T05:00:00+01:00, 2025-04-22T05:30:00+01:00
0.854000, 21.33, 2025-04-22T05:30:00+01:00, 2025-04-22T06:00:00+01:00
0.353000, 8.82, 2025-04-22T06:00:00+01:00, 2025-04-22T06:30:00+01:00
0.072000, 1.80, 2025-04-22T06:30:00+01:00, 2025-04-22T07:00:00+01:00
0.865000, 21.61, 2025-04-22T07:00:00+01:00, 2025-04-22T07:30:00+01:00
0.778000, 19.43, 2025-04-22T07:30:00+01:00, 2025-04-22T08:00:00+01:00
0.200000, 5.00, 2025-04-22T08:00:00+01:00, 2025-04-22T08:30:00+01:00
0.082000, 2.05, 2025-04-22T08:30:00+01:00, 2025-04-22T09:00:00+01:00
0.158000, 3.95, 2025-04-22T09:00:00+01:00, 2025-04-22T09:30:00+01:00
0.067000, 1.67, 2025-04-22T09:30:00+01:00, 2025-04-22T10:00:00+01:00
0.067000, 1.67, 2025-04-22T10:00:00+01:00, 2025-04-22T10:30:00+01:00
0.132000, 3.30, 2025-04-22T10:30:00+01:00, 2025-04-22T11:00:00+01:00
1.263000, 31.55, 2025-04-22T11:00:00+01:00, 2025-04-22T11:30:00+01:00
0.056000, 1.40, 2025-04-22T11:30:00+01:00, 2025-04-22T12:00:00+01:00
0.069000, 1.72, 2025-04-22T12:00:00+01:00, 2025-04-22T12:30:00+01:00
0.067000, 1.67, 2025-04-22T12:30:00+01:00, 2025-04-22T13:00:00+01:00
0.310000, 7.74, 2025-04-22T13:00:00+01:00, 2025-04-22T13:30:00+01:00
0.054000, 1.35, 2025-04-22T13:30:00+01:00, 2025-04-22T14:00:00+01:00
0.169000, 4.22, 2025-04-22T14:00:00+01:00, 2025-04-22T14:30:00+01:00
0.729000, 18.21, 2025-04-22T14:30:00+01:00, 2025-04-22T15:00:00+01:00
0.078000, 1.95, 2025-04-22T15:00:00+01:00, 2025-04-22T15:30:00+01:00
0.037000, 0.92, 2025-04-22T15:30:00+01:00, 2025-04-22T16:00:00+01:00
0.038000, 0.95, 2025-04-22T16:00:00+01:00, 2025-04-22T16:30:00+01:00
0.082000, 2.05, 2025-04-22T16:30:00+01:00, 2025-04-22T17:00:00+01:00
0.029000, 0.72, 2025-04-22T17:00:00+01:00, 2025-04-22T17:30:00+01:00
0.125000, 3.12, 2025-04-22T17:30:00+01:00, 2025-04-22T18:00:00+01:00
0.677000, 16.91, 2025-04-22T18:00:00+01:00, 2025-04-22T18:30:00+01:00
0.050000, 1.25, 2025-04-22T18:30:00+01:00, 2025-04-22T19:00:00+01:00
0.052000, 1.30, 2025-04-22T19:00:00+01:00, 2025-04-22T19:30:00+01:00
0.027000, 0.67, 2025-04-22T19:30:00+01:00, 2025-04-22T20:00:00+01:00
0.155000, 3.87, 2025-04-22T20:00:00+01:00, 2025-04-22T20:30:00+01:00
0.080000, 2.00, 2025-04-22T20:30:00+01:00, 2025-04-22T21:00:00+01:00
0.078000, 1.95, 2025-04-22T21:00:00+01:00, 2025-04-22T21:30:00+01:00
0.071000, 1.77, 2025-04-22T21:30:00+01:00, 2025-04-22T22:00:00+01:00
0.071000, 1.77, 2025-04-22T22:00:00+01:00, 2025-04-22T22:30:00+01:00
0.035000, 0.87, 2025-04-22T22:30:00+01:00, 2025-04-22T23:00:00+01:00
0.043000, 1.07, 2025-04-22T23:00:00+01:00, 2025-04-22T23:30:00+01:00
0.075000, 1.87, 2025-04-22T23:30:00+01:00, 2025-04-23T00:00:00+01:00
0.047000, 1.17, 2025-04-23T00:00:00+01:00, 2025-04-23T00:30:00+01:00
0.031000, 0.77, 2025-04-23T00:30:00+01:00, 2025-04-23T01:00:00+01:00
0.032000, 0.80, 2025-04-23T01:00:00+01:00, 2025-04-23T01:30:00+01:00
0.108000, 2.70, 2025-04-23T01:30:00+01:00, 2025-04-23T02:00:00+01:00
0.064000, 1.60, 2025-04-23T02:00:00+01:00, 2025-04-23T02:30:00+01:00
0.048000, 1.20, 2025-04-23T02:30:00+01:00, 2025-04-23T03:00:00+01:00
0.047000, 1.17, 2025-04-23T03:00:00+01:00, 2025-04-23T03:30:00+01:00
0.069000, 1.72, 2025-04-23T03:30:00+01:00, 2025-04-23T04:00:00+01:00
0.031000, 0.77, 2025-04-23T04:00:00+01:00, 2025-04-23T04:30:00+01:00
0.031000, 0.77, 2025-04-23T04:30:00+01:00, 2025-04-23T05:00:00+01:00
0.060000, 1.50, 2025-04-23T05:00:00+01:00, 2025-04-23T05:30:00+01:00
0.049000, 1.22, 2025-04-23T05:30:00+01:00, 2025-04-23T06:00:00+01:00
1.048000, 26.18, 2025-04-23T06:00:00+01:00, 2025-04-23T06:30:00+01:00
0.066000, 1.65, 2025-04-23T06:30:00+01:00, 2025-04-23T07:00:00+01:00
1.521000, 37.99, 2025-04-23T07:00:00+01:00, 2025-04-23T07:30:00+01:00
2.118000, 52.91, 2025-04-23T07:30:00+01:00, 2025-04-23T08:00:00+01:00
0.051000, 1.27, 2025-04-23T08:00:00+01:00, 2025-04-23T08:30:00+01:00
0.036000, 0.90, 2025-04-23T08:30:00+01:00, 2025-04-23T09:00:00+01:00
0.078000, 1.95, 2025-04-23T09:00:00+01:00, 2025-04-23T09:30:00+01:00
0.035000, 0.87, 2025-04-23T09:30:00+01:00, 2025-04-23T10:00:00+01:00
0.029000, 0.72, 2025-04-23T10:00:00+01:00, 2025-04-23T10:30:00+01:00
0.060000, 1.50, 2025-04-23T10:30:00+01:00, 2025-04-23T11:00:00+01:00
0.045000, 1.12, 2025-04-23T11:00:00+01:00, 2025-04-23T11:30:00+01:00
0.053000, 1.32, 2025-04-23T11:30:00+01:00, 2025-04-23T12:00:00+01:00
0.464000, 11.59, 2025-04-23T12:00:00+01:00, 2025-04-23T12:30:00+01:00
1.250000, 31.22, 2025-04-23T12:30:00+01:00, 2025-04-23T13:00:00+01:00
0.983000, 24.55, 2025-04-23T13:00:00+01:00, 2025-04-23T13:30:00+01:00
0.343000, 8.57, 2025-04-23T13:30:00+01:00, 2025-04-23T14:00:00+01:00
0.226000, 5.65, 2025-04-23T14:00:00+01:00, 2025-04-23T14:30:00+01:00
0.181000, 4.52, 2025-04-23T14:30:00+01:00, 2025-04-23T15:00:00+01:00
0.071000, 1.77, 2025-04-23T15:00:00+01:00, 2025-04-23T15:30:00+01:00
0.044000, 1.10, 2025-04-23T15:30:00+01:00, 2025-04-23T16:00:00+01:00
0.096000, 2.40, 2025-04-23T16:00:00+01:00, 2025-04-23T16:30:00+01:00
0.037000, 0.92, 2025-04-23T16:30:00+01:00, 2025-04-23T17:00:00+01:00
0.065000, 1.62, 2025-04-23T17:00:00+01:00, 2025-04-23T17:30:00+01:00
0.151000, 3.77, 2025-04-23T17:30:00+01:00, 2025-04-23T18:00:00+01:00
0.375000, 9.37, 2025-04-23T18:00:00+01:00, 2025-04-23T18:30:00+01:00
0.334000, 8.34, 2025-04-23T18:30:00+01:00, 2025-04-23T19:00:00+01:00
0.129000, 3.22, 2025-04-23T19:00:00+01:00, 2025-04-23T19:30:00+01:00
0.550000, 13.74, 2025-04-23T19:30:00+01:00, 2025-04-23T20:00:00+01:00
0.088000, 2.20, 2025-04-23T20:00:00+01:00, 2025-04-23T20:30:00+01:00
0.293000, 7.32, 2025-04-23T20:30:00+01:00, 2025-04-23T21:00:00+01:00
0.370000, 9.24, 2025-04-23T21:00:00+01:00, 2025-04-23T21:30:00+01:00
0.209000, 5.22, 2025-04-23T21:30:00+01:00, 2025-04-23T22:00:00+01:00
0.051000, 1.27, 2025-04-23T22:00:00+01:00, 2025-04-23T22:30:00+01:00
0.032000, 0.80, 2025-04-23T22:30:00+01:00, 2025-04-23T23:00:00+01:00
0.070000, 1.75, 2025-04-23T23:00:00+01:00, 2025-04-23T23:30:00+01:00
0.028000, 0.70, 2025-04-23T23:30:00+01:00, 2025-04-24T00:00:00+01:00
0.056000, 1.40, 2025-04-24T00:00:00+01:00, 2025-04-24T00:30:00+01:00
0.048000, 1.20, 2025-04-24T00:30:00+01:00, 2025-04-24T01:00:00+01:00
0.058000, 1.45, 2025-04-24T01:00:00+01:00, 2025-04-24T01:30:00+01:00
0.029000, 0.72, 2025-04-24T01:30:00+01:00, 2025-04-24T02:00:00+01:00
0.033000, 0.82, 2025-04-24T02:00:00+01:00, 2025-04-24T02:30:00+01:00
0.074000, 1.85, 2025-04-24T02:30:00+01:00, 2025-04-24T03:00:00+01:00
0.068000, 1.70, 2025-04-24T03:00:00+01:00, 2025-04-24T03:30:00+01:00
0.042000, 1.05, 2025-04-24T03:30:00+01:00, 2025-04-24T04:00:00+01:00
0.032000, 0.80, 2025-04-24T04:00:00+01:00, 2025-04-24T04:30:00+01:00
0.077000, 1.92, 2025-04-24T04:30:00+01:00, 2025-04-24T05:00:00+01:00
0.040000, 1.00, 2025-04-24T05:00:00+01:00, 2025-04-24T05:30:00+01:00
0.045000, 1.12, 2025-04-24T05:30:00+01:00, 2025-04-24T06:00:00+01:00
0.073000, 1.82, 2025-04-24T06:00:00+01:00, 2025-04-24T06:30:00+01:00
0.052000, 1.30, 2025-04-24T06:30:00+01:00, 2025-04-24T07:00:00+01:00
1.983000, 49.53, 2025-04-24T07:00:00+01:00, 2025-04-24T07:30:00+01:00
0.088000, 2.20, 2025-04-24T07:30:00+01:00, 2025-04-24T08:00:00+01:00
0.144000, 3.60, 2025-04-24T08:00:00+01:00, 2025-04-24T08:30:00+01:00
0.239000, 5.97, 2025-04-24T08:30:00+01:00, 2025-04-24T09:00:00+01:00
1.481000, 36.99, 2025-04-24T09:00:00+01:00, 2025-04-24T09:30:00+01:00
0.055000, 1.37, 2025-04-24T09:30:00+01:00, 2025-04-24T10:00:00+01:00
0.108000, 2.70, 2025-04-24T10:00:00+01:00, 2025-04-24T10:30:00+01:00
0.099000, 2.47, 2025-04-24T10:30:00+01:00, 2025-04-24T11:00:00+01:00
0.091000, 2.27, 2025-04-24T11:00:00+01:00, 2025-04-24T11:30:00+01:00
0.104000, 2.60, 2025-04-24T11:30:00+01:00, 2025-04-24T12:00:00+01:00
0.820000, 20.48, 2025-04-24T12:00:00+01:00, 2025-04-24T12:30:00+01:00
0.704000, 17.59, 2025-04-24T12:30:00+01:00, 2025-04-24T13:00:00+01:00
0.053000, 1.32, 2025-04-24T13:00:00+01:00, 2025-04-24T13:30:00+01:00
0.145000, 3.62, 2025-04-24T13:30:00+01:00, 2025-04-24T14:00:00+01:00
0.225000, 5.62, 2025-04-24T14:00:00+01:00, 2025-04-24T14:30:00+01:00
0.124000, 3.10, 2025-04-24T14:30:00+01:00, 2025-04-24T15:00:00+01:00
0.115000, 2.87, 2025-04-24T15:00:00+01:00, 2025-04-24T15:30:00+01:00
0.281000, 7.02, 2025-04-24T15:30:00+01:00, 2025-04-24T16:00:00+01:00
0.073000, 1.82, 2025-04-24T16:00:00+01:00, 2025-04-24T16:30:00+01:00
0.086000, 2.15, 2025-04-24T16:30:00+01:00, 2025-04-24T17:00:00+01:00
0.366000, 9.14, 2025-04-24T17:00:00+01:00, 2025-04-24T17:30:00+01:00
0.549000, 13.71, 2025-04-24T17:30:00+01:00, 2025-04-24T18:00:00+01:00
1.830000, 45.71, 2025-04-24T18:00:00+01:00, 2025-04-24T18:30:00+01:00
0.356000, 8.89, 2025-04-24T18:30:00+01:00, 2025-04-24T19:00:00+01:00
0.597000, 14.91, 2025-04-24T19:00:00+01:00, 2025-04-24T19:30:00+01:00
0.388000, 9.69, 2025-04-24T19:30:00+01:00, 2025-04-24T20:00:00+01:00
0.288000, 7.19, 2025-04-24T20:00:00+01:00, 2025-04-24T20:30:00+01:00
0.132000, 3.30, 2025-04-24T20:30:00+01:00, 2025-04-24T21:00:00+01:00
0.255000, 6.37, 2025-04-24T21:00:00+01:00, 2025-04-24T21:30:00+01:00
0.808000, 20.18, 2025-04-24T21:30:00+01:00, 2025-04-24T22:00:00+01:00
0.110000, 2.75, 2025-04-24T22:00:00+01:00, 2025-04-24T22:30:00+01:00
0.139000, 3.47, 2025-04-24T22:30:00+01:00, 2025-04-24T23:00:00+01:00
0.489000, 12.21, 2025-04-24T23:00:00+01:00, 2025-04-24T23:30:00+01:00
0.663000, 16.56, 2025-04-24T23:30:00+01:00, 2025-04-25T00:00:00+01:00
0.063000, 1.57, 2025-04-25T00:00:00+01:00, 2025-04-25T00:30:00+01:00
0.775000, 19.36, 2025-04-25T00:30:00+01:00, 2025-04-25T01:00:00+01:00
0.061000, 1.52, 2025-04-25T01:00:00+01:00, 2025-04-25T01:30:00+01:00
0.032000, 0.80, 2025-04-25T01:30:00+01:00, 2025-04-25T02:00:00+01:00
0.079000, 1.97, 2025-04-25T02:00:00+01:00, 2025-04-25T02:30:00+01:00
0.051000, 1.27, 2025-04-25T02:30:00+01:00, 2025-04-25T03:00:00+01:00
0.030000, 0.75, 2025-04-25T03:00:00+01:00, 2025-04-25T03:30:00+01:00
0.032000, 0.80, 2025-04-25T03:30:00+01:00, 2025-04-25T04:00:00+01:00
0.071000, 1.77, 2025-04-25T04:00:00+01:00, 2025-04-25T04:30:00+01:00
0.051000, 1.27, 2025-04-25T04:30:00+01:00, 2025-04-25T05:00:00+01:00
0.030000, 0.75, 2025-04-25T05:00:00+01:00, 2025-04-25T05:30:00+01:00
0.046000, 1.15, 2025-04-25T05:30:00+01:00, 2025-04-25T06:00:00+01:00
0.052000, 1.30, 2025-04-25T06:00:00+01:00, 2025-04-25T06:30:00+01:00
0.051000, 1.27, 2025-04-25T06:30:00+01:00, 2025-04-25T07:00:00+01:00
2.812000, 70.24, 2025-04-25T07:00:00+01:00, 2025-04-25T07:30:00+01:00
0.064000, 1.60, 2025-04-25T07:30:00+01:00, 2025-04-25T08:00:00+01:00
0.141000, 3.52, 2025-04-25T08:00:00+01:00, 2025-04-25T08:30:00+01:00
0.072000, 1.80, 2025-04-25T08:30:00+01:00, 2025-04-25T09:00:00+01:00
0.376000, 9.39, 2025-04-25T09:00:00+01:00, 2025-04-25T09:30:00+01:00
0.283000, 7.07, 2025-04-25T09:30:00+01:00, 2025-04-25T10:00:00+01:00
1.136000, 28.38, 2025-04-25T10:00:00+01:00, 2025-04-25T10:30:00+01:00
1.938000, 48.41, 2025-04-25T10:30:00+01:00, 2025-04-25T11:00:00+01:00
0.113000, 2.82, 2025-04-25T11:00:00+01:00, 2025-04-25T11:30:00+01:00
0.084000, 2.10, 2025-04-25T11:30:00+01:00, 2025-04-25T12:00:00+01:00
0.304000, 7.59, 2025-04-25T12:00:00+01:00, 2025-04-25T12:30:00+01:00
0.066000, 1.65, 2025-04-25T12:30:00+01:00, 2025-04-25T13:00:00+01:00
0.082000, 2.05, 2025-04-25T13:00:00+01:00, 2025-04-25T13:30:00+01:00
0.057000, 1.42, 2025-04-25T13:30:00+01:00, 2025-04-25T14:00:00+01:00
0.046000, 1.15, 2025-04-25T14:00:00+01:00, 2025-04-25T14:30:00+01:00
0.047000, 1.17, 2025-04-25T14:30:00+01:00, 2025-04-25T15:00:00+01:00
0.036000, 0.90, 2025-04-25T15:00:00+01:00, 2025-04-25T15:30:00+01:00
0.132000, 3.30, 2025-04-25T15:30:00+01:00, 2025-04-25T16:00:00+01:00
0.101000, 2.52, 2025-04-25T16:00:00+01:00, 2025-04-25T16:30:00+01:00
0.196000, 4.90, 2025-04-25T16:30:00+01:00, 2025-04-25T17:00:00+01:00
0.053000, 1.32, 2025-04-25T17:00:00+01:00, 2025-04-25T17:30:00+01:00
0.137000, 3.42, 2025-04-25T17:30:00+01:00, 2025-04-25T18:00:00+01:00
0.246000, 6.14, 2025-04-25T18:00:00+01:00, 2025-04-25T18:30:00+01:00
0.189000, 4.72, 2025-04-25T18:30:00+01:00, 2025-04-25T19:00:00+01:00
0.827000, 20.66, 2025-04-25T19:00:00+01:00, 2025-04-25T19:30:00+01:00
0.732000, 18.28, 2025-04-25T19:30:00+01:00, 2025-04-25T20:00:00+01:00
0.109000, 2.72, 2025-04-25T20:00:00+01:00, 2025-04-25T20:30:00+01:00
0.274000, 6.84, 2025-04-25T20:30:00+01:00, 2025-04-25T21:00:00+01:00
0.266000, 6.64, 2025-04-25T21:00:00+01:00, 2025-04-25T21:30:00+01:00
0.088000, 2.20, 2025-04-25T21:30:00+01:00, 2025-04-25T22:00:00+01:00
0.304000, 7.59, 2025-04-25T22:00:00+01:00, 2025-04-25T22:30:00+01:00
0.512000, 12.79, 2025-04-25T22:30:00+01:00, 2025-04-25T23:00:00+01:00
0.073000, 1.82, 2025-04-25T23:00:00+01:00, 2025-04-25T23:30:00+01:00
0.077000, 1.92, 2025-04-25T23:30:00+01:00, 2025-04-26T00:00:00+01:00
0.061000, 1.52, 2025-04-26T00:00:00+01:00, 2025-04-26T00:30:00+01:00
0.266000, 6.64, 2025-04-26T00:30:00+01:00, 2025-04-26T01:00:00+01:00
0.076000, 1.90, 2025-04-26T01:00:00+01:00, 2025-04-26T01:30:00+01:00
0.051000, 1.27, 2025-04-26T01:30:00+01:00, 2025-04-26T02:00:00+01:00
0.043000, 1.07, 2025-04-26T02:00:00+01:00, 2025-04-26T02:30:00+01:00
0.046000, 1.15, 2025-04-26T02:30:00+01:00, 2025-04-26T03:00:00+01:00
0.080000, 2.00, 2025-04-26T03:00:00+01:00, 2025-04-26T03:30:00+01:00
0.050000, 1.25, 2025-04-26T03:30:00+01:00, 2025-04-26T04:00:00+01:00
0.038000, 0.95, 2025-04-26T04:00:00+01:00, 2025-04-26T04:30:00+01:00
0.043000, 1.07, 2025-04-26T04:30:00+01:00, 2025-04-26T05:00:00+01:00
0.093000, 2.32, 2025-04-26T05:00:00+01:00, 2025-04-26T05:30:00+01:00
0.044000, 1.10, 2025-04-26T05:30:00+01:00, 2025-04-26T06:00:00+01:00
0.038000, 0.95, 2025-04-26T06:00:00+01:00, 2025-04-26T06:30:00+01:00
0.039000, 0.97, 2025-04-26T06:30:00+01:00, 2025-04-26T07:00:00+01:00
0.087000, 2.17, 2025-04-26T07:00:00+01:00, 2025-04-26T07:30:00+01:00
0.047000, 1.17, 2025-04-26T07:30:00+01:00, 2025-04-26T08:00:00+01:00
0.033000, 0.82, 2025-04-26T08:00:00+01:00, 2025-04-26T08:30:00+01:00
0.042000, 1.05, 2025-04-26T08:30:00+01:00, 2025-04-26T09:00:00+01:00
0.064000, 1.60, 2025-04-26T09:00:00+01:00, 2025-04-26T09:30:00+01:00
0.058000, 1.45, 2025-04-26T09:30:00+01:00, 2025-04-26T10:00:00+01:00
1.689000, 42.19, 2025-04-26T10:00:00+01:00, 2025-04-26T10:30:00+01:00
0.168000, 4.20, 2025-04-26T10:30:00+01:00, 2025-04-26T11:00:00+01:00
1.354000, 33.82, 2025-04-26T11:00:00+01:00, 2025-04-26T11:30:00+01:00
0.045000, 1.12, 2025-04-26T11:30:00+01:00, 2025-04-26T12:00:00+01:00
0.038000, 0.95, 2025-04-26T12:00:00+01:00, 2025-04-26T12:30:00+01:00
0.067000, 1.67, 2025-04-26T12:30:00+01:00, 2025-04-26T13:00:00+01:00
0.033000, 0.82, 2025-04-26T13:00:00+01:00, 2025-04-26T13:30:00+01:00
0.041000, 1.02, 2025-04-26T13:30:00+01:00, 2025-04-26T14:00:00+01:00
0.064000, 1.60, 2025-04-26T14:00:00+01:00, 2025-04-26T14:30:00+01:00
0.063000, 1.57, 2025-04-26T14:30:00+01:00, 2025-04-26T15:00:00+01:00
0.029000, 0.72, 2025-04-26T15:00:00+01:00, 2025-04-26T15:30:00+01:00
0.027000, 0.67, 2025-04-26T15:30:00+01:00, 2025-04-26T16:00:00+01:00
0.048000, 1.20, 2025-04-26T16:00:00+01:00, 2025-04-26T16:30:00+01:00
0.049000, 1.22, 2025-04-26T16:30:00+01:00, 2025-04-26T17:00:00+01:00
0.046000, 1.15, 2025-04-26T17:00:00+01:00, 2025-04-26T17:30:00+01:00
0.027000, 0.67, 2025-04-26T17:30:00+01:00, 2025-04-26T18:00:00+01:00
0.064000, 1.60, 2025-04-26T18:00:00+01:00, 2025-04-26T18:30:00+01:00
0.034000, 0.85, 2025-04-26T18:30:00+01:00, 2025-04-26T19:00:00+01:00
0.050000, 1.25, 2025-04-26T19:00:00+01:00, 2025-04-26T19:30:00+01:00
0.051000, 1.27, 2025-04-26T19:30:00+01:00, 2025-04-26T20:00:00+01:00
0.062000, 1.55, 2025-04-26T20:00:00+01:00, 2025-04-26T20:30:00+01:00
0.030000, 0.75, 2025-04-26T20:30:00+01:00, 2025-04-26T21:00:00+01:00
0.028000, 0.70, 2025-04-26T21:00:00+01:00, 2025-04-26T21:30:00+01:00
0.072000, 1.80, 2025-04-26T21:30:00+01:00, 2025-04-26T22:00:00+01:00
0.086000, 2.15, 2025-04-26T22:00:00+01:00, 2025-04-26T22:30:00+01:00
0.062000, 1.55, 2025-04-26T22:30:00+01:00, 2025-04-26T23:00:00+01:00
0.049000, 1.22, 2025-04-26T23:00:00+01:00, 2025-04-26T23:30:00+01:00
0.086000, 2.15, 2025-04-26T23:30:00+01:00, 2025-04-27T00:00:00+01:00
0.051000, 1.27, 2025-04-27T00:00:00+01:00, 2025-04-27T00:30:00+01:00
0.046000, 1.15, 2025-04-27T00:30:00+01:00, 2025-04-27T01:00:00+01:00
0.073000, 1.82, 2025-04-27T01:00:00+01:00, 2025-04-27T01:30:00+01:00
0.103000, 2.57, 2025-04-27T01:30:00+01:00, 2025-04-27T02:00:00+01:00
0.050000, 1.25, 2025-04-27T02:00:00+01:00, 2025-04-27T02:30:00+01:00
0.061000, 1.52, 2025-04-27T02:30:00+01:00, 2025-04-27T03:00:00+01:00
0.069000, 1.72, 2025-04-27T03:00:00+01:00, 2025-04-27T03:30:00+01:00
0.052000, 1.30, 2025-04-27T03:30:00+01:00, 2025-04-27T04:00:00+01:00
0.032000, 0.80, 2025-04-27T04:00:00+01:00, 2025-04-27T04:30:00+01:00
0.052000, 1.30, 2025-04-27T04:30:00+01:00, 2025-04-27T05:00:00+01:00
0.098000, 2.45, 2025-04-27T05:00:00+01:00, 2025-04-27T05:30:00+01:00
0.028000, 0.70, 2025-04-27T05:30:00+01:00, 2025-04-27T06:00:00+01:00
0.031000, 0.77, 2025-04-27T06:00:00+01:00, 2025-04-27T06:30:00+01:00
0.043000, 1.07, 2025-04-27T06:30:00+01:00, 2025-04-27T07:00:00+01:00
0.075000, 1.87, 2025-04-27T07:00:00+01:00, 2025-04-27T07:30:00+01:00
0.065000, 1.62, 2025-04-27T07:30:00+01:00, 2025-04-27T08:00:00+01:00
0.927000, 23.16, 2025-04-27T08:00:00+01:00, 2025-04-27T08:30:00+01:00
0.055000, 1.37, 2025-04-27T08:30:00+01:00, 2025-04-27T09:00:00+01:00
0.042000, 1.05, 2025-04-27T09:00:00+01:00, 2025-04-27T09:30:00+01:00
2.290000, 57.20, 2025-04-27T09:30:00+01:00, 2025-04-27T10:00:00+01:00
0.836000, 20.88, 2025-04-27T10:00:00+01:00, 2025-04-27T10:30:00+01:00
0.356000, 8.89, 2025-04-27T10:30:00+01:00, 2025-04-27T11:00:00+01:00
0.057000, 1.42, 2025-04-27T11:00:00+01:00, 2025-04-27T11:30:00+01:00
0.030000, 0.75, 2025-04-27T11:30:00+01:00, 2025-04-27T12:00:00+01:00
0.053000, 1.32, 2025-04-27T12:00:00+01:00, 2025-04-27T12:30:00+01:00
0.052000, 1.30, 2025-04-27T12:30:00+01:00, 2025-04-27T13:00:00+01:00
0.036000, 0.90, 2025-04-27T13:00:00+01:00, 2025-04-27T13:30:00+01:00
0.038000, 0.95, 2025-04-27T13:30:00+01:00, 2025-04-27T14:00:00+01:00
0.083000, 2.07, 2025-04-27T14:00:00+01:00, 2025-04-27T14:30:00+01:00
0.032000, 0.80, 2025-04-27T14:30:00+01:00, 2025-04-27T15:00:00+01:00
0.031000, 0.77, 2025-04-27T15:00:00+01:00, 2025-04-27T15:30:00+01:00
0.037000, 0.92, 2025-04-27T15:30:00+01:00, 2025-04-27T16:00:00+01:00
0.087000, 2.17, 2025-04-27T16:00:00+01:00, 2025-04-27T16:30:00+01:00
0.039000, 0.97, 2025-04-27T16:30:00+01:00, 2025-04-27T17:00:00+01:00
0.037000, 0.92, 2025-04-27T17:00:00+01:00, 2025-04-27T17:30:00+01:00
0.057000, 1.42, 2025-04-27T17:30:00+01:00, 2025-04-27T18:00:00+01:00
0.055000, 1.37, 2025-04-27T18:00:00+01:00, 2025-04-27T18:30:00+01:00
0.059000, 1.47, 2025-04-27T18:30:00+01:00, 2025-04-27T19:00:00+01:00
0.047000, 1.17, 2025-04-27T19:00:00+01:00, 2025-04-27T19:30:00+01:00
1.152000, 28.78, 2025-04-27T19:30:00+01:00, 2025-04-27T20:00:00+01:00
1.112000, 27.78, 2025-04-27T20:00:00+01:00, 2025-04-27T20:30:00+01:00
0.892000, 22.28, 2025-04-27T20:30:00+01:00, 2025-04-27T21:00:00+01:00
0.327000, 8.17, 2025-04-27T21:00:00+01:00, 2025-04-27T21:30:00+01:00
0.134000, 3.35, 2025-04-27T21:30:00+01:00, 2025-04-27T22:00:00+01:00
0.084000, 2.10, 2025-04-27T22:00:00+01:00, 2025-04-27T22:30:00+01:00
0.114000, 2.85, 2025-04-27T22:30:00+01:00, 2025-04-27T23:00:00+01:00
0.091000, 2.27, 2025-04-27T23:00:00+01:00, 2025-04-27T23:30:00+01:00
0.068000, 1.70, 2025-04-27T23:30:00+01:00, 2025-04-28T00:00:00+01:00
0.064000, 1.60, 2025-04-28T00:00:00+01:00, 2025-04-28T00:30:00+01:00
0.062000, 1.55, 2025-04-28T00:30:00+01:00, 2025-04-28T01:00:00+01:00
0.059000, 1.47, 2025-04-28T01:00:00+01:00, 2025-04-28T01:30:00+01:00
0.035000, 0.87, 2025-04-28T01:30:00+01:00, 2025-04-28T02:00:00+01:00
0.071000, 1.77, 2025-04-28T02:00:00+01:00, 2025-04-28T02:30:00+01:00
0.075000, 1.87, 2025-04-28T02:30:00+01:00, 2025-04-28T03:00:00+01:00
0.048000, 1.20, 2025-04-28T03:00:00+01:00, 2025-04-28T03:30:00+01:00
0.035000, 0.87, 2025-04-28T03:30:00+01:00, 2025-04-28T04:00:00+01:00
0.039000, 0.97, 2025-04-28T04:00:00+01:00, 2025-04-28T04:30:00+01:00
0.115000, 2.87, 2025-04-28T04:30:00+01:00, 2025-04-28T05:00:00+01:00
0.038000, 0.95, 2025-04-28T05:00:00+01:00, 2025-04-28T05:30:00+01:00
0.042000, 1.05, 2025-04-28T05:30:00+01:00, 2025-04-28T06:00:00+01:00
0.056000, 1.40, 2025-04-28T06:00:00+01:00, 2025-04-28T06:30:00+01:00
2.401000, 59.98, 2025-04-28T06:30:00+01:00, 2025-04-28T07:00:00+01:00
1.764000, 44.06, 2025-04-28T07:00:00+01:00, 2025-04-28T07:30:00+01:00
0.173000, 4.32, 2025-04-28T07:30:00+01:00, 2025-04-28T08:00:00+01:00
0.060000, 1.50, 2025-04-28T08:00:00+01:00, 2025-04-28T08:30:00+01:00
0.067000, 1.67, 2025-04-28T08:30:00+01:00, 2025-04-28T09:00:00+01:00
0.071000, 1.77, 2025-04-28T09:00:00+01:00, 2025-04-28T09:30:00+01:00
0.032000, 0.80, 2025-04-28T09:30:00+01:00, 2025-04-28T10:00:00+01:00
0.073000, 1.82, 2025-04-28T10:00:00+01:00, 2025-04-28T10:30:00+01:00
0.047000, 1.17, 2025-04-28T10:30:00+01:00, 2025-04-28T11:00:00+01:00
0.040000, 1.00, 2025-04-28T11:00:00+01:00, 2025-04-28T11:30:00+01:00
0.069000, 1.72, 2025-04-28T11:30:00+01:00, 2025-04-28T12:00:00+01:00
0.175000, 4.37, 2025-04-28T12:00:00+01:00, 2025-04-28T12:30:00+01:00
0.092000, 2.30, 2025-04-28T12:30:00+01:00, 2025-04-28T13:00:00+01:00
0.085000, 2.12, 2025-04-28T13:00:00+01:00, 2025-04-28T13:30:00+01:00
0.051000, 1.27, 2025-04-28T13:30:00+01:00, 2025-04-28T14:00:00+01:00
0.062000, 1.55, 2025-04-28T14:00:00+01:00, 2025-04-28T14:30:00+01:00
0.080000, 2.00, 2025-04-28T14:30:00+01:00, 2025-04-28T15:00:00+01:00
0.045000, 1.12, 2025-04-28T15:00:00+01:00, 2025-04-28T15:30:00+01:00
0.069000, 1.72, 2025-04-28T15:30:00+01:00, 2025-04-28T16:00:00+01:00
0.052000, 1.30, 2025-04-28T16:00:00+01:00, 2025-04-28T16:30:00+01:00
0.239000, 5.97, 2025-04-28T16:30:00+01:00, 2025-04-28T17:00:00+01:00
0.230000, 5.75, 2025-04-28T17:00:00+01:00, 2025-04-28T17:30:00+01:00
0.203000, 5.07, 2025-04-28T17:30:00+01:00, 2025-04-28T18:00:00+01:00
0.050000, 1.25, 2025-04-28T18:00:00+01:00, 2025-04-28T18:30:00+01:00
0.028000, 0.70, 2025-04-28T18:30:00+01:00, 2025-04-28T19:00:00+01:00
0.066000, 1.65, 2025-04-28T19:00:00+01:00, 2025-04-28T19:30:00+01:00
0.066000, 1.65, 2025-04-28T19:30:00+01:00, 2025-04-28T20:00:00+01:00
0.052000, 1.30, 2025-04-28T20:00:00+01:00, 2025-04-28T20:30:00+01:00
0.061000, 1.52, 2025-04-28T20:30:00+01:00, 2025-04-28T21:00:00+01:00
0.083000, 2.07, 2025-04-28T21:00:00+01:00, 2025-04-28T21:30:00+01:00
0.056000, 1.40, 2025-04-28T21:30:00+01:00, 2025-04-28T22:00:00+01:00
0.175000, 4.37, 2025-04-28T22:00:00+01:00, 2025-04-28T22:30:00+01:00
0.057000, 1.42, 2025-04-28T22:30:00+01:00, 2025-04-28T23:00:00+01:00
0.081000, 2.02, 2025-04-28T23:00:00+01:00, 2025-04-28T23:30:00+01:00
0.040000, 1.00, 2025-04-28T23:30:00+01:00, 2025-04-29T00:00:00+01:00
0.050000, 1.25, 2025-04-29T00:00:00+01:00, 2025-04-29T00:30:00+01:00
0.121000, 3.02, 2025-04-29T00:30:00+01:00, 2025-04-29T01:00:00+01:00
0.068000, 1.70, 2025-04-29T01:00:00+01:00, 2025-04-29T01:30:00+01:00
0.052000, 1.30, 2025-04-29T01:30:00+01:00, 2025-04-29T02:00:00+01:00
0.059000, 1.47, 2025-04-29T02:00:00+01:00, 2025-04-29T02:30:00+01:00
0.101000, 2.52, 2025-04-29T02:30:00+01:00, 2025-04-29T03:00:00+01:00
0.077000, 1.92, 2025-04-29T03:00:00+01:00, 2025-04-29T03:30:00+01:00
0.028000, 0.70, 2025-04-29T03:30:00+01:00, 2025-04-29T04:00:00+01:00
0.061000, 1.52, 2025-04-29T04:00:00+01:00, 2025-04-29T04:30:00+01:00
0.091000, 2.27, 2025-04-29T04:30:00+01:00, 2025-04-29T05:00:00+01:00
0.056000, 1.40, 2025-04-29T05:00:00+01:00, 2025-04-29T05:30:00+01:00
0.089000, 2.22, 2025-04-29T05:30:00+01:00, 2025-04-29T06:00:00+01:00
1.124000, 28.08, 2025-04-29T06:00:00+01:00, 2025-04-29T06:30:00+01:00
0.066000, 1.65, 2025-04-29T06:30:00+01:00, 2025-04-29T07:00:00+01:00
1.287000, 32.15, 2025-04-29T07:00:00+01:00, 2025-04-29T07:30:00+01:00
0.056000, 1.40, 2025-04-29T07:30:00+01:00, 2025-04-29T08:00:00+01:00
0.144000, 3.60, 2025-04-29T08:00:00+01:00, 2025-04-29T08:30:00+01:00
0.068000, 1.70, 2025-04-29T08:30:00+01:00, 2025-04-29T09:00:00+01:00
0.343000, 8.57, 2025-04-29T09:00:00+01:00, 2025-04-29T09:30:00+01:00
0.172000, 4.30, 2025-04-29T09:30:00+01:00, 2025-04-29T10:00:00+01:00
0.111000, 2.77, 2025-04-29T10:00:00+01:00, 2025-04-29T10:30:00+01:00
0.131000, 3.27, 2025-04-29T10:30:00+01:00, 2025-04-29T11:00:00+01:00
0.075000, 1.87, 2025-04-29T11:00:00+01:00, 2025-04-29T11:30:00+01:00
0.157000, 3.92, 2025-04-29T11:30:00+01:00, 2025-04-29T12:00:00+01:00
0.279000, 6.97, 2025-04-29T12:00:00+01:00, 2025-04-29T12:30:00+01:00
0.539000, 13.46, 2025-04-29T12:30:00+01:00, 2025-04-29T13:00:00+01:00
0.292000, 7.29, 2025-04-29T13:00:00+01:00, 2025-04-29T13:30:00+01:00
0.128000, 3.20, 2025-04-29T13:30:00+01:00, 2025-04-29T14:00:00+01:00
0.058000, 1.45, 2025-04-29T14:00:00+01:00, 2025-04-29T14:30:00+01:00
1.980000, 49.46, 2025-04-29T14:30:00+01:00, 2025-04-29T15:00:00+01:00
0.035000, 0.87, 2025-04-29T15:00:00+01:00, 2025-04-29T15:30:00+01:00
0.085000, 2.12, 2025-04-29T15:30:00+01:00, 2025-04-29T16:00:00+01:00
0.037000, 0.92, 2025-04-29T16:00:00+01:00, 2025-04-29T16:30:00+01:00
0.029000, 0.72, 2025-04-29T16:30:00+01:00, 2025-04-29T17:00:00+01:00
0.049000, 1.22, 2025-04-29T17:00:00+01:00, 2025-04-29T17:30:00+01:00
0.263000, 6.57, 2025-04-29T17:30:00+01:00, 2025-04-29T18:00:00+01:00
0.069000, 1.72, 2025-04-29T18:00:00+01:00, 2025-04-29T18:30:00+01:00
0.055000, 1.37, 2025-04-29T18:30:00+01:00, 2025-04-29T19:00:00+01:00
0.067000, 1.67, 2025-04-29T19:00:00+01:00, 2025-04-29T19:30:00+01:00
0.185000, 4.62, 2025-04-29T19:30:00+01:00, 2025-04-29T20:00:00+01:00
0.092000, 2.30, 2025-04-29T20:00:00+01:00, 2025-04-29T20:30:00+01:00
0.127000, 3.17, 2025-04-29T20:30:00+01:00, 2025-04-29T21:00:00+01:00
0.191000, 4.77, 2025-04-29T21:00:00+01:00, 2025-04-29T21:30:00+01:00
0.132000, 3.30, 2025-04-29T21:30:00+01:00, 2025-04-29T22:00:00+01:00
0.105000, 2.62, 2025-04-29T22:00:00+01:00, 2025-04-29T22:30:00+01:00
0.108000, 2.70, 2025-04-29T22:30:00+01:00, 2025-04-29T23:00:00+01:00
0.147000, 3.67, 2025-04-29T23:00:00+01:00, 2025-04-29T23:30:00+01:00
0.110000, 2.75, 2025-04-29T23:30:00+01:00, 2025-04-30T00:00:00+01:00
0.111000, 2.77, 2025-04-30T00:00:00+01:00, 2025-04-30T00:30:00+01:00
0.095000, 2.37, 2025-04-30T00:30:00+01:00, 2025-04-30T01:00:00+01:00
0.076000, 1.90, 2025-04-30T01:00:00+01:00, 2025-04-30T01:30:00+01:00
0.034000, 0.85, 2025-04-30T01:30:00+01:00, 2025-04-30T02:00:00+01:00
0.037000, 0.92, 2025-04-30T02:00:00+01:00, 2025-04-30T02:30:00+01:00
0.071000, 1.77, 2025-04-30T02:30:00+01:00, 2025-04-30T03:00:00+01:00
0.057000, 1.42, 2025-04-30T03:00:00+01:00, 2025-04-30T03:30:00+01:00
0.030000, 0.75, 2025-04-30T03:30:00+01:00, 2025-04-30T04:00:00+01:00
0.032000, 0.80, 2025-04-30T04:00:00+01:00, 2025-04-30T04:30:00+01:00
0.069000, 1.72, 2025-04-30T04:30:00+01:00, 2025-04-30T05:00:00+01:00
0.059000, 1.47, 2025-04-30T05:00:00+01:00, 2025-04-30T05:30:00+01:00
0.032000, 0.80, 2025-04-30T05:30:00+01:00, 2025-04-30T06:00:00+01:00
0.260000, 6.49, 2025-04-30T06:00:00+01:00, 2025-04-30T06:30:00+01:00
1.099000, 27.45, 2025-04-30T06:30:00+01:00, 2025-04-30T07:00:00+01:00
0.051000, 1.27, 2025-04-30T07:00:00+01:00, 2025-04-30T07:30:00+01:00
1.698000, 42.42, 2025-04-30T07:30:00+01:00, 2025-04-30T08:00:00+01:00
0.059000, 1.47, 2025-04-30T08:00:00+01:00, 2025-04-30T08:30:00+01:00
0.077000, 1.92, 2025-04-30T08:30:00+01:00, 2025-04-30T09:00:00+01:00
0.032000, 0.80, 2025-04-30T09:00:00+01:00, 2025-04-30T09:30:00+01:00
0.059000, 1.47, 2025-04-30T09:30:00+01:00, 2025-04-30T10:00:00+01:00
0.052000, 1.30, 2025-04-30T10:00:00+01:00, 2025-04-30T10:30:00+01:00
0.191000, 4.77, 2025-04-30T10:30:00+01:00, 2025-04-30T11:00:00+01:00
0.495000, 12.36, 2025-04-30T11:00:00+01:00, 2025-04-30T11:30:00+01:00
2.426000, 60.60, 2025-04-30T11:30:00+01:00, 2025-04-30T12:00:00+01:00
0.104000, 2.60, 2025-04-30T12:00:00+01:00, 2025-04-30T12:30:00+01:00
0.284000, 7.09, 2025-04-30T12:30:00+01:00, 2025-04-30T13:00:00+01:00
0.503000, 12.56, 2025-04-30T13:00:00+01:00, 2025-04-30T13:30:00+01:00
0.035000, 0.87, 2025-04-30T13:30:00+01:00, 2025-04-30T14:00:00+01:00
0.522000, 13.04, 2025-04-30T14:00:00+01:00, 2025-04-30T14:30:00+01:00
0.101000, 2.52, 2025-04-30T14:30:00+01:00, 2025-04-30T15:00:00+01:00
0.051000, 1.27, 2025-04-30T15:00:00+01:00, 2025-04-30T15:30:00+01:00
0.056000, 1.40, 2025-04-30T15:30:00+01:00, 2025-04-30T16:00:00+01:00
0.060000, 1.50, 2025-04-30T16:00:00+01:00, 2025-04-30T16:30:00+01:00
0.081000, 2.02, 2025-04-30T16:30:00+01:00, 2025-04-30T17:00:00+01:00
0.054000, 1.35, 2025-04-30T17:00:00+01:00, 2025-04-30T17:30:00+01:00
0.138000, 3.45, 2025-04-30T17:30:00+01:00, 2025-04-30T18:00:00+01:00
0.094000, 2.35, 2025-04-30T18:00:00+01:00, 2025-04-30T18:30:00+01:00
0.052000, 1.30, 2025-04-30T18:30:00+01:00, 2025-04-30T19:00:00+01:00
0.075000, 1.87, 2025-04-30T19:00:00+01:00, 2025-04-30T19:30:00+01:00
1.162000, 29.03, 2025-04-30T19:30:00+01:00, 2025-04-30T20:00:00+01:00
0.151000, 3.77, 2025-04-30T20:00:00+01:00, 2025-04-30T20:30:00+01:00
0.126000, 3.15, 2025-04-30T20:30:00+01:00, 2025-04-30T21:00:00+01:00
0.107000, 2.67, 2025-04-30T21:00:00+01:00, 2025-04-30T21:30:00+01:00
0.095000, 2.37, 2025-04-30T21:30:00+01:00, 2025-04-30T22:00:00+01:00
0.112000, 2.80, 2025-04-30T22:00:00+01:00, 2025-04-30T22:30:00+01:00
0.122000, 3.05, 2025-04-30T22:30:00+01:00, 2025-04-30T23:00:00+01:00
0.163000, 4.07, 2025-04-30T23:00:00+01:00, 2025-04-30T23:30:00+01:00
0.099000, 2.47, 2025-04-30T23:30:00+01:00, 2025-05-01T00:00:00+01:00
0.084000, 2.10, 2025-05-01T00:00:00+01:00, 2025-05-01T00:30:00+01:00
0.085000, 2.12, 2025-05-01T00:30:00+01:00, 2025-05-01T01:00:00+01:00
0.073000, 1.82, 2025-05-01T01:00:00+01:00, 2025-05-01T01:30:00+01:00
0.031000, 0.77, 2025-05-01T01:30:00+01:00, 2025-05-01T02:00:00+01:00
0.047000, 1.17, 2025-05-01T02:00:00+01:00, 2025-05-01T02:30:00+01:00
0.087000, 2.17, 2025-05-01T02:30:00+01:00, 2025-05-01T03:00:00+01:00
0.048000, 1.20, 2025-05-01T03:00:00+01:00, 2025-05-01T03:30:00+01:00
0.049000, 1.22, 2025-05-01T03:30:00+01:00, 2025-05-01T04:00:00+01:00
0.058000, 1.45, 2025-05-01T04:00:00+01:00, 2025-05-01T04:30:00+01:00
0.100000, 2.50, 2025-05-01T04:30:00+01:00, 2025-05-01T05:00:00+01:00
0.042000, 1.05, 2025-05-01T05:00:00+01:00, 2025-05-01T05:30:00+01:00
0.036000, 0.90, 2025-05-01T05:30:00+01:00, 2025-05-01T06:00:00+01:00
0.067000, 1.67, 2025-05-01T06:00:00+01:00, 2025-05-01T06:30:00+01:00
0.990000, 24.73, 2025-05-01T06:30:00+01:00, 2025-05-01T07:00:00+01:00
1.803000, 45.04, 2025-05-01T07:00:00+01:00, 2025-05-01T07:30:00+01:00
0.127000, 3.17, 2025-05-01T07:30:00+01:00, 2025-05-01T08:00:00+01:00
0.235000, 5.87, 2025-05-01T08:00:00+01:00, 2025-05-01T08:30:00+01:00
0.055000, 1.37, 2025-05-01T08:30:00+01:00, 2025-05-01T09:00:00+01:00
0.089000, 2.22, 2025-05-01T09:00:00+01:00, 2025-05-01T09:30:00+01:00
0.118000, 2.95, 2025-05-01T09:30:00+01:00, 2025-05-01T10:00:00+01:00
0.098000, 2.45, 2025-05-01T10:00:00+01:00, 2025-05-01T10:30:00+01:00
0.063000, 1.57, 2025-05-01T10:30:00+01:00, 2025-05-01T11:00:00+01:00
0.425000, 10.62, 2025-05-01T11:00:00+01:00, 2025-05-01T11:30:00+01:00
0.257000, 6.42, 2025-05-01T11:30:00+01:00, 2025-05-01T12:00:00+01:00
0.197000, 4.92, 2025-05-01T12:00:00+01:00, 2025-05-01T12:30:00+01:00
0.322000, 8.04, 2025-05-01T12:30:00+01:00, 2025-05-01T13:00:00+01:00
0.367000, 9.17, 2025-05-01T13:00:00+01:00, 2025-05-01T13:30:00+01:00
0.457000, 11.42, 2025-05-01T13:30:00+01:00, 2025-05-01T14:00:00+01:00
0.471000, 11.77, 2025-05-01T14:00:00+01:00, 2025-05-01T14:30:00+01:00
0.303000, 7.57, 2025-05-01T14:30:00+01:00, 2025-05-01T15:00:00+01:00
1.266000, 31.62, 2025-05-01T15:00:00+01:00, 2025-05-01T15:30:00+01:00
1.461000, 36.50, 2025-05-01T15:30:00+01:00, 2025-05-01T16:00:00+01:00
0.053000, 1.32, 2025-05-01T16:00:00+01:00, 2025-05-01T16:30:00+01:00
0.828000, 20.68, 2025-05-01T16:30:00+01:00, 2025-05-01T17:00:00+01:00
0.086000, 2.15, 2025-05-01T17:00:00+01:00, 2025-05-01T17:30:00+01:00
0.080000, 2.00, 2025-05-01T17:30:00+01:00, 2025-05-01T18:00:00+01:00
0.985000, 24.60, 2025-05-01T18:00:00+01:00, 2025-05-01T18:30:00+01:00
3.471000, 86.70, 2025-05-01T18:30:00+01:00, 2025-05-01T19:00:00+01:00
0.632000, 15.79, 2025-05-01T19:00:00+01:00, 2025-05-01T19:30:00+01:00
0.110000, 2.75, 2025-05-01T19:30:00+01:00, 2025-05-01T20:00:00+01:00
1.192000, 29.78, 2025-05-01T20:00:00+01:00, 2025-05-01T20:30:00+01:00
0.105000, 2.62, 2025-05-01T20:30:00+01:00, 2025-05-01T21:00:00+01:00
0.082000, 2.05, 2025-05-01T21:00:00+01:00, 2025-05-01T21:30:00+01:00
0.066000, 1.65, 2025-05-01T21:30:00+01:00, 2025-05-01T22:00:00+01:00
0.049000, 1.22, 2025-05-01T22:00:00+01:00, 2025-05-01T22:30:00+01:00
0.082000, 2.05, 2025-05-01T22:30:00+01:00, 2025-05-01T23:00:00+01:00
0.058000, 1.45, 2025-05-01T23:00:00+01:00, 2025-05-01T23:30:00+01:00
0.050000, 1.25, 2025-05-01T23:30:00+01:00, 2025-05-02T00:00:00+01:00
0.078000, 1.95, 2025-05-02T00:00:00+01:00, 2025-05-02T00:30:00+01:00
0.057000, 1.42, 2025-05-02T00:30:00+01:00, 2025-05-02T01:00:00+01:00
0.068000, 1.70, 2025-05-02T01:00:00+01:00, 2025-05-02T01:30:00+01:00
0.091000, 2.27, 2025-05-02T01:30:00+01:00, 2025-05-02T02:00:00+01:00
0.113000, 2.82, 2025-05-02T02:00:00+01:00, 2025-05-02T02:30:00+01:00
0.071000, 1.77, 2025-05-02T02:30:00+01:00, 2025-05-02T03:00:00+01:00
0.086000, 2.15, 2025-05-02T03:00:00+01:00, 2025-05-02T03:30:00+01:00
0.109000, 2.72, 2025-05-02T03:30:00+01:00, 2025-05-02T04:00:00+01:00
0.091000, 2.27, 2025-05-02T04:00:00+01:00, 2025-05-02T04:30:00+01:00
0.065000, 1.62, 2025-05-02T04:30:00+01:00, 2025-05-02T05:00:00+01:00
0.094000, 2.35, 2025-05-02T05:00:00+01:00, 2025-05-02T05:30:00+01:00
0.098000, 2.45, 2025-05-02T05:30:00+01:00, 2025-05-02T06:00:00+01:00
0.078000, 1.95, 2025-05-02T06:00:00+01:00, 2025-05-02T06:30:00+01:00
0.070000, 1.75, 2025-05-02T06:30:00+01:00, 2025-05-02T07:00:00+01:00
1.185000, 29.60, 2025-05-02T07:00:00+01:00, 2025-05-02T07:30:00+01:00
1.074000, 26.83, 2025-05-02T07:30:00+01:00, 2025-05-02T08:00:00+01:00
0.167000, 4.17, 2025-05-02T08:00:00+01:00, 2025-05-02T08:30:00+01:00
0.181000, 4.52, 2025-05-02T08:30:00+01:00, 2025-05-02T09:00:00+01:00
0.137000, 3.42, 2025-05-02T09:00:00+01:00, 2025-05-02T09:30:00+01:00
0.070000, 1.75, 2025-05-02T09:30:00+01:00, 2025-05-02T10:00:00+01:00
0.057000, 1.42, 2025-05-02T10:00:00+01:00, 2025-05-02T10:30:00+01:00
0.118000, 2.95, 2025-05-02T10:30:00+01:00, 2025-05-02T11:00:00+01:00
0.166000, 4.15, 2025-05-02T11:00:00+01:00, 2025-05-02T11:30:00+01:00
0.086000, 2.15, 2025-05-02T11:30:00+01:00, 2025-05-02T12:00:00+01:00
1.845000, 46.09, 2025-05-02T12:00:00+01:00, 2025-05-02T12:30:00+01:00
0.116000, 2.90, 2025-05-02T12:30:00+01:00, 2025-05-02T13:00:00+01:00
0.086000, 2.15, 2025-05-02T13:00:00+01:00, 2025-05-02T13:30:00+01:00
0.111000, 2.77, 2025-05-02T13:30:00+01:00, 2025-05-02T14:00:00+01:00
0.188000, 4.70, 2025-05-02T14:00:00+01:00, 2025-05-02T14:30:00+01:00
0.142000, 3.55, 2025-05-02T14:30:00+01:00, 2025-05-02T15:00:00+01:00
0.108000, 2.70, 2025-05-02T15:00:00+01:00, 2025-05-02T15:30:00+01:00
0.276000, 6.89, 2025-05-02T15:30:00+01:00, 2025-05-02T16:00:00+01:00
0.175000, 4.37, 2025-05-02T16:00:00+01:00, 2025-05-02T16:30:00+01:00
0.093000, 2.32, 2025-05-02T16:30:00+01:00, 2025-05-02T17:00:00+01:00
0.099000, 2.47, 2025-05-02T17:00:00+01:00, 2025-05-02T17:30:00+01:00
0.477000, 11.92, 2025-05-02T17:30:00+01:00, 2025-05-02T18:00:00+01:00
0.160000, 4.00, 2025-05-02T18:00:00+01:00, 2025-05-02T18:30:00+01:00
0.474000, 11.84, 2025-05-02T18:30:00+01:00, 2025-05-02T19:00:00+01:00
0.538000, 13.44, 2025-05-02T19:00:00+01:00, 2025-05-02T19:30:00+01:00
0.302000, 7.54, 2025-05-02T19:30:00+01:00, 2025-05-02T20:00:00+01:00
0.201000, 5.02, 2025-05-02T20:00:00+01:00, 2025-05-02T20:30:00+01:00
0.170000, 4.25, 2025-05-02T20:30:00+01:00, 2025-05-02T21:00:00+01:00
0.208000, 5.20, 2025-05-02T21:00:00+01:00, 2025-05-02T21:30:00+01:00
0.159000, 3.97, 2025-05-02T21:30:00+01:00, 2025-05-02T22:00:00+01:00
0.160000, 4.00, 2025-05-02T22:00:00+01:00, 2025-05-02T22:30:00+01:00
0.188000, 4.70, 2025-05-02T22:30:00+01:00, 2025-05-02T23:00:00+01:00
0.159000, 3.97, 2025-05-02T23:00:00+01:00, 2025-05-02T23:30:00+01:00
0.076000, 1.90, 2025-05-02T23:30:00+01:00, 2025-05-03T00:00:00+01:00
0.097000, 2.42, 2025-05-03T00:00:00+01:00, 2025-05-03T00:30:00+01:00
0.115000, 2.87, 2025-05-03T00:30:00+01:00, 2025-05-03T01:00:00+01:00
0.083000, 2.07, 2025-05-03T01:00:00+01:00, 2025-05-03T01:30:00+01:00
0.075000, 1.87, 2025-05-03T01:30:00+01:00, 2025-05-03T02:00:00+01:00
0.090000, 2.25, 2025-05-03T02:00:00+01:00, 2025-05-03T02:30:00+01:00
0.093000, 2.32, 2025-05-03T02:30:00+01:00, 2025-05-03T03:00:00+01:00
0.087000, 2.17, 2025-05-03T03:00:00+01:00, 2025-05-03T03:30:00+01:00
0.087000, 2.17, 2025-05-03T03:30:00+01:00, 2025-05-03T04:00:00+01:00
0.112000, 2.80, 2025-05-03T04:00:00+01:00, 2025-05-03T04:30:00+01:00
0.076000, 1.90, 2025-05-03T04:30:00+01:00, 2025-05-03T05:00:00+01:00
0.084000, 2.10, 2025-05-03T05:00:00+01:00, 2025-05-03T05:30:00+01:00
0.095000, 2.37, 2025-05-03T05:30:00+01:00, 2025-05-03T06:00:00+01:00
0.106000, 2.65, 2025-05-03T06:00:00+01:00, 2025-05-03T06:30:00+01:00
0.074000, 1.85, 2025-05-03T06:30:00+01:00, 2025-05-03T07:00:00+01:00
0.085000, 2.12, 2025-05-03T07:00:00+01:00, 2025-05-03T07:30:00+01:00
0.108000, 2.70, 2025-05-03T07:30:00+01:00, 2025-05-03T08:00:00+01:00
0.087000, 2.17, 2025-05-03T08:00:00+01:00, 2025-05-03T08:30:00+01:00
0.084000, 2.10, 2025-05-03T08:30:00+01:00, 2025-05-03T09:00:00+01:00
0.086000, 2.15, 2025-05-03T09:00:00+01:00, 2025-05-03T09:30:00+01:00
0.098000, 2.45, 2025-05-03T09:30:00+01:00, 2025-05-03T10:00:00+01:00
0.173000, 4.32, 2025-05-03T10:00:00+01:00, 2025-05-03T10:30:00+01:00
1.660000, 41.47, 2025-05-03T10:30:00+01:00, 2025-05-03T11:00:00+01:00
2.000000, 49.96, 2025-05-03T11:00:00+01:00, 2025-05-03T11:30:00+01:00
1.155000, 28.85, 2025-05-03T11:30:00+01:00, 2025-05-03T12:00:00+01:00
0.128000, 3.20, 2025-05-03T12:00:00+01:00, 2025-05-03T12:30:00+01:00
0.153000, 3.82, 2025-05-03T12:30:00+01:00, 2025-05-03T13:00:00+01:00
0.208000, 5.20, 2025-05-03T13:00:00+01:00, 2025-05-03T13:30:00+01:00
0.109000, 2.72, 2025-05-03T13:30:00+01:00, 2025-05-03T14:00:00+01:00
0.681000, 17.01, 2025-05-03T14:00:00+01:00, 2025-05-03T14:30:00+01:00
0.114000, 2.85, 2025-05-03T14:30:00+01:00, 2025-05-03T15:00:00+01:00
0.290000, 7.24, 2025-05-03T15:00:00+01:00, 2025-05-03T15:30:00+01:00
0.123000, 3.07, 2025-05-03T15:30:00+01:00, 2025-05-03T16:00:00+01:00
0.101000, 2.52, 2025-05-03T16:00:00+01:00, 2025-05-03T16:30:00+01:00
0.084000, 2.10, 2025-05-03T16:30:00+01:00, 2025-05-03T17:00:00+01:00
0.144000, 3.60, 2025-05-03T17:00:00+01:00, 2025-05-03T17:30:00+01:00
0.172000, 4.30, 2025-05-03T17:30:00+01:00, 2025-05-03T18:00:00+01:00
0.162000, 4.05, 2025-05-03T18:00:00+01:00, 2025-05-03T18:30:00+01:00
0.127000, 3.17, 2025-05-03T18:30:00+01:00, 2025-05-03T19:00:00+01:00
0.132000, 3.30, 2025-05-03T19:00:00+01:00, 2025-05-03T19:30:00+01:00
0.271000, 6.77, 2025-05-03T19:30:00+01:00, 2025-05-03T20:00:00+01:00
0.168000, 4.20, 2025-05-03T20:00:00+01:00, 2025-05-03T20:30:00+01:00
0.147000, 3.67, 2025-05-03T20:30:00+01:00, 2025-05-03T21:00:00+01:00
0.118000, 2.95, 2025-05-03T21:00:00+01:00, 2025-05-03T21:30:00+01:00
0.163000, 4.07, 2025-05-03T21:30:00+01:00, 2025-05-03T22:00:00+01:00
0.137000, 3.42, 2025-05-03T22:00:00+01:00, 2025-05-03T22:30:00+01:00
0.071000, 1.77, 2025-05-03T22:30:00+01:00, 2025-05-03T23:00:00+01:00
0.073000, 1.82, 2025-05-03T23:00:00+01:00, 2025-05-03T23:30:00+01:00
0.107000, 2.67, 2025-05-03T23:30:00+01:00, 2025-05-04T00:00:00+01:00
0.065000, 1.62, 2025-05-04T00:00:00+01:00, 2025-05-04T00:30:00+01:00
0.064000, 1.60, 2025-05-04T00:30:00+01:00, 2025-05-04T01:00:00+01:00
0.092000, 2.30, 2025-05-04T01:00:00+01:00, 2025-05-04T01:30:00+01:00
0.083000, 2.07, 2025-05-04T01:30:00+01:00, 2025-05-04T02:00:00+01:00
0.062000, 1.55, 2025-05-04T02:00:00+01:00, 2025-05-04T02:30:00+01:00
0.063000, 1.57, 2025-05-04T02:30:00+01:00, 2025-05-04T03:00:00+01:00
0.108000, 2.70, 2025-05-04T03:00:00+01:00, 2025-05-04T03:30:00+01:00
0.064000, 1.60, 2025-05-04T03:30:00+01:00, 2025-05-04T04:00:00+01:00
0.067000, 1.67, 2025-05-04T04:00:00+01:00, 2025-05-04T04:30:00+01:00
0.086000, 2.15, 2025-05-04T04:30:00+01:00, 2025-05-04T05:00:00+01:00
0.083000, 2.07, 2025-05-04T05:00:00+01:00, 2025-05-04T05:30:00+01:00
0.062000, 1.55, 2025-05-04T05:30:00+01:00, 2025-05-04T06:00:00+01:00
0.061000, 1.52, 2025-05-04T06:00:00+01:00, 2025-05-04T06:30:00+01:00
0.102000, 2.55, 2025-05-04T06:30:00+01:00, 2025-05-04T07:00:00+01:00
0.060000, 1.50, 2025-05-04T07:00:00+01:00, 2025-05-04T07:30:00+01:00
0.060000, 1.50, 2025-05-04T07:30:00+01:00, 2025-05-04T08:00:00+01:00
0.089000, 2.22, 2025-05-04T08:00:00+01:00, 2025-05-04T08:30:00+01:00
0.633000, 15.81, 2025-05-04T08:30:00+01:00, 2025-05-04T09:00:00+01:00
1.535000, 38.34, 2025-05-04T09:00:00+01:00, 2025-05-04T09:30:00+01:00
1.505000, 37.59, 2025-05-04T09:30:00+01:00, 2025-05-04T10:00:00+01:00
0.159000, 3.97, 2025-05-04T10:00:00+01:00, 2025-05-04T10:30:00+01:00
0.206000, 5.15, 2025-05-04T10:30:00+01:00, 2025-05-04T11:00:00+01:00
0.098000, 2.45, 2025-05-04T11:00:00+01:00, 2025-05-04T11:30:00+01:00
0.179000, 4.47, 2025-05-04T11:30:00+01:00, 2025-05-04T12:00:00+01:00
2.458000, 61.40, 2025-05-04T12:00:00+01:00, 2025-05-04T12:30:00+01:00
0.069000, 1.72, 2025-05-04T12:30:00+01:00, 2025-05-04T13:00:00+01:00
0.104000, 2.60, 2025-05-04T13:00:00+01:00, 2025-05-04T13:30:00+01:00
0.325000, 8.12, 2025-05-04T13:30:00+01:00, 2025-05-04T14:00:00+01:00
0.248000, 6.19, 2025-05-04T14:00:00+01:00, 2025-05-04T14:30:00+01:00
0.095000, 2.37, 2025-05-04T14:30:00+01:00, 2025-05-04T15:00:00+01:00
0.129000, 3.22, 2025-05-04T15:00:00+01:00, 2025-05-04T15:30:00+01:00
0.071000, 1.77, 2025-05-04T15:30:00+01:00, 2025-05-04T16:00:00+01:00
0.069000, 1.72, 2025-05-04T16:00:00+01:00, 2025-05-04T16:30:00+01:00
0.112000, 2.80, 2025-05-04T16:30:00+01:00, 2025-05-04T17:00:00+01:00
0.136000, 3.40, 2025-05-04T17:00:00+01:00, 2025-05-04T17:30:00+01:00
0.794000, 19.83, 2025-05-04T17:30:00+01:00, 2025-05-04T18:00:00+01:00
1.029000, 25.70, 2025-05-04T18:00:00+01:00, 2025-05-04T18:30:00+01:00
1.033000, 25.80, 2025-05-04T18:30:00+01:00, 2025-05-04T19:00:00+01:00
0.533000, 13.31, 2025-05-04T19:00:00+01:00, 2025-05-04T19:30:00+01:00
0.318000, 7.94, 2025-05-04T19:30:00+01:00, 2025-05-04T20:00:00+01:00
0.194000, 4.85, 2025-05-04T20:00:00+01:00, 2025-05-04T20:30:00+01:00
0.108000, 2.70, 2025-05-04T20:30:00+01:00, 2025-05-04T21:00:00+01:00
0.112000, 2.80, 2025-05-04T21:00:00+01:00, 2025-05-04T21:30:00+01:00
0.129000, 3.22, 2025-05-04T21:30:00+01:00, 2025-05-04T22:00:00+01:00
0.130000, 3.25, 2025-05-04T22:00:00+01:00, 2025-05-04T22:30:00+01:00
0.116000, 2.90, 2025-05-04T22:30:00+01:00, 2025-05-04T23:00:00+01:00
0.071000, 1.77, 2025-05-04T23:00:00+01:00, 2025-05-04T23:30:00+01:00
0.119000, 2.97, 2025-05-04T23:30:00+01:00, 2025-05-05T00:00:00+01:00
0.086000, 2.15, 2025-05-05T00:00:00+01:00, 2025-05-05T00:30:00+01:00
0.074000, 1.85, 2025-05-05T00:30:00+01:00, 2025-05-05T01:00:00+01:00
0.088000, 2.20, 2025-05-05T01:00:00+01:00, 2025-05-05T01:30:00+01:00
0.099000, 2.47, 2025-05-05T01:30:00+01:00, 2025-05-05T02:00:00+01:00
0.070000, 1.75, 2025-05-05T02:00:00+01:00, 2025-05-05T02:30:00+01:00
0.075000, 1.87, 2025-05-05T02:30:00+01:00, 2025-05-05T03:00:00+01:00
0.107000, 2.67, 2025-05-05T03:00:00+01:00, 2025-05-05T03:30:00+01:00
0.082000, 2.05, 2025-05-05T03:30:00+01:00, 2025-05-05T04:00:00+01:00
0.068000, 1.70, 2025-05-05T04:00:00+01:00, 2025-05-05T04:30:00+01:00
0.070000, 1.75, 2025-05-05T04:30:00+01:00, 2025-05-05T05:00:00+01:00
0.099000, 2.47, 2025-05-05T05:00:00+01:00, 2025-05-05T05:30:00+01:00
0.062000, 1.55, 2025-05-05T05:30:00+01:00, 2025-05-05T06:00:00+01:00
0.065000, 1.62, 2025-05-05T06:00:00+01:00, 2025-05-05T06:30:00+01:00
0.094000, 2.35, 2025-05-05T06:30:00+01:00, 2025-05-05T07:00:00+01:00
0.081000, 2.02, 2025-05-05T07:00:00+01:00, 2025-05-05T07:30:00+01:00
0.073000, 1.82, 2025-05-05T07:30:00+01:00, 2025-05-05T08:00:00+01:00
0.085000, 2.12, 2025-05-05T08:00:00+01:00, 2025-05-05T08:30:00+01:00
0.119000, 2.97, 2025-05-05T08:30:00+01:00, 2025-05-05T09:00:00+01:00
0.081000, 2.02, 2025-05-05T09:00:00+01:00, 2025-05-05T09:30:00+01:00
0.085000, 2.12, 2025-05-05T09:30:00+01:00, 2025-05-05T10:00:00+01:00
0.250000, 6.24, 2025-05-05T10:00:00+01:00, 2025-05-05T10:30:00+01:00
0.165000, 4.12, 2025-05-05T10:30:00+01:00, 2025-05-05T11:00:00+01:00
0.206000, 5.15, 2025-05-05T11:00:00+01:00, 2025-05-05T11:30:00+01:00
0.215000, 5.37, 2025-05-05T11:30:00+01:00, 2025-05-05T12:00:00+01:00
0.176000, 4.40, 2025-05-05T12:00:00+01:00, 2025-05-05T12:30:00+01:00
0.211000, 5.27, 2025-05-05T12:30:00+01:00, 2025-05-05T13:00:00+01:00
2.245000, 56.08, 2025-05-05T13:00:00+01:00, 2025-05-05T13:30:00+01:00
0.193000, 4.82, 2025-05-05T13:30:00+01:00, 2025-05-05T14:00:00+01:00
0.249000, 6.22, 2025-05-05T14:00:00+01:00, 2025-05-05T14:30:00+01:00
2.477000, 61.87, 2025-05-05T14:30:00+01:00, 2025-05-05T15:00:00+01:00
0.475000, 11.87, 2025-05-05T15:00:00+01:00, 2025-05-05T15:30:00+01:00
0.084000, 2.10, 2025-05-05T15:30:00+01:00, 2025-05-05T16:00:00+01:00
0.085000, 2.12, 2025-05-05T16:00:00+01:00, 2025-05-05T16:30:00+01:00
0.098000, 2.45, 2025-05-05T16:30:00+01:00, 2025-05-05T17:00:00+01:00
0.104000, 2.60, 2025-05-05T17:00:00+01:00, 2025-05-05T17:30:00+01:00
0.084000, 2.10, 2025-05-05T17:30:00+01:00, 2025-05-05T18:00:00+01:00
0.088000, 2.20, 2025-05-05T18:00:00+01:00, 2025-05-05T18:30:00+01:00
0.121000, 3.02, 2025-05-05T18:30:00+01:00, 2025-05-05T19:00:00+01:00
0.080000, 2.00, 2025-05-05T19:00:00+01:00, 2025-05-05T19:30:00+01:00
0.080000, 2.00, 2025-05-05T19:30:00+01:00, 2025-05-05T20:00:00+01:00
0.129000, 3.22, 2025-05-05T20:00:00+01:00, 2025-05-05T20:30:00+01:00
0.618000, 15.44, 2025-05-05T20:30:00+01:00, 2025-05-05T21:00:00+01:00
0.482000, 12.04, 2025-05-05T21:00:00+01:00, 2025-05-05T21:30:00+01:00
0.279000, 6.97, 2025-05-05T21:30:00+01:00, 2025-05-05T22:00:00+01:00
1.122000, 28.03, 2025-05-05T22:00:00+01:00, 2025-05-05T22:30:00+01:00
0.123000, 3.07, 2025-05-05T22:30:00+01:00, 2025-05-05T23:00:00+01:00
0.127000, 3.17, 2025-05-05T23:00:00+01:00, 2025-05-05T23:30:00+01:00
0.222000, 5.55, 2025-05-05T23:30:00+01:00, 2025-05-06T00:00:00+01:00
0.106000, 2.65, 2025-05-06T00:00:00+01:00, 2025-05-06T00:30:00+01:00
0.089000, 2.22, 2025-05-06T00:30:00+01:00, 2025-05-06T01:00:00+01:00
0.103000, 2.57, 2025-05-06T01:00:00+01:00, 2025-05-06T01:30:00+01:00
0.092000, 2.30, 2025-05-06T01:30:00+01:00, 2025-05-06T02:00:00+01:00
0.080000, 2.00, 2025-05-06T02:00:00+01:00, 2025-05-06T02:30:00+01:00
0.092000, 2.30, 2025-05-06T02:30:00+01:00, 2025-05-06T03:00:00+01:00
0.103000, 2.57, 2025-05-06T03:00:00+01:00, 2025-05-06T03:30:00+01:00
0.074000, 1.85, 2025-05-06T03:30:00+01:00, 2025-05-06T04:00:00+01:00
0.081000, 2.02, 2025-05-06T04:00:00+01:00, 2025-05-06T04:30:00+01:00
0.108000, 2.70, 2025-05-06T04:30:00+01:00, 2025-05-06T05:00:00+01:00
0.076000, 1.90, 2025-05-06T05:00:00+01:00, 2025-05-06T05:30:00+01:00
0.079000, 1.97, 2025-05-06T05:30:00+01:00, 2025-05-06T06:00:00+01:00
0.133000, 3.32, 2025-05-06T06:00:00+01:00, 2025-05-06T06:30:00+01:00
0.902000, 22.53, 2025-05-06T06:30:00+01:00, 2025-05-06T07:00:00+01:00
1.379000, 34.45, 2025-05-06T07:00:00+01:00, 2025-05-06T07:30:00+01:00
0.309000, 7.72, 2025-05-06T07:30:00+01:00, 2025-05-06T08:00:00+01:00
0.268000, 6.69, 2025-05-06T08:00:00+01:00, 2025-05-06T08:30:00+01:00
0.159000, 3.97, 2025-05-06T08:30:00+01:00, 2025-05-06T09:00:00+01:00
0.086000, 2.15, 2025-05-06T09:00:00+01:00, 2025-05-06T09:30:00+01:00
0.106000, 2.65, 2025-05-06T09:30:00+01:00, 2025-05-06T10:00:00+01:00
0.076000, 1.90, 2025-05-06T10:00:00+01:00, 2025-05-06T10:30:00+01:00
0.166000, 4.15, 2025-05-06T10:30:00+01:00, 2025-05-06T11:00:00+01:00
0.100000, 2.50, 2025-05-06T11:00:00+01:00, 2025-05-06T11:30:00+01:00
0.065000, 1.62, 2025-05-06T11:30:00+01:00, 2025-05-06T12:00:00+01:00
0.065000, 1.62, 2025-05-06T12:00:00+01:00, 2025-05-06T12:30:00+01:00
0.206000, 5.15, 2025-05-06T12:30:00+01:00, 2025-05-06T13:00:00+01:00
0.219000, 5.47, 2025-05-06T13:00:00+01:00, 2025-05-06T13:30:00+01:00
1.900000, 47.46, 2025-05-06T13:30:00+01:00, 2025-05-06T14:00:00+01:00
0.061000, 1.52, 2025-05-06T14:00:00+01:00, 2025-05-06T14:30:00+01:00
0.107000, 2.67, 2025-05-06T14:30:00+01:00, 2025-05-06T15:00:00+01:00
0.058000, 1.45, 2025-05-06T15:00:00+01:00, 2025-05-06T15:30:00+01:00
0.064000, 1.60, 2025-05-06T15:30:00+01:00, 2025-05-06T16:00:00+01:00
0.089000, 2.22, 2025-05-06T16:00:00+01:00, 2025-05-06T16:30:00+01:00
0.068000, 1.70, 2025-05-06T16:30:00+01:00, 2025-05-06T17:00:00+01:00
0.057000, 1.42, 2025-05-06T17:00:00+01:00, 2025-05-06T17:30:00+01:00
0.297000, 7.42, 2025-05-06T17:30:00+01:00, 2025-05-06T18:00:00+01:00
0.124000, 3.10, 2025-05-06T18:00:00+01:00, 2025-05-06T18:30:00+01:00
0.076000, 1.90, 2025-05-06T18:30:00+01:00, 2025-05-06T19:00:00+01:00
0.077000, 1.92, 2025-05-06T19:00:00+01:00, 2025-05-06T19:30:00+01:00
0.131000, 3.27, 2025-05-06T19:30:00+01:00, 2025-05-06T20:00:00+01:00
0.212000, 5.30, 2025-05-06T20:00:00+01:00, 2025-05-06T20:30:00+01:00
0.088000, 2.20, 2025-05-06T20:30:00+01:00, 2025-05-06T21:00:00+01:00
0.136000, 3.40, 2025-05-06T21:00:00+01:00, 2025-05-06T21:30:00+01:00
0.163000, 4.07, 2025-05-06T21:30:00+01:00, 2025-05-06T22:00:00+01:00
0.131000, 3.27, 2025-05-06T22:00:00+01:00, 2025-05-06T22:30:00+01:00
0.129000, 3.22, 2025-05-06T22:30:00+01:00, 2025-05-06T23:00:00+01:00
0.158000, 3.95, 2025-05-06T23:00:00+01:00, 2025-05-06T23:30:00+01:00
0.136000, 3.40, 2025-05-06T23:30:00+01:00, 2025-05-07T00:00:00+01:00
0.127000, 3.17, 2025-05-07T00:00:00+01:00, 2025-05-07T00:30:00+01:00
0.133000, 3.32, 2025-05-07T00:30:00+01:00, 2025-05-07T01:00:00+01:00
0.107000, 2.67, 2025-05-07T01:00:00+01:00, 2025-05-07T01:30:00+01:00
0.063000, 1.57, 2025-05-07T01:30:00+01:00, 2025-05-07T02:00:00+01:00
0.065000, 1.62, 2025-05-07T02:00:00+01:00, 2025-05-07T02:30:00+01:00
0.100000, 2.50, 2025-05-07T02:30:00+01:00, 2025-05-07T03:00:00+01:00
0.069000, 1.72, 2025-05-07T03:00:00+01:00, 2025-05-07T03:30:00+01:00
0.064000, 1.60, 2025-05-07T03:30:00+01:00, 2025-05-07T04:00:00+01:00
0.074000, 1.85, 2025-05-07T04:00:00+01:00, 2025-05-07T04:30:00+01:00
0.083000, 2.07, 2025-05-07T04:30:00+01:00, 2025-05-07T05:00:00+01:00
0.060000, 1.50, 2025-05-07T05:00:00+01:00, 2025-05-07T05:30:00+01:00
0.058000, 1.45, 2025-05-07T05:30:00+01:00, 2025-05-07T06:00:00+01:00
0.095000, 2.37, 2025-05-07T06:00:00+01:00, 2025-05-07T06:30:00+01:00
0.608000, 15.19, 2025-05-07T06:30:00+01:00, 2025-05-07T07:00:00+01:00
0.912000, 22.78, 2025-05-07T07:00:00+01:00, 2025-05-07T07:30:00+01:00
0.888000, 22.18, 2025-05-07T07:30:00+01:00, 2025-05-07T08:00:00+01:00
0.158000, 3.95, 2025-05-07T08:00:00+01:00, 2025-05-07T08:30:00+01:00
0.131000, 3.27, 2025-05-07T08:30:00+01:00, 2025-05-07T09:00:00+01:00
0.144000, 3.60, 2025-05-07T09:00:00+01:00, 2025-05-07T09:30:00+01:00
0.138000, 3.45, 2025-05-07T09:30:00+01:00, 2025-05-07T10:00:00+01:00
0.091000, 2.27, 2025-05-07T10:00:00+01:00, 2025-05-07T10:30:00+01:00
0.171000, 4.27, 2025-05-07T10:30:00+01:00, 2025-05-07T11:00:00+01:00
1.464000, 36.57, 2025-05-07T11:00:00+01:00, 2025-05-07T11:30:00+01:00
1.279000, 31.95, 2025-05-07T11:30:00+01:00, 2025-05-07T12:00:00+01:00
1.564000, 39.07, 2025-05-07T12:00:00+01:00, 2025-05-07T12:30:00+01:00
0.947000, 23.66, 2025-05-07T12:30:00+01:00, 2025-05-07T13:00:00+01:00
0.603000, 15.06, 2025-05-07T13:00:00+01:00, 2025-05-07T13:30:00+01:00
0.768000, 19.18, 2025-05-07T13:30:00+01:00, 2025-05-07T14:00:00+01:00
0.424000, 10.59, 2025-05-07T14:00:00+01:00, 2025-05-07T14:30:00+01:00
0.129000, 3.22, 2025-05-07T14:30:00+01:00, 2025-05-07T15:00:00+01:00
0.085000, 2.12, 2025-05-07T15:00:00+01:00, 2025-05-07T15:30:00+01:00
0.070000, 1.75, 2025-05-07T15:30:00+01:00, 2025-05-07T16:00:00+01:00
0.116000, 2.90, 2025-05-07T16:00:00+01:00, 2025-05-07T16:30:00+01:00
0.090000, 2.25, 2025-05-07T16:30:00+01:00, 2025-05-07T17:00:00+01:00
0.106000, 2.65, 2025-05-07T17:00:00+01:00, 2025-05-07T17:30:00+01:00
0.097000, 2.42, 2025-05-07T17:30:00+01:00, 2025-05-07T18:00:00+01:00
0.097000, 2.42, 2025-05-07T18:00:00+01:00, 2025-05-07T18:30:00+01:00
0.103000, 2.57, 2025-05-07T18:30:00+01:00, 2025-05-07T19:00:00+01:00
0.210000, 5.25, 2025-05-07T19:00:00+01:00, 2025-05-07T19:30:00+01:00
0.219000, 5.47, 2025-05-07T19:30:00+01:00, 2025-05-07T20:00:00+01:00
0.150000, 3.75, 2025-05-07T20:00:00+01:00, 2025-05-07T20:30:00+01:00
0.165000, 4.12, 2025-05-07T20:30:00+01:00, 2025-05-07T21:00:00+01:00
0.166000, 4.15, 2025-05-07T21:00:00+01:00, 2025-05-07T21:30:00+01:00
0.169000, 4.22, 2025-05-07T21:30:00+01:00, 2025-05-07T22:00:00+01:00
0.184000, 4.60, 2025-05-07T22:00:00+01:00, 2025-05-07T22:30:00+01:00
0.125000, 3.12, 2025-05-07T22:30:00+01:00, 2025-05-07T23:00:00+01:00
0.140000, 3.50, 2025-05-07T23:00:00+01:00, 2025-05-07T23:30:00+01:00
0.126000, 3.15, 2025-05-07T23:30:00+01:00, 2025-05-08T00:00:00+01:00
0.095000, 2.37, 2025-05-08T00:00:00+01:00, 2025-05-08T00:30:00+01:00
0.120000, 3.00, 2025-05-08T00:30:00+01:00, 2025-05-08T01:00:00+01:00
0.098000, 2.45, 2025-05-08T01:00:00+01:00, 2025-05-08T01:30:00+01:00
0.085000, 2.12, 2025-05-08T01:30:00+01:00, 2025-05-08T02:00:00+01:00
0.122000, 3.05, 2025-05-08T02:00:00+01:00, 2025-05-08T02:30:00+01:00
0.088000, 2.20, 2025-05-08T02:30:00+01:00, 2025-05-08T03:00:00+01:00
0.093000, 2.32, 2025-05-08T03:00:00+01:00, 2025-05-08T03:30:00+01:00
0.125000, 3.12, 2025-05-08T03:30:00+01:00, 2025-05-08T04:00:00+01:00
0.078000, 1.95, 2025-05-08T04:00:00+01:00, 2025-05-08T04:30:00+01:00
0.076000, 1.90, 2025-05-08T04:30:00+01:00, 2025-05-08T05:00:00+01:00
0.716000, 17.89, 2025-05-08T05:00:00+01:00, 2025-05-08T05:30:00+01:00
0.527000, 13.16, 2025-05-08T05:30:00+01:00, 2025-05-08T06:00:00+01:00
0.084000, 2.10, 2025-05-08T06:00:00+01:00, 2025-05-08T06:30:00+01:00
2.092000, 52.26, 2025-05-08T06:30:00+01:00, 2025-05-08T07:00:00+01:00
2.006000, 50.11, 2025-05-08T07:00:00+01:00, 2025-05-08T07:30:00+01:00
0.517000, 12.91, 2025-05-08T07:30:00+01:00, 2025-05-08T08:00:00+01:00
0.088000, 2.20, 2025-05-08T08:00:00+01:00, 2025-05-08T08:30:00+01:00
0.119000, 2.97, 2025-05-08T08:30:00+01:00, 2025-05-08T09:00:00+01:00
0.087000, 2.17, 2025-05-08T09:00:00+01:00, 2025-05-08T09:30:00+01:00
0.138000, 3.45, 2025-05-08T09:30:00+01:00, 2025-05-08T10:00:00+01:00
0.651000, 16.26, 2025-05-08T10:00:00+01:00, 2025-05-08T10:30:00+01:00
0.876000, 21.88, 2025-05-08T10:30:00+01:00, 2025-05-08T11:00:00+01:00
0.205000, 5.12, 2025-05-08T11:00:00+01:00, 2025-05-08T11:30:00+01:00
0.085000, 2.12, 2025-05-08T11:30:00+01:00, 2025-05-08T12:00:00+01:00
0.102000, 2.55, 2025-05-08T12:00:00+01:00, 2025-05-08T12:30:00+01:00
0.082000, 2.05, 2025-05-08T12:30:00+01:00, 2025-05-08T13:00:00+01:00
0.081000, 2.02, 2025-05-08T13:00:00+01:00, 2025-05-08T13:30:00+01:00
0.099000, 2.47, 2025-05-08T13:30:00+01:00, 2025-05-08T14:00:00+01:00
0.774000, 19.33, 2025-05-08T14:00:00+01:00, 2025-05-08T14:30:00+01:00
0.060000, 1.50, 2025-05-08T14:30:00+01:00, 2025-05-08T15:00:00+01:00
0.065000, 1.62, 2025-05-08T15:00:00+01:00, 2025-05-08T15:30:00+01:00
0.081000, 2.02, 2025-05-08T15:30:00+01:00, 2025-05-08T16:00:00+01:00
0.115000, 2.87, 2025-05-08T16:00:00+01:00, 2025-05-08T16:30:00+01:00
0.394000, 9.84, 2025-05-08T16:30:00+01:00, 2025-05-08T17:00:00+01:00
0.066000, 1.65, 2025-05-08T17:00:00+01:00, 2025-05-08T17:30:00+01:00
0.112000, 2.80, 2025-05-08T17:30:00+01:00, 2025-05-08T18:00:00+01:00
0.060000, 1.50, 2025-05-08T18:00:00+01:00, 2025-05-08T18:30:00+01:00
0.080000, 2.00, 2025-05-08T18:30:00+01:00, 2025-05-08T19:00:00+01:00
0.423000, 10.57, 2025-05-08T19:00:00+01:00, 2025-05-08T19:30:00+01:00
0.146000, 3.65, 2025-05-08T19:30:00+01:00, 2025-05-08T20:00:00+01:00
0.264000, 6.59, 2025-05-08T20:00:00+01:00, 2025-05-08T20:30:00+01:00
1.222000, 30.52, 2025-05-08T20:30:00+01:00, 2025-05-08T21:00:00+01:00
0.120000, 3.00, 2025-05-08T21:00:00+01:00, 2025-05-08T21:30:00+01:00
0.115000, 2.87, 2025-05-08T21:30:00+01:00, 2025-05-08T22:00:00+01:00
0.089000, 2.22, 2025-05-08T22:00:00+01:00, 2025-05-08T22:30:00+01:00
0.064000, 1.60, 2025-05-08T22:30:00+01:00, 2025-05-08T23:00:00+01:00
0.098000, 2.45, 2025-05-08T23:00:00+01:00, 2025-05-08T23:30:00+01:00
0.084000, 2.10, 2025-05-08T23:30:00+01:00, 2025-05-09T00:00:00+01:00
0.070000, 1.75, 2025-05-09T00:00:00+01:00, 2025-05-09T00:30:00+01:00
0.064000, 1.60, 2025-05-09T00:30:00+01:00, 2025-05-09T01:00:00+01:00
0.100000, 2.50, 2025-05-09T01:00:00+01:00, 2025-05-09T01:30:00+01:00
0.086000, 2.15, 2025-05-09T01:30:00+01:00, 2025-05-09T02:00:00+01:00
0.072000, 1.80, 2025-05-09T02:00:00+01:00, 2025-05-09T02:30:00+01:00
0.067000, 1.67, 2025-05-09T02:30:00+01:00, 2025-05-09T03:00:00+01:00
0.100000, 2.50, 2025-05-09T03:00:00+01:00, 2025-05-09T03:30:00+01:00
0.080000, 2.00, 2025-05-09T03:30:00+01:00, 2025-05-09T04:00:00+01:00
0.073000, 1.82, 2025-05-09T04:00:00+01:00, 2025-05-09T04:30:00+01:00
0.066000, 1.65, 2025-05-09T04:30:00+01:00, 2025-05-09T05:00:00+01:00
0.104000, 2.60, 2025-05-09T05:00:00+01:00, 2025-05-09T05:30:00+01:00
0.531000, 13.26, 2025-05-09T05:30:00+01:00, 2025-05-09T06:00:00+01:00
0.063000, 1.57, 2025-05-09T06:00:00+01:00, 2025-05-09T06:30:00+01:00
0.839000, 20.96, 2025-05-09T06:30:00+01:00, 2025-05-09T07:00:00+01:00
1.179000, 29.45, 2025-05-09T07:00:00+01:00, 2025-05-09T07:30:00+01:00
0.141000, 3.52, 2025-05-09T07:30:00+01:00, 2025-05-09T08:00:00+01:00
0.068000, 1.70, 2025-05-09T08:00:00+01:00, 2025-05-09T08:30:00+01:00
0.070000, 1.75, 2025-05-09T08:30:00+01:00, 2025-05-09T09:00:00+01:00
0.104000, 2.60, 2025-05-09T09:00:00+01:00, 2025-05-09T09:30:00+01:00
0.073000, 1.82, 2025-05-09T09:30:00+01:00, 2025-05-09T10:00:00+01:00
0.210000, 5.25, 2025-05-09T10:00:00+01:00, 2025-05-09T10:30:00+01:00
0.565000, 14.11, 2025-05-09T10:30:00+01:00, 2025-05-09T11:00:00+01:00
0.184000, 4.60, 2025-05-09T11:00:00+01:00, 2025-05-09T11:30:00+01:00
0.079000, 1.97, 2025-05-09T11:30:00+01:00, 2025-05-09T12:00:00+01:00
0.089000, 2.22, 2025-05-09T12:00:00+01:00, 2025-05-09T12:30:00+01:00
0.180000, 4.50, 2025-05-09T12:30:00+01:00, 2025-05-09T13:00:00+01:00
0.414000, 10.34, 2025-05-09T13:00:00+01:00, 2025-05-09T13:30:00+01:00
0.072000, 1.80, 2025-05-09T13:30:00+01:00, 2025-05-09T14:00:00+01:00
0.080000, 2.00, 2025-05-09T14:00:00+01:00, 2025-05-09T14:30:00+01:00
0.107000, 2.67, 2025-05-09T14:30:00+01:00, 2025-05-09T15:00:00+01:00
0.069000, 1.72, 2025-05-09T15:00:00+01:00, 2025-05-09T15:30:00+01:00
0.064000, 1.60, 2025-05-09T15:30:00+01:00, 2025-05-09T16:00:00+01:00
1.485000, 37.09, 2025-05-09T16:00:00+01:00, 2025-05-09T16:30:00+01:00
0.443000, 11.07, 2025-05-09T16:30:00+01:00, 2025-05-09T17:00:00+01:00
0.085000, 2.12, 2025-05-09T17:00:00+01:00, 2025-05-09T17:30:00+01:00
0.063000, 1.57, 2025-05-09T17:30:00+01:00, 2025-05-09T18:00:00+01:00
0.107000, 2.67, 2025-05-09T18:00:00+01:00, 2025-05-09T18:30:00+01:00
0.088000, 2.20, 2025-05-09T18:30:00+01:00, 2025-05-09T19:00:00+01:00
0.091000, 2.27, 2025-05-09T19:00:00+01:00, 2025-05-09T19:30:00+01:00
0.071000, 1.77, 2025-05-09T19:30:00+01:00, 2025-05-09T20:00:00+01:00
0.106000, 2.65, 2025-05-09T20:00:00+01:00, 2025-05-09T20:30:00+01:00
0.069000, 1.72, 2025-05-09T20:30:00+01:00, 2025-05-09T21:00:00+01:00
0.200000, 5.00, 2025-05-09T21:00:00+01:00, 2025-05-09T21:30:00+01:00
0.109000, 2.72, 2025-05-09T21:30:00+01:00, 2025-05-09T22:00:00+01:00
0.144000, 3.60, 2025-05-09T22:00:00+01:00, 2025-05-09T22:30:00+01:00
0.081000, 2.02, 2025-05-09T22:30:00+01:00, 2025-05-09T23:00:00+01:00
0.087000, 2.17, 2025-05-09T23:00:00+01:00, 2025-05-09T23:30:00+01:00
0.118000, 2.95, 2025-05-09T23:30:00+01:00, 2025-05-10T00:00:00+01:00
0.113000, 2.82, 2025-05-10T00:00:00+01:00, 2025-05-10T00:30:00+01:00
0.084000, 2.10, 2025-05-10T00:30:00+01:00, 2025-05-10T01:00:00+01:00
0.065000, 1.62, 2025-05-10T01:00:00+01:00, 2025-05-10T01:30:00+01:00
0.110000, 2.75, 2025-05-10T01:30:00+01:00, 2025-05-10T02:00:00+01:00
0.095000, 2.37, 2025-05-10T02:00:00+01:00, 2025-05-10T02:30:00+01:00
0.068000, 1.70, 2025-05-10T02:30:00+01:00, 2025-05-10T03:00:00+01:00
0.074000, 1.85, 2025-05-10T03:00:00+01:00, 2025-05-10T03:30:00+01:00
0.102000, 2.55, 2025-05-10T03:30:00+01:00, 2025-05-10T04:00:00+01:00
0.091000, 2.27, 2025-05-10T04:00:00+01:00, 2025-05-10T04:30:00+01:00
0.074000, 1.85, 2025-05-10T04:30:00+01:00, 2025-05-10T05:00:00+01:00
0.218000, 5.45, 2025-05-10T05:00:00+01:00, 2025-05-10T05:30:00+01:00
1.223000, 30.55, 2025-05-10T05:30:00+01:00, 2025-05-10T06:00:00+01:00
0.072000, 1.80, 2025-05-10T06:00:00+01:00, 2025-05-10T06:30:00+01:00
0.066000, 1.65, 2025-05-10T06:30:00+01:00, 2025-05-10T07:00:00+01:00
0.076000, 1.90, 2025-05-10T07:00:00+01:00, 2025-05-10T07:30:00+01:00
0.109000, 2.72, 2025-05-10T07:30:00+01:00, 2025-05-10T08:00:00+01:00
0.062000, 1.55, 2025-05-10T08:00:00+01:00, 2025-05-10T08:30:00+01:00
0.067000, 1.67, 2025-05-10T08:30:00+01:00, 2025-05-10T09:00:00+01:00
0.066000, 1.65, 2025-05-10T09:00:00+01:00, 2025-05-10T09:30:00+01:00
0.105000, 2.62, 2025-05-10T09:30:00+01:00, 2025-05-10T10:00:00+01:00
0.068000, 1.70, 2025-05-10T10:00:00+01:00, 2025-05-10T10:30:00+01:00
0.062000, 1.55, 2025-05-10T10:30:00+01:00, 2025-05-10T11:00:00+01:00
0.089000, 2.22, 2025-05-10T11:00:00+01:00, 2025-05-10T11:30:00+01:00
0.093000, 2.32, 2025-05-10T11:30:00+01:00, 2025-05-10T12:00:00+01:00
0.066000, 1.65, 2025-05-10T12:00:00+01:00, 2025-05-10T12:30:00+01:00
0.070000, 1.75, 2025-05-10T12:30:00+01:00, 2025-05-10T13:00:00+01:00
0.090000, 2.25, 2025-05-10T13:00:00+01:00, 2025-05-10T13:30:00+01:00
0.270000, 6.74, 2025-05-10T13:30:00+01:00, 2025-05-10T14:00:00+01:00
0.914000, 22.83, 2025-05-10T14:00:00+01:00, 2025-05-10T14:30:00+01:00
0.585000, 14.61, 2025-05-10T14:30:00+01:00, 2025-05-10T15:00:00+01:00
0.120000, 3.00, 2025-05-10T15:00:00+01:00, 2025-05-10T15:30:00+01:00
0.085000, 2.12, 2025-05-10T15:30:00+01:00, 2025-05-10T16:00:00+01:00
0.081000, 2.02, 2025-05-10T16:00:00+01:00, 2025-05-10T16:30:00+01:00
0.099000, 2.47, 2025-05-10T16:30:00+01:00, 2025-05-10T17:00:00+01:00
0.769000, 19.21, 2025-05-10T17:00:00+01:00, 2025-05-10T17:30:00+01:00
0.618000, 15.44, 2025-05-10T17:30:00+01:00, 2025-05-10T18:00:00+01:00
0.707000, 17.66, 2025-05-10T18:00:00+01:00, 2025-05-10T18:30:00+01:00
0.116000, 2.90, 2025-05-10T18:30:00+01:00, 2025-05-10T19:00:00+01:00
0.135000, 3.37, 2025-05-10T19:00:00+01:00, 2025-05-10T19:30:00+01:00
0.082000, 2.05, 2025-05-10T19:30:00+01:00, 2025-05-10T20:00:00+01:00
0.103000, 2.57, 2025-05-10T20:00:00+01:00, 2025-05-10T20:30:00+01:00
0.207000, 5.17, 2025-05-10T20:30:00+01:00, 2025-05-10T21:00:00+01:00
0.214000, 5.35, 2025-05-10T21:00:00+01:00, 2025-05-10T21:30:00+01:00
0.238000, 5.95, 2025-05-10T21:30:00+01:00, 2025-05-10T22:00:00+01:00
0.092000, 2.30, 2025-05-10T22:00:00+01:00, 2025-05-10T22:30:00+01:00
0.110000, 2.75, 2025-05-10T22:30:00+01:00, 2025-05-10T23:00:00+01:00
0.086000, 2.15, 2025-05-10T23:00:00+01:00, 2025-05-10T23:30:00+01:00
0.095000, 2.37, 2025-05-10T23:30:00+01:00, 2025-05-11T00:00:00+01:00
0.085000, 2.12, 2025-05-11T00:00:00+01:00, 2025-05-11T00:30:00+01:00
0.121000, 3.02, 2025-05-11T00:30:00+01:00, 2025-05-11T01:00:00+01:00
0.077000, 1.92, 2025-05-11T01:00:00+01:00, 2025-05-11T01:30:00+01:00
0.086000, 2.15, 2025-05-11T01:30:00+01:00, 2025-05-11T02:00:00+01:00
0.069000, 1.72, 2025-05-11T02:00:00+01:00, 2025-05-11T02:30:00+01:00
0.134000, 3.35, 2025-05-11T02:30:00+01:00, 2025-05-11T03:00:00+01:00
0.077000, 1.92, 2025-05-11T03:00:00+01:00, 2025-05-11T03:30:00+01:00
0.091000, 2.27, 2025-05-11T03:30:00+01:00, 2025-05-11T04:00:00+01:00
0.078000, 1.95, 2025-05-11T04:00:00+01:00, 2025-05-11T04:30:00+01:00
0.123000, 3.07, 2025-05-11T04:30:00+01:00, 2025-05-11T05:00:00+01:00
0.083000, 2.07, 2025-05-11T05:00:00+01:00, 2025-05-11T05:30:00+01:00
0.072000, 1.80, 2025-05-11T05:30:00+01:00, 2025-05-11T06:00:00+01:00
0.084000, 2.10, 2025-05-11T06:00:00+01:00, 2025-05-11T06:30:00+01:00
1.045000, 26.10, 2025-05-11T06:30:00+01:00, 2025-05-11T07:00:00+01:00
0.095000, 2.37, 2025-05-11T07:00:00+01:00, 2025-05-11T07:30:00+01:00
0.076000, 1.90, 2025-05-11T07:30:00+01:00, 2025-05-11T08:00:00+01:00
0.200000, 5.00, 2025-05-11T08:00:00+01:00, 2025-05-11T08:30:00+01:00
0.228000, 5.70, 2025-05-11T08:30:00+01:00, 2025-05-11T09:00:00+01:00
0.218000, 5.45, 2025-05-11T09:00:00+01:00, 2025-05-11T09:30:00+01:00
0.408000, 10.19, 2025-05-11T09:30:00+01:00, 2025-05-11T10:00:00+01:00
3.316000, 82.83, 2025-05-11T10:00:00+01:00, 2025-05-11T10:30:00+01:00
0.223000, 5.57, 2025-05-11T10:30:00+01:00, 2025-05-11T11:00:00+01:00
0.163000, 4.07, 2025-05-11T11:00:00+01:00, 2025-05-11T11:30:00+01:00
0.095000, 2.37, 2025-05-11T11:30:00+01:00, 2025-05-11T12:00:00+01:00
0.114000, 2.85, 2025-05-11T12:00:00+01:00, 2025-05-11T12:30:00+01:00
0.119000, 2.97, 2025-05-11T12:30:00+01:00, 2025-05-11T13:00:00+01:00
0.071000, 1.77, 2025-05-11T13:00:00+01:00, 2025-05-11T13:30:00+01:00
0.062000, 1.55, 2025-05-11T13:30:00+01:00, 2025-05-11T14:00:00+01:00
0.098000, 2.45, 2025-05-11T14:00:00+01:00, 2025-05-11T14:30:00+01:00
0.728000, 18.19, 2025-05-11T14:30:00+01:00, 2025-05-11T15:00:00+01:00
1.332000, 33.27, 2025-05-11T15:00:00+01:00, 2025-05-11T15:30:00+01:00
0.271000, 6.77, 2025-05-11T15:30:00+01:00, 2025-05-11T16:00:00+01:00
0.139000, 3.47, 2025-05-11T16:00:00+01:00, 2025-05-11T16:30:00+01:00
0.123000, 3.07, 2025-05-11T16:30:00+01:00, 2025-05-11T17:00:00+01:00
0.087000, 2.17, 2025-05-11T17:00:00+01:00, 2025-05-11T17:30:00+01:00
0.352000, 8.79, 2025-05-11T17:30:00+01:00, 2025-05-11T18:00:00+01:00
0.135000, 3.37, 2025-05-11T18:00:00+01:00, 2025-05-11T18:30:00+01:00
0.111000, 2.77, 2025-05-11T18:30:00+01:00, 2025-05-11T19:00:00+01:00
0.082000, 2.05, 2025-05-11T19:00:00+01:00, 2025-05-11T19:30:00+01:00
0.074000, 1.85, 2025-05-11T19:30:00+01:00, 2025-05-11T20:00:00+01:00
0.116000, 2.90, 2025-05-11T20:00:00+01:00, 2025-05-11T20:30:00+01:00
0.091000, 2.27, 2025-05-11T20:30:00+01:00, 2025-05-11T21:00:00+01:00
0.070000, 1.75, 2025-05-11T21:00:00+01:00, 2025-05-11T21:30:00+01:00
0.080000, 2.00, 2025-05-11T21:30:00+01:00, 2025-05-11T22:00:00+01:00
0.132000, 3.30, 2025-05-11T22:00:00+01:00, 2025-05-11T22:30:00+01:00
0.075000, 1.87, 2025-05-11T22:30:00+01:00, 2025-05-11T23:00:00+01:00
0.091000, 2.27, 2025-05-11T23:00:00+01:00, 2025-05-11T23:30:00+01:00
0.126000, 3.15, 2025-05-11T23:30:00+01:00, 2025-05-12T00:00:00+01:00
0.143000, 3.57, 2025-05-12T00:00:00+01:00, 2025-05-12T00:30:00+01:00
0.088000, 2.20, 2025-05-12T00:30:00+01:00, 2025-05-12T01:00:00+01:00
0.081000, 2.02, 2025-05-12T01:00:00+01:00, 2025-05-12T01:30:00+01:00
0.088000, 2.20, 2025-05-12T01:30:00+01:00, 2025-05-12T02:00:00+01:00
0.127000, 3.17, 2025-05-12T02:00:00+01:00, 2025-05-12T02:30:00+01:00
0.072000, 1.80, 2025-05-12T02:30:00+01:00, 2025-05-12T03:00:00+01:00
0.074000, 1.85, 2025-05-12T03:00:00+01:00, 2025-05-12T03:30:00+01:00
0.092000, 2.30, 2025-05-12T03:30:00+01:00, 2025-05-12T04:00:00+01:00
0.111000, 2.77, 2025-05-12T04:00:00+01:00, 2025-05-12T04:30:00+01:00
0.076000, 1.90, 2025-05-12T04:30:00+01:00, 2025-05-12T05:00:00+01:00
0.067000, 1.67, 2025-05-12T05:00:00+01:00, 2025-05-12T05:30:00+01:00
1.221000, 30.50, 2025-05-12T05:30:00+01:00, 2025-05-12T06:00:00+01:00
0.112000, 2.80, 2025-05-12T06:00:00+01:00, 2025-05-12T06:30:00+01:00
0.196000, 4.90, 2025-05-12T06:30:00+01:00, 2025-05-12T07:00:00+01:00
1.165000, 29.10, 2025-05-12T07:00:00+01:00, 2025-05-12T07:30:00+01:00
0.121000, 3.02, 2025-05-12T07:30:00+01:00, 2025-05-12T08:00:00+01:00
0.106000, 2.65, 2025-05-12T08:00:00+01:00, 2025-05-12T08:30:00+01:00
0.074000, 1.85, 2025-05-12T08:30:00+01:00, 2025-05-12T09:00:00+01:00
0.361000, 9.02, 2025-05-12T09:00:00+01:00, 2025-05-12T09:30:00+01:00
0.164000, 4.10, 2025-05-12T09:30:00+01:00, 2025-05-12T10:00:00+01:00
0.153000, 3.82, 2025-05-12T10:00:00+01:00, 2025-05-12T10:30:00+01:00
0.158000, 3.95, 2025-05-12T10:30:00+01:00, 2025-05-12T11:00:00+01:00
0.066000, 1.65, 2025-05-12T11:00:00+01:00, 2025-05-12T11:30:00+01:00
0.085000, 2.12, 2025-05-12T11:30:00+01:00, 2025-05-12T12:00:00+01:00
0.099000, 2.47, 2025-05-12T12:00:00+01:00, 2025-05-12T12:30:00+01:00
0.066000, 1.65, 2025-05-12T12:30:00+01:00, 2025-05-12T13:00:00+01:00
0.064000, 1.60, 2025-05-12T13:00:00+01:00, 2025-05-12T13:30:00+01:00
0.101000, 2.52, 2025-05-12T13:30:00+01:00, 2025-05-12T14:00:00+01:00
0.880000, 21.98, 2025-05-12T14:00:00+01:00, 2025-05-12T14:30:00+01:00
0.338000, 8.44, 2025-05-12T14:30:00+01:00, 2025-05-12T15:00:00+01:00
0.071000, 1.77, 2025-05-12T15:00:00+01:00, 2025-05-12T15:30:00+01:00
0.105000, 2.62, 2025-05-12T15:30:00+01:00, 2025-05-12T16:00:00+01:00
0.082000, 2.05, 2025-05-12T16:00:00+01:00, 2025-05-12T16:30:00+01:00
0.065000, 1.62, 2025-05-12T16:30:00+01:00, 2025-05-12T17:00:00+01:00
0.128000, 3.20, 2025-05-12T17:00:00+01:00, 2025-05-12T17:30:00+01:00
0.523000, 13.06, 2025-05-12T17:30:00+01:00, 2025-05-12T18:00:00+01:00
0.240000, 6.00, 2025-05-12T18:00:00+01:00, 2025-05-12T18:30:00+01:00
0.075000, 1.87, 2025-05-12T18:30:00+01:00, 2025-05-12T19:00:00+01:00
2.071000, 51.73, 2025-05-12T19:00:00+01:00, 2025-05-12T19:30:00+01:00
0.195000, 4.87, 2025-05-12T19:30:00+01:00, 2025-05-12T20:00:00+01:00
0.529000, 13.21, 2025-05-12T20:00:00+01:00, 2025-05-12T20:30:00+01:00
0.284000, 7.09, 2025-05-12T20:30:00+01:00, 2025-05-12T21:00:00+01:00
1.002000, 25.03, 2025-05-12T21:00:00+01:00, 2025-05-12T21:30:00+01:00
0.120000, 3.00, 2025-05-12T21:30:00+01:00, 2025-05-12T22:00:00+01:00
0.065000, 1.62, 2025-05-12T22:00:00+01:00, 2025-05-12T22:30:00+01:00
0.055000, 1.37, 2025-05-12T22:30:00+01:00, 2025-05-12T23:00:00+01:00
0.093000, 2.32, 2025-05-12T23:00:00+01:00, 2025-05-12T23:30:00+01:00
0.119000, 2.97, 2025-05-12T23:30:00+01:00, 2025-05-13T00:00:00+01:00
0.063000, 1.57, 2025-05-13T00:00:00+01:00, 2025-05-13T00:30:00+01:00
0.067000, 1.67, 2025-05-13T00:30:00+01:00, 2025-05-13T01:00:00+01:00
0.086000, 2.15, 2025-05-13T01:00:00+01:00, 2025-05-13T01:30:00+01:00
0.102000, 2.55, 2025-05-13T01:30:00+01:00, 2025-05-13T02:00:00+01:00
0.073000, 1.82, 2025-05-13T02:00:00+01:00, 2025-05-13T02:30:00+01:00
0.060000, 1.50, 2025-05-13T02:30:00+01:00, 2025-05-13T03:00:00+01:00
0.057000, 1.42, 2025-05-13T03:00:00+01:00, 2025-05-13T03:30:00+01:00
0.068000, 1.70, 2025-05-13T03:30:00+01:00, 2025-05-13T04:00:00+01:00
0.041000, 1.02, 2025-05-13T04:00:00+01:00, 2025-05-13T04:30:00+01:00
0.034000, 0.85, 2025-05-13T04:30:00+01:00, 2025-05-13T05:00:00+01:00
1.078000, 26.93, 2025-05-13T05:00:00+01:00, 2025-05-13T05:30:00+01:00
0.082000, 2.05, 2025-05-13T05:30:00+01:00, 2025-05-13T06:00:00+01:00
0.030000, 0.75, 2025-05-13T06:00:00+01:00, 2025-05-13T06:30:00+01:00
0.035000, 0.87, 2025-05-13T06:30:00+01:00, 2025-05-13T07:00:00+01:00
0.866000, 21.63, 2025-05-13T07:00:00+01:00, 2025-05-13T07:30:00+01:00
2.966000, 74.09, 2025-05-13T07:30:00+01:00, 2025-05-13T08:00:00+01:00
0.914000, 22.83, 2025-05-13T08:00:00+01:00, 2025-05-13T08:30:00+01:00
0.048000, 1.20, 2025-05-13T08:30:00+01:00, 2025-05-13T09:00:00+01:00
0.201000, 5.02, 2025-05-13T09:00:00+01:00, 2025-05-13T09:30:00+01:00
0.244000, 6.09, 2025-05-13T09:30:00+01:00, 2025-05-13T10:00:00+01:00
0.056000, 1.40, 2025-05-13T10:00:00+01:00, 2025-05-13T10:30:00+01:00
0.034000, 0.85, 2025-05-13T10:30:00+01:00, 2025-05-13T11:00:00+01:00
0.065000, 1.62, 2025-05-13T11:00:00+01:00, 2025-05-13T11:30:00+01:00
0.299000, 7.47, 2025-05-13T11:30:00+01:00, 2025-05-13T12:00:00+01:00
0.228000, 5.70, 2025-05-13T12:00:00+01:00, 2025-05-13T12:30:00+01:00
0.054000, 1.35, 2025-05-13T12:30:00+01:00, 2025-05-13T13:00:00+01:00
0.059000, 1.47, 2025-05-13T13:00:00+01:00, 2025-05-13T13:30:00+01:00
0.090000, 2.25, 2025-05-13T13:30:00+01:00, 2025-05-13T14:00:00+01:00
0.064000, 1.60, 2025-05-13T14:00:00+01:00, 2025-05-13T14:30:00+01:00
0.044000, 1.10, 2025-05-13T14:30:00+01:00, 2025-05-13T15:00:00+01:00
0.057000, 1.42, 2025-05-13T15:00:00+01:00, 2025-05-13T15:30:00+01:00
0.071000, 1.77, 2025-05-13T15:30:00+01:00, 2025-05-13T16:00:00+01:00
0.024000, 0.60, 2025-05-13T16:00:00+01:00, 2025-05-13T16:30:00+01:00
0.037000, 0.92, 2025-05-13T16:30:00+01:00, 2025-05-13T17:00:00+01:00
0.065000, 1.62, 2025-05-13T17:00:00+01:00, 2025-05-13T17:30:00+01:00
0.069000, 1.72, 2025-05-13T17:30:00+01:00, 2025-05-13T18:00:00+01:00
0.318000, 7.94, 2025-05-13T18:00:00+01:00, 2025-05-13T18:30:00+01:00
0.050000, 1.25, 2025-05-13T18:30:00+01:00, 2025-05-13T19:00:00+01:00
0.281000, 7.02, 2025-05-13T19:00:00+01:00, 2025-05-13T19:30:00+01:00
0.108000, 2.70, 2025-05-13T19:30:00+01:00, 2025-05-13T20:00:00+01:00
0.039000, 0.97, 2025-05-13T20:00:00+01:00, 2025-05-13T20:30:00+01:00
0.054000, 1.35, 2025-05-13T20:30:00+01:00, 2025-05-13T21:00:00+01:00
0.078000, 1.95, 2025-05-13T21:00:00+01:00, 2025-05-13T21:30:00+01:00
0.061000, 1.52, 2025-05-13T21:30:00+01:00, 2025-05-13T22:00:00+01:00
0.072000, 1.80, 2025-05-13T22:00:00+01:00, 2025-05-13T22:30:00+01:00
0.059000, 1.47, 2025-05-13T22:30:00+01:00, 2025-05-13T23:00:00+01:00
0.108000, 2.70, 2025-05-13T23:00:00+01:00, 2025-05-13T23:30:00+01:00
0.043000, 1.07, 2025-05-13T23:30:00+01:00, 2025-05-14T00:00:00+01:00
0.036000, 0.90, 2025-05-14T00:00:00+01:00, 2025-05-14T00:30:00+01:00
0.064000, 1.60, 2025-05-14T00:30:00+01:00, 2025-05-14T01:00:00+01:00
0.079000, 1.97, 2025-05-14T01:00:00+01:00, 2025-05-14T01:30:00+01:00
0.044000, 1.10, 2025-05-14T01:30:00+01:00, 2025-05-14T02:00:00+01:00
0.046000, 1.15, 2025-05-14T02:00:00+01:00, 2025-05-14T02:30:00+01:00
0.046000, 1.15, 2025-05-14T02:30:00+01:00, 2025-05-14T03:00:00+01:00
0.086000, 2.15, 2025-05-14T03:00:00+01:00, 2025-05-14T03:30:00+01:00
0.055000, 1.37, 2025-05-14T03:30:00+01:00, 2025-05-14T04:00:00+01:00
0.031000, 0.77, 2025-05-14T04:00:00+01:00, 2025-05-14T04:30:00+01:00
0.053000, 1.32, 2025-05-14T04:30:00+01:00, 2025-05-14T05:00:00+01:00
0.066000, 1.65, 2025-05-14T05:00:00+01:00, 2025-05-14T05:30:00+01:00
0.928000, 23.18, 2025-05-14T05:30:00+01:00, 2025-05-14T06:00:00+01:00
0.055000, 1.37, 2025-05-14T06:00:00+01:00, 2025-05-14T06:30:00+01:00
1.044000, 26.08, 2025-05-14T06:30:00+01:00, 2025-05-14T07:00:00+01:00
1.904000, 47.56, 2025-05-14T07:00:00+01:00, 2025-05-14T07:30:00+01:00
1.476000, 36.87, 2025-05-14T07:30:00+01:00, 2025-05-14T08:00:00+01:00
0.038000, 0.95, 2025-05-14T08:00:00+01:00, 2025-05-14T08:30:00+01:00
0.087000, 2.17, 2025-05-14T08:30:00+01:00, 2025-05-14T09:00:00+01:00
0.050000, 1.25, 2025-05-14T09:00:00+01:00, 2025-05-14T09:30:00+01:00
0.027000, 0.67, 2025-05-14T09:30:00+01:00, 2025-05-14T10:00:00+01:00
0.033000, 0.82, 2025-05-14T10:00:00+01:00, 2025-05-14T10:30:00+01:00
0.068000, 1.70, 2025-05-14T10:30:00+01:00, 2025-05-14T11:00:00+01:00
0.059000, 1.47, 2025-05-14T11:00:00+01:00, 2025-05-14T11:30:00+01:00
0.024000, 0.60, 2025-05-14T11:30:00+01:00, 2025-05-14T12:00:00+01:00
0.033000, 0.82, 2025-05-14T12:00:00+01:00, 2025-05-14T12:30:00+01:00
0.074000, 1.85, 2025-05-14T12:30:00+01:00, 2025-05-14T13:00:00+01:00
0.050000, 1.25, 2025-05-14T13:00:00+01:00, 2025-05-14T13:30:00+01:00
0.035000, 0.87, 2025-05-14T13:30:00+01:00, 2025-05-14T14:00:00+01:00
0.051000, 1.27, 2025-05-14T14:00:00+01:00, 2025-05-14T14:30:00+01:00
0.077000, 1.92, 2025-05-14T14:30:00+01:00, 2025-05-14T15:00:00+01:00
0.049000, 1.22, 2025-05-14T15:00:00+01:00, 2025-05-14T15:30:00+01:00
0.032000, 0.80, 2025-05-14T15:30:00+01:00, 2025-05-14T16:00:00+01:00
0.074000, 1.85, 2025-05-14T16:00:00+01:00, 2025-05-14T16:30:00+01:00
0.704000, 17.59, 2025-05-14T16:30:00+01:00, 2025-05-14T17:00:00+01:00
0.351000, 8.77, 2025-05-14T17:00:00+01:00, 2025-05-14T17:30:00+01:00
0.051000, 1.27, 2025-05-14T17:30:00+01:00, 2025-05-14T18:00:00+01:00
0.048000, 1.20, 2025-05-14T18:00:00+01:00, 2025-05-14T18:30:00+01:00
0.091000, 2.27, 2025-05-14T18:30:00+01:00, 2025-05-14T19:00:00+01:00
0.068000, 1.70, 2025-05-14T19:00:00+01:00, 2025-05-14T19:30:00+01:00
0.181000, 4.52, 2025-05-14T19:30:00+01:00, 2025-05-14T20:00:00+01:00
0.739000, 18.46, 2025-05-14T20:00:00+01:00, 2025-05-14T20:30:00+01:00
0.291000, 7.27, 2025-05-14T20:30:00+01:00, 2025-05-14T21:00:00+01:00
0.172000, 4.30, 2025-05-14T21:00:00+01:00, 2025-05-14T21:30:00+01:00
0.055000, 1.37, 2025-05-14T21:30:00+01:00, 2025-05-14T22:00:00+01:00
0.091000, 2.27, 2025-05-14T22:00:00+01:00, 2025-05-14T22:30:00+01:00
0.111000, 2.77, 2025-05-14T22:30:00+01:00, 2025-05-14T23:00:00+01:00
0.055000, 1.37, 2025-05-14T23:00:00+01:00, 2025-05-14T23:30:00+01:00
0.044000, 1.10, 2025-05-14T23:30:00+01:00, 2025-05-15T00:00:00+01:00
0.078000, 1.95, 2025-05-15T00:00:00+01:00, 2025-05-15T00:30:00+01:00
0.082000, 2.05, 2025-05-15T00:30:00+01:00, 2025-05-15T01:00:00+01:00
0.047000, 1.17, 2025-05-15T01:00:00+01:00, 2025-05-15T01:30:00+01:00
0.049000, 1.22, 2025-05-15T01:30:00+01:00, 2025-05-15T02:00:00+01:00
0.093000, 2.32, 2025-05-15T02:00:00+01:00, 2025-05-15T02:30:00+01:00
0.056000, 1.40, 2025-05-15T02:30:00+01:00, 2025-05-15T03:00:00+01:00
0.044000, 1.10, 2025-05-15T03:00:00+01:00, 2025-05-15T03:30:00+01:00
0.078000, 1.95, 2025-05-15T03:30:00+01:00, 2025-05-15T04:00:00+01:00
0.092000, 2.30, 2025-05-15T04:00:00+01:00, 2025-05-15T04:30:00+01:00
0.039000, 0.97, 2025-05-15T04:30:00+01:00, 2025-05-15T05:00:00+01:00
0.044000, 1.10, 2025-05-15T05:00:00+01:00, 2025-05-15T05:30:00+01:00
0.991000, 24.75, 2025-05-15T05:30:00+01:00, 2025-05-15T06:00:00+01:00
0.088000, 2.20, 2025-05-15T06:00:00+01:00, 2025-05-15T06:30:00+01:00
0.486000, 12.14, 2025-05-15T06:30:00+01:00, 2025-05-15T07:00:00+01:00
2.366000, 59.10, 2025-05-15T07:00:00+01:00, 2025-05-15T07:30:00+01:00
0.083000, 2.07, 2025-05-15T07:30:00+01:00, 2025-05-15T08:00:00+01:00
0.068000, 1.70, 2025-05-15T08:00:00+01:00, 2025-05-15T08:30:00+01:00
0.035000, 0.87, 2025-05-15T08:30:00+01:00, 2025-05-15T09:00:00+01:00
0.177000, 4.42, 2025-05-15T09:00:00+01:00, 2025-05-15T09:30:00+01:00
0.078000, 1.95, 2025-05-15T09:30:00+01:00, 2025-05-15T10:00:00+01:00
0.067000, 1.67, 2025-05-15T10:00:00+01:00, 2025-05-15T10:30:00+01:00
0.047000, 1.17, 2025-05-15T10:30:00+01:00, 2025-05-15T11:00:00+01:00
0.052000, 1.30, 2025-05-15T11:00:00+01:00, 2025-05-15T11:30:00+01:00
0.328000, 8.19, 2025-05-15T11:30:00+01:00, 2025-05-15T12:00:00+01:00
0.065000, 1.62, 2025-05-15T12:00:00+01:00, 2025-05-15T12:30:00+01:00
0.214000, 5.35, 2025-05-15T12:30:00+01:00, 2025-05-15T13:00:00+01:00
0.045000, 1.12, 2025-05-15T13:00:00+01:00, 2025-05-15T13:30:00+01:00
0.071000, 1.77, 2025-05-15T13:30:00+01:00, 2025-05-15T14:00:00+01:00
0.038000, 0.95, 2025-05-15T14:00:00+01:00, 2025-05-15T14:30:00+01:00
0.056000, 1.40, 2025-05-15T14:30:00+01:00, 2025-05-15T15:00:00+01:00
0.051000, 1.27, 2025-05-15T15:00:00+01:00, 2025-05-15T15:30:00+01:00
0.123000, 3.07, 2025-05-15T15:30:00+01:00, 2025-05-15T16:00:00+01:00
0.056000, 1.40, 2025-05-15T16:00:00+01:00, 2025-05-15T16:30:00+01:00
0.050000, 1.25, 2025-05-15T16:30:00+01:00, 2025-05-15T17:00:00+01:00
0.049000, 1.22, 2025-05-15T17:00:00+01:00, 2025-05-15T17:30:00+01:00
0.142000, 3.55, 2025-05-15T17:30:00+01:00, 2025-05-15T18:00:00+01:00
0.523000, 13.06, 2025-05-15T18:00:00+01:00, 2025-05-15T18:30:00+01:00
0.044000, 1.10, 2025-05-15T18:30:00+01:00, 2025-05-15T19:00:00+01:00
0.058000, 1.45, 2025-05-15T19:00:00+01:00, 2025-05-15T19:30:00+01:00
0.123000, 3.07, 2025-05-15T19:30:00+01:00, 2025-05-15T20:00:00+01:00
1.306000, 32.62, 2025-05-15T20:00:00+01:00, 2025-05-15T20:30:00+01:00
0.113000, 2.82, 2025-05-15T20:30:00+01:00, 2025-05-15T21:00:00+01:00
0.057000, 1.42, 2025-05-15T21:00:00+01:00, 2025-05-15T21:30:00+01:00
0.096000, 2.40, 2025-05-15T21:30:00+01:00, 2025-05-15T22:00:00+01:00
0.060000, 1.50, 2025-05-15T22:00:00+01:00, 2025-05-15T22:30:00+01:00
0.038000, 0.95, 2025-05-15T22:30:00+01:00, 2025-05-15T23:00:00+01:00
0.219000, 5.47, 2025-05-15T23:00:00+01:00, 2025-05-15T23:30:00+01:00
0.069000, 1.72, 2025-05-15T23:30:00+01:00, 2025-05-16T00:00:00+01:00
0.046000, 1.15, 2025-05-16T00:00:00+01:00, 2025-05-16T00:30:00+01:00
0.033000, 0.82, 2025-05-16T00:30:00+01:00, 2025-05-16T01:00:00+01:00
0.061000, 1.52, 2025-05-16T01:00:00+01:00, 2025-05-16T01:30:00+01:00
0.071000, 1.77, 2025-05-16T01:30:00+01:00, 2025-05-16T02:00:00+01:00
0.041000, 1.02, 2025-05-16T02:00:00+01:00, 2025-05-16T02:30:00+01:00
0.052000, 1.30, 2025-05-16T02:30:00+01:00, 2025-05-16T03:00:00+01:00
0.077000, 1.92, 2025-05-16T03:00:00+01:00, 2025-05-16T03:30:00+01:00
0.054000, 1.35, 2025-05-16T03:30:00+01:00, 2025-05-16T04:00:00+01:00
0.032000, 0.80, 2025-05-16T04:00:00+01:00, 2025-05-16T04:30:00+01:00
0.061000, 1.52, 2025-05-16T04:30:00+01:00, 2025-05-16T05:00:00+01:00
0.098000, 2.45, 2025-05-16T05:00:00+01:00, 2025-05-16T05:30:00+01:00
0.032000, 0.80, 2025-05-16T05:30:00+01:00, 2025-05-16T06:00:00+01:00
0.036000, 0.90, 2025-05-16T06:00:00+01:00, 2025-05-16T06:30:00+01:00
0.026000, 0.65, 2025-05-16T06:30:00+01:00, 2025-05-16T07:00:00+01:00
1.169000, 29.20, 2025-05-16T07:00:00+01:00, 2025-05-16T07:30:00+01:00
1.922000, 48.01, 2025-05-16T07:30:00+01:00, 2025-05-16T08:00:00+01:00
0.045000, 1.12, 2025-05-16T08:00:00+01:00, 2025-05-16T08:30:00+01:00
0.033000, 0.82, 2025-05-16T08:30:00+01:00, 2025-05-16T09:00:00+01:00
0.067000, 1.67, 2025-05-16T09:00:00+01:00, 2025-05-16T09:30:00+01:00
0.052000, 1.30, 2025-05-16T09:30:00+01:00, 2025-05-16T10:00:00+01:00
0.047000, 1.17, 2025-05-16T10:00:00+01:00, 2025-05-16T10:30:00+01:00
0.264000, 6.59, 2025-05-16T10:30:00+01:00, 2025-05-16T11:00:00+01:00
0.718000, 17.94, 2025-05-16T11:00:00+01:00, 2025-05-16T11:30:00+01:00
0.957000, 23.91, 2025-05-16T11:30:00+01:00, 2025-05-16T12:00:00+01:00
0.201000, 5.02, 2025-05-16T12:00:00+01:00, 2025-05-16T12:30:00+01:00
0.247000, 6.17, 2025-05-16T12:30:00+01:00, 2025-05-16T13:00:00+01:00
0.098000, 2.45, 2025-05-16T13:00:00+01:00, 2025-05-16T13:30:00+01:00
0.078000, 1.95, 2025-05-16T13:30:00+01:00, 2025-05-16T14:00:00+01:00
0.032000, 0.80, 2025-05-16T14:00:00+01:00, 2025-05-16T14:30:00+01:00
0.094000, 2.35, 2025-05-16T14:30:00+01:00, 2025-05-16T15:00:00+01:00
0.072000, 1.80, 2025-05-16T15:00:00+01:00, 2025-05-16T15:30:00+01:00
0.040000, 1.00, 2025-05-16T15:30:00+01:00, 2025-05-16T16:00:00+01:00
0.038000, 0.95, 2025-05-16T16:00:00+01:00, 2025-05-16T16:30:00+01:00
0.047000, 1.17, 2025-05-16T16:30:00+01:00, 2025-05-16T17:00:00+01:00
0.070000, 1.75, 2025-05-16T17:00:00+01:00, 2025-05-16T17:30:00+01:00
0.045000, 1.12, 2025-05-16T17:30:00+01:00, 2025-05-16T18:00:00+01:00
0.032000, 0.80, 2025-05-16T18:00:00+01:00, 2025-05-16T18:30:00+01:00
0.089000, 2.22, 2025-05-16T18:30:00+01:00, 2025-05-16T19:00:00+01:00
0.270000, 6.74, 2025-05-16T19:00:00+01:00, 2025-05-16T19:30:00+01:00
0.094000, 2.35, 2025-05-16T19:30:00+01:00, 2025-05-16T20:00:00+01:00
0.128000, 3.20, 2025-05-16T20:00:00+01:00, 2025-05-16T20:30:00+01:00
0.370000, 9.24, 2025-05-16T20:30:00+01:00, 2025-05-16T21:00:00+01:00
0.084000, 2.10, 2025-05-16T21:00:00+01:00, 2025-05-16T21:30:00+01:00
0.048000, 1.20, 2025-05-16T21:30:00+01:00, 2025-05-16T22:00:00+01:00
0.034000, 0.85, 2025-05-16T22:00:00+01:00, 2025-05-16T22:30:00+01:00
0.117000, 2.92, 2025-05-16T22:30:00+01:00, 2025-05-16T23:00:00+01:00
0.080000, 2.00, 2025-05-16T23:00:00+01:00, 2025-05-16T23:30:00+01:00
0.064000, 1.60, 2025-05-16T23:30:00+01:00, 2025-05-17T00:00:00+01:00
0.043000, 1.07, 2025-05-17T00:00:00+01:00, 2025-05-17T00:30:00+01:00
0.071000, 1.77, 2025-05-17T00:30:00+01:00, 2025-05-17T01:00:00+01:00
0.049000, 1.22, 2025-05-17T01:00:00+01:00, 2025-05-17T01:30:00+01:00
0.049000, 1.22, 2025-05-17T01:30:00+01:00, 2025-05-17T02:00:00+01:00
0.056000, 1.40, 2025-05-17T02:00:00+01:00, 2025-05-17T02:30:00+01:00
0.092000, 2.30, 2025-05-17T02:30:00+01:00, 2025-05-17T03:00:00+01:00
0.043000, 1.07, 2025-05-17T03:00:00+01:00, 2025-05-17T03:30:00+01:00
0.049000, 1.22, 2025-05-17T03:30:00+01:00, 2025-05-17T04:00:00+01:00
0.065000, 1.62, 2025-05-17T04:00:00+01:00, 2025-05-17T04:30:00+01:00
0.107000, 2.67, 2025-05-17T04:30:00+01:00, 2025-05-17T05:00:00+01:00
0.031000, 0.77, 2025-05-17T05:00:00+01:00, 2025-05-17T05:30:00+01:00
0.044000, 1.10, 2025-05-17T05:30:00+01:00, 2025-05-17T06:00:00+01:00
0.781000, 19.51, 2025-05-17T06:00:00+01:00, 2025-05-17T06:30:00+01:00
0.061000, 1.52, 2025-05-17T06:30:00+01:00, 2025-05-17T07:00:00+01:00
0.025000, 0.62, 2025-05-17T07:00:00+01:00, 2025-05-17T07:30:00+01:00
0.033000, 0.82, 2025-05-17T07:30:00+01:00, 2025-05-17T08:00:00+01:00
0.077000, 1.92, 2025-05-17T08:00:00+01:00, 2025-05-17T08:30:00+01:00
0.058000, 1.45, 2025-05-17T08:30:00+01:00, 2025-05-17T09:00:00+01:00
0.033000, 0.82, 2025-05-17T09:00:00+01:00, 2025-05-17T09:30:00+01:00
0.036000, 0.90, 2025-05-17T09:30:00+01:00, 2025-05-17T10:00:00+01:00
0.058000, 1.45, 2025-05-17T10:00:00+01:00, 2025-05-17T10:30:00+01:00
0.118000, 2.95, 2025-05-17T10:30:00+01:00, 2025-05-17T11:00:00+01:00
0.066000, 1.65, 2025-05-17T11:00:00+01:00, 2025-05-17T11:30:00+01:00
0.072000, 1.80, 2025-05-17T11:30:00+01:00, 2025-05-17T12:00:00+01:00
0.072000, 1.80, 2025-05-17T12:00:00+01:00, 2025-05-17T12:30:00+01:00
0.027000, 0.67, 2025-05-17T12:30:00+01:00, 2025-05-17T13:00:00+01:00
1.022000, 25.53, 2025-05-17T13:00:00+01:00, 2025-05-17T13:30:00+01:00
0.032000, 0.80, 2025-05-17T13:30:00+01:00, 2025-05-17T14:00:00+01:00
0.075000, 1.87, 2025-05-17T14:00:00+01:00, 2025-05-17T14:30:00+01:00
0.036000, 0.90, 2025-05-17T14:30:00+01:00, 2025-05-17T15:00:00+01:00
0.033000, 0.82, 2025-05-17T15:00:00+01:00, 2025-05-17T15:30:00+01:00
0.067000, 1.67, 2025-05-17T15:30:00+01:00, 2025-05-17T16:00:00+01:00
0.064000, 1.60, 2025-05-17T16:00:00+01:00, 2025-05-17T16:30:00+01:00
0.039000, 0.97, 2025-05-17T16:30:00+01:00, 2025-05-17T17:00:00+01:00
0.024000, 0.60, 2025-05-17T17:00:00+01:00, 2025-05-17T17:30:00+01:00
0.223000, 5.57, 2025-05-17T17:30:00+01:00, 2025-05-17T18:00:00+01:00
0.479000, 11.97, 2025-05-17T18:00:00+01:00, 2025-05-17T18:30:00+01:00
0.458000, 11.44, 2025-05-17T18:30:00+01:00, 2025-05-17T19:00:00+01:00
0.974000, 24.33, 2025-05-17T19:00:00+01:00, 2025-05-17T19:30:00+01:00
1.399000, 34.95, 2025-05-17T19:30:00+01:00, 2025-05-17T20:00:00+01:00
1.035000, 25.85, 2025-05-17T20:00:00+01:00, 2025-05-17T20:30:00+01:00
0.671000, 16.76, 2025-05-17T20:30:00+01:00, 2025-05-17T21:00:00+01:00
0.069000, 1.72, 2025-05-17T21:00:00+01:00, 2025-05-17T21:30:00+01:00
0.082000, 2.05, 2025-05-17T21:30:00+01:00, 2025-05-17T22:00:00+01:00
0.039000, 0.97, 2025-05-17T22:00:00+01:00, 2025-05-17T22:30:00+01:00
0.038000, 0.95, 2025-05-17T22:30:00+01:00, 2025-05-17T23:00:00+01:00
0.072000, 1.80, 2025-05-17T23:00:00+01:00, 2025-05-17T23:30:00+01:00
0.042000, 1.05, 2025-05-17T23:30:00+01:00, 2025-05-18T00:00:00+01:00
0.058000, 1.45, 2025-05-18T00:00:00+01:00, 2025-05-18T00:30:00+01:00
0.053000, 1.32, 2025-05-18T00:30:00+01:00, 2025-05-18T01:00:00+01:00
0.085000, 2.12, 2025-05-18T01:00:00+01:00, 2025-05-18T01:30:00+01:00
0.024000, 0.60, 2025-05-18T01:30:00+01:00, 2025-05-18T02:00:00+01:00
0.036000, 0.90, 2025-05-18T02:00:00+01:00, 2025-05-18T02:30:00+01:00
0.046000, 1.15, 2025-05-18T02:30:00+01:00, 2025-05-18T03:00:00+01:00
0.065000, 1.62, 2025-05-18T03:00:00+01:00, 2025-05-18T03:30:00+01:00
0.056000, 1.40, 2025-05-18T03:30:00+01:00, 2025-05-18T04:00:00+01:00
0.067000, 1.67, 2025-05-18T04:00:00+01:00, 2025-05-18T04:30:00+01:00
0.044000, 1.10, 2025-05-18T04:30:00+01:00, 2025-05-18T05:00:00+01:00
0.062000, 1.55, 2025-05-18T05:00:00+01:00, 2025-05-18T05:30:00+01:00
0.021000, 0.52, 2025-05-18T05:30:00+01:00, 2025-05-18T06:00:00+01:00
0.038000, 0.95, 2025-05-18T06:00:00+01:00, 2025-05-18T06:30:00+01:00
0.052000, 1.30, 2025-05-18T06:30:00+01:00, 2025-05-18T07:00:00+01:00
0.064000, 1.60, 2025-05-18T07:00:00+01:00, 2025-05-18T07:30:00+01:00
0.041000, 1.02, 2025-05-18T07:30:00+01:00, 2025-05-18T08:00:00+01:00
0.020000, 0.50, 2025-05-18T08:00:00+01:00, 2025-05-18T08:30:00+01:00
0.099000, 2.47, 2025-05-18T08:30:00+01:00, 2025-05-18T09:00:00+01:00
0.427000, 10.67, 2025-05-18T09:00:00+01:00, 2025-05-18T09:30:00+01:00
1.159000, 28.95, 2025-05-18T09:30:00+01:00, 2025-05-18T10:00:00+01:00
1.686000, 42.12, 2025-05-18T10:00:00+01:00, 2025-05-18T10:30:00+01:00
0.109000, 2.72, 2025-05-18T10:30:00+01:00, 2025-05-18T11:00:00+01:00
0.046000, 1.15, 2025-05-18T11:00:00+01:00, 2025-05-18T11:30:00+01:00
0.051000, 1.27, 2025-05-18T11:30:00+01:00, 2025-05-18T12:00:00+01:00
0.085000, 2.12, 2025-05-18T12:00:00+01:00, 2025-05-18T12:30:00+01:00
0.074000, 1.85, 2025-05-18T12:30:00+01:00, 2025-05-18T13:00:00+01:00
0.031000, 0.77, 2025-05-18T13:00:00+01:00, 2025-05-18T13:30:00+01:00
0.030000, 0.75, 2025-05-18T13:30:00+01:00, 2025-05-18T14:00:00+01:00
0.339000, 8.47, 2025-05-18T14:00:00+01:00, 2025-05-18T14:30:00+01:00
0.101000, 2.52, 2025-05-18T14:30:00+01:00, 2025-05-18T15:00:00+01:00
0.068000, 1.70, 2025-05-18T15:00:00+01:00, 2025-05-18T15:30:00+01:00
0.040000, 1.00, 2025-05-18T15:30:00+01:00, 2025-05-18T16:00:00+01:00
0.103000, 2.57, 2025-05-18T16:00:00+01:00, 2025-05-18T16:30:00+01:00
0.237000, 5.92, 2025-05-18T16:30:00+01:00, 2025-05-18T17:00:00+01:00
0.200000, 5.00, 2025-05-18T17:00:00+01:00, 2025-05-18T17:30:00+01:00
0.059000, 1.47, 2025-05-18T17:30:00+01:00, 2025-05-18T18:00:00+01:00
0.096000, 2.40, 2025-05-18T18:00:00+01:00, 2025-05-18T18:30:00+01:00
0.045000, 1.12, 2025-05-18T18:30:00+01:00, 2025-05-18T19:00:00+01:00
1.838000, 45.91, 2025-05-18T19:00:00+01:00, 2025-05-18T19:30:00+01:00
0.143000, 3.57, 2025-05-18T19:30:00+01:00, 2025-05-18T20:00:00+01:00
0.232000, 5.80, 2025-05-18T20:00:00+01:00, 2025-05-18T20:30:00+01:00
0.164000, 4.10, 2025-05-18T20:30:00+01:00, 2025-05-18T21:00:00+01:00
0.153000, 3.82, 2025-05-18T21:00:00+01:00, 2025-05-18T21:30:00+01:00
0.193000, 4.82, 2025-05-18T21:30:00+01:00, 2025-05-18T22:00:00+01:00
0.186000, 4.65, 2025-05-18T22:00:00+01:00, 2025-05-18T22:30:00+01:00
0.167000, 4.17, 2025-05-18T22:30:00+01:00, 2025-05-18T23:00:00+01:00
0.104000, 2.60, 2025-05-18T23:00:00+01:00, 2025-05-18T23:30:00+01:00
0.122000, 3.05, 2025-05-18T23:30:00+01:00, 2025-05-19T00:00:00+01:00
0.080000, 2.00, 2025-05-19T00:00:00+01:00, 2025-05-19T00:30:00+01:00
0.086000, 2.15, 2025-05-19T00:30:00+01:00, 2025-05-19T01:00:00+01:00
0.068000, 1.70, 2025-05-19T01:00:00+01:00, 2025-05-19T01:30:00+01:00
0.119000, 2.97, 2025-05-19T01:30:00+01:00, 2025-05-19T02:00:00+01:00
0.063000, 1.57, 2025-05-19T02:00:00+01:00, 2025-05-19T02:30:00+01:00
0.062000, 1.55, 2025-05-19T02:30:00+01:00, 2025-05-19T03:00:00+01:00
0.082000, 2.05, 2025-05-19T03:00:00+01:00, 2025-05-19T03:30:00+01:00
0.098000, 2.45, 2025-05-19T03:30:00+01:00, 2025-05-19T04:00:00+01:00
0.070000, 1.75, 2025-05-19T04:00:00+01:00, 2025-05-19T04:30:00+01:00
0.055000, 1.37, 2025-05-19T04:30:00+01:00, 2025-05-19T05:00:00+01:00
0.084000, 2.10, 2025-05-19T05:00:00+01:00, 2025-05-19T05:30:00+01:00
0.144000, 3.60, 2025-05-19T05:30:00+01:00, 2025-05-19T06:00:00+01:00
0.075000, 1.87, 2025-05-19T06:00:00+01:00, 2025-05-19T06:30:00+01:00
0.053000, 1.32, 2025-05-19T06:30:00+01:00, 2025-05-19T07:00:00+01:00
0.811000, 20.26, 2025-05-19T07:00:00+01:00, 2025-05-19T07:30:00+01:00
0.113000, 2.82, 2025-05-19T07:30:00+01:00, 2025-05-19T08:00:00+01:00
0.078000, 1.95, 2025-05-19T08:00:00+01:00, 2025-05-19T08:30:00+01:00
0.052000, 1.30, 2025-05-19T08:30:00+01:00, 2025-05-19T09:00:00+01:00
0.100000, 2.50, 2025-05-19T09:00:00+01:00, 2025-05-19T09:30:00+01:00
0.063000, 1.57, 2025-05-19T09:30:00+01:00, 2025-05-19T10:00:00+01:00
0.069000, 1.72, 2025-05-19T10:00:00+01:00, 2025-05-19T10:30:00+01:00
0.057000, 1.42, 2025-05-19T10:30:00+01:00, 2025-05-19T11:00:00+01:00
0.134000, 3.35, 2025-05-19T11:00:00+01:00, 2025-05-19T11:30:00+01:00
0.291000, 7.27, 2025-05-19T11:30:00+01:00, 2025-05-19T12:00:00+01:00
1.164000, 29.08, 2025-05-19T12:00:00+01:00, 2025-05-19T12:30:00+01:00
0.076000, 1.90, 2025-05-19T12:30:00+01:00, 2025-05-19T13:00:00+01:00
0.109000, 2.72, 2025-05-19T13:00:00+01:00, 2025-05-19T13:30:00+01:00
0.064000, 1.60, 2025-05-19T13:30:00+01:00, 2025-05-19T14:00:00+01:00
0.061000, 1.52, 2025-05-19T14:00:00+01:00, 2025-05-19T14:30:00+01:00
0.091000, 2.27, 2025-05-19T14:30:00+01:00, 2025-05-19T15:00:00+01:00
0.085000, 2.12, 2025-05-19T15:00:00+01:00, 2025-05-19T15:30:00+01:00
0.072000, 1.80, 2025-05-19T15:30:00+01:00, 2025-05-19T16:00:00+01:00
0.051000, 1.27, 2025-05-19T16:00:00+01:00, 2025-05-19T16:30:00+01:00
0.086000, 2.15, 2025-05-19T16:30:00+01:00, 2025-05-19T17:00:00+01:00
0.085000, 2.12, 2025-05-19T17:00:00+01:00, 2025-05-19T17:30:00+01:00
0.440000, 10.99, 2025-05-19T17:30:00+01:00, 2025-05-19T18:00:00+01:00
0.055000, 1.37, 2025-05-19T18:00:00+01:00, 2025-05-19T18:30:00+01:00
0.093000, 2.32, 2025-05-19T18:30:00+01:00, 2025-05-19T19:00:00+01:00
0.054000, 1.35, 2025-05-19T19:00:00+01:00, 2025-05-19T19:30:00+01:00
0.121000, 3.02, 2025-05-19T19:30:00+01:00, 2025-05-19T20:00:00+01:00
0.061000, 1.52, 2025-05-19T20:00:00+01:00, 2025-05-19T20:30:00+01:00
0.094000, 2.35, 2025-05-19T20:30:00+01:00, 2025-05-19T21:00:00+01:00
1.243000, 31.05, 2025-05-19T21:00:00+01:00, 2025-05-19T21:30:00+01:00
0.057000, 1.42, 2025-05-19T21:30:00+01:00, 2025-05-19T22:00:00+01:00
0.096000, 2.40, 2025-05-19T22:00:00+01:00, 2025-05-19T22:30:00+01:00
0.068000, 1.70, 2025-05-19T22:30:00+01:00, 2025-05-19T23:00:00+01:00
0.048000, 1.20, 2025-05-19T23:00:00+01:00, 2025-05-19T23:30:00+01:00
0.045000, 1.12, 2025-05-19T23:30:00+01:00, 2025-05-20T00:00:00+01:00
0.105000, 2.62, 2025-05-20T00:00:00+01:00, 2025-05-20T00:30:00+01:00
0.062000, 1.55, 2025-05-20T00:30:00+01:00, 2025-05-20T01:00:00+01:00
0.038000, 0.95, 2025-05-20T01:00:00+01:00, 2025-05-20T01:30:00+01:00
0.059000, 1.47, 2025-05-20T01:30:00+01:00, 2025-05-20T02:00:00+01:00
0.084000, 2.10, 2025-05-20T02:00:00+01:00, 2025-05-20T02:30:00+01:00
0.054000, 1.35, 2025-05-20T02:30:00+01:00, 2025-05-20T03:00:00+01:00
0.049000, 1.22, 2025-05-20T03:00:00+01:00, 2025-05-20T03:30:00+01:00
0.054000, 1.35, 2025-05-20T03:30:00+01:00, 2025-05-20T04:00:00+01:00
0.078000, 1.95, 2025-05-20T04:00:00+01:00, 2025-05-20T04:30:00+01:00
0.051000, 1.27, 2025-05-20T04:30:00+01:00, 2025-05-20T05:00:00+01:00
0.030000, 0.75, 2025-05-20T05:00:00+01:00, 2025-05-20T05:30:00+01:00
0.054000, 1.35, 2025-05-20T05:30:00+01:00, 2025-05-20T06:00:00+01:00
1.145000, 28.60, 2025-05-20T06:00:00+01:00, 2025-05-20T06:30:00+01:00
0.291000, 7.27, 2025-05-20T06:30:00+01:00, 2025-05-20T07:00:00+01:00
0.132000, 3.30, 2025-05-20T07:00:00+01:00, 2025-05-20T07:30:00+01:00
1.662000, 41.52, 2025-05-20T07:30:00+01:00, 2025-05-20T08:00:00+01:00
2.467000, 61.62, 2025-05-20T08:00:00+01:00, 2025-05-20T08:30:00+01:00
0.035000, 0.87, 2025-05-20T08:30:00+01:00, 2025-05-20T09:00:00+01:00
0.235000, 5.87, 2025-05-20T09:00:00+01:00, 2025-05-20T09:30:00+01:00
0.061000, 1.52, 2025-05-20T09:30:00+01:00, 2025-05-20T10:00:00+01:00
0.064000, 1.60, 2025-05-20T10:00:00+01:00, 2025-05-20T10:30:00+01:00
0.032000, 0.80, 2025-05-20T10:30:00+01:00, 2025-05-20T11:00:00+01:00
0.059000, 1.47, 2025-05-20T11:00:00+01:00, 2025-05-20T11:30:00+01:00
0.095000, 2.37, 2025-05-20T11:30:00+01:00, 2025-05-20T12:00:00+01:00
0.297000, 7.42, 2025-05-20T12:00:00+01:00, 2025-05-20T12:30:00+01:00
0.341000, 8.52, 2025-05-20T12:30:00+01:00, 2025-05-20T13:00:00+01:00
0.049000, 1.22, 2025-05-20T13:00:00+01:00, 2025-05-20T13:30:00+01:00
0.068000, 1.70, 2025-05-20T13:30:00+01:00, 2025-05-20T14:00:00+01:00
0.551000, 13.76, 2025-05-20T14:00:00+01:00, 2025-05-20T14:30:00+01:00
0.030000, 0.75, 2025-05-20T14:30:00+01:00, 2025-05-20T15:00:00+01:00
0.052000, 1.30, 2025-05-20T15:00:00+01:00, 2025-05-20T15:30:00+01:00
0.045000, 1.12, 2025-05-20T15:30:00+01:00, 2025-05-20T16:00:00+01:00
0.036000, 0.90, 2025-05-20T16:00:00+01:00, 2025-05-20T16:30:00+01:00
0.037000, 0.92, 2025-05-20T16:30:00+01:00, 2025-05-20T17:00:00+01:00
0.053000, 1.32, 2025-05-20T17:00:00+01:00, 2025-05-20T17:30:00+01:00
0.064000, 1.60, 2025-05-20T17:30:00+01:00, 2025-05-20T18:00:00+01:00
0.098000, 2.45, 2025-05-20T18:00:00+01:00, 2025-05-20T18:30:00+01:00
0.037000, 0.92, 2025-05-20T18:30:00+01:00, 2025-05-20T19:00:00+01:00
0.088000, 2.20, 2025-05-20T19:00:00+01:00, 2025-05-20T19:30:00+01:00
0.226000, 5.65, 2025-05-20T19:30:00+01:00, 2025-05-20T20:00:00+01:00
0.041000, 1.02, 2025-05-20T20:00:00+01:00, 2025-05-20T20:30:00+01:00
0.053000, 1.32, 2025-05-20T20:30:00+01:00, 2025-05-20T21:00:00+01:00
0.083000, 2.07, 2025-05-20T21:00:00+01:00, 2025-05-20T21:30:00+01:00
0.059000, 1.47, 2025-05-20T21:30:00+01:00, 2025-05-20T22:00:00+01:00
0.033000, 0.82, 2025-05-20T22:00:00+01:00, 2025-05-20T22:30:00+01:00
0.046000, 1.15, 2025-05-20T22:30:00+01:00, 2025-05-20T23:00:00+01:00
0.048000, 1.20, 2025-05-20T23:00:00+01:00, 2025-05-20T23:30:00+01:00
0.044000, 1.10, 2025-05-20T23:30:00+01:00, 2025-05-21T00:00:00+01:00
0.026000, 0.65, 2025-05-21T00:00:00+01:00, 2025-05-21T00:30:00+01:00
0.056000, 1.40, 2025-05-21T00:30:00+01:00, 2025-05-21T01:00:00+01:00
0.038000, 0.95, 2025-05-21T01:00:00+01:00, 2025-05-21T01:30:00+01:00
0.025000, 0.62, 2025-05-21T01:30:00+01:00, 2025-05-21T02:00:00+01:00
0.051000, 1.27, 2025-05-21T02:00:00+01:00, 2025-05-21T02:30:00+01:00
0.071000, 1.77, 2025-05-21T02:30:00+01:00, 2025-05-21T03:00:00+01:00
0.029000, 0.72, 2025-05-21T03:00:00+01:00, 2025-05-21T03:30:00+01:00
0.024000, 0.60, 2025-05-21T03:30:00+01:00, 2025-05-21T04:00:00+01:00
0.035000, 0.87, 2025-05-21T04:00:00+01:00, 2025-05-21T04:30:00+01:00
0.098000, 2.45, 2025-05-21T04:30:00+01:00, 2025-05-21T05:00:00+01:00
0.034000, 0.85, 2025-05-21T05:00:00+01:00, 2025-05-21T05:30:00+01:00
1.409000, 35.20, 2025-05-21T05:30:00+01:00, 2025-05-21T06:00:00+01:00
0.039000, 0.97, 2025-05-21T06:00:00+01:00, 2025-05-21T06:30:00+01:00
0.061000, 1.52, 2025-05-21T06:30:00+01:00, 2025-05-21T07:00:00+01:00
3.105000, 77.56, 2025-05-21T07:00:00+01:00, 2025-05-21T07:30:00+01:00
1.749000, 43.69, 2025-05-21T07:30:00+01:00, 2025-05-21T08:00:00+01:00
0.114000, 2.85, 2025-05-21T08:00:00+01:00, 2025-05-21T08:30:00+01:00
0.053000, 1.32, 2025-05-21T08:30:00+01:00, 2025-05-21T09:00:00+01:00
0.022000, 0.55, 2025-05-21T09:00:00+01:00, 2025-05-21T09:30:00+01:00
0.023000, 0.57, 2025-05-21T09:30:00+01:00, 2025-05-21T10:00:00+01:00
0.066000, 1.65, 2025-05-21T10:00:00+01:00, 2025-05-21T10:30:00+01:00
0.059000, 1.47, 2025-05-21T10:30:00+01:00, 2025-05-21T11:00:00+01:00
0.036000, 0.90, 2025-05-21T11:00:00+01:00, 2025-05-21T11:30:00+01:00
0.021000, 0.52, 2025-05-21T11:30:00+01:00, 2025-05-21T12:00:00+01:00
0.060000, 1.50, 2025-05-21T12:00:00+01:00, 2025-05-21T12:30:00+01:00
0.167000, 4.17, 2025-05-21T12:30:00+01:00, 2025-05-21T13:00:00+01:00
0.079000, 1.97, 2025-05-21T13:00:00+01:00, 2025-05-21T13:30:00+01:00
0.055000, 1.37, 2025-05-21T13:30:00+01:00, 2025-05-21T14:00:00+01:00
0.075000, 1.87, 2025-05-21T14:00:00+01:00, 2025-05-21T14:30:00+01:00
0.019000, 0.47, 2025-05-21T14:30:00+01:00, 2025-05-21T15:00:00+01:00
0.022000, 0.55, 2025-05-21T15:00:00+01:00, 2025-05-21T15:30:00+01:00
0.077000, 1.92, 2025-05-21T15:30:00+01:00, 2025-05-21T16:00:00+01:00
0.081000, 2.02, 2025-05-21T16:00:00+01:00, 2025-05-21T16:30:00+01:00
0.182000, 4.55, 2025-05-21T16:30:00+01:00, 2025-05-21T17:00:00+01:00
0.048000, 1.20, 2025-05-21T17:00:00+01:00, 2025-05-21T17:30:00+01:00
0.080000, 2.00, 2025-05-21T17:30:00+01:00, 2025-05-21T18:00:00+01:00
0.068000, 1.70, 2025-05-21T18:00:00+01:00, 2025-05-21T18:30:00+01:00
0.120000, 3.00, 2025-05-21T18:30:00+01:00, 2025-05-21T19:00:00+01:00
0.415000, 10.37, 2025-05-21T19:00:00+01:00, 2025-05-21T19:30:00+01:00
0.158000, 3.95, 2025-05-21T19:30:00+01:00, 2025-05-21T20:00:00+01:00
0.207000, 5.17, 2025-05-21T20:00:00+01:00, 2025-05-21T20:30:00+01:00
0.057000, 1.42, 2025-05-21T20:30:00+01:00, 2025-05-21T21:00:00+01:00
0.090000, 2.25, 2025-05-21T21:00:00+01:00, 2025-05-21T21:30:00+01:00
0.078000, 1.95, 2025-05-21T21:30:00+01:00, 2025-05-21T22:00:00+01:00
0.199000, 4.97, 2025-05-21T22:00:00+01:00, 2025-05-21T22:30:00+01:00
0.060000, 1.50, 2025-05-21T22:30:00+01:00, 2025-05-21T23:00:00+01:00
0.066000, 1.65, 2025-05-21T23:00:00+01:00, 2025-05-21T23:30:00+01:00
0.063000, 1.57, 2025-05-21T23:30:00+01:00, 2025-05-22T00:00:00+01:00
0.030000, 0.75, 2025-05-22T00:00:00+01:00, 2025-05-22T00:30:00+01:00
0.038000, 0.95, 2025-05-22T00:30:00+01:00, 2025-05-22T01:00:00+01:00
0.073000, 1.82, 2025-05-22T01:00:00+01:00, 2025-05-22T01:30:00+01:00
0.052000, 1.30, 2025-05-22T01:30:00+01:00, 2025-05-22T02:00:00+01:00
0.037000, 0.92, 2025-05-22T02:00:00+01:00, 2025-05-22T02:30:00+01:00
0.043000, 1.07, 2025-05-22T02:30:00+01:00, 2025-05-22T03:00:00+01:00
0.099000, 2.47, 2025-05-22T03:00:00+01:00, 2025-05-22T03:30:00+01:00
0.064000, 1.60, 2025-05-22T03:30:00+01:00, 2025-05-22T04:00:00+01:00
0.037000, 0.92, 2025-05-22T04:00:00+01:00, 2025-05-22T04:30:00+01:00
0.047000, 1.17, 2025-05-22T04:30:00+01:00, 2025-05-22T05:00:00+01:00
0.061000, 1.52, 2025-05-22T05:00:00+01:00, 2025-05-22T05:30:00+01:00
0.044000, 1.10, 2025-05-22T05:30:00+01:00, 2025-05-22T06:00:00+01:00
0.028000, 0.70, 2025-05-22T06:00:00+01:00, 2025-05-22T06:30:00+01:00
0.072000, 1.80, 2025-05-22T06:30:00+01:00, 2025-05-22T07:00:00+01:00
2.209000, 55.18, 2025-05-22T07:00:00+01:00, 2025-05-22T07:30:00+01:00
0.116000, 2.90, 2025-05-22T07:30:00+01:00, 2025-05-22T08:00:00+01:00
0.057000, 1.42, 2025-05-22T08:00:00+01:00, 2025-05-22T08:30:00+01:00
0.220000, 5.50, 2025-05-22T08:30:00+01:00, 2025-05-22T09:00:00+01:00
0.071000, 1.77, 2025-05-22T09:00:00+01:00, 2025-05-22T09:30:00+01:00
2.229000, 55.68, 2025-05-22T09:30:00+01:00, 2025-05-22T10:00:00+01:00
0.159000, 3.97, 2025-05-22T10:00:00+01:00, 2025-05-22T10:30:00+01:00
0.161000, 4.02, 2025-05-22T10:30:00+01:00, 2025-05-22T11:00:00+01:00
0.148000, 3.70, 2025-05-22T11:00:00+01:00, 2025-05-22T11:30:00+01:00
0.076000, 1.90, 2025-05-22T11:30:00+01:00, 2025-05-22T12:00:00+01:00
0.578000, 14.44, 2025-05-22T12:00:00+01:00, 2025-05-22T12:30:00+01:00
0.093000, 2.32, 2025-05-22T12:30:00+01:00, 2025-05-22T13:00:00+01:00
0.034000, 0.85, 2025-05-22T13:00:00+01:00, 2025-05-22T13:30:00+01:00
0.043000, 1.07, 2025-05-22T13:30:00+01:00, 2025-05-22T14:00:00+01:00
0.053000, 1.32, 2025-05-22T14:00:00+01:00, 2025-05-22T14:30:00+01:00
0.068000, 1.70, 2025-05-22T14:30:00+01:00, 2025-05-22T15:00:00+01:00
0.031000, 0.77, 2025-05-22T15:00:00+01:00, 2025-05-22T15:30:00+01:00
0.032000, 0.80, 2025-05-22T15:30:00+01:00, 2025-05-22T16:00:00+01:00
0.063000, 1.57, 2025-05-22T16:00:00+01:00, 2025-05-22T16:30:00+01:00
0.064000, 1.60, 2025-05-22T16:30:00+01:00, 2025-05-22T17:00:00+01:00
0.142000, 3.55, 2025-05-22T17:00:00+01:00, 2025-05-22T17:30:00+01:00
0.731000, 18.26, 2025-05-22T17:30:00+01:00, 2025-05-22T18:00:00+01:00
0.301000, 7.52, 2025-05-22T18:00:00+01:00, 2025-05-22T18:30:00+01:00
0.120000, 3.00, 2025-05-22T18:30:00+01:00, 2025-05-22T19:00:00+01:00
0.218000, 5.45, 2025-05-22T19:00:00+01:00, 2025-05-22T19:30:00+01:00
0.173000, 4.32, 2025-05-22T19:30:00+01:00, 2025-05-22T20:00:00+01:00
0.127000, 3.17, 2025-05-22T20:00:00+01:00, 2025-05-22T20:30:00+01:00
0.062000, 1.55, 2025-05-22T20:30:00+01:00, 2025-05-22T21:00:00+01:00
0.109000, 2.72, 2025-05-22T21:00:00+01:00, 2025-05-22T21:30:00+01:00
0.071000, 1.77, 2025-05-22T21:30:00+01:00, 2025-05-22T22:00:00+01:00
0.098000, 2.45, 2025-05-22T22:00:00+01:00, 2025-05-22T22:30:00+01:00
0.043000, 1.07, 2025-05-22T22:30:00+01:00, 2025-05-22T23:00:00+01:00
0.046000, 1.15, 2025-05-22T23:00:00+01:00, 2025-05-22T23:30:00+01:00
0.066000, 1.65, 2025-05-22T23:30:00+01:00, 2025-05-23T00:00:00+01:00
0.059000, 1.47, 2025-05-23T00:00:00+01:00, 2025-05-23T00:30:00+01:00
0.076000, 1.90, 2025-05-23T00:30:00+01:00, 2025-05-23T01:00:00+01:00
0.046000, 1.15, 2025-05-23T01:00:00+01:00, 2025-05-23T01:30:00+01:00
0.064000, 1.60, 2025-05-23T01:30:00+01:00, 2025-05-23T02:00:00+01:00
0.043000, 1.07, 2025-05-23T02:00:00+01:00, 2025-05-23T02:30:00+01:00
0.034000, 0.85, 2025-05-23T02:30:00+01:00, 2025-05-23T03:00:00+01:00
0.062000, 1.55, 2025-05-23T03:00:00+01:00, 2025-05-23T03:30:00+01:00
0.077000, 1.92, 2025-05-23T03:30:00+01:00, 2025-05-23T04:00:00+01:00
0.040000, 1.00, 2025-05-23T04:00:00+01:00, 2025-05-23T04:30:00+01:00
0.025000, 0.62, 2025-05-23T04:30:00+01:00, 2025-05-23T05:00:00+01:00
0.031000, 0.77, 2025-05-23T05:00:00+01:00, 2025-05-23T05:30:00+01:00
0.551000, 13.76, 2025-05-23T05:30:00+01:00, 2025-05-23T06:00:00+01:00
0.136000, 3.40, 2025-05-23T06:00:00+01:00, 2025-05-23T06:30:00+01:00
0.030000, 0.75, 2025-05-23T06:30:00+01:00, 2025-05-23T07:00:00+01:00
0.040000, 1.00, 2025-05-23T07:00:00+01:00, 2025-05-23T07:30:00+01:00
0.064000, 1.60, 2025-05-23T07:30:00+01:00, 2025-05-23T08:00:00+01:00
0.043000, 1.07, 2025-05-23T08:00:00+01:00, 2025-05-23T08:30:00+01:00
0.215000, 5.37, 2025-05-23T08:30:00+01:00, 2025-05-23T09:00:00+01:00
0.087000, 2.17, 2025-05-23T09:00:00+01:00, 2025-05-23T09:30:00+01:00
0.091000, 2.27, 2025-05-23T09:30:00+01:00, 2025-05-23T10:00:00+01:00
0.166000, 4.15, 2025-05-23T10:00:00+01:00, 2025-05-23T10:30:00+01:00
0.055000, 1.37, 2025-05-23T10:30:00+01:00, 2025-05-23T11:00:00+01:00
0.089000, 2.22, 2025-05-23T11:00:00+01:00, 2025-05-23T11:30:00+01:00
0.062000, 1.55, 2025-05-23T11:30:00+01:00, 2025-05-23T12:00:00+01:00
0.032000, 0.80, 2025-05-23T12:00:00+01:00, 2025-05-23T12:30:00+01:00
0.036000, 0.90, 2025-05-23T12:30:00+01:00, 2025-05-23T13:00:00+01:00
0.059000, 1.47, 2025-05-23T13:00:00+01:00, 2025-05-23T13:30:00+01:00
0.042000, 1.05, 2025-05-23T13:30:00+01:00, 2025-05-23T14:00:00+01:00
0.188000, 4.70, 2025-05-23T14:00:00+01:00, 2025-05-23T14:30:00+01:00
0.049000, 1.22, 2025-05-23T14:30:00+01:00, 2025-05-23T15:00:00+01:00
0.085000, 2.12, 2025-05-23T15:00:00+01:00, 2025-05-23T15:30:00+01:00
0.037000, 0.92, 2025-05-23T15:30:00+01:00, 2025-05-23T16:00:00+01:00
0.051000, 1.27, 2025-05-23T16:00:00+01:00, 2025-05-23T16:30:00+01:00
1.138000, 28.43, 2025-05-23T16:30:00+01:00, 2025-05-23T17:00:00+01:00
0.088000, 2.20, 2025-05-23T17:00:00+01:00, 2025-05-23T17:30:00+01:00
0.276000, 6.89, 2025-05-23T17:30:00+01:00, 2025-05-23T18:00:00+01:00
2.892000, 72.24, 2025-05-23T18:00:00+01:00, 2025-05-23T18:30:00+01:00
0.687000, 17.16, 2025-05-23T18:30:00+01:00, 2025-05-23T19:00:00+01:00
0.219000, 5.47, 2025-05-23T19:00:00+01:00, 2025-05-23T19:30:00+01:00
0.516000, 12.89, 2025-05-23T19:30:00+01:00, 2025-05-23T20:00:00+01:00
0.175000, 4.37, 2025-05-23T20:00:00+01:00, 2025-05-23T20:30:00+01:00
0.913000, 22.81, 2025-05-23T20:30:00+01:00, 2025-05-23T21:00:00+01:00
0.373000, 9.32, 2025-05-23T21:00:00+01:00, 2025-05-23T21:30:00+01:00
0.065000, 1.62, 2025-05-23T21:30:00+01:00, 2025-05-23T22:00:00+01:00
0.057000, 1.42, 2025-05-23T22:00:00+01:00, 2025-05-23T22:30:00+01:00
0.081000, 2.02, 2025-05-23T22:30:00+01:00, 2025-05-23T23:00:00+01:00
0.048000, 1.20, 2025-05-23T23:00:00+01:00, 2025-05-23T23:30:00+01:00
0.059000, 1.47, 2025-05-23T23:30:00+01:00, 2025-05-24T00:00:00+01:00
0.023000, 0.57, 2025-05-24T00:00:00+01:00, 2025-05-24T00:30:00+01:00
0.075000, 1.87, 2025-05-24T00:30:00+01:00, 2025-05-24T01:00:00+01:00
0.051000, 1.27, 2025-05-24T01:00:00+01:00, 2025-05-24T01:30:00+01:00
0.027000, 0.67, 2025-05-24T01:30:00+01:00, 2025-05-24T02:00:00+01:00
0.069000, 1.72, 2025-05-24T02:00:00+01:00, 2025-05-24T02:30:00+01:00
0.080000, 2.00, 2025-05-24T02:30:00+01:00, 2025-05-24T03:00:00+01:00
0.039000, 0.97, 2025-05-24T03:00:00+01:00, 2025-05-24T03:30:00+01:00
0.035000, 0.87, 2025-05-24T03:30:00+01:00, 2025-05-24T04:00:00+01:00
0.040000, 1.00, 2025-05-24T04:00:00+01:00, 2025-05-24T04:30:00+01:00
0.109000, 2.72, 2025-05-24T04:30:00+01:00, 2025-05-24T05:00:00+01:00
0.050000, 1.25, 2025-05-24T05:00:00+01:00, 2025-05-24T05:30:00+01:00
0.040000, 1.00, 2025-05-24T05:30:00+01:00, 2025-05-24T06:00:00+01:00
0.037000, 0.92, 2025-05-24T06:00:00+01:00, 2025-05-24T06:30:00+01:00
0.070000, 1.75, 2025-05-24T06:30:00+01:00, 2025-05-24T07:00:00+01:00
0.023000, 0.57, 2025-05-24T07:00:00+01:00, 2025-05-24T07:30:00+01:00
0.040000, 1.00, 2025-05-24T07:30:00+01:00, 2025-05-24T08:00:00+01:00
0.070000, 1.75, 2025-05-24T08:00:00+01:00, 2025-05-24T08:30:00+01:00
0.057000, 1.42, 2025-05-24T08:30:00+01:00, 2025-05-24T09:00:00+01:00
0.025000, 0.62, 2025-05-24T09:00:00+01:00, 2025-05-24T09:30:00+01:00
0.036000, 0.90, 2025-05-24T09:30:00+01:00, 2025-05-24T10:00:00+01:00
0.193000, 4.82, 2025-05-24T10:00:00+01:00, 2025-05-24T10:30:00+01:00
0.108000, 2.70, 2025-05-24T10:30:00+01:00, 2025-05-24T11:00:00+01:00
0.094000, 2.35, 2025-05-24T11:00:00+01:00, 2025-05-24T11:30:00+01:00
0.038000, 0.95, 2025-05-24T11:30:00+01:00, 2025-05-24T12:00:00+01:00
0.073000, 1.82, 2025-05-24T12:00:00+01:00, 2025-05-24T12:30:00+01:00
0.038000, 0.95, 2025-05-24T12:30:00+01:00, 2025-05-24T13:00:00+01:00
0.054000, 1.35, 2025-05-24T13:00:00+01:00, 2025-05-24T13:30:00+01:00
0.027000, 0.67, 2025-05-24T13:30:00+01:00, 2025-05-24T14:00:00+01:00
0.079000, 1.97, 2025-05-24T14:00:00+01:00, 2025-05-24T14:30:00+01:00
0.043000, 1.07, 2025-05-24T14:30:00+01:00, 2025-05-24T15:00:00+01:00
0.316000, 7.89, 2025-05-24T15:00:00+01:00, 2025-05-24T15:30:00+01:00
0.241000, 6.02, 2025-05-24T15:30:00+01:00, 2025-05-24T16:00:00+01:00
1.442000, 36.02, 2025-05-24T16:00:00+01:00, 2025-05-24T16:30:00+01:00
0.069000, 1.72, 2025-05-24T16:30:00+01:00, 2025-05-24T17:00:00+01:00
0.040000, 1.00, 2025-05-24T17:00:00+01:00, 2025-05-24T17:30:00+01:00
0.067000, 1.67, 2025-05-24T17:30:00+01:00, 2025-05-24T18:00:00+01:00
0.089000, 2.22, 2025-05-24T18:00:00+01:00, 2025-05-24T18:30:00+01:00
0.048000, 1.20, 2025-05-24T18:30:00+01:00, 2025-05-24T19:00:00+01:00
0.062000, 1.55, 2025-05-24T19:00:00+01:00, 2025-05-24T19:30:00+01:00
0.058000, 1.45, 2025-05-24T19:30:00+01:00, 2025-05-24T20:00:00+01:00
0.054000, 1.35, 2025-05-24T20:00:00+01:00, 2025-05-24T20:30:00+01:00
0.401000, 10.02, 2025-05-24T20:30:00+01:00, 2025-05-24T21:00:00+01:00
0.033000, 0.82, 2025-05-24T21:00:00+01:00, 2025-05-24T21:30:00+01:00
0.102000, 2.55, 2025-05-24T21:30:00+01:00, 2025-05-24T22:00:00+01:00
1.384000, 34.57, 2025-05-24T22:00:00+01:00, 2025-05-24T22:30:00+01:00
0.032000, 0.80, 2025-05-24T22:30:00+01:00, 2025-05-24T23:00:00+01:00
0.050000, 1.25, 2025-05-24T23:00:00+01:00, 2025-05-24T23:30:00+01:00
0.079000, 1.97, 2025-05-24T23:30:00+01:00, 2025-05-25T00:00:00+01:00
0.056000, 1.40, 2025-05-25T00:00:00+01:00, 2025-05-25T00:30:00+01:00
0.032000, 0.80, 2025-05-25T00:30:00+01:00, 2025-05-25T01:00:00+01:00
0.038000, 0.95, 2025-05-25T01:00:00+01:00, 2025-05-25T01:30:00+01:00
0.072000, 1.80, 2025-05-25T01:30:00+01:00, 2025-05-25T02:00:00+01:00
0.033000, 0.82, 2025-05-25T02:00:00+01:00, 2025-05-25T02:30:00+01:00
0.058000, 1.45, 2025-05-25T02:30:00+01:00, 2025-05-25T03:00:00+01:00
0.041000, 1.02, 2025-05-25T03:00:00+01:00, 2025-05-25T03:30:00+01:00
0.075000, 1.87, 2025-05-25T03:30:00+01:00, 2025-05-25T04:00:00+01:00
0.037000, 0.92, 2025-05-25T04:00:00+01:00, 2025-05-25T04:30:00+01:00
0.032000, 0.80, 2025-05-25T04:30:00+01:00, 2025-05-25T05:00:00+01:00
0.066000, 1.65, 2025-05-25T05:00:00+01:00, 2025-05-25T05:30:00+01:00
0.065000, 1.62, 2025-05-25T05:30:00+01:00, 2025-05-25T06:00:00+01:00
0.029000, 0.72, 2025-05-25T06:00:00+01:00, 2025-05-25T06:30:00+01:00
0.031000, 0.77, 2025-05-25T06:30:00+01:00, 2025-05-25T07:00:00+01:00
0.064000, 1.60, 2025-05-25T07:00:00+01:00, 2025-05-25T07:30:00+01:00
0.065000, 1.62, 2025-05-25T07:30:00+01:00, 2025-05-25T08:00:00+01:00
0.044000, 1.10, 2025-05-25T08:00:00+01:00, 2025-05-25T08:30:00+01:00
0.153000, 3.82, 2025-05-25T08:30:00+01:00, 2025-05-25T09:00:00+01:00
2.064000, 51.56, 2025-05-25T09:00:00+01:00, 2025-05-25T09:30:00+01:00
1.557000, 38.89, 2025-05-25T09:30:00+01:00, 2025-05-25T10:00:00+01:00
0.082000, 2.05, 2025-05-25T10:00:00+01:00, 2025-05-25T10:30:00+01:00
1.233000, 30.80, 2025-05-25T10:30:00+01:00, 2025-05-25T11:00:00+01:00
0.098000, 2.45, 2025-05-25T11:00:00+01:00, 2025-05-25T11:30:00+01:00
0.067000, 1.67, 2025-05-25T11:30:00+01:00, 2025-05-25T12:00:00+01:00
0.046000, 1.15, 2025-05-25T12:00:00+01:00, 2025-05-25T12:30:00+01:00
0.039000, 0.97, 2025-05-25T12:30:00+01:00, 2025-05-25T13:00:00+01:00
0.068000, 1.70, 2025-05-25T13:00:00+01:00, 2025-05-25T13:30:00+01:00
0.040000, 1.00, 2025-05-25T13:30:00+01:00, 2025-05-25T14:00:00+01:00
0.105000, 2.62, 2025-05-25T14:00:00+01:00, 2025-05-25T14:30:00+01:00
0.124000, 3.10, 2025-05-25T14:30:00+01:00, 2025-05-25T15:00:00+01:00
0.276000, 6.89, 2025-05-25T15:00:00+01:00, 2025-05-25T15:30:00+01:00
0.158000, 3.95, 2025-05-25T15:30:00+01:00, 2025-05-25T16:00:00+01:00
0.104000, 2.60, 2025-05-25T16:00:00+01:00, 2025-05-25T16:30:00+01:00
0.148000, 3.70, 2025-05-25T16:30:00+01:00, 2025-05-25T17:00:00+01:00
0.110000, 2.75, 2025-05-25T17:00:00+01:00, 2025-05-25T17:30:00+01:00
0.109000, 2.72, 2025-05-25T17:30:00+01:00, 2025-05-25T18:00:00+01:00
0.122000, 3.05, 2025-05-25T18:00:00+01:00, 2025-05-25T18:30:00+01:00
0.106000, 2.65, 2025-05-25T18:30:00+01:00, 2025-05-25T19:00:00+01:00
0.686000, 17.14, 2025-05-25T19:00:00+01:00, 2025-05-25T19:30:00+01:00
0.347000, 8.67, 2025-05-25T19:30:00+01:00, 2025-05-25T20:00:00+01:00
0.151000, 3.77, 2025-05-25T20:00:00+01:00, 2025-05-25T20:30:00+01:00
0.116000, 2.90, 2025-05-25T20:30:00+01:00, 2025-05-25T21:00:00+01:00
0.111000, 2.77, 2025-05-25T21:00:00+01:00, 2025-05-25T21:30:00+01:00
0.116000, 2.90, 2025-05-25T21:30:00+01:00, 2025-05-25T22:00:00+01:00
0.058000, 1.45, 2025-05-25T22:00:00+01:00, 2025-05-25T22:30:00+01:00
0.034000, 0.85, 2025-05-25T22:30:00+01:00, 2025-05-25T23:00:00+01:00
0.054000, 1.35, 2025-05-25T23:00:00+01:00, 2025-05-25T23:30:00+01:00
0.080000, 2.00, 2025-05-25T23:30:00+01:00, 2025-05-26T00:00:00+01:00
0.039000, 0.97, 2025-05-26T00:00:00+01:00, 2025-05-26T00:30:00+01:00
0.047000, 1.17, 2025-05-26T00:30:00+01:00, 2025-05-26T01:00:00+01:00
0.063000, 1.57, 2025-05-26T01:00:00+01:00, 2025-05-26T01:30:00+01:00
0.050000, 1.25, 2025-05-26T01:30:00+01:00, 2025-05-26T02:00:00+01:00
0.042000, 1.05, 2025-05-26T02:00:00+01:00, 2025-05-26T02:30:00+01:00
0.053000, 1.32, 2025-05-26T02:30:00+01:00, 2025-05-26T03:00:00+01:00
0.085000, 2.12, 2025-05-26T03:00:00+01:00, 2025-05-26T03:30:00+01:00
0.052000, 1.30, 2025-05-26T03:30:00+01:00, 2025-05-26T04:00:00+01:00
0.033000, 0.82, 2025-05-26T04:00:00+01:00, 2025-05-26T04:30:00+01:00
0.032000, 0.80, 2025-05-26T04:30:00+01:00, 2025-05-26T05:00:00+01:00
0.090000, 2.25, 2025-05-26T05:00:00+01:00, 2025-05-26T05:30:00+01:00
0.045000, 1.12, 2025-05-26T05:30:00+01:00, 2025-05-26T06:00:00+01:00
0.709000, 17.71, 2025-05-26T06:00:00+01:00, 2025-05-26T06:30:00+01:00
0.062000, 1.55, 2025-05-26T06:30:00+01:00, 2025-05-26T07:00:00+01:00
0.043000, 1.07, 2025-05-26T07:00:00+01:00, 2025-05-26T07:30:00+01:00
0.057000, 1.42, 2025-05-26T07:30:00+01:00, 2025-05-26T08:00:00+01:00
0.048000, 1.20, 2025-05-26T08:00:00+01:00, 2025-05-26T08:30:00+01:00
0.068000, 1.70, 2025-05-26T08:30:00+01:00, 2025-05-26T09:00:00+01:00
0.049000, 1.22, 2025-05-26T09:00:00+01:00, 2025-05-26T09:30:00+01:00
0.073000, 1.82, 2025-05-26T09:30:00+01:00, 2025-05-26T10:00:00+01:00
0.049000, 1.22, 2025-05-26T10:00:00+01:00, 2025-05-26T10:30:00+01:00
1.669000, 41.69, 2025-05-26T10:30:00+01:00, 2025-05-26T11:00:00+01:00
1.795000, 44.84, 2025-05-26T11:00:00+01:00, 2025-05-26T11:30:00+01:00
0.379000, 9.47, 2025-05-26T11:30:00+01:00, 2025-05-26T12:00:00+01:00
0.118000, 2.95, 2025-05-26T12:00:00+01:00, 2025-05-26T12:30:00+01:00
0.039000, 0.97, 2025-05-26T12:30:00+01:00, 2025-05-26T13:00:00+01:00
0.032000, 0.80, 2025-05-26T13:00:00+01:00, 2025-05-26T13:30:00+01:00
0.048000, 1.20, 2025-05-26T13:30:00+01:00, 2025-05-26T14:00:00+01:00
0.073000, 1.82, 2025-05-26T14:00:00+01:00, 2025-05-26T14:30:00+01:00
0.028000, 0.70, 2025-05-26T14:30:00+01:00, 2025-05-26T15:00:00+01:00
0.072000, 1.80, 2025-05-26T15:00:00+01:00, 2025-05-26T15:30:00+01:00
0.052000, 1.30, 2025-05-26T15:30:00+01:00, 2025-05-26T16:00:00+01:00
0.082000, 2.05, 2025-05-26T16:00:00+01:00, 2025-05-26T16:30:00+01:00
0.026000, 0.65, 2025-05-26T16:30:00+01:00, 2025-05-26T17:00:00+01:00
0.049000, 1.22, 2025-05-26T17:00:00+01:00, 2025-05-26T17:30:00+01:00
0.344000, 8.59, 2025-05-26T17:30:00+01:00, 2025-05-26T18:00:00+01:00
0.689000, 17.21, 2025-05-26T18:00:00+01:00, 2025-05-26T18:30:00+01:00
0.156000, 3.90, 2025-05-26T18:30:00+01:00, 2025-05-26T19:00:00+01:00
0.091000, 2.27, 2025-05-26T19:00:00+01:00, 2025-05-26T19:30:00+01:00
0.088000, 2.20, 2025-05-26T19:30:00+01:00, 2025-05-26T20:00:00+01:00
0.072000, 1.80, 2025-05-26T20:00:00+01:00, 2025-05-26T20:30:00+01:00
0.057000, 1.42, 2025-05-26T20:30:00+01:00, 2025-05-26T21:00:00+01:00
0.078000, 1.95, 2025-05-26T21:00:00+01:00, 2025-05-26T21:30:00+01:00
0.074000, 1.85, 2025-05-26T21:30:00+01:00, 2025-05-26T22:00:00+01:00
0.058000, 1.45, 2025-05-26T22:00:00+01:00, 2025-05-26T22:30:00+01:00
0.106000, 2.65, 2025-05-26T22:30:00+01:00, 2025-05-26T23:00:00+01:00
0.095000, 2.37, 2025-05-26T23:00:00+01:00, 2025-05-26T23:30:00+01:00
0.061000, 1.52, 2025-05-26T23:30:00+01:00, 2025-05-27T00:00:00+01:00
0.035000, 0.87, 2025-05-27T00:00:00+01:00, 2025-05-27T00:30:00+01:00
0.049000, 1.22, 2025-05-27T00:30:00+01:00, 2025-05-27T01:00:00+01:00
0.101000, 2.52, 2025-05-27T01:00:00+01:00, 2025-05-27T01:30:00+01:00
0.073000, 1.82, 2025-05-27T01:30:00+01:00, 2025-05-27T02:00:00+01:00
0.068000, 1.70, 2025-05-27T02:00:00+01:00, 2025-05-27T02:30:00+01:00
0.074000, 1.85, 2025-05-27T02:30:00+01:00, 2025-05-27T03:00:00+01:00
0.113000, 2.82, 2025-05-27T03:00:00+01:00, 2025-05-27T03:30:00+01:00
0.071000, 1.77, 2025-05-27T03:30:00+01:00, 2025-05-27T04:00:00+01:00
0.028000, 0.70, 2025-05-27T04:00:00+01:00, 2025-05-27T04:30:00+01:00
0.043000, 1.07, 2025-05-27T04:30:00+01:00, 2025-05-27T05:00:00+01:00
0.072000, 1.80, 2025-05-27T05:00:00+01:00, 2025-05-27T05:30:00+01:00
0.029000, 0.72, 2025-05-27T05:30:00+01:00, 2025-05-27T06:00:00+01:00
0.025000, 0.62, 2025-05-27T06:00:00+01:00, 2025-05-27T06:30:00+01:00
0.190000, 4.75, 2025-05-27T06:30:00+01:00, 2025-05-27T07:00:00+01:00
0.093000, 2.32, 2025-05-27T07:00:00+01:00, 2025-05-27T07:30:00+01:00
0.061000, 1.52, 2025-05-27T07:30:00+01:00, 2025-05-27T08:00:00+01:00
0.094000, 2.35, 2025-05-27T08:00:00+01:00, 2025-05-27T08:30:00+01:00
0.097000, 2.42, 2025-05-27T08:30:00+01:00, 2025-05-27T09:00:00+01:00
0.095000, 2.37, 2025-05-27T09:00:00+01:00, 2025-05-27T09:30:00+01:00
0.071000, 1.77, 2025-05-27T09:30:00+01:00, 2025-05-27T10:00:00+01:00
0.064000, 1.60, 2025-05-27T10:00:00+01:00, 2025-05-27T10:30:00+01:00
1.528000, 38.17, 2025-05-27T10:30:00+01:00, 2025-05-27T11:00:00+01:00
0.051000, 1.27, 2025-05-27T11:00:00+01:00, 2025-05-27T11:30:00+01:00
0.056000, 1.40, 2025-05-27T11:30:00+01:00, 2025-05-27T12:00:00+01:00
0.062000, 1.55, 2025-05-27T12:00:00+01:00, 2025-05-27T12:30:00+01:00
2.297000, 57.38, 2025-05-27T12:30:00+01:00, 2025-05-27T13:00:00+01:00
0.245000, 6.12, 2025-05-27T13:00:00+01:00, 2025-05-27T13:30:00+01:00
0.428000, 10.69, 2025-05-27T13:30:00+01:00, 2025-05-27T14:00:00+01:00
0.211000, 5.27, 2025-05-27T14:00:00+01:00, 2025-05-27T14:30:00+01:00
0.534000, 13.34, 2025-05-27T14:30:00+01:00, 2025-05-27T15:00:00+01:00
0.248000, 6.19, 2025-05-27T15:00:00+01:00, 2025-05-27T15:30:00+01:00
0.872000, 21.78, 2025-05-27T15:30:00+01:00, 2025-05-27T16:00:00+01:00
0.578000, 14.44, 2025-05-27T16:00:00+01:00, 2025-05-27T16:30:00+01:00
0.054000, 1.35, 2025-05-27T16:30:00+01:00, 2025-05-27T17:00:00+01:00
0.119000, 2.97, 2025-05-27T17:00:00+01:00, 2025-05-27T17:30:00+01:00
0.072000, 1.80, 2025-05-27T17:30:00+01:00, 2025-05-27T18:00:00+01:00
0.092000, 2.30, 2025-05-27T18:00:00+01:00, 2025-05-27T18:30:00+01:00
0.063000, 1.57, 2025-05-27T18:30:00+01:00, 2025-05-27T19:00:00+01:00
0.080000, 2.00, 2025-05-27T19:00:00+01:00, 2025-05-27T19:30:00+01:00
0.029000, 0.72, 2025-05-27T19:30:00+01:00, 2025-05-27T20:00:00+01:00
0.063000, 1.57, 2025-05-27T20:00:00+01:00, 2025-05-27T20:30:00+01:00
0.107000, 2.67, 2025-05-27T20:30:00+01:00, 2025-05-27T21:00:00+01:00
0.034000, 0.85, 2025-05-27T21:00:00+01:00, 2025-05-27T21:30:00+01:00
0.063000, 1.57, 2025-05-27T21:30:00+01:00, 2025-05-27T22:00:00+01:00
0.077000, 1.92, 2025-05-27T22:00:00+01:00, 2025-05-27T22:30:00+01:00
0.059000, 1.47, 2025-05-27T22:30:00+01:00, 2025-05-27T23:00:00+01:00
0.051000, 1.27, 2025-05-27T23:00:00+01:00, 2025-05-27T23:30:00+01:00
0.049000, 1.22, 2025-05-27T23:30:00+01:00, 2025-05-28T00:00:00+01:00
0.058000, 1.45, 2025-05-28T00:00:00+01:00, 2025-05-28T00:30:00+01:00
0.034000, 0.85, 2025-05-28T00:30:00+01:00, 2025-05-28T01:00:00+01:00
0.028000, 0.70, 2025-05-28T01:00:00+01:00, 2025-05-28T01:30:00+01:00
0.095000, 2.37, 2025-05-28T01:30:00+01:00, 2025-05-28T02:00:00+01:00
0.039000, 0.97, 2025-05-28T02:00:00+01:00, 2025-05-28T02:30:00+01:00
0.042000, 1.05, 2025-05-28T02:30:00+01:00, 2025-05-28T03:00:00+01:00
0.038000, 0.95, 2025-05-28T03:00:00+01:00, 2025-05-28T03:30:00+01:00
0.070000, 1.75, 2025-05-28T03:30:00+01:00, 2025-05-28T04:00:00+01:00
0.028000, 0.70, 2025-05-28T04:00:00+01:00, 2025-05-28T04:30:00+01:00
0.056000, 1.40, 2025-05-28T04:30:00+01:00, 2025-05-28T05:00:00+01:00
0.058000, 1.45, 2025-05-28T05:00:00+01:00, 2025-05-28T05:30:00+01:00
0.042000, 1.05, 2025-05-28T05:30:00+01:00, 2025-05-28T06:00:00+01:00
0.041000, 1.02, 2025-05-28T06:00:00+01:00, 2025-05-28T06:30:00+01:00
0.052000, 1.30, 2025-05-28T06:30:00+01:00, 2025-05-28T07:00:00+01:00
0.112000, 2.80, 2025-05-28T07:00:00+01:00, 2025-05-28T07:30:00+01:00
0.040000, 1.00, 2025-05-28T07:30:00+01:00, 2025-05-28T08:00:00+01:00
0.041000, 1.02, 2025-05-28T08:00:00+01:00, 2025-05-28T08:30:00+01:00
0.050000, 1.25, 2025-05-28T08:30:00+01:00, 2025-05-28T09:00:00+01:00
1.605000, 40.09, 2025-05-28T09:00:00+01:00, 2025-05-28T09:30:00+01:00
0.827000, 20.66, 2025-05-28T09:30:00+01:00, 2025-05-28T10:00:00+01:00
1.034000, 25.83, 2025-05-28T10:00:00+01:00, 2025-05-28T10:30:00+01:00
0.155000, 3.87, 2025-05-28T10:30:00+01:00, 2025-05-28T11:00:00+01:00
0.148000, 3.70, 2025-05-28T11:00:00+01:00, 2025-05-28T11:30:00+01:00
0.381000, 9.52, 2025-05-28T11:30:00+01:00, 2025-05-28T12:00:00+01:00
0.791000, 19.76, 2025-05-28T12:00:00+01:00, 2025-05-28T12:30:00+01:00
0.380000, 9.49, 2025-05-28T12:30:00+01:00, 2025-05-28T13:00:00+01:00
0.949000, 23.71, 2025-05-28T13:00:00+01:00, 2025-05-28T13:30:00+01:00
0.820000, 20.48, 2025-05-28T13:30:00+01:00, 2025-05-28T14:00:00+01:00
0.181000, 4.52, 2025-05-28T14:00:00+01:00, 2025-05-28T14:30:00+01:00
0.032000, 0.80, 2025-05-28T14:30:00+01:00, 2025-05-28T15:00:00+01:00
0.047000, 1.17, 2025-05-28T15:00:00+01:00, 2025-05-28T15:30:00+01:00
0.096000, 2.40, 2025-05-28T15:30:00+01:00, 2025-05-28T16:00:00+01:00
0.067000, 1.67, 2025-05-28T16:00:00+01:00, 2025-05-28T16:30:00+01:00
0.021000, 0.52, 2025-05-28T16:30:00+01:00, 2025-05-28T17:00:00+01:00
0.023000, 0.57, 2025-05-28T17:00:00+01:00, 2025-05-28T17:30:00+01:00
0.064000, 1.60, 2025-05-28T17:30:00+01:00, 2025-05-28T18:00:00+01:00
0.708000, 17.69, 2025-05-28T18:00:00+01:00, 2025-05-28T18:30:00+01:00
0.101000, 2.52, 2025-05-28T18:30:00+01:00, 2025-05-28T19:00:00+01:00
0.046000, 1.15, 2025-05-28T19:00:00+01:00, 2025-05-28T19:30:00+01:00
0.072000, 1.80, 2025-05-28T19:30:00+01:00, 2025-05-28T20:00:00+01:00
0.075000, 1.87, 2025-05-28T20:00:00+01:00, 2025-05-28T20:30:00+01:00
0.045000, 1.12, 2025-05-28T20:30:00+01:00, 2025-05-28T21:00:00+01:00
0.106000, 2.65, 2025-05-28T21:00:00+01:00, 2025-05-28T21:30:00+01:00
0.103000, 2.57, 2025-05-28T21:30:00+01:00, 2025-05-28T22:00:00+01:00
0.054000, 1.35, 2025-05-28T22:00:00+01:00, 2025-05-28T22:30:00+01:00
0.074000, 1.85, 2025-05-28T22:30:00+01:00, 2025-05-28T23:00:00+01:00
0.029000, 0.72, 2025-05-28T23:00:00+01:00, 2025-05-28T23:30:00+01:00
0.045000, 1.12, 2025-05-28T23:30:00+01:00, 2025-05-29T00:00:00+01:00
0.057000, 1.42, 2025-05-29T00:00:00+01:00, 2025-05-29T00:30:00+01:00
0.057000, 1.42, 2025-05-29T00:30:00+01:00, 2025-05-29T01:00:00+01:00
0.030000, 0.75, 2025-05-29T01:00:00+01:00, 2025-05-29T01:30:00+01:00
0.051000, 1.27, 2025-05-29T01:30:00+01:00, 2025-05-29T02:00:00+01:00
0.095000, 2.37, 2025-05-29T02:00:00+01:00, 2025-05-29T02:30:00+01:00
0.025000, 0.62, 2025-05-29T02:30:00+01:00, 2025-05-29T03:00:00+01:00
0.034000, 0.85, 2025-05-29T03:00:00+01:00, 2025-05-29T03:30:00+01:00
0.073000, 1.82, 2025-05-29T03:30:00+01:00, 2025-05-29T04:00:00+01:00
0.036000, 0.90, 2025-05-29T04:00:00+01:00, 2025-05-29T04:30:00+01:00
0.038000, 0.95, 2025-05-29T04:30:00+01:00, 2025-05-29T05:00:00+01:00
0.057000, 1.42, 2025-05-29T05:00:00+01:00, 2025-05-29T05:30:00+01:00
1.003000, 25.05, 2025-05-29T05:30:00+01:00, 2025-05-29T06:00:00+01:00
0.037000, 0.92, 2025-05-29T06:00:00+01:00, 2025-05-29T06:30:00+01:00
0.029000, 0.72, 2025-05-29T06:30:00+01:00, 2025-05-29T07:00:00+01:00
0.064000, 1.60, 2025-05-29T07:00:00+01:00, 2025-05-29T07:30:00+01:00
0.048000, 1.20, 2025-05-29T07:30:00+01:00, 2025-05-29T08:00:00+01:00
0.035000, 0.87, 2025-05-29T08:00:00+01:00, 2025-05-29T08:30:00+01:00
0.147000, 3.67, 2025-05-29T08:30:00+01:00, 2025-05-29T09:00:00+01:00
0.070000, 1.75, 2025-05-29T09:00:00+01:00, 2025-05-29T09:30:00+01:00
0.045000, 1.12, 2025-05-29T09:30:00+01:00, 2025-05-29T10:00:00+01:00
0.091000, 2.27, 2025-05-29T10:00:00+01:00, 2025-05-29T10:30:00+01:00
0.315000, 7.87, 2025-05-29T10:30:00+01:00, 2025-05-29T11:00:00+01:00
0.147000, 3.67, 2025-05-29T11:00:00+01:00, 2025-05-29T11:30:00+01:00
2.071000, 51.73, 2025-05-29T11:30:00+01:00, 2025-05-29T12:00:00+01:00
0.094000, 2.35, 2025-05-29T12:00:00+01:00, 2025-05-29T12:30:00+01:00
0.669000, 16.71, 2025-05-29T12:30:00+01:00, 2025-05-29T13:00:00+01:00
2.137000, 53.38, 2025-05-29T13:00:00+01:00, 2025-05-29T13:30:00+01:00
0.116000, 2.90, 2025-05-29T13:30:00+01:00, 2025-05-29T14:00:00+01:00
0.133000, 3.32, 2025-05-29T14:00:00+01:00, 2025-05-29T14:30:00+01:00
0.078000, 1.95, 2025-05-29T14:30:00+01:00, 2025-05-29T15:00:00+01:00
0.073000, 1.82, 2025-05-29T15:00:00+01:00, 2025-05-29T15:30:00+01:00
0.119000, 2.97, 2025-05-29T15:30:00+01:00, 2025-05-29T16:00:00+01:00
0.091000, 2.27, 2025-05-29T16:00:00+01:00, 2025-05-29T16:30:00+01:00
1.849000, 46.19, 2025-05-29T16:30:00+01:00, 2025-05-29T17:00:00+01:00
0.052000, 1.30, 2025-05-29T17:00:00+01:00, 2025-05-29T17:30:00+01:00
0.081000, 2.02, 2025-05-29T17:30:00+01:00, 2025-05-29T18:00:00+01:00
0.085000, 2.12, 2025-05-29T18:00:00+01:00, 2025-05-29T18:30:00+01:00
0.063000, 1.57, 2025-05-29T18:30:00+01:00, 2025-05-29T19:00:00+01:00
0.067000, 1.67, 2025-05-29T19:00:00+01:00, 2025-05-29T19:30:00+01:00
0.056000, 1.40, 2025-05-29T19:30:00+01:00, 2025-05-29T20:00:00+01:00
0.059000, 1.47, 2025-05-29T20:00:00+01:00, 2025-05-29T20:30:00+01:00
0.037000, 0.92, 2025-05-29T20:30:00+01:00, 2025-05-29T21:00:00+01:00
0.616000, 15.39, 2025-05-29T21:00:00+01:00, 2025-05-29T21:30:00+01:00
0.076000, 1.90, 2025-05-29T21:30:00+01:00, 2025-05-29T22:00:00+01:00
0.095000, 2.37, 2025-05-29T22:00:00+01:00, 2025-05-29T22:30:00+01:00
0.042000, 1.05, 2025-05-29T22:30:00+01:00, 2025-05-29T23:00:00+01:00
0.054000, 1.35, 2025-05-29T23:00:00+01:00, 2025-05-29T23:30:00+01:00
0.084000, 2.10, 2025-05-29T23:30:00+01:00, 2025-05-30T00:00:00+01:00
0.045000, 1.12, 2025-05-30T00:00:00+01:00, 2025-05-30T00:30:00+01:00
0.065000, 1.62, 2025-05-30T00:30:00+01:00, 2025-05-30T01:00:00+01:00
0.031000, 0.77, 2025-05-30T01:00:00+01:00, 2025-05-30T01:30:00+01:00
0.069000, 1.72, 2025-05-30T01:30:00+01:00, 2025-05-30T02:00:00+01:00
0.035000, 0.87, 2025-05-30T02:00:00+01:00, 2025-05-30T02:30:00+01:00
0.069000, 1.72, 2025-05-30T02:30:00+01:00, 2025-05-30T03:00:00+01:00
0.056000, 1.40, 2025-05-30T03:00:00+01:00, 2025-05-30T03:30:00+01:00
0.056000, 1.40, 2025-05-30T03:30:00+01:00, 2025-05-30T04:00:00+01:00
0.061000, 1.52, 2025-05-30T04:00:00+01:00, 2025-05-30T04:30:00+01:00
0.032000, 0.80, 2025-05-30T04:30:00+01:00, 2025-05-30T05:00:00+01:00
0.065000, 1.62, 2025-05-30T05:00:00+01:00, 2025-05-30T05:30:00+01:00
0.275000, 6.87, 2025-05-30T05:30:00+01:00, 2025-05-30T06:00:00+01:00
1.294000, 32.32, 2025-05-30T06:00:00+01:00, 2025-05-30T06:30:00+01:00
0.127000, 3.17, 2025-05-30T06:30:00+01:00, 2025-05-30T07:00:00+01:00
0.061000, 1.52, 2025-05-30T07:00:00+01:00, 2025-05-30T07:30:00+01:00
0.065000, 1.62, 2025-05-30T07:30:00+01:00, 2025-05-30T08:00:00+01:00
0.027000, 0.67, 2025-05-30T08:00:00+01:00, 2025-05-30T08:30:00+01:00
0.142000, 3.55, 2025-05-30T08:30:00+01:00, 2025-05-30T09:00:00+01:00
0.474000, 11.84, 2025-05-30T09:00:00+01:00, 2025-05-30T09:30:00+01:00
0.149000, 3.72, 2025-05-30T09:30:00+01:00, 2025-05-30T10:00:00+01:00
0.080000, 2.00, 2025-05-30T10:00:00+01:00, 2025-05-30T10:30:00+01:00
0.101000, 2.52, 2025-05-30T10:30:00+01:00, 2025-05-30T11:00:00+01:00
0.180000, 4.50, 2025-05-30T11:00:00+01:00, 2025-05-30T11:30:00+01:00
0.120000, 3.00, 2025-05-30T11:30:00+01:00, 2025-05-30T12:00:00+01:00
0.156000, 3.90, 2025-05-30T12:00:00+01:00, 2025-05-30T12:30:00+01:00
2.195000, 54.83, 2025-05-30T12:30:00+01:00, 2025-05-30T13:00:00+01:00
1.463000, 36.55, 2025-05-30T13:00:00+01:00, 2025-05-30T13:30:00+01:00
0.056000, 1.40, 2025-05-30T13:30:00+01:00, 2025-05-30T14:00:00+01:00
0.058000, 1.45, 2025-05-30T14:00:00+01:00, 2025-05-30T14:30:00+01:00
0.059000, 1.47, 2025-05-30T14:30:00+01:00, 2025-05-30T15:00:00+01:00
0.041000, 1.02, 2025-05-30T15:00:00+01:00, 2025-05-30T15:30:00+01:00
0.069000, 1.72, 2025-05-30T15:30:00+01:00, 2025-05-30T16:00:00+01:00
0.072000, 1.80, 2025-05-30T16:00:00+01:00, 2025-05-30T16:30:00+01:00
0.049000, 1.22, 2025-05-30T16:30:00+01:00, 2025-05-30T17:00:00+01:00
0.040000, 1.00, 2025-05-30T17:00:00+01:00, 2025-05-30T17:30:00+01:00
0.113000, 2.82, 2025-05-30T17:30:00+01:00, 2025-05-30T18:00:00+01:00
0.044000, 1.10, 2025-05-30T18:00:00+01:00, 2025-05-30T18:30:00+01:00
0.042000, 1.05, 2025-05-30T18:30:00+01:00, 2025-05-30T19:00:00+01:00
0.240000, 6.00, 2025-05-30T19:00:00+01:00, 2025-05-30T19:30:00+01:00
0.542000, 13.54, 2025-05-30T19:30:00+01:00, 2025-05-30T20:00:00+01:00
0.126000, 3.15, 2025-05-30T20:00:00+01:00, 2025-05-30T20:30:00+01:00
0.132000, 3.30, 2025-05-30T20:30:00+01:00, 2025-05-30T21:00:00+01:00
0.136000, 3.40, 2025-05-30T21:00:00+01:00, 2025-05-30T21:30:00+01:00
0.100000, 2.50, 2025-05-30T21:30:00+01:00, 2025-05-30T22:00:00+01:00
0.083000, 2.07, 2025-05-30T22:00:00+01:00, 2025-05-30T22:30:00+01:00
0.078000, 1.95, 2025-05-30T22:30:00+01:00, 2025-05-30T23:00:00+01:00
0.046000, 1.15, 2025-05-30T23:00:00+01:00, 2025-05-30T23:30:00+01:00
0.076000, 1.90, 2025-05-30T23:30:00+01:00, 2025-05-31T00:00:00+01:00
0.044000, 1.10, 2025-05-31T00:00:00+01:00, 2025-05-31T00:30:00+01:00
0.086000, 2.15, 2025-05-31T00:30:00+01:00, 2025-05-31T01:00:00+01:00
0.052000, 1.30, 2025-05-31T01:00:00+01:00, 2025-05-31T01:30:00+01:00
0.037000, 0.92, 2025-05-31T01:30:00+01:00, 2025-05-31T02:00:00+01:00
0.048000, 1.20, 2025-05-31T02:00:00+01:00, 2025-05-31T02:30:00+01:00
0.083000, 2.07, 2025-05-31T02:30:00+01:00, 2025-05-31T03:00:00+01:00
0.060000, 1.50, 2025-05-31T03:00:00+01:00, 2025-05-31T03:30:00+01:00
0.040000, 1.00, 2025-05-31T03:30:00+01:00, 2025-05-31T04:00:00+01:00
0.047000, 1.17, 2025-05-31T04:00:00+01:00, 2025-05-31T04:30:00+01:00
0.077000, 1.92, 2025-05-31T04:30:00+01:00, 2025-05-31T05:00:00+01:00
0.037000, 0.92, 2025-05-31T05:00:00+01:00, 2025-05-31T05:30:00+01:00
0.029000, 0.72, 2025-05-31T05:30:00+01:00, 2025-05-31T06:00:00+01:00
0.072000, 1.80, 2025-05-31T06:00:00+01:00, 2025-05-31T06:30:00+01:00
0.075000, 1.87, 2025-05-31T06:30:00+01:00, 2025-05-31T07:00:00+01:00
0.025000, 0.62, 2025-05-31T07:00:00+01:00, 2025-05-31T07:30:00+01:00
0.041000, 1.02, 2025-05-31T07:30:00+01:00, 2025-05-31T08:00:00+01:00
0.055000, 1.37, 2025-05-31T08:00:00+01:00, 2025-05-31T08:30:00+01:00
1.279000, 31.95, 2025-05-31T08:30:00+01:00, 2025-05-31T09:00:00+01:00
0.471000, 11.77, 2025-05-31T09:00:00+01:00, 2025-05-31T09:30:00+01:00
0.186000, 4.65, 2025-05-31T09:30:00+01:00, 2025-05-31T10:00:00+01:00
1.650000, 41.22, 2025-05-31T10:00:00+01:00, 2025-05-31T10:30:00+01:00
0.251000, 6.27, 2025-05-31T10:30:00+01:00, 2025-05-31T11:00:00+01:00
0.085000, 2.12, 2025-05-31T11:00:00+01:00, 2025-05-31T11:30:00+01:00
1.054000, 26.33, 2025-05-31T11:30:00+01:00, 2025-05-31T12:00:00+01:00
0.297000, 7.42, 2025-05-31T12:00:00+01:00, 2025-05-31T12:30:00+01:00
1.233000, 30.80, 2025-05-31T12:30:00+01:00, 2025-05-31T13:00:00+01:00
0.068000, 1.70, 2025-05-31T13:00:00+01:00, 2025-05-31T13:30:00+01:00
0.045000, 1.12, 2025-05-31T13:30:00+01:00, 2025-05-31T14:00:00+01:00
0.082000, 2.05, 2025-05-31T14:00:00+01:00, 2025-05-31T14:30:00+01:00
0.047000, 1.17, 2025-05-31T14:30:00+01:00, 2025-05-31T15:00:00+01:00
0.029000, 0.72, 2025-05-31T15:00:00+01:00, 2025-05-31T15:30:00+01:00
0.056000, 1.40, 2025-05-31T15:30:00+01:00, 2025-05-31T16:00:00+01:00
0.158000, 3.95, 2025-05-31T16:00:00+01:00, 2025-05-31T16:30:00+01:00
0.172000, 4.30, 2025-05-31T16:30:00+01:00, 2025-05-31T17:00:00+01:00
0.923000, 23.06, 2025-05-31T17:00:00+01:00, 2025-05-31T17:30:00+01:00
0.605000, 15.11, 2025-05-31T17:30:00+01:00, 2025-05-31T18:00:00+01:00
0.502000, 12.54, 2025-05-31T18:00:00+01:00, 2025-05-31T18:30:00+01:00
0.656000, 16.39, 2025-05-31T18:30:00+01:00, 2025-05-31T19:00:00+01:00
0.209000, 5.22, 2025-05-31T19:00:00+01:00, 2025-05-31T19:30:00+01:00
0.549000, 13.71, 2025-05-31T19:30:00+01:00, 2025-05-31T20:00:00+01:00
0.455000, 11.37, 2025-05-31T20:00:00+01:00, 2025-05-31T20:30:00+01:00
0.130000, 3.25, 2025-05-31T20:30:00+01:00, 2025-05-31T21:00:00+01:00
0.097000, 2.42, 2025-05-31T21:00:00+01:00, 2025-05-31T21:30:00+01:00
0.072000, 1.80, 2025-05-31T21:30:00+01:00, 2025-05-31T22:00:00+01:00
0.135000, 3.37, 2025-05-31T22:00:00+01:00, 2025-05-31T22:30:00+01:00
0.092000, 2.30, 2025-05-31T22:30:00+01:00, 2025-05-31T23:00:00+01:00
0.051000, 1.27, 2025-05-31T23:00:00+01:00, 2025-05-31T23:30:00+01:00
0.046000, 1.15, 2025-05-31T23:30:00+01:00, 2025-06-01T00:00:00+01:00
0.084000, 2.10, 2025-06-01T00:00:00+01:00, 2025-06-01T00:30:00+01:00
0.056000, 1.40, 2025-06-01T00:30:00+01:00, 2025-06-01T01:00:00+01:00
0.034000, 0.85, 2025-06-01T01:00:00+01:00, 2025-06-01T01:30:00+01:00
0.086000, 2.15, 2025-06-01T01:30:00+01:00, 2025-06-01T02:00:00+01:00
0.045000, 1.12, 2025-06-01T02:00:00+01:00, 2025-06-01T02:30:00+01:00
0.038000, 0.95, 2025-06-01T02:30:00+01:00, 2025-06-01T03:00:00+01:00
0.066000, 1.65, 2025-06-01T03:00:00+01:00, 2025-06-01T03:30:00+01:00
0.081000, 2.02, 2025-06-01T03:30:00+01:00, 2025-06-01T04:00:00+01:00
0.029000, 0.72, 2025-06-01T04:00:00+01:00, 2025-06-01T04:30:00+01:00
0.048000, 1.20, 2025-06-01T04:30:00+01:00, 2025-06-01T05:00:00+01:00
0.076000, 1.90, 2025-06-01T05:00:00+01:00, 2025-06-01T05:30:00+01:00
0.043000, 1.07, 2025-06-01T05:30:00+01:00, 2025-06-01T06:00:00+01:00
0.032000, 0.80, 2025-06-01T06:00:00+01:00, 2025-06-01T06:30:00+01:00
0.103000, 2.57, 2025-06-01T06:30:00+01:00, 2025-06-01T07:00:00+01:00
0.059000, 1.47, 2025-06-01T07:00:00+01:00, 2025-06-01T07:30:00+01:00
1.015000, 25.35, 2025-06-01T07:30:00+01:00, 2025-06-01T08:00:00+01:00
1.354000, 33.82, 2025-06-01T08:00:00+01:00, 2025-06-01T08:30:00+01:00
0.067000, 1.67, 2025-06-01T08:30:00+01:00, 2025-06-01T09:00:00+01:00
0.072000, 1.80, 2025-06-01T09:00:00+01:00, 2025-06-01T09:30:00+01:00
0.081000, 2.02, 2025-06-01T09:30:00+01:00, 2025-06-01T10:00:00+01:00
2.156000, 53.86, 2025-06-01T10:00:00+01:00, 2025-06-01T10:30:00+01:00
0.316000, 7.89, 2025-06-01T10:30:00+01:00, 2025-06-01T11:00:00+01:00
0.049000, 1.22, 2025-06-01T11:00:00+01:00, 2025-06-01T11:30:00+01:00
0.061000, 1.52, 2025-06-01T11:30:00+01:00, 2025-06-01T12:00:00+01:00
0.087000, 2.17, 2025-06-01T12:00:00+01:00, 2025-06-01T12:30:00+01:00
0.051000, 1.27, 2025-06-01T12:30:00+01:00, 2025-06-01T13:00:00+01:00
0.027000, 0.67, 2025-06-01T13:00:00+01:00, 2025-06-01T13:30:00+01:00
0.060000, 1.50, 2025-06-01T13:30:00+01:00, 2025-06-01T14:00:00+01:00
0.086000, 2.15, 2025-06-01T14:00:00+01:00, 2025-06-01T14:30:00+01:00
0.045000, 1.12, 2025-06-01T14:30:00+01:00, 2025-06-01T15:00:00+01:00
0.047000, 1.17, 2025-06-01T15:00:00+01:00, 2025-06-01T15:30:00+01:00
0.057000, 1.42, 2025-06-01T15:30:00+01:00, 2025-06-01T16:00:00+01:00
0.073000, 1.82, 2025-06-01T16:00:00+01:00, 2025-06-01T16:30:00+01:00
0.033000, 0.82, 2025-06-01T16:30:00+01:00, 2025-06-01T17:00:00+01:00
0.034000, 0.85, 2025-06-01T17:00:00+01:00, 2025-06-01T17:30:00+01:00
0.089000, 2.22, 2025-06-01T17:30:00+01:00, 2025-06-01T18:00:00+01:00
0.070000, 1.75, 2025-06-01T18:00:00+01:00, 2025-06-01T18:30:00+01:00
0.043000, 1.07, 2025-06-01T18:30:00+01:00, 2025-06-01T19:00:00+01:00
0.046000, 1.15, 2025-06-01T19:00:00+01:00, 2025-06-01T19:30:00+01:00
0.091000, 2.27, 2025-06-01T19:30:00+01:00, 2025-06-01T20:00:00+01:00
0.053000, 1.32, 2025-06-01T20:00:00+01:00, 2025-06-01T20:30:00+01:00
0.056000, 1.40, 2025-06-01T20:30:00+01:00, 2025-06-01T21:00:00+01:00
0.057000, 1.42, 2025-06-01T21:00:00+01:00, 2025-06-01T21:30:00+01:00
0.079000, 1.97, 2025-06-01T21:30:00+01:00, 2025-06-01T22:00:00+01:00
0.039000, 0.97, 2025-06-01T22:00:00+01:00, 2025-06-01T22:30:00+01:00
0.057000, 1.42, 2025-06-01T22:30:00+01:00, 2025-06-01T23:00:00+01:00
0.080000, 2.00, 2025-06-01T23:00:00+01:00, 2025-06-01T23:30:00+01:00
0.078000, 1.95, 2025-06-01T23:30:00+01:00, 2025-06-02T00:00:00+01:00
0.027000, 0.67, 2025-06-02T00:00:00+01:00, 2025-06-02T00:30:00+01:00
0.048000, 1.20, 2025-06-02T00:30:00+01:00, 2025-06-02T01:00:00+01:00
0.073000, 1.82, 2025-06-02T01:00:00+01:00, 2025-06-02T01:30:00+01:00
0.053000, 1.32, 2025-06-02T01:30:00+01:00, 2025-06-02T02:00:00+01:00
0.039000, 0.97, 2025-06-02T02:00:00+01:00, 2025-06-02T02:30:00+01:00
0.029000, 0.72, 2025-06-02T02:30:00+01:00, 2025-06-02T03:00:00+01:00
0.077000, 1.92, 2025-06-02T03:00:00+01:00, 2025-06-02T03:30:00+01:00
0.049000, 1.22, 2025-06-02T03:30:00+01:00, 2025-06-02T04:00:00+01:00
0.043000, 1.07, 2025-06-02T04:00:00+01:00, 2025-06-02T04:30:00+01:00
0.070000, 1.75, 2025-06-02T04:30:00+01:00, 2025-06-02T05:00:00+01:00
0.083000, 2.07, 2025-06-02T05:00:00+01:00, 2025-06-02T05:30:00+01:00
0.027000, 0.67, 2025-06-02T05:30:00+01:00, 2025-06-02T06:00:00+01:00
0.036000, 0.90, 2025-06-02T06:00:00+01:00, 2025-06-02T06:30:00+01:00
0.074000, 1.85, 2025-06-02T06:30:00+01:00, 2025-06-02T07:00:00+01:00
1.138000, 28.43, 2025-06-02T07:00:00+01:00, 2025-06-02T07:30:00+01:00
0.067000, 1.67, 2025-06-02T07:30:00+01:00, 2025-06-02T08:00:00+01:00
0.053000, 1.32, 2025-06-02T08:00:00+01:00, 2025-06-02T08:30:00+01:00
0.108000, 2.70, 2025-06-02T08:30:00+01:00, 2025-06-02T09:00:00+01:00
0.077000, 1.92, 2025-06-02T09:00:00+01:00, 2025-06-02T09:30:00+01:00
0.085000, 2.12, 2025-06-02T09:30:00+01:00, 2025-06-02T10:00:00+01:00
0.068000, 1.70, 2025-06-02T10:00:00+01:00, 2025-06-02T10:30:00+01:00
0.147000, 3.67, 2025-06-02T10:30:00+01:00, 2025-06-02T11:00:00+01:00
0.077000, 1.92, 2025-06-02T11:00:00+01:00, 2025-06-02T11:30:00+01:00
0.090000, 2.25, 2025-06-02T11:30:00+01:00, 2025-06-02T12:00:00+01:00
0.051000, 1.27, 2025-06-02T12:00:00+01:00, 2025-06-02T12:30:00+01:00
0.403000, 10.07, 2025-06-02T12:30:00+01:00, 2025-06-02T13:00:00+01:00
0.224000, 5.60, 2025-06-02T13:00:00+01:00, 2025-06-02T13:30:00+01:00
1.714000, 42.81, 2025-06-02T13:30:00+01:00, 2025-06-02T14:00:00+01:00
0.157000, 3.92, 2025-06-02T14:00:00+01:00, 2025-06-02T14:30:00+01:00
0.060000, 1.50, 2025-06-02T14:30:00+01:00, 2025-06-02T15:00:00+01:00
0.056000, 1.40, 2025-06-02T15:00:00+01:00, 2025-06-02T15:30:00+01:00
0.054000, 1.35, 2025-06-02T15:30:00+01:00, 2025-06-02T16:00:00+01:00
0.089000, 2.22, 2025-06-02T16:00:00+01:00, 2025-06-02T16:30:00+01:00
0.031000, 0.77, 2025-06-02T16:30:00+01:00, 2025-06-02T17:00:00+01:00
0.062000, 1.55, 2025-06-02T17:00:00+01:00, 2025-06-02T17:30:00+01:00
0.623000, 15.56, 2025-06-02T17:30:00+01:00, 2025-06-02T18:00:00+01:00
0.272000, 6.79, 2025-06-02T18:00:00+01:00, 2025-06-02T18:30:00+01:00
0.206000, 5.15, 2025-06-02T18:30:00+01:00, 2025-06-02T19:00:00+01:00
0.059000, 1.47, 2025-06-02T19:00:00+01:00, 2025-06-02T19:30:00+01:00
0.131000, 3.27, 2025-06-02T19:30:00+01:00, 2025-06-02T20:00:00+01:00
0.092000, 2.30, 2025-06-02T20:00:00+01:00, 2025-06-02T20:30:00+01:00
0.081000, 2.02, 2025-06-02T20:30:00+01:00, 2025-06-02T21:00:00+01:00
0.081000, 2.02, 2025-06-02T21:00:00+01:00, 2025-06-02T21:30:00+01:00
0.094000, 2.35, 2025-06-02T21:30:00+01:00, 2025-06-02T22:00:00+01:00
0.044000, 1.10, 2025-06-02T22:00:00+01:00, 2025-06-02T22:30:00+01:00
0.044000, 1.10, 2025-06-02T22:30:00+01:00, 2025-06-02T23:00:00+01:00
0.072000, 1.80, 2025-06-02T23:00:00+01:00, 2025-06-02T23:30:00+01:00
0.075000, 1.87, 2025-06-02T23:30:00+01:00, 2025-06-03T00:00:00+01:00
0.022000, 0.55, 2025-06-03T00:00:00+01:00, 2025-06-03T00:30:00+01:00
0.030000, 0.75, 2025-06-03T00:30:00+01:00, 2025-06-03T01:00:00+01:00
0.075000, 1.87, 2025-06-03T01:00:00+01:00, 2025-06-03T01:30:00+01:00
0.061000, 1.52, 2025-06-03T01:30:00+01:00, 2025-06-03T02:00:00+01:00
0.035000, 0.87, 2025-06-03T02:00:00+01:00, 2025-06-03T02:30:00+01:00
0.070000, 1.75, 2025-06-03T02:30:00+01:00, 2025-06-03T03:00:00+01:00
0.076000, 1.90, 2025-06-03T03:00:00+01:00, 2025-06-03T03:30:00+01:00
0.048000, 1.20, 2025-06-03T03:30:00+01:00, 2025-06-03T04:00:00+01:00
0.026000, 0.65, 2025-06-03T04:00:00+01:00, 2025-06-03T04:30:00+01:00
0.076000, 1.90, 2025-06-03T04:30:00+01:00, 2025-06-03T05:00:00+01:00
0.044000, 1.10, 2025-06-03T05:00:00+01:00, 2025-06-03T05:30:00+01:00
0.042000, 1.05, 2025-06-03T05:30:00+01:00, 2025-06-03T06:00:00+01:00
1.093000, 27.30, 2025-06-03T06:00:00+01:00, 2025-06-03T06:30:00+01:00
0.096000, 2.40, 2025-06-03T06:30:00+01:00, 2025-06-03T07:00:00+01:00
0.050000, 1.25, 2025-06-03T07:00:00+01:00, 2025-06-03T07:30:00+01:00
2.881000, 71.97, 2025-06-03T07:30:00+01:00, 2025-06-03T08:00:00+01:00
0.171000, 4.27, 2025-06-03T08:00:00+01:00, 2025-06-03T08:30:00+01:00
0.075000, 1.87, 2025-06-03T08:30:00+01:00, 2025-06-03T09:00:00+01:00
0.033000, 0.82, 2025-06-03T09:00:00+01:00, 2025-06-03T09:30:00+01:00
0.039000, 0.97, 2025-06-03T09:30:00+01:00, 2025-06-03T10:00:00+01:00
0.059000, 1.47, 2025-06-03T10:00:00+01:00, 2025-06-03T10:30:00+01:00
0.216000, 5.40, 2025-06-03T10:30:00+01:00, 2025-06-03T11:00:00+01:00
0.060000, 1.50, 2025-06-03T11:00:00+01:00, 2025-06-03T11:30:00+01:00
0.055000, 1.37, 2025-06-03T11:30:00+01:00, 2025-06-03T12:00:00+01:00
0.358000, 8.94, 2025-06-03T12:00:00+01:00, 2025-06-03T12:30:00+01:00
0.102000, 2.55, 2025-06-03T12:30:00+01:00, 2025-06-03T13:00:00+01:00
1.279000, 31.95, 2025-06-03T13:00:00+01:00, 2025-06-03T13:30:00+01:00
0.471000, 11.77, 2025-06-03T13:30:00+01:00, 2025-06-03T14:00:00+01:00
0.061000, 1.52, 2025-06-03T14:00:00+01:00, 2025-06-03T14:30:00+01:00
0.034000, 0.85, 2025-06-03T14:30:00+01:00, 2025-06-03T15:00:00+01:00
0.028000, 0.70, 2025-06-03T15:00:00+01:00, 2025-06-03T15:30:00+01:00
0.040000, 1.00, 2025-06-03T15:30:00+01:00, 2025-06-03T16:00:00+01:00
0.046000, 1.15, 2025-06-03T16:00:00+01:00, 2025-06-03T16:30:00+01:00
0.019000, 0.47, 2025-06-03T16:30:00+01:00, 2025-06-03T17:00:00+01:00
0.027000, 0.67, 2025-06-03T17:00:00+01:00, 2025-06-03T17:30:00+01:00
0.149000, 3.72, 2025-06-03T17:30:00+01:00, 2025-06-03T18:00:00+01:00
0.040000, 1.00, 2025-06-03T18:00:00+01:00, 2025-06-03T18:30:00+01:00
0.048000, 1.20, 2025-06-03T18:30:00+01:00, 2025-06-03T19:00:00+01:00
0.047000, 1.17, 2025-06-03T19:00:00+01:00, 2025-06-03T19:30:00+01:00
0.084000, 2.10, 2025-06-03T19:30:00+01:00, 2025-06-03T20:00:00+01:00
0.041000, 1.02, 2025-06-03T20:00:00+01:00, 2025-06-03T20:30:00+01:00
0.035000, 0.87, 2025-06-03T20:30:00+01:00, 2025-06-03T21:00:00+01:00
0.807000, 20.16, 2025-06-03T21:00:00+01:00, 2025-06-03T21:30:00+01:00
0.121000, 3.02, 2025-06-03T21:30:00+01:00, 2025-06-03T22:00:00+01:00
0.025000, 0.62, 2025-06-03T22:00:00+01:00, 2025-06-03T22:30:00+01:00
0.026000, 0.65, 2025-06-03T22:30:00+01:00, 2025-06-03T23:00:00+01:00
0.071000, 1.77, 2025-06-03T23:00:00+01:00, 2025-06-03T23:30:00+01:00
0.041000, 1.02, 2025-06-03T23:30:00+01:00, 2025-06-04T00:00:00+01:00
0.023000, 0.57, 2025-06-04T00:00:00+01:00, 2025-06-04T00:30:00+01:00
0.031000, 0.77, 2025-06-04T00:30:00+01:00, 2025-06-04T01:00:00+01:00
0.085000, 2.12, 2025-06-04T01:00:00+01:00, 2025-06-04T01:30:00+01:00
0.054000, 1.35, 2025-06-04T01:30:00+01:00, 2025-06-04T02:00:00+01:00
0.025000, 0.62, 2025-06-04T02:00:00+01:00, 2025-06-04T02:30:00+01:00
0.037000, 0.92, 2025-06-04T02:30:00+01:00, 2025-06-04T03:00:00+01:00
0.056000, 1.40, 2025-06-04T03:00:00+01:00, 2025-06-04T03:30:00+01:00
0.025000, 0.62, 2025-06-04T03:30:00+01:00, 2025-06-04T04:00:00+01:00
0.055000, 1.37, 2025-06-04T04:00:00+01:00, 2025-06-04T04:30:00+01:00
0.053000, 1.32, 2025-06-04T04:30:00+01:00, 2025-06-04T05:00:00+01:00
0.042000, 1.05, 2025-06-04T05:00:00+01:00, 2025-06-04T05:30:00+01:00
0.063000, 1.57, 2025-06-04T05:30:00+01:00, 2025-06-04T06:00:00+01:00
0.079000, 1.97, 2025-06-04T06:00:00+01:00, 2025-06-04T06:30:00+01:00
1.076000, 26.88, 2025-06-04T06:30:00+01:00, 2025-06-04T07:00:00+01:00
0.026000, 0.65, 2025-06-04T07:00:00+01:00, 2025-06-04T07:30:00+01:00
3.084000, 77.04, 2025-06-04T07:30:00+01:00, 2025-06-04T08:00:00+01:00
0.106000, 2.65, 2025-06-04T08:00:00+01:00, 2025-06-04T08:30:00+01:00
0.095000, 2.37, 2025-06-04T08:30:00+01:00, 2025-06-04T09:00:00+01:00
0.187000, 4.67, 2025-06-04T09:00:00+01:00, 2025-06-04T09:30:00+01:00
0.066000, 1.65, 2025-06-04T09:30:00+01:00, 2025-06-04T10:00:00+01:00
0.099000, 2.47, 2025-06-04T10:00:00+01:00, 2025-06-04T10:30:00+01:00
0.096000, 2.40, 2025-06-04T10:30:00+01:00, 2025-06-04T11:00:00+01:00
0.048000, 1.20, 2025-06-04T11:00:00+01:00, 2025-06-04T11:30:00+01:00
0.045000, 1.12, 2025-06-04T11:30:00+01:00, 2025-06-04T12:00:00+01:00
0.423000, 10.57, 2025-06-04T12:00:00+01:00, 2025-06-04T12:30:00+01:00
0.050000, 1.25, 2025-06-04T12:30:00+01:00, 2025-06-04T13:00:00+01:00
0.043000, 1.07, 2025-06-04T13:00:00+01:00, 2025-06-04T13:30:00+01:00
0.032000, 0.80, 2025-06-04T13:30:00+01:00, 2025-06-04T14:00:00+01:00
0.176000, 4.40, 2025-06-04T14:00:00+01:00, 2025-06-04T14:30:00+01:00
0.042000, 1.05, 2025-06-04T14:30:00+01:00, 2025-06-04T15:00:00+01:00
0.034000, 0.85, 2025-06-04T15:00:00+01:00, 2025-06-04T15:30:00+01:00
0.054000, 1.35, 2025-06-04T15:30:00+01:00, 2025-06-04T16:00:00+01:00
0.078000, 1.95, 2025-06-04T16:00:00+01:00, 2025-06-04T16:30:00+01:00
0.259000, 6.47, 2025-06-04T16:30:00+01:00, 2025-06-04T17:00:00+01:00
0.053000, 1.32, 2025-06-04T17:00:00+01:00, 2025-06-04T17:30:00+01:00
0.107000, 2.67, 2025-06-04T17:30:00+01:00, 2025-06-04T18:00:00+01:00
0.092000, 2.30, 2025-06-04T18:00:00+01:00, 2025-06-04T18:30:00+01:00
0.074000, 1.85, 2025-06-04T18:30:00+01:00, 2025-06-04T19:00:00+01:00
0.039000, 0.97, 2025-06-04T19:00:00+01:00, 2025-06-04T19:30:00+01:00
0.283000, 7.07, 2025-06-04T19:30:00+01:00, 2025-06-04T20:00:00+01:00
0.045000, 1.12, 2025-06-04T20:00:00+01:00, 2025-06-04T20:30:00+01:00
0.217000, 5.42, 2025-06-04T20:30:00+01:00, 2025-06-04T21:00:00+01:00
0.097000, 2.42, 2025-06-04T21:00:00+01:00, 2025-06-04T21:30:00+01:00
0.113000, 2.82, 2025-06-04T21:30:00+01:00, 2025-06-04T22:00:00+01:00
0.069000, 1.72, 2025-06-04T22:00:00+01:00, 2025-06-04T22:30:00+01:00
0.030000, 0.75, 2025-06-04T22:30:00+01:00, 2025-06-04T23:00:00+01:00
0.048000, 1.20, 2025-06-04T23:00:00+01:00, 2025-06-04T23:30:00+01:00
0.058000, 1.45, 2025-06-04T23:30:00+01:00, 2025-06-05T00:00:00+01:00
0.035000, 0.87, 2025-06-05T00:00:00+01:00, 2025-06-05T00:30:00+01:00
0.027000, 0.67, 2025-06-05T00:30:00+01:00, 2025-06-05T01:00:00+01:00
0.070000, 1.75, 2025-06-05T01:00:00+01:00, 2025-06-05T01:30:00+01:00
0.052000, 1.30, 2025-06-05T01:30:00+01:00, 2025-06-05T02:00:00+01:00
0.025000, 0.62, 2025-06-05T02:00:00+01:00, 2025-06-05T02:30:00+01:00
0.027000, 0.67, 2025-06-05T02:30:00+01:00, 2025-06-05T03:00:00+01:00
0.093000, 2.32, 2025-06-05T03:00:00+01:00, 2025-06-05T03:30:00+01:00
0.040000, 1.00, 2025-06-05T03:30:00+01:00, 2025-06-05T04:00:00+01:00
0.027000, 0.67, 2025-06-05T04:00:00+01:00, 2025-06-05T04:30:00+01:00
0.028000, 0.70, 2025-06-05T04:30:00+01:00, 2025-06-05T05:00:00+01:00
0.076000, 1.90, 2025-06-05T05:00:00+01:00, 2025-06-05T05:30:00+01:00
0.057000, 1.42, 2025-06-05T05:30:00+01:00, 2025-06-05T06:00:00+01:00
0.025000, 0.62, 2025-06-05T06:00:00+01:00, 2025-06-05T06:30:00+01:00
0.049000, 1.22, 2025-06-05T06:30:00+01:00, 2025-06-05T07:00:00+01:00
0.065000, 1.62, 2025-06-05T07:00:00+01:00, 2025-06-05T07:30:00+01:00
1.648000, 41.17, 2025-06-05T07:30:00+01:00, 2025-06-05T08:00:00+01:00
0.139000, 3.47, 2025-06-05T08:00:00+01:00, 2025-06-05T08:30:00+01:00
0.064000, 1.60, 2025-06-05T08:30:00+01:00, 2025-06-05T09:00:00+01:00
0.095000, 2.37, 2025-06-05T09:00:00+01:00, 2025-06-05T09:30:00+01:00
0.217000, 5.42, 2025-06-05T09:30:00+01:00, 2025-06-05T10:00:00+01:00
0.154000, 3.85, 2025-06-05T10:00:00+01:00, 2025-06-05T10:30:00+01:00
0.169000, 4.22, 2025-06-05T10:30:00+01:00, 2025-06-05T11:00:00+01:00
0.069000, 1.72, 2025-06-05T11:00:00+01:00, 2025-06-05T11:30:00+01:00
0.109000, 2.72, 2025-06-05T11:30:00+01:00, 2025-06-05T12:00:00+01:00
0.120000, 3.00, 2025-06-05T12:00:00+01:00, 2025-06-05T12:30:00+01:00
1.216000, 30.38, 2025-06-05T12:30:00+01:00, 2025-06-05T13:00:00+01:00
0.091000, 2.27, 2025-06-05T13:00:00+01:00, 2025-06-05T13:30:00+01:00
0.070000, 1.75, 2025-06-05T13:30:00+01:00, 2025-06-05T14:00:00+01:00
0.341000, 8.52, 2025-06-05T14:00:00+01:00, 2025-06-05T14:30:00+01:00
0.229000, 5.72, 2025-06-05T14:30:00+01:00, 2025-06-05T15:00:00+01:00
0.070000, 1.75, 2025-06-05T15:00:00+01:00, 2025-06-05T15:30:00+01:00
0.057000, 1.42, 2025-06-05T15:30:00+01:00, 2025-06-05T16:00:00+01:00
0.044000, 1.10, 2025-06-05T16:00:00+01:00, 2025-06-05T16:30:00+01:00
0.041000, 1.02, 2025-06-05T16:30:00+01:00, 2025-06-05T17:00:00+01:00
0.024000, 0.60, 2025-06-05T17:00:00+01:00, 2025-06-05T17:30:00+01:00
0.152000, 3.80, 2025-06-05T17:30:00+01:00, 2025-06-05T18:00:00+01:00
0.446000, 11.14, 2025-06-05T18:00:00+01:00, 2025-06-05T18:30:00+01:00
0.073000, 1.82, 2025-06-05T18:30:00+01:00, 2025-06-05T19:00:00+01:00
0.049000, 1.22, 2025-06-05T19:00:00+01:00, 2025-06-05T19:30:00+01:00
0.066000, 1.65, 2025-06-05T19:30:00+01:00, 2025-06-05T20:00:00+01:00
0.078000, 1.95, 2025-06-05T20:00:00+01:00, 2025-06-05T20:30:00+01:00
0.040000, 1.00, 2025-06-05T20:30:00+01:00, 2025-06-05T21:00:00+01:00
0.072000, 1.80, 2025-06-05T21:00:00+01:00, 2025-06-05T21:30:00+01:00
0.097000, 2.42, 2025-06-05T21:30:00+01:00, 2025-06-05T22:00:00+01:00
0.077000, 1.92, 2025-06-05T22:00:00+01:00, 2025-06-05T22:30:00+01:00
0.026000, 0.65, 2025-06-05T22:30:00+01:00, 2025-06-05T23:00:00+01:00
0.027000, 0.67, 2025-06-05T23:00:00+01:00, 2025-06-05T23:30:00+01:00
0.061000, 1.52, 2025-06-05T23:30:00+01:00, 2025-06-06T00:00:00+01:00
0.059000, 1.47, 2025-06-06T00:00:00+01:00, 2025-06-06T00:30:00+01:00
0.034000, 0.85, 2025-06-06T00:30:00+01:00, 2025-06-06T01:00:00+01:00
0.026000, 0.65, 2025-06-06T01:00:00+01:00, 2025-06-06T01:30:00+01:00
0.068000, 1.70, 2025-06-06T01:30:00+01:00, 2025-06-06T02:00:00+01:00
0.026000, 0.65, 2025-06-06T02:00:00+01:00, 2025-06-06T02:30:00+01:00
0.055000, 1.37, 2025-06-06T02:30:00+01:00, 2025-06-06T03:00:00+01:00
0.080000, 2.00, 2025-06-06T03:00:00+01:00, 2025-06-06T03:30:00+01:00
0.084000, 2.10, 2025-06-06T03:30:00+01:00, 2025-06-06T04:00:00+01:00
0.058000, 1.45, 2025-06-06T04:00:00+01:00, 2025-06-06T04:30:00+01:00
0.047000, 1.17, 2025-06-06T04:30:00+01:00, 2025-06-06T05:00:00+01:00
0.159000, 3.97, 2025-06-06T05:00:00+01:00, 2025-06-06T05:30:00+01:00
0.102000, 2.55, 2025-06-06T05:30:00+01:00, 2025-06-06T06:00:00+01:00
0.033000, 0.82, 2025-06-06T06:00:00+01:00, 2025-06-06T06:30:00+01:00
1.510000, 37.72, 2025-06-06T06:30:00+01:00, 2025-06-06T07:00:00+01:00
0.347000, 8.67, 2025-06-06T07:00:00+01:00, 2025-06-06T07:30:00+01:00
1.506000, 37.62, 2025-06-06T07:30:00+01:00, 2025-06-06T08:00:00+01:00
0.086000, 2.15, 2025-06-06T08:00:00+01:00, 2025-06-06T08:30:00+01:00
0.061000, 1.52, 2025-06-06T08:30:00+01:00, 2025-06-06T09:00:00+01:00
0.104000, 2.60, 2025-06-06T09:00:00+01:00, 2025-06-06T09:30:00+01:00
0.048000, 1.20, 2025-06-06T09:30:00+01:00, 2025-06-06T10:00:00+01:00
0.045000, 1.12, 2025-06-06T10:00:00+01:00, 2025-06-06T10:30:00+01:00
0.079000, 1.97, 2025-06-06T10:30:00+01:00, 2025-06-06T11:00:00+01:00
0.090000, 2.25, 2025-06-06T11:00:00+01:00, 2025-06-06T11:30:00+01:00
0.056000, 1.40, 2025-06-06T11:30:00+01:00, 2025-06-06T12:00:00+01:00
1.461000, 36.50, 2025-06-06T12:00:00+01:00, 2025-06-06T12:30:00+01:00
0.281000, 7.02, 2025-06-06T12:30:00+01:00, 2025-06-06T13:00:00+01:00
0.097000, 2.42, 2025-06-06T13:00:00+01:00, 2025-06-06T13:30:00+01:00
0.062000, 1.55, 2025-06-06T13:30:00+01:00, 2025-06-06T14:00:00+01:00
0.055000, 1.37, 2025-06-06T14:00:00+01:00, 2025-06-06T14:30:00+01:00
0.060000, 1.50, 2025-06-06T14:30:00+01:00, 2025-06-06T15:00:00+01:00
0.031000, 0.77, 2025-06-06T15:00:00+01:00, 2025-06-06T15:30:00+01:00
0.048000, 1.20, 2025-06-06T15:30:00+01:00, 2025-06-06T16:00:00+01:00
0.042000, 1.05, 2025-06-06T16:00:00+01:00, 2025-06-06T16:30:00+01:00
0.058000, 1.45, 2025-06-06T16:30:00+01:00, 2025-06-06T17:00:00+01:00
0.021000, 0.52, 2025-06-06T17:00:00+01:00, 2025-06-06T17:30:00+01:00
0.043000, 1.07, 2025-06-06T17:30:00+01:00, 2025-06-06T18:00:00+01:00
0.058000, 1.45, 2025-06-06T18:00:00+01:00, 2025-06-06T18:30:00+01:00
0.036000, 0.90, 2025-06-06T18:30:00+01:00, 2025-06-06T19:00:00+01:00
0.020000, 0.50, 2025-06-06T19:00:00+01:00, 2025-06-06T19:30:00+01:00
0.066000, 1.65, 2025-06-06T19:30:00+01:00, 2025-06-06T20:00:00+01:00
0.098000, 2.45, 2025-06-06T20:00:00+01:00, 2025-06-06T20:30:00+01:00
0.511000, 12.76, 2025-06-06T20:30:00+01:00, 2025-06-06T21:00:00+01:00
0.039000, 0.97, 2025-06-06T21:00:00+01:00, 2025-06-06T21:30:00+01:00
0.070000, 1.75, 2025-06-06T21:30:00+01:00, 2025-06-06T22:00:00+01:00
0.094000, 2.35, 2025-06-06T22:00:00+01:00, 2025-06-06T22:30:00+01:00
0.074000, 1.85, 2025-06-06T22:30:00+01:00, 2025-06-06T23:00:00+01:00
0.050000, 1.25, 2025-06-06T23:00:00+01:00, 2025-06-06T23:30:00+01:00
0.054000, 1.35, 2025-06-06T23:30:00+01:00, 2025-06-07T00:00:00+01:00
0.047000, 1.17, 2025-06-07T00:00:00+01:00, 2025-06-07T00:30:00+01:00
0.021000, 0.52, 2025-06-07T00:30:00+01:00, 2025-06-07T01:00:00+01:00
0.021000, 0.52, 2025-06-07T01:00:00+01:00, 2025-06-07T01:30:00+01:00
0.081000, 2.02, 2025-06-07T01:30:00+01:00, 2025-06-07T02:00:00+01:00
0.040000, 1.00, 2025-06-07T02:00:00+01:00, 2025-06-07T02:30:00+01:00
0.032000, 0.80, 2025-06-07T02:30:00+01:00, 2025-06-07T03:00:00+01:00
0.047000, 1.17, 2025-06-07T03:00:00+01:00, 2025-06-07T03:30:00+01:00
0.070000, 1.75, 2025-06-07T03:30:00+01:00, 2025-06-07T04:00:00+01:00
0.021000, 0.52, 2025-06-07T04:00:00+01:00, 2025-06-07T04:30:00+01:00
0.022000, 0.55, 2025-06-07T04:30:00+01:00, 2025-06-07T05:00:00+01:00
0.040000, 1.00, 2025-06-07T05:00:00+01:00, 2025-06-07T05:30:00+01:00
0.084000, 2.10, 2025-06-07T05:30:00+01:00, 2025-06-07T06:00:00+01:00
0.030000, 0.75, 2025-06-07T06:00:00+01:00, 2025-06-07T06:30:00+01:00
0.033000, 0.82, 2025-06-07T06:30:00+01:00, 2025-06-07T07:00:00+01:00
0.037000, 0.92, 2025-06-07T07:00:00+01:00, 2025-06-07T07:30:00+01:00
0.061000, 1.52, 2025-06-07T07:30:00+01:00, 2025-06-07T08:00:00+01:00
1.410000, 35.22, 2025-06-07T08:00:00+01:00, 2025-06-07T08:30:00+01:00
0.058000, 1.45, 2025-06-07T08:30:00+01:00, 2025-06-07T09:00:00+01:00
0.143000, 3.57, 2025-06-07T09:00:00+01:00, 2025-06-07T09:30:00+01:00
0.070000, 1.75, 2025-06-07T09:30:00+01:00, 2025-06-07T10:00:00+01:00
0.023000, 0.57, 2025-06-07T10:00:00+01:00, 2025-06-07T10:30:00+01:00
0.029000, 0.72, 2025-06-07T10:30:00+01:00, 2025-06-07T11:00:00+01:00
0.223000, 5.57, 2025-06-07T11:00:00+01:00, 2025-06-07T11:30:00+01:00
0.136000, 3.40, 2025-06-07T11:30:00+01:00, 2025-06-07T12:00:00+01:00
0.125000, 3.12, 2025-06-07T12:00:00+01:00, 2025-06-07T12:30:00+01:00
0.032000, 0.80, 2025-06-07T12:30:00+01:00, 2025-06-07T13:00:00+01:00
0.065000, 1.62, 2025-06-07T13:00:00+01:00, 2025-06-07T13:30:00+01:00
0.496000, 12.39, 2025-06-07T13:30:00+01:00, 2025-06-07T14:00:00+01:00
1.104000, 27.58, 2025-06-07T14:00:00+01:00, 2025-06-07T14:30:00+01:00
0.907000, 22.66, 2025-06-07T14:30:00+01:00, 2025-06-07T15:00:00+01:00
1.702000, 42.52, 2025-06-07T15:00:00+01:00, 2025-06-07T15:30:00+01:00
0.279000, 6.97, 2025-06-07T15:30:00+01:00, 2025-06-07T16:00:00+01:00
0.083000, 2.07, 2025-06-07T16:00:00+01:00, 2025-06-07T16:30:00+01:00
0.507000, 12.66, 2025-06-07T16:30:00+01:00, 2025-06-07T17:00:00+01:00
0.724000, 18.09, 2025-06-07T17:00:00+01:00, 2025-06-07T17:30:00+01:00
1.153000, 28.80, 2025-06-07T17:30:00+01:00, 2025-06-07T18:00:00+01:00
0.851000, 21.26, 2025-06-07T18:00:00+01:00, 2025-06-07T18:30:00+01:00
0.796000, 19.88, 2025-06-07T18:30:00+01:00, 2025-06-07T19:00:00+01:00
0.306000, 7.64, 2025-06-07T19:00:00+01:00, 2025-06-07T19:30:00+01:00
0.102000, 2.55, 2025-06-07T19:30:00+01:00, 2025-06-07T20:00:00+01:00
0.156000, 3.90, 2025-06-07T20:00:00+01:00, 2025-06-07T20:30:00+01:00
0.262000, 6.54, 2025-06-07T20:30:00+01:00, 2025-06-07T21:00:00+01:00
0.261000, 6.52, 2025-06-07T21:00:00+01:00, 2025-06-07T21:30:00+01:00
0.238000, 5.95, 2025-06-07T21:30:00+01:00, 2025-06-07T22:00:00+01:00
0.079000, 1.97, 2025-06-07T22:00:00+01:00, 2025-06-07T22:30:00+01:00
0.118000, 2.95, 2025-06-07T22:30:00+01:00, 2025-06-07T23:00:00+01:00
0.095000, 2.37, 2025-06-07T23:00:00+01:00, 2025-06-07T23:30:00+01:00
0.040000, 1.00, 2025-06-07T23:30:00+01:00, 2025-06-08T00:00:00+01:00
0.043000, 1.07, 2025-06-08T00:00:00+01:00, 2025-06-08T00:30:00+01:00
0.074000, 1.85, 2025-06-08T00:30:00+01:00, 2025-06-08T01:00:00+01:00
0.024000, 0.60, 2025-06-08T01:00:00+01:00, 2025-06-08T01:30:00+01:00
0.044000, 1.10, 2025-06-08T01:30:00+01:00, 2025-06-08T02:00:00+01:00
0.037000, 0.92, 2025-06-08T02:00:00+01:00, 2025-06-08T02:30:00+01:00
0.064000, 1.60, 2025-06-08T02:30:00+01:00, 2025-06-08T03:00:00+01:00
0.041000, 1.02, 2025-06-08T03:00:00+01:00, 2025-06-08T03:30:00+01:00
0.038000, 0.95, 2025-06-08T03:30:00+01:00, 2025-06-08T04:00:00+01:00
0.054000, 1.35, 2025-06-08T04:00:00+01:00, 2025-06-08T04:30:00+01:00
0.057000, 1.42, 2025-06-08T04:30:00+01:00, 2025-06-08T05:00:00+01:00
0.023000, 0.57, 2025-06-08T05:00:00+01:00, 2025-06-08T05:30:00+01:00
0.022000, 0.55, 2025-06-08T05:30:00+01:00, 2025-06-08T06:00:00+01:00
0.076000, 1.90, 2025-06-08T06:00:00+01:00, 2025-06-08T06:30:00+01:00
0.042000, 1.05, 2025-06-08T06:30:00+01:00, 2025-06-08T07:00:00+01:00
0.021000, 0.52, 2025-06-08T07:00:00+01:00, 2025-06-08T07:30:00+01:00
0.025000, 0.62, 2025-06-08T07:30:00+01:00, 2025-06-08T08:00:00+01:00
0.074000, 1.85, 2025-06-08T08:00:00+01:00, 2025-06-08T08:30:00+01:00
0.059000, 1.47, 2025-06-08T08:30:00+01:00, 2025-06-08T09:00:00+01:00
0.081000, 2.02, 2025-06-08T09:00:00+01:00, 2025-06-08T09:30:00+01:00
1.439000, 35.95, 2025-06-08T09:30:00+01:00, 2025-06-08T10:00:00+01:00
2.336000, 58.35, 2025-06-08T10:00:00+01:00, 2025-06-08T10:30:00+01:00
0.285000, 7.12, 2025-06-08T10:30:00+01:00, 2025-06-08T11:00:00+01:00
0.037000, 0.92, 2025-06-08T11:00:00+01:00, 2025-06-08T11:30:00+01:00
0.030000, 0.75, 2025-06-08T11:30:00+01:00, 2025-06-08T12:00:00+01:00
0.055000, 1.37, 2025-06-08T12:00:00+01:00, 2025-06-08T12:30:00+01:00
0.021000, 0.52, 2025-06-08T12:30:00+01:00, 2025-06-08T13:00:00+01:00
0.036000, 0.90, 2025-06-08T13:00:00+01:00, 2025-06-08T13:30:00+01:00
0.064000, 1.60, 2025-06-08T13:30:00+01:00, 2025-06-08T14:00:00+01:00
0.045000, 1.12, 2025-06-08T14:00:00+01:00, 2025-06-08T14:30:00+01:00
0.023000, 0.57, 2025-06-08T14:30:00+01:00, 2025-06-08T15:00:00+01:00
0.022000, 0.55, 2025-06-08T15:00:00+01:00, 2025-06-08T15:30:00+01:00
0.068000, 1.70, 2025-06-08T15:30:00+01:00, 2025-06-08T16:00:00+01:00
0.043000, 1.07, 2025-06-08T16:00:00+01:00, 2025-06-08T16:30:00+01:00
0.024000, 0.60, 2025-06-08T16:30:00+01:00, 2025-06-08T17:00:00+01:00
0.025000, 0.62, 2025-06-08T17:00:00+01:00, 2025-06-08T17:30:00+01:00
0.080000, 2.00, 2025-06-08T17:30:00+01:00, 2025-06-08T18:00:00+01:00
0.041000, 1.02, 2025-06-08T18:00:00+01:00, 2025-06-08T18:30:00+01:00
0.031000, 0.77, 2025-06-08T18:30:00+01:00, 2025-06-08T19:00:00+01:00
0.053000, 1.32, 2025-06-08T19:00:00+01:00, 2025-06-08T19:30:00+01:00
0.133000, 3.32, 2025-06-08T19:30:00+01:00, 2025-06-08T20:00:00+01:00
0.403000, 10.07, 2025-06-08T20:00:00+01:00, 2025-06-08T20:30:00+01:00
0.243000, 6.07, 2025-06-08T20:30:00+01:00, 2025-06-08T21:00:00+01:00
0.146000, 3.65, 2025-06-08T21:00:00+01:00, 2025-06-08T21:30:00+01:00
0.083000, 2.07, 2025-06-08T21:30:00+01:00, 2025-06-08T22:00:00+01:00
0.049000, 1.22, 2025-06-08T22:00:00+01:00, 2025-06-08T22:30:00+01:00
0.054000, 1.35, 2025-06-08T22:30:00+01:00, 2025-06-08T23:00:00+01:00
0.085000, 2.12, 2025-06-08T23:00:00+01:00, 2025-06-08T23:30:00+01:00
0.071000, 1.77, 2025-06-08T23:30:00+01:00, 2025-06-09T00:00:00+01:00
0.044000, 1.10, 2025-06-09T00:00:00+01:00, 2025-06-09T00:30:00+01:00
0.023000, 0.57, 2025-06-09T00:30:00+01:00, 2025-06-09T01:00:00+01:00
0.073000, 1.82, 2025-06-09T01:00:00+01:00, 2025-06-09T01:30:00+01:00
0.052000, 1.30, 2025-06-09T01:30:00+01:00, 2025-06-09T02:00:00+01:00
0.069000, 1.72, 2025-06-09T02:00:00+01:00, 2025-06-09T02:30:00+01:00
0.070000, 1.75, 2025-06-09T02:30:00+01:00, 2025-06-09T03:00:00+01:00
0.079000, 1.97, 2025-06-09T03:00:00+01:00, 2025-06-09T03:30:00+01:00
0.045000, 1.12, 2025-06-09T03:30:00+01:00, 2025-06-09T04:00:00+01:00
0.069000, 1.72, 2025-06-09T04:00:00+01:00, 2025-06-09T04:30:00+01:00
0.080000, 2.00, 2025-06-09T04:30:00+01:00, 2025-06-09T05:00:00+01:00
0.059000, 1.47, 2025-06-09T05:00:00+01:00, 2025-06-09T05:30:00+01:00
0.045000, 1.12, 2025-06-09T05:30:00+01:00, 2025-06-09T06:00:00+01:00
0.019000, 0.47, 2025-06-09T06:00:00+01:00, 2025-06-09T06:30:00+01:00
0.085000, 2.12, 2025-06-09T06:30:00+01:00, 2025-06-09T07:00:00+01:00
0.864000, 21.58, 2025-06-09T07:00:00+01:00, 2025-06-09T07:30:00+01:00
1.400000, 34.97, 2025-06-09T07:30:00+01:00, 2025-06-09T08:00:00+01:00
0.187000, 4.67, 2025-06-09T08:00:00+01:00, 2025-06-09T08:30:00+01:00
0.123000, 3.07, 2025-06-09T08:30:00+01:00, 2025-06-09T09:00:00+01:00
0.213000, 5.32, 2025-06-09T09:00:00+01:00, 2025-06-09T09:30:00+01:00
0.042000, 1.05, 2025-06-09T09:30:00+01:00, 2025-06-09T10:00:00+01:00
0.056000, 1.40, 2025-06-09T10:00:00+01:00, 2025-06-09T10:30:00+01:00
0.062000, 1.55, 2025-06-09T10:30:00+01:00, 2025-06-09T11:00:00+01:00
0.063000, 1.57, 2025-06-09T11:00:00+01:00, 2025-06-09T11:30:00+01:00
0.234000, 5.85, 2025-06-09T11:30:00+01:00, 2025-06-09T12:00:00+01:00
0.221000, 5.52, 2025-06-09T12:00:00+01:00, 2025-06-09T12:30:00+01:00
0.067000, 1.67, 2025-06-09T12:30:00+01:00, 2025-06-09T13:00:00+01:00
0.046000, 1.15, 2025-06-09T13:00:00+01:00, 2025-06-09T13:30:00+01:00
0.067000, 1.67, 2025-06-09T13:30:00+01:00, 2025-06-09T14:00:00+01:00
0.094000, 2.35, 2025-06-09T14:00:00+01:00, 2025-06-09T14:30:00+01:00
0.051000, 1.27, 2025-06-09T14:30:00+01:00, 2025-06-09T15:00:00+01:00
0.213000, 5.32, 2025-06-09T15:00:00+01:00, 2025-06-09T15:30:00+01:00
0.182000, 4.55, 2025-06-09T15:30:00+01:00, 2025-06-09T16:00:00+01:00
0.060000, 1.50, 2025-06-09T16:00:00+01:00, 2025-06-09T16:30:00+01:00
0.049000, 1.22, 2025-06-09T16:30:00+01:00, 2025-06-09T17:00:00+01:00
0.303000, 7.57, 2025-06-09T17:00:00+01:00, 2025-06-09T17:30:00+01:00
0.431000, 10.77, 2025-06-09T17:30:00+01:00, 2025-06-09T18:00:00+01:00
0.070000, 1.75, 2025-06-09T18:00:00+01:00, 2025-06-09T18:30:00+01:00
0.336000, 8.39, 2025-06-09T18:30:00+01:00, 2025-06-09T19:00:00+01:00
0.238000, 5.95, 2025-06-09T19:00:00+01:00, 2025-06-09T19:30:00+01:00
0.082000, 2.05, 2025-06-09T19:30:00+01:00, 2025-06-09T20:00:00+01:00
0.477000, 11.92, 2025-06-09T20:00:00+01:00, 2025-06-09T20:30:00+01:00
0.580000, 14.49, 2025-06-09T20:30:00+01:00, 2025-06-09T21:00:00+01:00
0.085000, 2.12, 2025-06-09T21:00:00+01:00, 2025-06-09T21:30:00+01:00
0.095000, 2.37, 2025-06-09T21:30:00+01:00, 2025-06-09T22:00:00+01:00
0.029000, 0.72, 2025-06-09T22:00:00+01:00, 2025-06-09T22:30:00+01:00
0.026000, 0.65, 2025-06-09T22:30:00+01:00, 2025-06-09T23:00:00+01:00
0.054000, 1.35, 2025-06-09T23:00:00+01:00, 2025-06-09T23:30:00+01:00
0.054000, 1.35, 2025-06-09T23:30:00+01:00, 2025-06-10T00:00:00+01:00
0.025000, 0.62, 2025-06-10T00:00:00+01:00, 2025-06-10T00:30:00+01:00
0.046000, 1.15, 2025-06-10T00:30:00+01:00, 2025-06-10T01:00:00+01:00
0.060000, 1.50, 2025-06-10T01:00:00+01:00, 2025-06-10T01:30:00+01:00
0.036000, 0.90, 2025-06-10T01:30:00+01:00, 2025-06-10T02:00:00+01:00
0.031000, 0.77, 2025-06-10T02:00:00+01:00, 2025-06-10T02:30:00+01:00
0.028000, 0.70, 2025-06-10T02:30:00+01:00, 2025-06-10T03:00:00+01:00
0.113000, 2.82, 2025-06-10T03:00:00+01:00, 2025-06-10T03:30:00+01:00
0.025000, 0.62, 2025-06-10T03:30:00+01:00, 2025-06-10T04:00:00+01:00
0.025000, 0.62, 2025-06-10T04:00:00+01:00, 2025-06-10T04:30:00+01:00
0.035000, 0.87, 2025-06-10T04:30:00+01:00, 2025-06-10T05:00:00+01:00
0.066000, 1.65, 2025-06-10T05:00:00+01:00, 2025-06-10T05:30:00+01:00
1.187000, 29.65, 2025-06-10T05:30:00+01:00, 2025-06-10T06:00:00+01:00
0.387000, 9.67, 2025-06-10T06:00:00+01:00, 2025-06-10T06:30:00+01:00
1.977000, 49.38, 2025-06-10T06:30:00+01:00, 2025-06-10T07:00:00+01:00
1.866000, 46.61, 2025-06-10T07:00:00+01:00, 2025-06-10T07:30:00+01:00
0.158000, 3.95, 2025-06-10T07:30:00+01:00, 2025-06-10T08:00:00+01:00
0.029000, 0.72, 2025-06-10T08:00:00+01:00, 2025-06-10T08:30:00+01:00
0.055000, 1.37, 2025-06-10T08:30:00+01:00, 2025-06-10T09:00:00+01:00
0.114000, 2.85, 2025-06-10T09:00:00+01:00, 2025-06-10T09:30:00+01:00
0.037000, 0.92, 2025-06-10T09:30:00+01:00, 2025-06-10T10:00:00+01:00
0.055000, 1.37, 2025-06-10T10:00:00+01:00, 2025-06-10T10:30:00+01:00
0.078000, 1.95, 2025-06-10T10:30:00+01:00, 2025-06-10T11:00:00+01:00
0.137000, 3.42, 2025-06-10T11:00:00+01:00, 2025-06-10T11:30:00+01:00
0.066000, 1.65, 2025-06-10T11:30:00+01:00, 2025-06-10T12:00:00+01:00
0.065000, 1.62, 2025-06-10T12:00:00+01:00, 2025-06-10T12:30:00+01:00
0.112000, 2.80, 2025-06-10T12:30:00+01:00, 2025-06-10T13:00:00+01:00
0.179000, 4.47, 2025-06-10T13:00:00+01:00, 2025-06-10T13:30:00+01:00
0.117000, 2.92, 2025-06-10T13:30:00+01:00, 2025-06-10T14:00:00+01:00
0.101000, 2.52, 2025-06-10T14:00:00+01:00, 2025-06-10T14:30:00+01:00
0.072000, 1.80, 2025-06-10T14:30:00+01:00, 2025-06-10T15:00:00+01:00
0.031000, 0.77, 2025-06-10T15:00:00+01:00, 2025-06-10T15:30:00+01:00
0.077000, 1.92, 2025-06-10T15:30:00+01:00, 2025-06-10T16:00:00+01:00
0.058000, 1.45, 2025-06-10T16:00:00+01:00, 2025-06-10T16:30:00+01:00
0.064000, 1.60, 2025-06-10T16:30:00+01:00, 2025-06-10T17:00:00+01:00
0.314000, 7.84, 2025-06-10T17:00:00+01:00, 2025-06-10T17:30:00+01:00
0.303000, 7.57, 2025-06-10T17:30:00+01:00, 2025-06-10T18:00:00+01:00
0.240000, 6.00, 2025-06-10T18:00:00+01:00, 2025-06-10T18:30:00+01:00
0.056000, 1.40, 2025-06-10T18:30:00+01:00, 2025-06-10T19:00:00+01:00
0.080000, 2.00, 2025-06-10T19:00:00+01:00, 2025-06-10T19:30:00+01:00
0.081000, 2.02, 2025-06-10T19:30:00+01:00, 2025-06-10T20:00:00+01:00
0.100000, 2.50, 2025-06-10T20:00:00+01:00, 2025-06-10T20:30:00+01:00
0.048000, 1.20, 2025-06-10T20:30:00+01:00, 2025-06-10T21:00:00+01:00
0.397000, 9.92, 2025-06-10T21:00:00+01:00, 2025-06-10T21:30:00+01:00
0.099000, 2.47, 2025-06-10T21:30:00+01:00, 2025-06-10T22:00:00+01:00
0.051000, 1.27, 2025-06-10T22:00:00+01:00, 2025-06-10T22:30:00+01:00
0.036000, 0.90, 2025-06-10T22:30:00+01:00, 2025-06-10T23:00:00+01:00
0.028000, 0.70, 2025-06-10T23:00:00+01:00, 2025-06-10T23:30:00+01:00
0.062000, 1.55, 2025-06-10T23:30:00+01:00, 2025-06-11T00:00:00+01:00
0.050000, 1.25, 2025-06-11T00:00:00+01:00, 2025-06-11T00:30:00+01:00
0.041000, 1.02, 2025-06-11T00:30:00+01:00, 2025-06-11T01:00:00+01:00
0.023000, 0.57, 2025-06-11T01:00:00+01:00, 2025-06-11T01:30:00+01:00
0.090000, 2.25, 2025-06-11T01:30:00+01:00, 2025-06-11T02:00:00+01:00
0.025000, 0.62, 2025-06-11T02:00:00+01:00, 2025-06-11T02:30:00+01:00
0.024000, 0.60, 2025-06-11T02:30:00+01:00, 2025-06-11T03:00:00+01:00
0.047000, 1.17, 2025-06-11T03:00:00+01:00, 2025-06-11T03:30:00+01:00
0.090000, 2.25, 2025-06-11T03:30:00+01:00, 2025-06-11T04:00:00+01:00
0.048000, 1.20, 2025-06-11T04:00:00+01:00, 2025-06-11T04:30:00+01:00
0.026000, 0.65, 2025-06-11T04:30:00+01:00, 2025-06-11T05:00:00+01:00
0.050000, 1.25, 2025-06-11T05:00:00+01:00, 2025-06-11T05:30:00+01:00
0.586000, 14.64, 2025-06-11T05:30:00+01:00, 2025-06-11T06:00:00+01:00
0.319000, 7.97, 2025-06-11T06:00:00+01:00, 2025-06-11T06:30:00+01:00
0.076000, 1.90, 2025-06-11T06:30:00+01:00, 2025-06-11T07:00:00+01:00
0.071000, 1.77, 2025-06-11T07:00:00+01:00, 2025-06-11T07:30:00+01:00
1.822000, 45.51, 2025-06-11T07:30:00+01:00, 2025-06-11T08:00:00+01:00
0.105000, 2.62, 2025-06-11T08:00:00+01:00, 2025-06-11T08:30:00+01:00
0.044000, 1.10, 2025-06-11T08:30:00+01:00, 2025-06-11T09:00:00+01:00
0.077000, 1.92, 2025-06-11T09:00:00+01:00, 2025-06-11T09:30:00+01:00
0.059000, 1.47, 2025-06-11T09:30:00+01:00, 2025-06-11T10:00:00+01:00
0.169000, 4.22, 2025-06-11T10:00:00+01:00, 2025-06-11T10:30:00+01:00
0.137000, 3.42, 2025-06-11T10:30:00+01:00, 2025-06-11T11:00:00+01:00
0.160000, 4.00, 2025-06-11T11:00:00+01:00, 2025-06-11T11:30:00+01:00
0.149000, 3.72, 2025-06-11T11:30:00+01:00, 2025-06-11T12:00:00+01:00
0.060000, 1.50, 2025-06-11T12:00:00+01:00, 2025-06-11T12:30:00+01:00
0.078000, 1.95, 2025-06-11T12:30:00+01:00, 2025-06-11T13:00:00+01:00
0.079000, 1.97, 2025-06-11T13:00:00+01:00, 2025-06-11T13:30:00+01:00
0.033000, 0.82, 2025-06-11T13:30:00+01:00, 2025-06-11T14:00:00+01:00
0.336000, 8.39, 2025-06-11T14:00:00+01:00, 2025-06-11T14:30:00+01:00
0.113000, 2.82, 2025-06-11T14:30:00+01:00, 2025-06-11T15:00:00+01:00
0.085000, 2.12, 2025-06-11T15:00:00+01:00, 2025-06-11T15:30:00+01:00
0.047000, 1.17, 2025-06-11T15:30:00+01:00, 2025-06-11T16:00:00+01:00
0.232000, 5.80, 2025-06-11T16:00:00+01:00, 2025-06-11T16:30:00+01:00
2.258000, 56.40, 2025-06-11T16:30:00+01:00, 2025-06-11T17:00:00+01:00
2.216000, 55.35, 2025-06-11T17:00:00+01:00, 2025-06-11T17:30:00+01:00
0.212000, 5.30, 2025-06-11T17:30:00+01:00, 2025-06-11T18:00:00+01:00
0.063000, 1.57, 2025-06-11T18:00:00+01:00, 2025-06-11T18:30:00+01:00
0.081000, 2.02, 2025-06-11T18:30:00+01:00, 2025-06-11T19:00:00+01:00
0.228000, 5.70, 2025-06-11T19:00:00+01:00, 2025-06-11T19:30:00+01:00
0.200000, 5.00, 2025-06-11T19:30:00+01:00, 2025-06-11T20:00:00+01:00
0.118000, 2.95, 2025-06-11T20:00:00+01:00, 2025-06-11T20:30:00+01:00
0.082000, 2.05, 2025-06-11T20:30:00+01:00, 2025-06-11T21:00:00+01:00
0.063000, 1.57, 2025-06-11T21:00:00+01:00, 2025-06-11T21:30:00+01:00
0.036000, 0.90, 2025-06-11T21:30:00+01:00, 2025-06-11T22:00:00+01:00
0.073000, 1.82, 2025-06-11T22:00:00+01:00, 2025-06-11T22:30:00+01:00
0.075000, 1.87, 2025-06-11T22:30:00+01:00, 2025-06-11T23:00:00+01:00
0.052000, 1.30, 2025-06-11T23:00:00+01:00, 2025-06-11T23:30:00+01:00
0.041000, 1.02, 2025-06-11T23:30:00+01:00, 2025-06-12T00:00:00+01:00
0.082000, 2.05, 2025-06-12T00:00:00+01:00, 2025-06-12T00:30:00+01:00
0.042000, 1.05, 2025-06-12T00:30:00+01:00, 2025-06-12T01:00:00+01:00
0.043000, 1.07, 2025-06-12T01:00:00+01:00, 2025-06-12T01:30:00+01:00
0.073000, 1.82, 2025-06-12T01:30:00+01:00, 2025-06-12T02:00:00+01:00
0.065000, 1.62, 2025-06-12T02:00:00+01:00, 2025-06-12T02:30:00+01:00
0.037000, 0.92, 2025-06-12T02:30:00+01:00, 2025-06-12T03:00:00+01:00
0.032000, 0.80, 2025-06-12T03:00:00+01:00, 2025-06-12T03:30:00+01:00
0.082000, 2.05, 2025-06-12T03:30:00+01:00, 2025-06-12T04:00:00+01:00
0.033000, 0.82, 2025-06-12T04:00:00+01:00, 2025-06-12T04:30:00+01:00
0.056000, 1.40, 2025-06-12T04:30:00+01:00, 2025-06-12T05:00:00+01:00
0.043000, 1.07, 2025-06-12T05:00:00+01:00, 2025-06-12T05:30:00+01:00
0.065000, 1.62, 2025-06-12T05:30:00+01:00, 2025-06-12T06:00:00+01:00
0.037000, 0.92, 2025-06-12T06:00:00+01:00, 2025-06-12T06:30:00+01:00
0.028000, 0.70, 2025-06-12T06:30:00+01:00, 2025-06-12T07:00:00+01:00
0.074000, 1.85, 2025-06-12T07:00:00+01:00, 2025-06-12T07:30:00+01:00
2.482000, 62.00, 2025-06-12T07:30:00+01:00, 2025-06-12T08:00:00+01:00
0.689000, 17.21, 2025-06-12T08:00:00+01:00, 2025-06-12T08:30:00+01:00
0.076000, 1.90, 2025-06-12T08:30:00+01:00, 2025-06-12T09:00:00+01:00
0.088000, 2.20, 2025-06-12T09:00:00+01:00, 2025-06-12T09:30:00+01:00
0.143000, 3.57, 2025-06-12T09:30:00+01:00, 2025-06-12T10:00:00+01:00
0.042000, 1.05, 2025-06-12T10:00:00+01:00, 2025-06-12T10:30:00+01:00
0.079000, 1.97, 2025-06-12T10:30:00+01:00, 2025-06-12T11:00:00+01:00
0.197000, 4.92, 2025-06-12T11:00:00+01:00, 2025-06-12T11:30:00+01:00
0.029000, 0.72, 2025-06-12T11:30:00+01:00, 2025-06-12T12:00:00+01:00
0.069000, 1.72, 2025-06-12T12:00:00+01:00, 2025-06-12T12:30:00+01:00
0.272000, 6.79, 2025-06-12T12:30:00+01:00, 2025-06-12T13:00:00+01:00
0.109000, 2.72, 2025-06-12T13:00:00+01:00, 2025-06-12T13:30:00+01:00
0.099000, 2.47, 2025-06-12T13:30:00+01:00, 2025-06-12T14:00:00+01:00
0.089000, 2.22, 2025-06-12T14:00:00+01:00, 2025-06-12T14:30:00+01:00
0.113000, 2.82, 2025-06-12T14:30:00+01:00, 2025-06-12T15:00:00+01:00
0.120000, 3.00, 2025-06-12T15:00:00+01:00, 2025-06-12T15:30:00+01:00
0.081000, 2.02, 2025-06-12T15:30:00+01:00, 2025-06-12T16:00:00+01:00
0.080000, 2.00, 2025-06-12T16:00:00+01:00, 2025-06-12T16:30:00+01:00
0.098000, 2.45, 2025-06-12T16:30:00+01:00, 2025-06-12T17:00:00+01:00
0.190000, 4.75, 2025-06-12T17:00:00+01:00, 2025-06-12T17:30:00+01:00
0.118000, 2.95, 2025-06-12T17:30:00+01:00, 2025-06-12T18:00:00+01:00
0.088000, 2.20, 2025-06-12T18:00:00+01:00, 2025-06-12T18:30:00+01:00
0.197000, 4.92, 2025-06-12T18:30:00+01:00, 2025-06-12T19:00:00+01:00
0.254000, 6.34, 2025-06-12T19:00:00+01:00, 2025-06-12T19:30:00+01:00
0.285000, 7.12, 2025-06-12T19:30:00+01:00, 2025-06-12T20:00:00+01:00
0.257000, 6.42, 2025-06-12T20:00:00+01:00, 2025-06-12T20:30:00+01:00
0.100000, 2.50, 2025-06-12T20:30:00+01:00, 2025-06-12T21:00:00+01:00
0.090000, 2.25, 2025-06-12T21:00:00+01:00, 2025-06-12T21:30:00+01:00
0.099000, 2.47, 2025-06-12T21:30:00+01:00, 2025-06-12T22:00:00+01:00
0.139000, 3.47, 2025-06-12T22:00:00+01:00, 2025-06-12T22:30:00+01:00
0.096000, 2.40, 2025-06-12T22:30:00+01:00, 2025-06-12T23:00:00+01:00
0.063000, 1.57, 2025-06-12T23:00:00+01:00, 2025-06-12T23:30:00+01:00
0.026000, 0.65, 2025-06-12T23:30:00+01:00, 2025-06-13T00:00:00+01:00
0.050000, 1.25, 2025-06-13T00:00:00+01:00, 2025-06-13T00:30:00+01:00
0.052000, 1.30, 2025-06-13T00:30:00+01:00, 2025-06-13T01:00:00+01:00
0.042000, 1.05, 2025-06-13T01:00:00+01:00, 2025-06-13T01:30:00+01:00
0.064000, 1.60, 2025-06-13T01:30:00+01:00, 2025-06-13T02:00:00+01:00
0.049000, 1.22, 2025-06-13T02:00:00+01:00, 2025-06-13T02:30:00+01:00
0.024000, 0.60, 2025-06-13T02:30:00+01:00, 2025-06-13T03:00:00+01:00
0.051000, 1.27, 2025-06-13T03:00:00+01:00, 2025-06-13T03:30:00+01:00
0.060000, 1.50, 2025-06-13T03:30:00+01:00, 2025-06-13T04:00:00+01:00
0.065000, 1.62, 2025-06-13T04:00:00+01:00, 2025-06-13T04:30:00+01:00
0.046000, 1.15, 2025-06-13T04:30:00+01:00, 2025-06-13T05:00:00+01:00
0.065000, 1.62, 2025-06-13T05:00:00+01:00, 2025-06-13T05:30:00+01:00
0.034000, 0.85, 2025-06-13T05:30:00+01:00, 2025-06-13T06:00:00+01:00
0.026000, 0.65, 2025-06-13T06:00:00+01:00, 2025-06-13T06:30:00+01:00
0.061000, 1.52, 2025-06-13T06:30:00+01:00, 2025-06-13T07:00:00+01:00
0.039000, 0.97, 2025-06-13T07:00:00+01:00, 2025-06-13T07:30:00+01:00
2.698000, 67.39, 2025-06-13T07:30:00+01:00, 2025-06-13T08:00:00+01:00
0.230000, 5.75, 2025-06-13T08:00:00+01:00, 2025-06-13T08:30:00+01:00
0.055000, 1.37, 2025-06-13T08:30:00+01:00, 2025-06-13T09:00:00+01:00
1.112000, 27.78, 2025-06-13T09:00:00+01:00, 2025-06-13T09:30:00+01:00
0.046000, 1.15, 2025-06-13T09:30:00+01:00, 2025-06-13T10:00:00+01:00
0.097000, 2.42, 2025-06-13T10:00:00+01:00, 2025-06-13T10:30:00+01:00
0.071000, 1.77, 2025-06-13T10:30:00+01:00, 2025-06-13T11:00:00+01:00
0.887000, 22.16, 2025-06-13T11:00:00+01:00, 2025-06-13T11:30:00+01:00
0.081000, 2.02, 2025-06-13T11:30:00+01:00, 2025-06-13T12:00:00+01:00
0.061000, 1.52, 2025-06-13T12:00:00+01:00, 2025-06-13T12:30:00+01:00
0.407000, 10.17, 2025-06-13T12:30:00+01:00, 2025-06-13T13:00:00+01:00
0.062000, 1.55, 2025-06-13T13:00:00+01:00, 2025-06-13T13:30:00+01:00
0.089000, 2.22, 2025-06-13T13:30:00+01:00, 2025-06-13T14:00:00+01:00
0.117000, 2.92, 2025-06-13T14:00:00+01:00, 2025-06-13T14:30:00+01:00
0.087000, 2.17, 2025-06-13T14:30:00+01:00, 2025-06-13T15:00:00+01:00
0.079000, 1.97, 2025-06-13T15:00:00+01:00, 2025-06-13T15:30:00+01:00
0.154000, 3.85, 2025-06-13T15:30:00+01:00, 2025-06-13T16:00:00+01:00
0.071000, 1.77, 2025-06-13T16:00:00+01:00, 2025-06-13T16:30:00+01:00
0.055000, 1.37, 2025-06-13T16:30:00+01:00, 2025-06-13T17:00:00+01:00
0.179000, 4.47, 2025-06-13T17:00:00+01:00, 2025-06-13T17:30:00+01:00
0.519000, 12.96, 2025-06-13T17:30:00+01:00, 2025-06-13T18:00:00+01:00
0.290000, 7.24, 2025-06-13T18:00:00+01:00, 2025-06-13T18:30:00+01:00
0.079000, 1.97, 2025-06-13T18:30:00+01:00, 2025-06-13T19:00:00+01:00
0.078000, 1.95, 2025-06-13T19:00:00+01:00, 2025-06-13T19:30:00+01:00
0.083000, 2.07, 2025-06-13T19:30:00+01:00, 2025-06-13T20:00:00+01:00
0.150000, 3.75, 2025-06-13T20:00:00+01:00, 2025-06-13T20:30:00+01:00
0.117000, 2.92, 2025-06-13T20:30:00+01:00, 2025-06-13T21:00:00+01:00
0.132000, 3.30, 2025-06-13T21:00:00+01:00, 2025-06-13T21:30:00+01:00
0.138000, 3.45, 2025-06-13T21:30:00+01:00, 2025-06-13T22:00:00+01:00
0.122000, 3.05, 2025-06-13T22:00:00+01:00, 2025-06-13T22:30:00+01:00
0.064000, 1.60, 2025-06-13T22:30:00+01:00, 2025-06-13T23:00:00+01:00
0.088000, 2.20, 2025-06-13T23:00:00+01:00, 2025-06-13T23:30:00+01:00
0.173000, 4.32, 2025-06-13T23:30:00+01:00, 2025-06-14T00:00:00+01:00
0.096000, 2.40, 2025-06-14T00:00:00+01:00, 2025-06-14T00:30:00+01:00
0.095000, 2.37, 2025-06-14T00:30:00+01:00, 2025-06-14T01:00:00+01:00
0.122000, 3.05, 2025-06-14T01:00:00+01:00, 2025-06-14T01:30:00+01:00
0.099000, 2.47, 2025-06-14T01:30:00+01:00, 2025-06-14T02:00:00+01:00
0.024000, 0.60, 2025-06-14T02:00:00+01:00, 2025-06-14T02:30:00+01:00
0.064000, 1.60, 2025-06-14T02:30:00+01:00, 2025-06-14T03:00:00+01:00
0.094000, 2.35, 2025-06-14T03:00:00+01:00, 2025-06-14T03:30:00+01:00
0.035000, 0.87, 2025-06-14T03:30:00+01:00, 2025-06-14T04:00:00+01:00
0.036000, 0.90, 2025-06-14T04:00:00+01:00, 2025-06-14T04:30:00+01:00
0.081000, 2.02, 2025-06-14T04:30:00+01:00, 2025-06-14T05:00:00+01:00
0.034000, 0.85, 2025-06-14T05:00:00+01:00, 2025-06-14T05:30:00+01:00
0.032000, 0.80, 2025-06-14T05:30:00+01:00, 2025-06-14T06:00:00+01:00
0.075000, 1.87, 2025-06-14T06:00:00+01:00, 2025-06-14T06:30:00+01:00
0.067000, 1.67, 2025-06-14T06:30:00+01:00, 2025-06-14T07:00:00+01:00
0.028000, 0.70, 2025-06-14T07:00:00+01:00, 2025-06-14T07:30:00+01:00
0.041000, 1.02, 2025-06-14T07:30:00+01:00, 2025-06-14T08:00:00+01:00
0.175000, 4.37, 2025-06-14T08:00:00+01:00, 2025-06-14T08:30:00+01:00
0.168000, 4.20, 2025-06-14T08:30:00+01:00, 2025-06-14T09:00:00+01:00
0.124000, 3.10, 2025-06-14T09:00:00+01:00, 2025-06-14T09:30:00+01:00
0.158000, 3.95, 2025-06-14T09:30:00+01:00, 2025-06-14T10:00:00+01:00
0.444000, 11.09, 2025-06-14T10:00:00+01:00, 2025-06-14T10:30:00+01:00
0.201000, 5.02, 2025-06-14T10:30:00+01:00, 2025-06-14T11:00:00+01:00
0.460000, 11.49, 2025-06-14T11:00:00+01:00, 2025-06-14T11:30:00+01:00
0.460000, 11.49, 2025-06-14T11:30:00+01:00, 2025-06-14T12:00:00+01:00
0.177000, 4.42, 2025-06-14T12:00:00+01:00, 2025-06-14T12:30:00+01:00
0.050000, 1.25, 2025-06-14T12:30:00+01:00, 2025-06-14T13:00:00+01:00
0.161000, 4.02, 2025-06-14T13:00:00+01:00, 2025-06-14T13:30:00+01:00
0.592000, 14.79, 2025-06-14T13:30:00+01:00, 2025-06-14T14:00:00+01:00
0.080000, 2.00, 2025-06-14T14:00:00+01:00, 2025-06-14T14:30:00+01:00
0.081000, 2.02, 2025-06-14T14:30:00+01:00, 2025-06-14T15:00:00+01:00
0.157000, 3.92, 2025-06-14T15:00:00+01:00, 2025-06-14T15:30:00+01:00
0.089000, 2.22, 2025-06-14T15:30:00+01:00, 2025-06-14T16:00:00+01:00
0.035000, 0.87, 2025-06-14T16:00:00+01:00, 2025-06-14T16:30:00+01:00
0.087000, 2.17, 2025-06-14T16:30:00+01:00, 2025-06-14T17:00:00+01:00
0.063000, 1.57, 2025-06-14T17:00:00+01:00, 2025-06-14T17:30:00+01:00
0.029000, 0.72, 2025-06-14T17:30:00+01:00, 2025-06-14T18:00:00+01:00
0.250000, 6.24, 2025-06-14T18:00:00+01:00, 2025-06-14T18:30:00+01:00
0.324000, 8.09, 2025-06-14T18:30:00+01:00, 2025-06-14T19:00:00+01:00
0.430000, 10.74, 2025-06-14T19:00:00+01:00, 2025-06-14T19:30:00+01:00
0.917000, 22.91, 2025-06-14T19:30:00+01:00, 2025-06-14T20:00:00+01:00
2.885000, 72.07, 2025-06-14T20:00:00+01:00, 2025-06-14T20:30:00+01:00
1.202000, 30.03, 2025-06-14T20:30:00+01:00, 2025-06-14T21:00:00+01:00
0.871000, 21.76, 2025-06-14T21:00:00+01:00, 2025-06-14T21:30:00+01:00
1.016000, 25.38, 2025-06-14T21:30:00+01:00, 2025-06-14T22:00:00+01:00
0.172000, 4.30, 2025-06-14T22:00:00+01:00, 2025-06-14T22:30:00+01:00
0.157000, 3.92, 2025-06-14T22:30:00+01:00, 2025-06-14T23:00:00+01:00
0.121000, 3.02, 2025-06-14T23:00:00+01:00, 2025-06-14T23:30:00+01:00
0.144000, 3.60, 2025-06-14T23:30:00+01:00, 2025-06-15T00:00:00+01:00
0.172000, 4.30, 2025-06-15T00:00:00+01:00, 2025-06-15T00:30:00+01:00
0.108000, 2.70, 2025-06-15T00:30:00+01:00, 2025-06-15T01:00:00+01:00
0.062000, 1.55, 2025-06-15T01:00:00+01:00, 2025-06-15T01:30:00+01:00
0.077000, 1.92, 2025-06-15T01:30:00+01:00, 2025-06-15T02:00:00+01:00
0.103000, 2.57, 2025-06-15T02:00:00+01:00, 2025-06-15T02:30:00+01:00
0.068000, 1.70, 2025-06-15T02:30:00+01:00, 2025-06-15T03:00:00+01:00
0.057000, 1.42, 2025-06-15T03:00:00+01:00, 2025-06-15T03:30:00+01:00
0.095000, 2.37, 2025-06-15T03:30:00+01:00, 2025-06-15T04:00:00+01:00
0.084000, 2.10, 2025-06-15T04:00:00+01:00, 2025-06-15T04:30:00+01:00
0.069000, 1.72, 2025-06-15T04:30:00+01:00, 2025-06-15T05:00:00+01:00
0.055000, 1.37, 2025-06-15T05:00:00+01:00, 2025-06-15T05:30:00+01:00
0.104000, 2.60, 2025-06-15T05:30:00+01:00, 2025-06-15T06:00:00+01:00
0.068000, 1.70, 2025-06-15T06:00:00+01:00, 2025-06-15T06:30:00+01:00
0.073000, 1.82, 2025-06-15T06:30:00+01:00, 2025-06-15T07:00:00+01:00
0.054000, 1.35, 2025-06-15T07:00:00+01:00, 2025-06-15T07:30:00+01:00
0.231000, 5.77, 2025-06-15T07:30:00+01:00, 2025-06-15T08:00:00+01:00
0.077000, 1.92, 2025-06-15T08:00:00+01:00, 2025-06-15T08:30:00+01:00
0.064000, 1.60, 2025-06-15T08:30:00+01:00, 2025-06-15T09:00:00+01:00
0.137000, 3.42, 2025-06-15T09:00:00+01:00, 2025-06-15T09:30:00+01:00
0.764000, 19.08, 2025-06-15T09:30:00+01:00, 2025-06-15T10:00:00+01:00
1.955000, 48.83, 2025-06-15T10:00:00+01:00, 2025-06-15T10:30:00+01:00
1.176000, 29.38, 2025-06-15T10:30:00+01:00, 2025-06-15T11:00:00+01:00
0.109000, 2.72, 2025-06-15T11:00:00+01:00, 2025-06-15T11:30:00+01:00
0.101000, 2.52, 2025-06-15T11:30:00+01:00, 2025-06-15T12:00:00+01:00
0.083000, 2.07, 2025-06-15T12:00:00+01:00, 2025-06-15T12:30:00+01:00
0.081000, 2.02, 2025-06-15T12:30:00+01:00, 2025-06-15T13:00:00+01:00
0.099000, 2.47, 2025-06-15T13:00:00+01:00, 2025-06-15T13:30:00+01:00
0.111000, 2.77, 2025-06-15T13:30:00+01:00, 2025-06-15T14:00:00+01:00
0.075000, 1.87, 2025-06-15T14:00:00+01:00, 2025-06-15T14:30:00+01:00
0.076000, 1.90, 2025-06-15T14:30:00+01:00, 2025-06-15T15:00:00+01:00
0.100000, 2.50, 2025-06-15T15:00:00+01:00, 2025-06-15T15:30:00+01:00
0.147000, 3.67, 2025-06-15T15:30:00+01:00, 2025-06-15T16:00:00+01:00
0.182000, 4.55, 2025-06-15T16:00:00+01:00, 2025-06-15T16:30:00+01:00
0.133000, 3.32, 2025-06-15T16:30:00+01:00, 2025-06-15T17:00:00+01:00
0.166000, 4.15, 2025-06-15T17:00:00+01:00, 2025-06-15T17:30:00+01:00
0.104000, 2.60, 2025-06-15T17:30:00+01:00, 2025-06-15T18:00:00+01:00
0.177000, 4.42, 2025-06-15T18:00:00+01:00, 2025-06-15T18:30:00+01:00
0.225000, 5.62, 2025-06-15T18:30:00+01:00, 2025-06-15T19:00:00+01:00
1.900000, 47.46, 2025-06-15T19:00:00+01:00, 2025-06-15T19:30:00+01:00
0.940000, 23.48, 2025-06-15T19:30:00+01:00, 2025-06-15T20:00:00+01:00
0.073000, 1.82, 2025-06-15T20:00:00+01:00, 2025-06-15T20:30:00+01:00
0.074000, 1.85, 2025-06-15T20:30:00+01:00, 2025-06-15T21:00:00+01:00
1.354000, 33.82, 2025-06-15T21:00:00+01:00, 2025-06-15T21:30:00+01:00
0.137000, 3.42, 2025-06-15T21:30:00+01:00, 2025-06-15T22:00:00+01:00
0.095000, 2.37, 2025-06-15T22:00:00+01:00, 2025-06-15T22:30:00+01:00
0.103000, 2.57, 2025-06-15T22:30:00+01:00, 2025-06-15T23:00:00+01:00
0.131000, 3.27, 2025-06-15T23:00:00+01:00, 2025-06-15T23:30:00+01:00
0.065000, 1.62, 2025-06-15T23:30:00+01:00, 2025-06-16T00:00:00+01:00
0.064000, 1.60, 2025-06-16T00:00:00+01:00, 2025-06-16T00:30:00+01:00
0.097000, 2.42, 2025-06-16T00:30:00+01:00, 2025-06-16T01:00:00+01:00
0.082000, 2.05, 2025-06-16T01:00:00+01:00, 2025-06-16T01:30:00+01:00
0.072000, 1.80, 2025-06-16T01:30:00+01:00, 2025-06-16T02:00:00+01:00
0.052000, 1.30, 2025-06-16T02:00:00+01:00, 2025-06-16T02:30:00+01:00
0.111000, 2.77, 2025-06-16T02:30:00+01:00, 2025-06-16T03:00:00+01:00
0.070000, 1.75, 2025-06-16T03:00:00+01:00, 2025-06-16T03:30:00+01:00
0.079000, 1.97, 2025-06-16T03:30:00+01:00, 2025-06-16T04:00:00+01:00
0.056000, 1.40, 2025-06-16T04:00:00+01:00, 2025-06-16T04:30:00+01:00
0.111000, 2.77, 2025-06-16T04:30:00+01:00, 2025-06-16T05:00:00+01:00
0.061000, 1.52, 2025-06-16T05:00:00+01:00, 2025-06-16T05:30:00+01:00
0.064000, 1.60, 2025-06-16T05:30:00+01:00, 2025-06-16T06:00:00+01:00
0.077000, 1.92, 2025-06-16T06:00:00+01:00, 2025-06-16T06:30:00+01:00
0.100000, 2.50, 2025-06-16T06:30:00+01:00, 2025-06-16T07:00:00+01:00
1.609000, 40.19, 2025-06-16T07:00:00+01:00, 2025-06-16T07:30:00+01:00
1.372000, 34.27, 2025-06-16T07:30:00+01:00, 2025-06-16T08:00:00+01:00
1.203000, 30.05, 2025-06-16T08:00:00+01:00, 2025-06-16T08:30:00+01:00
0.090000, 2.25, 2025-06-16T08:30:00+01:00, 2025-06-16T09:00:00+01:00
0.060000, 1.50, 2025-06-16T09:00:00+01:00, 2025-06-16T09:30:00+01:00
0.097000, 2.42, 2025-06-16T09:30:00+01:00, 2025-06-16T10:00:00+01:00
0.112000, 2.80, 2025-06-16T10:00:00+01:00, 2025-06-16T10:30:00+01:00
0.087000, 2.17, 2025-06-16T10:30:00+01:00, 2025-06-16T11:00:00+01:00
0.091000, 2.27, 2025-06-16T11:00:00+01:00, 2025-06-16T11:30:00+01:00
0.100000, 2.50, 2025-06-16T11:30:00+01:00, 2025-06-16T12:00:00+01:00
0.147000, 3.67, 2025-06-16T12:00:00+01:00, 2025-06-16T12:30:00+01:00
0.088000, 2.20, 2025-06-16T12:30:00+01:00, 2025-06-16T13:00:00+01:00
0.091000, 2.27, 2025-06-16T13:00:00+01:00, 2025-06-16T13:30:00+01:00
0.093000, 2.32, 2025-06-16T13:30:00+01:00, 2025-06-16T14:00:00+01:00
0.143000, 3.57, 2025-06-16T14:00:00+01:00, 2025-06-16T14:30:00+01:00
0.082000, 2.05, 2025-06-16T14:30:00+01:00, 2025-06-16T15:00:00+01:00
0.072000, 1.80, 2025-06-16T15:00:00+01:00, 2025-06-16T15:30:00+01:00
0.093000, 2.32, 2025-06-16T15:30:00+01:00, 2025-06-16T16:00:00+01:00
0.084000, 2.10, 2025-06-16T16:00:00+01:00, 2025-06-16T16:30:00+01:00
0.071000, 1.77, 2025-06-16T16:30:00+01:00, 2025-06-16T17:00:00+01:00
0.102000, 2.55, 2025-06-16T17:00:00+01:00, 2025-06-16T17:30:00+01:00
0.360000, 8.99, 2025-06-16T17:30:00+01:00, 2025-06-16T18:00:00+01:00
0.213000, 5.32, 2025-06-16T18:00:00+01:00, 2025-06-16T18:30:00+01:00
0.135000, 3.37, 2025-06-16T18:30:00+01:00, 2025-06-16T19:00:00+01:00
0.162000, 4.05, 2025-06-16T19:00:00+01:00, 2025-06-16T19:30:00+01:00
0.145000, 3.62, 2025-06-16T19:30:00+01:00, 2025-06-16T20:00:00+01:00
0.196000, 4.90, 2025-06-16T20:00:00+01:00, 2025-06-16T20:30:00+01:00
0.240000, 6.00, 2025-06-16T20:30:00+01:00, 2025-06-16T21:00:00+01:00
1.209000, 30.20, 2025-06-16T21:00:00+01:00, 2025-06-16T21:30:00+01:00
0.332000, 8.29, 2025-06-16T21:30:00+01:00, 2025-06-16T22:00:00+01:00
0.082000, 2.05, 2025-06-16T22:00:00+01:00, 2025-06-16T22:30:00+01:00
0.088000, 2.20, 2025-06-16T22:30:00+01:00, 2025-06-16T23:00:00+01:00
0.099000, 2.47, 2025-06-16T23:00:00+01:00, 2025-06-16T23:30:00+01:00
0.064000, 1.60, 2025-06-16T23:30:00+01:00, 2025-06-17T00:00:00+01:00
0.058000, 1.45, 2025-06-17T00:00:00+01:00, 2025-06-17T00:30:00+01:00
0.099000, 2.47, 2025-06-17T00:30:00+01:00, 2025-06-17T01:00:00+01:00
0.084000, 2.10, 2025-06-17T01:00:00+01:00, 2025-06-17T01:30:00+01:00
0.061000, 1.52, 2025-06-17T01:30:00+01:00, 2025-06-17T02:00:00+01:00
0.068000, 1.70, 2025-06-17T02:00:00+01:00, 2025-06-17T02:30:00+01:00
0.104000, 2.60, 2025-06-17T02:30:00+01:00, 2025-06-17T03:00:00+01:00
0.071000, 1.77, 2025-06-17T03:00:00+01:00, 2025-06-17T03:30:00+01:00
0.064000, 1.60, 2025-06-17T03:30:00+01:00, 2025-06-17T04:00:00+01:00
0.075000, 1.87, 2025-06-17T04:00:00+01:00, 2025-06-17T04:30:00+01:00
0.102000, 2.55, 2025-06-17T04:30:00+01:00, 2025-06-17T05:00:00+01:00
0.913000, 22.81, 2025-06-17T05:00:00+01:00, 2025-06-17T05:30:00+01:00
0.076000, 1.90, 2025-06-17T05:30:00+01:00, 2025-06-17T06:00:00+01:00
0.089000, 2.22, 2025-06-17T06:00:00+01:00, 2025-06-17T06:30:00+01:00
0.071000, 1.77, 2025-06-17T06:30:00+01:00, 2025-06-17T07:00:00+01:00
1.947000, 48.64, 2025-06-17T07:00:00+01:00, 2025-06-17T07:30:00+01:00
0.121000, 3.02, 2025-06-17T07:30:00+01:00, 2025-06-17T08:00:00+01:00
0.126000, 3.15, 2025-06-17T08:00:00+01:00, 2025-06-17T08:30:00+01:00
0.052000, 1.30, 2025-06-17T08:30:00+01:00, 2025-06-17T09:00:00+01:00
0.079000, 1.97, 2025-06-17T09:00:00+01:00, 2025-06-17T09:30:00+01:00
0.085000, 2.12, 2025-06-17T09:30:00+01:00, 2025-06-17T10:00:00+01:00
0.114000, 2.85, 2025-06-17T10:00:00+01:00, 2025-06-17T10:30:00+01:00
0.154000, 3.85, 2025-06-17T10:30:00+01:00, 2025-06-17T11:00:00+01:00
0.066000, 1.65, 2025-06-17T11:00:00+01:00, 2025-06-17T11:30:00+01:00
0.592000, 14.79, 2025-06-17T11:30:00+01:00, 2025-06-17T12:00:00+01:00
0.124000, 3.10, 2025-06-17T12:00:00+01:00, 2025-06-17T12:30:00+01:00
1.338000, 33.42, 2025-06-17T12:30:00+01:00, 2025-06-17T13:00:00+01:00
0.072000, 1.80, 2025-06-17T13:00:00+01:00, 2025-06-17T13:30:00+01:00
0.106000, 2.65, 2025-06-17T13:30:00+01:00, 2025-06-17T14:00:00+01:00
0.089000, 2.22, 2025-06-17T14:00:00+01:00, 2025-06-17T14:30:00+01:00
0.058000, 1.45, 2025-06-17T14:30:00+01:00, 2025-06-17T15:00:00+01:00
0.074000, 1.85, 2025-06-17T15:00:00+01:00, 2025-06-17T15:30:00+01:00
0.105000, 2.62, 2025-06-17T15:30:00+01:00, 2025-06-17T16:00:00+01:00
0.082000, 2.05, 2025-06-17T16:00:00+01:00, 2025-06-17T16:30:00+01:00
0.064000, 1.60, 2025-06-17T16:30:00+01:00, 2025-06-17T17:00:00+01:00
0.070000, 1.75, 2025-06-17T17:00:00+01:00, 2025-06-17T17:30:00+01:00
0.121000, 3.02, 2025-06-17T17:30:00+01:00, 2025-06-17T18:00:00+01:00
0.637000, 15.91, 2025-06-17T18:00:00+01:00, 2025-06-17T18:30:00+01:00
0.240000, 6.00, 2025-06-17T18:30:00+01:00, 2025-06-17T19:00:00+01:00
0.238000, 5.95, 2025-06-17T19:00:00+01:00, 2025-06-17T19:30:00+01:00
0.113000, 2.82, 2025-06-17T19:30:00+01:00, 2025-06-17T20:00:00+01:00
0.444000, 11.09, 2025-06-17T20:00:00+01:00, 2025-06-17T20:30:00+01:00
0.683000, 17.06, 2025-06-17T20:30:00+01:00, 2025-06-17T21:00:00+01:00
0.137000, 3.42, 2025-06-17T21:00:00+01:00, 2025-06-17T21:30:00+01:00
0.125000, 3.12, 2025-06-17T21:30:00+01:00, 2025-06-17T22:00:00+01:00
0.088000, 2.20, 2025-06-17T22:00:00+01:00, 2025-06-17T22:30:00+01:00
0.096000, 2.40, 2025-06-17T22:30:00+01:00, 2025-06-17T23:00:00+01:00
0.173000, 4.32, 2025-06-17T23:00:00+01:00, 2025-06-17T23:30:00+01:00
0.180000, 4.50, 2025-06-17T23:30:00+01:00, 2025-06-18T00:00:00+01:00
0.142000, 3.55, 2025-06-18T00:00:00+01:00, 2025-06-18T00:30:00+01:00
0.132000, 3.30, 2025-06-18T00:30:00+01:00, 2025-06-18T01:00:00+01:00
0.164000, 4.10, 2025-06-18T01:00:00+01:00, 2025-06-18T01:30:00+01:00
0.174000, 4.35, 2025-06-18T01:30:00+01:00, 2025-06-18T02:00:00+01:00
0.072000, 1.80, 2025-06-18T02:00:00+01:00, 2025-06-18T02:30:00+01:00
0.069000, 1.72, 2025-06-18T02:30:00+01:00, 2025-06-18T03:00:00+01:00
0.090000, 2.25, 2025-06-18T03:00:00+01:00, 2025-06-18T03:30:00+01:00
0.107000, 2.67, 2025-06-18T03:30:00+01:00, 2025-06-18T04:00:00+01:00
0.053000, 1.32, 2025-06-18T04:00:00+01:00, 2025-06-18T04:30:00+01:00
0.075000, 1.87, 2025-06-18T04:30:00+01:00, 2025-06-18T05:00:00+01:00
0.092000, 2.30, 2025-06-18T05:00:00+01:00, 2025-06-18T05:30:00+01:00
0.099000, 2.47, 2025-06-18T05:30:00+01:00, 2025-06-18T06:00:00+01:00
1.298000, 32.42, 2025-06-18T06:00:00+01:00, 2025-06-18T06:30:00+01:00
0.076000, 1.90, 2025-06-18T06:30:00+01:00, 2025-06-18T07:00:00+01:00
3.358000, 83.88, 2025-06-18T07:00:00+01:00, 2025-06-18T07:30:00+01:00
0.154000, 3.85, 2025-06-18T07:30:00+01:00, 2025-06-18T08:00:00+01:00
0.226000, 5.65, 2025-06-18T08:00:00+01:00, 2025-06-18T08:30:00+01:00
0.098000, 2.45, 2025-06-18T08:30:00+01:00, 2025-06-18T09:00:00+01:00
0.094000, 2.35, 2025-06-18T09:00:00+01:00, 2025-06-18T09:30:00+01:00
0.071000, 1.77, 2025-06-18T09:30:00+01:00, 2025-06-18T10:00:00+01:00
0.050000, 1.25, 2025-06-18T10:00:00+01:00, 2025-06-18T10:30:00+01:00
0.096000, 2.40, 2025-06-18T10:30:00+01:00, 2025-06-18T11:00:00+01:00
0.088000, 2.20, 2025-06-18T11:00:00+01:00, 2025-06-18T11:30:00+01:00
0.068000, 1.70, 2025-06-18T11:30:00+01:00, 2025-06-18T12:00:00+01:00
0.058000, 1.45, 2025-06-18T12:00:00+01:00, 2025-06-18T12:30:00+01:00
0.092000, 2.30, 2025-06-18T12:30:00+01:00, 2025-06-18T13:00:00+01:00
0.096000, 2.40, 2025-06-18T13:00:00+01:00, 2025-06-18T13:30:00+01:00
0.065000, 1.62, 2025-06-18T13:30:00+01:00, 2025-06-18T14:00:00+01:00
0.056000, 1.40, 2025-06-18T14:00:00+01:00, 2025-06-18T14:30:00+01:00
0.100000, 2.50, 2025-06-18T14:30:00+01:00, 2025-06-18T15:00:00+01:00
0.087000, 2.17, 2025-06-18T15:00:00+01:00, 2025-06-18T15:30:00+01:00
0.075000, 1.87, 2025-06-18T15:30:00+01:00, 2025-06-18T16:00:00+01:00
0.108000, 2.70, 2025-06-18T16:00:00+01:00, 2025-06-18T16:30:00+01:00
0.137000, 3.42, 2025-06-18T16:30:00+01:00, 2025-06-18T17:00:00+01:00
0.242000, 6.05, 2025-06-18T17:00:00+01:00, 2025-06-18T17:30:00+01:00
0.096000, 2.40, 2025-06-18T17:30:00+01:00, 2025-06-18T18:00:00+01:00
0.091000, 2.27, 2025-06-18T18:00:00+01:00, 2025-06-18T18:30:00+01:00
0.118000, 2.95, 2025-06-18T18:30:00+01:00, 2025-06-18T19:00:00+01:00
0.088000, 2.20, 2025-06-18T19:00:00+01:00, 2025-06-18T19:30:00+01:00
0.055000, 1.37, 2025-06-18T19:30:00+01:00, 2025-06-18T20:00:00+01:00
1.101000, 27.50, 2025-06-18T20:00:00+01:00, 2025-06-18T20:30:00+01:00
0.191000, 4.77, 2025-06-18T20:30:00+01:00, 2025-06-18T21:00:00+01:00
0.120000, 3.00, 2025-06-18T21:00:00+01:00, 2025-06-18T21:30:00+01:00
0.657000, 16.41, 2025-06-18T21:30:00+01:00, 2025-06-18T22:00:00+01:00
0.774000, 19.33, 2025-06-18T22:00:00+01:00, 2025-06-18T22:30:00+01:00
0.129000, 3.22, 2025-06-18T22:30:00+01:00, 2025-06-18T23:00:00+01:00
0.113000, 2.82, 2025-06-18T23:00:00+01:00, 2025-06-18T23:30:00+01:00
0.075000, 1.87, 2025-06-18T23:30:00+01:00, 2025-06-19T00:00:00+01:00
0.062000, 1.55, 2025-06-19T00:00:00+01:00, 2025-06-19T00:30:00+01:00
0.128000, 3.20, 2025-06-19T00:30:00+01:00, 2025-06-19T01:00:00+01:00
0.085000, 2.12, 2025-06-19T01:00:00+01:00, 2025-06-19T01:30:00+01:00
0.085000, 2.12, 2025-06-19T01:30:00+01:00, 2025-06-19T02:00:00+01:00
0.061000, 1.52, 2025-06-19T02:00:00+01:00, 2025-06-19T02:30:00+01:00
0.110000, 2.75, 2025-06-19T02:30:00+01:00, 2025-06-19T03:00:00+01:00
0.090000, 2.25, 2025-06-19T03:00:00+01:00, 2025-06-19T03:30:00+01:00
0.066000, 1.65, 2025-06-19T03:30:00+01:00, 2025-06-19T04:00:00+01:00
0.084000, 2.10, 2025-06-19T04:00:00+01:00, 2025-06-19T04:30:00+01:00
0.101000, 2.52, 2025-06-19T04:30:00+01:00, 2025-06-19T05:00:00+01:00
0.099000, 2.47, 2025-06-19T05:00:00+01:00, 2025-06-19T05:30:00+01:00
0.070000, 1.75, 2025-06-19T05:30:00+01:00, 2025-06-19T06:00:00+01:00
0.057000, 1.42, 2025-06-19T06:00:00+01:00, 2025-06-19T06:30:00+01:00
0.872000, 21.78, 2025-06-19T06:30:00+01:00, 2025-06-19T07:00:00+01:00
1.438000, 35.92, 2025-06-19T07:00:00+01:00, 2025-06-19T07:30:00+01:00
0.129000, 3.22, 2025-06-19T07:30:00+01:00, 2025-06-19T08:00:00+01:00
0.096000, 2.40, 2025-06-19T08:00:00+01:00, 2025-06-19T08:30:00+01:00
0.636000, 15.89, 2025-06-19T08:30:00+01:00, 2025-06-19T09:00:00+01:00
0.078000, 1.95, 2025-06-19T09:00:00+01:00, 2025-06-19T09:30:00+01:00
0.071000, 1.77, 2025-06-19T09:30:00+01:00, 2025-06-19T10:00:00+01:00
0.059000, 1.47, 2025-06-19T10:00:00+01:00, 2025-06-19T10:30:00+01:00
0.126000, 3.15, 2025-06-19T10:30:00+01:00, 2025-06-19T11:00:00+01:00
0.062000, 1.55, 2025-06-19T11:00:00+01:00, 2025-06-19T11:30:00+01:00
0.071000, 1.77, 2025-06-19T11:30:00+01:00, 2025-06-19T12:00:00+01:00
0.372000, 9.29, 2025-06-19T12:00:00+01:00, 2025-06-19T12:30:00+01:00
0.416000, 10.39, 2025-06-19T12:30:00+01:00, 2025-06-19T13:00:00+01:00
0.388000, 9.69, 2025-06-19T13:00:00+01:00, 2025-06-19T13:30:00+01:00
0.483000, 12.07, 2025-06-19T13:30:00+01:00, 2025-06-19T14:00:00+01:00
0.325000, 8.12, 2025-06-19T14:00:00+01:00, 2025-06-19T14:30:00+01:00
0.153000, 3.82, 2025-06-19T14:30:00+01:00, 2025-06-19T15:00:00+01:00
0.106000, 2.65, 2025-06-19T15:00:00+01:00, 2025-06-19T15:30:00+01:00
0.068000, 1.70, 2025-06-19T15:30:00+01:00, 2025-06-19T16:00:00+01:00
0.100000, 2.50, 2025-06-19T16:00:00+01:00, 2025-06-19T16:30:00+01:00
0.123000, 3.07, 2025-06-19T16:30:00+01:00, 2025-06-19T17:00:00+01:00
0.120000, 3.00, 2025-06-19T17:00:00+01:00, 2025-06-19T17:30:00+01:00
0.767000, 19.16, 2025-06-19T17:30:00+01:00, 2025-06-19T18:00:00+01:00
0.670000, 16.74, 2025-06-19T18:00:00+01:00, 2025-06-19T18:30:00+01:00
0.302000, 7.54, 2025-06-19T18:30:00+01:00, 2025-06-19T19:00:00+01:00
0.109000, 2.72, 2025-06-19T19:00:00+01:00, 2025-06-19T19:30:00+01:00
1.435000, 35.85, 2025-06-19T19:30:00+01:00, 2025-06-19T20:00:00+01:00
0.096000, 2.40, 2025-06-19T20:00:00+01:00, 2025-06-19T20:30:00+01:00
0.143000, 3.57, 2025-06-19T20:30:00+01:00, 2025-06-19T21:00:00+01:00
0.109000, 2.72, 2025-06-19T21:00:00+01:00, 2025-06-19T21:30:00+01:00
0.083000, 2.07, 2025-06-19T21:30:00+01:00, 2025-06-19T22:00:00+01:00
0.093000, 2.32, 2025-06-19T22:00:00+01:00, 2025-06-19T22:30:00+01:00
0.133000, 3.32, 2025-06-19T22:30:00+01:00, 2025-06-19T23:00:00+01:00
0.109000, 2.72, 2025-06-19T23:00:00+01:00, 2025-06-19T23:30:00+01:00
0.061000, 1.52, 2025-06-19T23:30:00+01:00, 2025-06-20T00:00:00+01:00
0.109000, 2.72, 2025-06-20T00:00:00+01:00, 2025-06-20T00:30:00+01:00
0.119000, 2.97, 2025-06-20T00:30:00+01:00, 2025-06-20T01:00:00+01:00
0.066000, 1.65, 2025-06-20T01:00:00+01:00, 2025-06-20T01:30:00+01:00
0.078000, 1.95, 2025-06-20T01:30:00+01:00, 2025-06-20T02:00:00+01:00
0.108000, 2.70, 2025-06-20T02:00:00+01:00, 2025-06-20T02:30:00+01:00
0.085000, 2.12, 2025-06-20T02:30:00+01:00, 2025-06-20T03:00:00+01:00
0.076000, 1.90, 2025-06-20T03:00:00+01:00, 2025-06-20T03:30:00+01:00
0.067000, 1.67, 2025-06-20T03:30:00+01:00, 2025-06-20T04:00:00+01:00
0.126000, 3.15, 2025-06-20T04:00:00+01:00, 2025-06-20T04:30:00+01:00
0.059000, 1.47, 2025-06-20T04:30:00+01:00, 2025-06-20T05:00:00+01:00
0.067000, 1.67, 2025-06-20T05:00:00+01:00, 2025-06-20T05:30:00+01:00
0.100000, 2.50, 2025-06-20T05:30:00+01:00, 2025-06-20T06:00:00+01:00
0.842000, 21.03, 2025-06-20T06:00:00+01:00, 2025-06-20T06:30:00+01:00
0.178000, 4.45, 2025-06-20T06:30:00+01:00, 2025-06-20T07:00:00+01:00
0.185000, 4.62, 2025-06-20T07:00:00+01:00, 2025-06-20T07:30:00+01:00
1.270000, 31.72, 2025-06-20T07:30:00+01:00, 2025-06-20T08:00:00+01:00
0.296000, 7.39, 2025-06-20T08:00:00+01:00, 2025-06-20T08:30:00+01:00
0.099000, 2.47, 2025-06-20T08:30:00+01:00, 2025-06-20T09:00:00+01:00
0.100000, 2.50, 2025-06-20T09:00:00+01:00, 2025-06-20T09:30:00+01:00
0.100000, 2.50, 2025-06-20T09:30:00+01:00, 2025-06-20T10:00:00+01:00
0.067000, 1.67, 2025-06-20T10:00:00+01:00, 2025-06-20T10:30:00+01:00
0.065000, 1.62, 2025-06-20T10:30:00+01:00, 2025-06-20T11:00:00+01:00
0.104000, 2.60, 2025-06-20T11:00:00+01:00, 2025-06-20T11:30:00+01:00
0.161000, 4.02, 2025-06-20T11:30:00+01:00, 2025-06-20T12:00:00+01:00
0.631000, 15.76, 2025-06-20T12:00:00+01:00, 2025-06-20T12:30:00+01:00
0.280000, 6.99, 2025-06-20T12:30:00+01:00, 2025-06-20T13:00:00+01:00
0.266000, 6.64, 2025-06-20T13:00:00+01:00, 2025-06-20T13:30:00+01:00
0.097000, 2.42, 2025-06-20T13:30:00+01:00, 2025-06-20T14:00:00+01:00
0.081000, 2.02, 2025-06-20T14:00:00+01:00, 2025-06-20T14:30:00+01:00
0.119000, 2.97, 2025-06-20T14:30:00+01:00, 2025-06-20T15:00:00+01:00
0.125000, 3.12, 2025-06-20T15:00:00+01:00, 2025-06-20T15:30:00+01:00
0.149000, 3.72, 2025-06-20T15:30:00+01:00, 2025-06-20T16:00:00+01:00
0.099000, 2.47, 2025-06-20T16:00:00+01:00, 2025-06-20T16:30:00+01:00
0.146000, 3.65, 2025-06-20T16:30:00+01:00, 2025-06-20T17:00:00+01:00
0.089000, 2.22, 2025-06-20T17:00:00+01:00, 2025-06-20T17:30:00+01:00
0.411000, 10.27, 2025-06-20T17:30:00+01:00, 2025-06-20T18:00:00+01:00
0.644000, 16.09, 2025-06-20T18:00:00+01:00, 2025-06-20T18:30:00+01:00
0.136000, 3.40, 2025-06-20T18:30:00+01:00, 2025-06-20T19:00:00+01:00
0.095000, 2.37, 2025-06-20T19:00:00+01:00, 2025-06-20T19:30:00+01:00
0.077000, 1.92, 2025-06-20T19:30:00+01:00, 2025-06-20T20:00:00+01:00
0.371000, 9.27, 2025-06-20T20:00:00+01:00, 2025-06-20T20:30:00+01:00
0.277000, 6.92, 2025-06-20T20:30:00+01:00, 2025-06-20T21:00:00+01:00
0.180000, 4.50, 2025-06-20T21:00:00+01:00, 2025-06-20T21:30:00+01:00
0.921000, 23.01, 2025-06-20T21:30:00+01:00, 2025-06-20T22:00:00+01:00
0.246000, 6.14, 2025-06-20T22:00:00+01:00, 2025-06-20T22:30:00+01:00
0.136000, 3.40, 2025-06-20T22:30:00+01:00, 2025-06-20T23:00:00+01:00
0.133000, 3.32, 2025-06-20T23:00:00+01:00, 2025-06-20T23:30:00+01:00
0.136000, 3.40, 2025-06-20T23:30:00+01:00, 2025-06-21T00:00:00+01:00
0.118000, 2.95, 2025-06-21T00:00:00+01:00, 2025-06-21T00:30:00+01:00
0.136000, 3.40, 2025-06-21T00:30:00+01:00, 2025-06-21T01:00:00+01:00
0.128000, 3.20, 2025-06-21T01:00:00+01:00, 2025-06-21T01:30:00+01:00
0.122000, 3.05, 2025-06-21T01:30:00+01:00, 2025-06-21T02:00:00+01:00
0.136000, 3.40, 2025-06-21T02:00:00+01:00, 2025-06-21T02:30:00+01:00
0.132000, 3.30, 2025-06-21T02:30:00+01:00, 2025-06-21T03:00:00+01:00
0.126000, 3.15, 2025-06-21T03:00:00+01:00, 2025-06-21T03:30:00+01:00
0.130000, 3.25, 2025-06-21T03:30:00+01:00, 2025-06-21T04:00:00+01:00
0.125000, 3.12, 2025-06-21T04:00:00+01:00, 2025-06-21T04:30:00+01:00
0.129000, 3.22, 2025-06-21T04:30:00+01:00, 2025-06-21T05:00:00+01:00
0.131000, 3.27, 2025-06-21T05:00:00+01:00, 2025-06-21T05:30:00+01:00
0.125000, 3.12, 2025-06-21T05:30:00+01:00, 2025-06-21T06:00:00+01:00
0.130000, 3.25, 2025-06-21T06:00:00+01:00, 2025-06-21T06:30:00+01:00
0.132000, 3.30, 2025-06-21T06:30:00+01:00, 2025-06-21T07:00:00+01:00
0.311000, 7.77, 2025-06-21T07:00:00+01:00, 2025-06-21T07:30:00+01:00
0.191000, 4.77, 2025-06-21T07:30:00+01:00, 2025-06-21T08:00:00+01:00
0.123000, 3.07, 2025-06-21T08:00:00+01:00, 2025-06-21T08:30:00+01:00
0.122000, 3.05, 2025-06-21T08:30:00+01:00, 2025-06-21T09:00:00+01:00
1.153000, 28.80, 2025-06-21T09:00:00+01:00, 2025-06-21T09:30:00+01:00
0.309000, 7.72, 2025-06-21T09:30:00+01:00, 2025-06-21T10:00:00+01:00
0.615000, 15.36, 2025-06-21T10:00:00+01:00, 2025-06-21T10:30:00+01:00
0.124000, 3.10, 2025-06-21T10:30:00+01:00, 2025-06-21T11:00:00+01:00
0.936000, 23.38, 2025-06-21T11:00:00+01:00, 2025-06-21T11:30:00+01:00
1.033000, 25.80, 2025-06-21T11:30:00+01:00, 2025-06-21T12:00:00+01:00
0.155000, 3.87, 2025-06-21T12:00:00+01:00, 2025-06-21T12:30:00+01:00
0.157000, 3.92, 2025-06-21T12:30:00+01:00, 2025-06-21T13:00:00+01:00
0.160000, 4.00, 2025-06-21T13:00:00+01:00, 2025-06-21T13:30:00+01:00
0.903000, 22.56, 2025-06-21T13:30:00+01:00, 2025-06-21T14:00:00+01:00
0.126000, 3.15, 2025-06-21T14:00:00+01:00, 2025-06-21T14:30:00+01:00
0.093000, 2.32, 2025-06-21T14:30:00+01:00, 2025-06-21T15:00:00+01:00
0.103000, 2.57, 2025-06-21T15:00:00+01:00, 2025-06-21T15:30:00+01:00
0.120000, 3.00, 2025-06-21T15:30:00+01:00, 2025-06-21T16:00:00+01:00
0.145000, 3.62, 2025-06-21T16:00:00+01:00, 2025-06-21T16:30:00+01:00
0.144000, 3.60, 2025-06-21T16:30:00+01:00, 2025-06-21T17:00:00+01:00
0.078000, 1.95, 2025-06-21T17:00:00+01:00, 2025-06-21T17:30:00+01:00
0.100000, 2.50, 2025-06-21T17:30:00+01:00, 2025-06-21T18:00:00+01:00
0.117000, 2.92, 2025-06-21T18:00:00+01:00, 2025-06-21T18:30:00+01:00
0.691000, 17.26, 2025-06-21T18:30:00+01:00, 2025-06-21T19:00:00+01:00
0.129000, 3.22, 2025-06-21T19:00:00+01:00, 2025-06-21T19:30:00+01:00
0.189000, 4.72, 2025-06-21T19:30:00+01:00, 2025-06-21T20:00:00+01:00
0.146000, 3.65, 2025-06-21T20:00:00+01:00, 2025-06-21T20:30:00+01:00
0.108000, 2.70, 2025-06-21T20:30:00+01:00, 2025-06-21T21:00:00+01:00
0.206000, 5.15, 2025-06-21T21:00:00+01:00, 2025-06-21T21:30:00+01:00
0.149000, 3.72, 2025-06-21T21:30:00+01:00, 2025-06-21T22:00:00+01:00
0.233000, 5.82, 2025-06-21T22:00:00+01:00, 2025-06-21T22:30:00+01:00
0.168000, 4.20, 2025-06-21T22:30:00+01:00, 2025-06-21T23:00:00+01:00
1.946000, 48.61, 2025-06-21T23:00:00+01:00, 2025-06-21T23:30:00+01:00
0.141000, 3.52, 2025-06-21T23:30:00+01:00, 2025-06-22T00:00:00+01:00
0.084000, 2.10, 2025-06-22T00:00:00+01:00, 2025-06-22T00:30:00+01:00
0.089000, 2.22, 2025-06-22T00:30:00+01:00, 2025-06-22T01:00:00+01:00
0.134000, 3.35, 2025-06-22T01:00:00+01:00, 2025-06-22T01:30:00+01:00
0.107000, 2.67, 2025-06-22T01:30:00+01:00, 2025-06-22T02:00:00+01:00
0.090000, 2.25, 2025-06-22T02:00:00+01:00, 2025-06-22T02:30:00+01:00
0.086000, 2.15, 2025-06-22T02:30:00+01:00, 2025-06-22T03:00:00+01:00
0.148000, 3.70, 2025-06-22T03:00:00+01:00, 2025-06-22T03:30:00+01:00
0.096000, 2.40, 2025-06-22T03:30:00+01:00, 2025-06-22T04:00:00+01:00
0.082000, 2.05, 2025-06-22T04:00:00+01:00, 2025-06-22T04:30:00+01:00
0.078000, 1.95, 2025-06-22T04:30:00+01:00, 2025-06-22T05:00:00+01:00
0.115000, 2.87, 2025-06-22T05:00:00+01:00, 2025-06-22T05:30:00+01:00
0.078000, 1.95, 2025-06-22T05:30:00+01:00, 2025-06-22T06:00:00+01:00
0.063000, 1.57, 2025-06-22T06:00:00+01:00, 2025-06-22T06:30:00+01:00
0.098000, 2.45, 2025-06-22T06:30:00+01:00, 2025-06-22T07:00:00+01:00
0.114000, 2.85, 2025-06-22T07:00:00+01:00, 2025-06-22T07:30:00+01:00
0.072000, 1.80, 2025-06-22T07:30:00+01:00, 2025-06-22T08:00:00+01:00
0.069000, 1.72, 2025-06-22T08:00:00+01:00, 2025-06-22T08:30:00+01:00
0.166000, 4.15, 2025-06-22T08:30:00+01:00, 2025-06-22T09:00:00+01:00
0.071000, 1.77, 2025-06-22T09:00:00+01:00, 2025-06-22T09:30:00+01:00
0.139000, 3.47, 2025-06-22T09:30:00+01:00, 2025-06-22T10:00:00+01:00
1.866000, 46.61, 2025-06-22T10:00:00+01:00, 2025-06-22T10:30:00+01:00
0.758000, 18.93, 2025-06-22T10:30:00+01:00, 2025-06-22T11:00:00+01:00
0.076000, 1.90, 2025-06-22T11:00:00+01:00, 2025-06-22T11:30:00+01:00
0.057000, 1.42, 2025-06-22T11:30:00+01:00, 2025-06-22T12:00:00+01:00
0.124000, 3.10, 2025-06-22T12:00:00+01:00, 2025-06-22T12:30:00+01:00
0.072000, 1.80, 2025-06-22T12:30:00+01:00, 2025-06-22T13:00:00+01:00
0.075000, 1.87, 2025-06-22T13:00:00+01:00, 2025-06-22T13:30:00+01:00
0.071000, 1.77, 2025-06-22T13:30:00+01:00, 2025-06-22T14:00:00+01:00
0.218000, 5.45, 2025-06-22T14:00:00+01:00, 2025-06-22T14:30:00+01:00
0.701000, 17.51, 2025-06-22T14:30:00+01:00, 2025-06-22T15:00:00+01:00
0.128000, 3.20, 2025-06-22T15:00:00+01:00, 2025-06-22T15:30:00+01:00
0.186000, 4.65, 2025-06-22T15:30:00+01:00, 2025-06-22T16:00:00+01:00
0.158000, 3.95, 2025-06-22T16:00:00+01:00, 2025-06-22T16:30:00+01:00
0.100000, 2.50, 2025-06-22T16:30:00+01:00, 2025-06-22T17:00:00+01:00
0.993000, 24.80, 2025-06-22T17:00:00+01:00, 2025-06-22T17:30:00+01:00
0.115000, 2.87, 2025-06-22T17:30:00+01:00, 2025-06-22T18:00:00+01:00
0.088000, 2.20, 2025-06-22T18:00:00+01:00, 2025-06-22T18:30:00+01:00
0.109000, 2.72, 2025-06-22T18:30:00+01:00, 2025-06-22T19:00:00+01:00
0.169000, 4.22, 2025-06-22T19:00:00+01:00, 2025-06-22T19:30:00+01:00
0.715000, 17.86, 2025-06-22T19:30:00+01:00, 2025-06-22T20:00:00+01:00
0.835000, 20.86, 2025-06-22T20:00:00+01:00, 2025-06-22T20:30:00+01:00
0.497000, 12.41, 2025-06-22T20:30:00+01:00, 2025-06-22T21:00:00+01:00
0.191000, 4.77, 2025-06-22T21:00:00+01:00, 2025-06-22T21:30:00+01:00
0.196000, 4.90, 2025-06-22T21:30:00+01:00, 2025-06-22T22:00:00+01:00
0.115000, 2.87, 2025-06-22T22:00:00+01:00, 2025-06-22T22:30:00+01:00
0.080000, 2.00, 2025-06-22T22:30:00+01:00, 2025-06-22T23:00:00+01:00
0.098000, 2.45, 2025-06-22T23:00:00+01:00, 2025-06-22T23:30:00+01:00
0.111000, 2.77, 2025-06-22T23:30:00+01:00, 2025-06-23T00:00:00+01:00
0.072000, 1.80, 2025-06-23T00:00:00+01:00, 2025-06-23T00:30:00+01:00
0.079000, 1.97, 2025-06-23T00:30:00+01:00, 2025-06-23T01:00:00+01:00
0.076000, 1.90, 2025-06-23T01:00:00+01:00, 2025-06-23T01:30:00+01:00
0.117000, 2.92, 2025-06-23T01:30:00+01:00, 2025-06-23T02:00:00+01:00
0.071000, 1.77, 2025-06-23T02:00:00+01:00, 2025-06-23T02:30:00+01:00
0.064000, 1.60, 2025-06-23T02:30:00+01:00, 2025-06-23T03:00:00+01:00
0.101000, 2.52, 2025-06-23T03:00:00+01:00, 2025-06-23T03:30:00+01:00
0.103000, 2.57, 2025-06-23T03:30:00+01:00, 2025-06-23T04:00:00+01:00
0.075000, 1.87, 2025-06-23T04:00:00+01:00, 2025-06-23T04:30:00+01:00
0.073000, 1.82, 2025-06-23T04:30:00+01:00, 2025-06-23T05:00:00+01:00
0.090000, 2.25, 2025-06-23T05:00:00+01:00, 2025-06-23T05:30:00+01:00
0.112000, 2.80, 2025-06-23T05:30:00+01:00, 2025-06-23T06:00:00+01:00
0.067000, 1.67, 2025-06-23T06:00:00+01:00, 2025-06-23T06:30:00+01:00
0.119000, 2.97, 2025-06-23T06:30:00+01:00, 2025-06-23T07:00:00+01:00
1.878000, 46.91, 2025-06-23T07:00:00+01:00, 2025-06-23T07:30:00+01:00
0.139000, 3.47, 2025-06-23T07:30:00+01:00, 2025-06-23T08:00:00+01:00
0.306000, 7.64, 2025-06-23T08:00:00+01:00, 2025-06-23T08:30:00+01:00
0.177000, 4.42, 2025-06-23T08:30:00+01:00, 2025-06-23T09:00:00+01:00
0.093000, 2.32, 2025-06-23T09:00:00+01:00, 2025-06-23T09:30:00+01:00
0.086000, 2.15, 2025-06-23T09:30:00+01:00, 2025-06-23T10:00:00+01:00
0.081000, 2.02, 2025-06-23T10:00:00+01:00, 2025-06-23T10:30:00+01:00
0.085000, 2.12, 2025-06-23T10:30:00+01:00, 2025-06-23T11:00:00+01:00
1.192000, 29.78, 2025-06-23T11:00:00+01:00, 2025-06-23T11:30:00+01:00
0.493000, 12.31, 2025-06-23T11:30:00+01:00, 2025-06-23T12:00:00+01:00
0.116000, 2.90, 2025-06-23T12:00:00+01:00, 2025-06-23T12:30:00+01:00
0.150000, 3.75, 2025-06-23T12:30:00+01:00, 2025-06-23T13:00:00+01:00
0.146000, 3.65, 2025-06-23T13:00:00+01:00, 2025-06-23T13:30:00+01:00
0.106000, 2.65, 2025-06-23T13:30:00+01:00, 2025-06-23T14:00:00+01:00
0.083000, 2.07, 2025-06-23T14:00:00+01:00, 2025-06-23T14:30:00+01:00
0.094000, 2.35, 2025-06-23T14:30:00+01:00, 2025-06-23T15:00:00+01:00
0.193000, 4.82, 2025-06-23T15:00:00+01:00, 2025-06-23T15:30:00+01:00
0.229000, 5.72, 2025-06-23T15:30:00+01:00, 2025-06-23T16:00:00+01:00
0.250000, 6.24, 2025-06-23T16:00:00+01:00, 2025-06-23T16:30:00+01:00
0.109000, 2.72, 2025-06-23T16:30:00+01:00, 2025-06-23T17:00:00+01:00
0.158000, 3.95, 2025-06-23T17:00:00+01:00, 2025-06-23T17:30:00+01:00
0.133000, 3.32, 2025-06-23T17:30:00+01:00, 2025-06-23T18:00:00+01:00
0.242000, 6.05, 2025-06-23T18:00:00+01:00, 2025-06-23T18:30:00+01:00
0.114000, 2.85, 2025-06-23T18:30:00+01:00, 2025-06-23T19:00:00+01:00
0.296000, 7.39, 2025-06-23T19:00:00+01:00, 2025-06-23T19:30:00+01:00
0.107000, 2.67, 2025-06-23T19:30:00+01:00, 2025-06-23T20:00:00+01:00
0.070000, 1.75, 2025-06-23T20:00:00+01:00, 2025-06-23T20:30:00+01:00
0.095000, 2.37, 2025-06-23T20:30:00+01:00, 2025-06-23T21:00:00+01:00
0.634000, 15.84, 2025-06-23T21:00:00+01:00, 2025-06-23T21:30:00+01:00
0.092000, 2.30, 2025-06-23T21:30:00+01:00, 2025-06-23T22:00:00+01:00
0.097000, 2.42, 2025-06-23T22:00:00+01:00, 2025-06-23T22:30:00+01:00
0.122000, 3.05, 2025-06-23T22:30:00+01:00, 2025-06-23T23:00:00+01:00
0.117000, 2.92, 2025-06-23T23:00:00+01:00, 2025-06-23T23:30:00+01:00
0.074000, 1.85, 2025-06-23T23:30:00+01:00, 2025-06-24T00:00:00+01:00
0.108000, 2.70, 2025-06-24T00:00:00+01:00, 2025-06-24T00:30:00+01:00
0.120000, 3.00, 2025-06-24T00:30:00+01:00, 2025-06-24T01:00:00+01:00
0.100000, 2.50, 2025-06-24T01:00:00+01:00, 2025-06-24T01:30:00+01:00
0.069000, 1.72, 2025-06-24T01:30:00+01:00, 2025-06-24T02:00:00+01:00
0.099000, 2.47, 2025-06-24T02:00:00+01:00, 2025-06-24T02:30:00+01:00
0.121000, 3.02, 2025-06-24T02:30:00+01:00, 2025-06-24T03:00:00+01:00
0.070000, 1.75, 2025-06-24T03:00:00+01:00, 2025-06-24T03:30:00+01:00
0.086000, 2.15, 2025-06-24T03:30:00+01:00, 2025-06-24T04:00:00+01:00
0.088000, 2.20, 2025-06-24T04:00:00+01:00, 2025-06-24T04:30:00+01:00
0.097000, 2.42, 2025-06-24T04:30:00+01:00, 2025-06-24T05:00:00+01:00
0.073000, 1.82, 2025-06-24T05:00:00+01:00, 2025-06-24T05:30:00+01:00
0.075000, 1.87, 2025-06-24T05:30:00+01:00, 2025-06-24T06:00:00+01:00
0.728000, 18.19, 2025-06-24T06:00:00+01:00, 2025-06-24T06:30:00+01:00
0.288000, 7.19, 2025-06-24T06:30:00+01:00, 2025-06-24T07:00:00+01:00
0.070000, 1.75, 2025-06-24T07:00:00+01:00, 2025-06-24T07:30:00+01:00
1.136000, 28.38, 2025-06-24T07:30:00+01:00, 2025-06-24T08:00:00+01:00
0.364000, 9.09, 2025-06-24T08:00:00+01:00, 2025-06-24T08:30:00+01:00
0.128000, 3.20, 2025-06-24T08:30:00+01:00, 2025-06-24T09:00:00+01:00
0.101000, 2.52, 2025-06-24T09:00:00+01:00, 2025-06-24T09:30:00+01:00
0.087000, 2.17, 2025-06-24T09:30:00+01:00, 2025-06-24T10:00:00+01:00
0.326000, 8.14, 2025-06-24T10:00:00+01:00, 2025-06-24T10:30:00+01:00
0.108000, 2.70, 2025-06-24T10:30:00+01:00, 2025-06-24T11:00:00+01:00
0.079000, 1.97, 2025-06-24T11:00:00+01:00, 2025-06-24T11:30:00+01:00
0.201000, 5.02, 2025-06-24T11:30:00+01:00, 2025-06-24T12:00:00+01:00
0.266000, 6.64, 2025-06-24T12:00:00+01:00, 2025-06-24T12:30:00+01:00
0.072000, 1.80, 2025-06-24T12:30:00+01:00, 2025-06-24T13:00:00+01:00
0.072000, 1.80, 2025-06-24T13:00:00+01:00, 2025-06-24T13:30:00+01:00
0.097000, 2.42, 2025-06-24T13:30:00+01:00, 2025-06-24T14:00:00+01:00
0.102000, 2.55, 2025-06-24T14:00:00+01:00, 2025-06-24T14:30:00+01:00
0.175000, 4.37, 2025-06-24T14:30:00+01:00, 2025-06-24T15:00:00+01:00
0.078000, 1.95, 2025-06-24T15:00:00+01:00, 2025-06-24T15:30:00+01:00
0.103000, 2.57, 2025-06-24T15:30:00+01:00, 2025-06-24T16:00:00+01:00
0.090000, 2.25, 2025-06-24T16:00:00+01:00, 2025-06-24T16:30:00+01:00
0.849000, 21.21, 2025-06-24T16:30:00+01:00, 2025-06-24T17:00:00+01:00
0.164000, 4.10, 2025-06-24T17:00:00+01:00, 2025-06-24T17:30:00+01:00
0.194000, 4.85, 2025-06-24T17:30:00+01:00, 2025-06-24T18:00:00+01:00
0.066000, 1.65, 2025-06-24T18:00:00+01:00, 2025-06-24T18:30:00+01:00
0.070000, 1.75, 2025-06-24T18:30:00+01:00, 2025-06-24T19:00:00+01:00
0.107000, 2.67, 2025-06-24T19:00:00+01:00, 2025-06-24T19:30:00+01:00
0.191000, 4.77, 2025-06-24T19:30:00+01:00, 2025-06-24T20:00:00+01:00
0.131000, 3.27, 2025-06-24T20:00:00+01:00, 2025-06-24T20:30:00+01:00
0.094000, 2.35, 2025-06-24T20:30:00+01:00, 2025-06-24T21:00:00+01:00
0.094000, 2.35, 2025-06-24T21:00:00+01:00, 2025-06-24T21:30:00+01:00
0.698000, 17.44, 2025-06-24T21:30:00+01:00, 2025-06-24T22:00:00+01:00
0.244000, 6.09, 2025-06-24T22:00:00+01:00, 2025-06-24T22:30:00+01:00
0.081000, 2.02, 2025-06-24T22:30:00+01:00, 2025-06-24T23:00:00+01:00
0.064000, 1.60, 2025-06-24T23:00:00+01:00, 2025-06-24T23:30:00+01:00
0.089000, 2.22, 2025-06-24T23:30:00+01:00, 2025-06-25T00:00:00+01:00
0.115000, 2.87, 2025-06-25T00:00:00+01:00, 2025-06-25T00:30:00+01:00
0.065000, 1.62, 2025-06-25T00:30:00+01:00, 2025-06-25T01:00:00+01:00
0.069000, 1.72, 2025-06-25T01:00:00+01:00, 2025-06-25T01:30:00+01:00
0.089000, 2.22, 2025-06-25T01:30:00+01:00, 2025-06-25T02:00:00+01:00
0.119000, 2.97, 2025-06-25T02:00:00+01:00, 2025-06-25T02:30:00+01:00
0.066000, 1.65, 2025-06-25T02:30:00+01:00, 2025-06-25T03:00:00+01:00
0.067000, 1.67, 2025-06-25T03:00:00+01:00, 2025-06-25T03:30:00+01:00
0.094000, 2.35, 2025-06-25T03:30:00+01:00, 2025-06-25T04:00:00+01:00
0.107000, 2.67, 2025-06-25T04:00:00+01:00, 2025-06-25T04:30:00+01:00
0.065000, 1.62, 2025-06-25T04:30:00+01:00, 2025-06-25T05:00:00+01:00
0.063000, 1.57, 2025-06-25T05:00:00+01:00, 2025-06-25T05:30:00+01:00
0.099000, 2.47, 2025-06-25T05:30:00+01:00, 2025-06-25T06:00:00+01:00
0.345000, 8.62, 2025-06-25T06:00:00+01:00, 2025-06-25T06:30:00+01:00
0.756000, 18.88, 2025-06-25T06:30:00+01:00, 2025-06-25T07:00:00+01:00
3.281000, 81.96, 2025-06-25T07:00:00+01:00, 2025-06-25T07:30:00+01:00
0.162000, 4.05, 2025-06-25T07:30:00+01:00, 2025-06-25T08:00:00+01:00
0.249000, 6.22, 2025-06-25T08:00:00+01:00, 2025-06-25T08:30:00+01:00
0.054000, 1.35, 2025-06-25T08:30:00+01:00, 2025-06-25T09:00:00+01:00
0.240000, 6.00, 2025-06-25T09:00:00+01:00, 2025-06-25T09:30:00+01:00
0.130000, 3.25, 2025-06-25T09:30:00+01:00, 2025-06-25T10:00:00+01:00
0.092000, 2.30, 2025-06-25T10:00:00+01:00, 2025-06-25T10:30:00+01:00
0.086000, 2.15, 2025-06-25T10:30:00+01:00, 2025-06-25T11:00:00+01:00
0.074000, 1.85, 2025-06-25T11:00:00+01:00, 2025-06-25T11:30:00+01:00
0.135000, 3.37, 2025-06-25T11:30:00+01:00, 2025-06-25T12:00:00+01:00
0.219000, 5.47, 2025-06-25T12:00:00+01:00, 2025-06-25T12:30:00+01:00
0.067000, 1.67, 2025-06-25T12:30:00+01:00, 2025-06-25T13:00:00+01:00
0.101000, 2.52, 2025-06-25T13:00:00+01:00, 2025-06-25T13:30:00+01:00
0.096000, 2.40, 2025-06-25T13:30:00+01:00, 2025-06-25T14:00:00+01:00
0.083000, 2.07, 2025-06-25T14:00:00+01:00, 2025-06-25T14:30:00+01:00
0.059000, 1.47, 2025-06-25T14:30:00+01:00, 2025-06-25T15:00:00+01:00
0.115000, 2.87, 2025-06-25T15:00:00+01:00, 2025-06-25T15:30:00+01:00
0.082000, 2.05, 2025-06-25T15:30:00+01:00, 2025-06-25T16:00:00+01:00
0.394000, 9.84, 2025-06-25T16:00:00+01:00, 2025-06-25T16:30:00+01:00
0.399000, 9.97, 2025-06-25T16:30:00+01:00, 2025-06-25T17:00:00+01:00
0.141000, 3.52, 2025-06-25T17:00:00+01:00, 2025-06-25T17:30:00+01:00
0.143000, 3.57, 2025-06-25T17:30:00+01:00, 2025-06-25T18:00:00+01:00
0.218000, 5.45, 2025-06-25T18:00:00+01:00, 2025-06-25T18:30:00+01:00
0.412000, 10.29, 2025-06-25T18:30:00+01:00, 2025-06-25T19:00:00+01:00
0.338000, 8.44, 2025-06-25T19:00:00+01:00, 2025-06-25T19:30:00+01:00
0.410000, 10.24, 2025-06-25T19:30:00+01:00, 2025-06-25T20:00:00+01:00
0.126000, 3.15, 2025-06-25T20:00:00+01:00, 2025-06-25T20:30:00+01:00
0.162000, 4.05, 2025-06-25T20:30:00+01:00, 2025-06-25T21:00:00+01:00
0.177000, 4.42, 2025-06-25T21:00:00+01:00, 2025-06-25T21:30:00+01:00
0.206000, 5.15, 2025-06-25T21:30:00+01:00, 2025-06-25T22:00:00+01:00
0.148000, 3.70, 2025-06-25T22:00:00+01:00, 2025-06-25T22:30:00+01:00
0.142000, 3.55, 2025-06-25T22:30:00+01:00, 2025-06-25T23:00:00+01:00
0.133000, 3.32, 2025-06-25T23:00:00+01:00, 2025-06-25T23:30:00+01:00
0.173000, 4.32, 2025-06-25T23:30:00+01:00, 2025-06-26T00:00:00+01:00
0.156000, 3.90, 2025-06-26T00:00:00+01:00, 2025-06-26T00:30:00+01:00
0.091000, 2.27, 2025-06-26T00:30:00+01:00, 2025-06-26T01:00:00+01:00
0.079000, 1.97, 2025-06-26T01:00:00+01:00, 2025-06-26T01:30:00+01:00
0.099000, 2.47, 2025-06-26T01:30:00+01:00, 2025-06-26T02:00:00+01:00
0.115000, 2.87, 2025-06-26T02:00:00+01:00, 2025-06-26T02:30:00+01:00
0.077000, 1.92, 2025-06-26T02:30:00+01:00, 2025-06-26T03:00:00+01:00
0.057000, 1.42, 2025-06-26T03:00:00+01:00, 2025-06-26T03:30:00+01:00
0.093000, 2.32, 2025-06-26T03:30:00+01:00, 2025-06-26T04:00:00+01:00
0.104000, 2.60, 2025-06-26T04:00:00+01:00, 2025-06-26T04:30:00+01:00
0.087000, 2.17, 2025-06-26T04:30:00+01:00, 2025-06-26T05:00:00+01:00
0.051000, 1.27, 2025-06-26T05:00:00+01:00, 2025-06-26T05:30:00+01:00
0.068000, 1.70, 2025-06-26T05:30:00+01:00, 2025-06-26T06:00:00+01:00
0.100000, 2.50, 2025-06-26T06:00:00+01:00, 2025-06-26T06:30:00+01:00
0.086000, 2.15, 2025-06-26T06:30:00+01:00, 2025-06-26T07:00:00+01:00
1.148000, 28.68, 2025-06-26T07:00:00+01:00, 2025-06-26T07:30:00+01:00
0.119000, 2.97, 2025-06-26T07:30:00+01:00, 2025-06-26T08:00:00+01:00
0.252000, 6.29, 2025-06-26T08:00:00+01:00, 2025-06-26T08:30:00+01:00
0.993000, 24.80, 2025-06-26T08:30:00+01:00, 2025-06-26T09:00:00+01:00
0.262000, 6.54, 2025-06-26T09:00:00+01:00, 2025-06-26T09:30:00+01:00
0.240000, 6.00, 2025-06-26T09:30:00+01:00, 2025-06-26T10:00:00+01:00
1.219000, 30.45, 2025-06-26T10:00:00+01:00, 2025-06-26T10:30:00+01:00
0.455000, 11.37, 2025-06-26T10:30:00+01:00, 2025-06-26T11:00:00+01:00
0.109000, 2.72, 2025-06-26T11:00:00+01:00, 2025-06-26T11:30:00+01:00
0.266000, 6.64, 2025-06-26T11:30:00+01:00, 2025-06-26T12:00:00+01:00
0.214000, 5.35, 2025-06-26T12:00:00+01:00, 2025-06-26T12:30:00+01:00
0.081000, 2.02, 2025-06-26T12:30:00+01:00, 2025-06-26T13:00:00+01:00
0.089000, 2.22, 2025-06-26T13:00:00+01:00, 2025-06-26T13:30:00+01:00
0.100000, 2.50, 2025-06-26T13:30:00+01:00, 2025-06-26T14:00:00+01:00
0.121000, 3.02, 2025-06-26T14:00:00+01:00, 2025-06-26T14:30:00+01:00
0.548000, 13.69, 2025-06-26T14:30:00+01:00, 2025-06-26T15:00:00+01:00
0.105000, 2.62, 2025-06-26T15:00:00+01:00, 2025-06-26T15:30:00+01:00
0.095000, 2.37, 2025-06-26T15:30:00+01:00, 2025-06-26T16:00:00+01:00
0.238000, 5.95, 2025-06-26T16:00:00+01:00, 2025-06-26T16:30:00+01:00
0.139000, 3.47, 2025-06-26T16:30:00+01:00, 2025-06-26T17:00:00+01:00
0.137000, 3.42, 2025-06-26T17:00:00+01:00, 2025-06-26T17:30:00+01:00
0.128000, 3.20, 2025-06-26T17:30:00+01:00, 2025-06-26T18:00:00+01:00
0.271000, 6.77, 2025-06-26T18:00:00+01:00, 2025-06-26T18:30:00+01:00
0.625000, 15.61, 2025-06-26T18:30:00+01:00, 2025-06-26T19:00:00+01:00
0.156000, 3.90, 2025-06-26T19:00:00+01:00, 2025-06-26T19:30:00+01:00
0.369000, 9.22, 2025-06-26T19:30:00+01:00, 2025-06-26T20:00:00+01:00
0.212000, 5.30, 2025-06-26T20:00:00+01:00, 2025-06-26T20:30:00+01:00
0.061000, 1.52, 2025-06-26T20:30:00+01:00, 2025-06-26T21:00:00+01:00
0.107000, 2.67, 2025-06-26T21:00:00+01:00, 2025-06-26T21:30:00+01:00
0.106000, 2.65, 2025-06-26T21:30:00+01:00, 2025-06-26T22:00:00+01:00
0.059000, 1.47, 2025-06-26T22:00:00+01:00, 2025-06-26T22:30:00+01:00
0.067000, 1.67, 2025-06-26T22:30:00+01:00, 2025-06-26T23:00:00+01:00
0.085000, 2.12, 2025-06-26T23:00:00+01:00, 2025-06-26T23:30:00+01:00
0.106000, 2.65, 2025-06-26T23:30:00+01:00, 2025-06-27T00:00:00+01:00
0.072000, 1.80, 2025-06-27T00:00:00+01:00, 2025-06-27T00:30:00+01:00
0.065000, 1.62, 2025-06-27T00:30:00+01:00, 2025-06-27T01:00:00+01:00
0.095000, 2.37, 2025-06-27T01:00:00+01:00, 2025-06-27T01:30:00+01:00
0.108000, 2.70, 2025-06-27T01:30:00+01:00, 2025-06-27T02:00:00+01:00
0.051000, 1.27, 2025-06-27T02:00:00+01:00, 2025-06-27T02:30:00+01:00
0.078000, 1.95, 2025-06-27T02:30:00+01:00, 2025-06-27T03:00:00+01:00
0.080000, 2.00, 2025-06-27T03:00:00+01:00, 2025-06-27T03:30:00+01:00
0.100000, 2.50, 2025-06-27T03:30:00+01:00, 2025-06-27T04:00:00+01:00
0.057000, 1.42, 2025-06-27T04:00:00+01:00, 2025-06-27T04:30:00+01:00
0.066000, 1.65, 2025-06-27T04:30:00+01:00, 2025-06-27T05:00:00+01:00
0.093000, 2.32, 2025-06-27T05:00:00+01:00, 2025-06-27T05:30:00+01:00
0.079000, 1.97, 2025-06-27T05:30:00+01:00, 2025-06-27T06:00:00+01:00
0.070000, 1.75, 2025-06-27T06:00:00+01:00, 2025-06-27T06:30:00+01:00
0.049000, 1.22, 2025-06-27T06:30:00+01:00, 2025-06-27T07:00:00+01:00
0.114000, 2.85, 2025-06-27T07:00:00+01:00, 2025-06-27T07:30:00+01:00
1.279000, 31.95, 2025-06-27T07:30:00+01:00, 2025-06-27T08:00:00+01:00
0.170000, 4.25, 2025-06-27T08:00:00+01:00, 2025-06-27T08:30:00+01:00
0.109000, 2.72, 2025-06-27T08:30:00+01:00, 2025-06-27T09:00:00+01:00
1.233000, 30.80, 2025-06-27T09:00:00+01:00, 2025-06-27T09:30:00+01:00
0.111000, 2.77, 2025-06-27T09:30:00+01:00, 2025-06-27T10:00:00+01:00
0.186000, 4.65, 2025-06-27T10:00:00+01:00, 2025-06-27T10:30:00+01:00
0.214000, 5.35, 2025-06-27T10:30:00+01:00, 2025-06-27T11:00:00+01:00
0.100000, 2.50, 2025-06-27T11:00:00+01:00, 2025-06-27T11:30:00+01:00
0.071000, 1.77, 2025-06-27T11:30:00+01:00, 2025-06-27T12:00:00+01:00
0.067000, 1.67, 2025-06-27T12:00:00+01:00, 2025-06-27T12:30:00+01:00
0.380000, 9.49, 2025-06-27T12:30:00+01:00, 2025-06-27T13:00:00+01:00
1.048000, 26.18, 2025-06-27T13:00:00+01:00, 2025-06-27T13:30:00+01:00
0.251000, 6.27, 2025-06-27T13:30:00+01:00, 2025-06-27T14:00:00+01:00
0.097000, 2.42, 2025-06-27T14:00:00+01:00, 2025-06-27T14:30:00+01:00
0.848000, 21.18, 2025-06-27T14:30:00+01:00, 2025-06-27T15:00:00+01:00
0.119000, 2.97, 2025-06-27T15:00:00+01:00, 2025-06-27T15:30:00+01:00
0.074000, 1.85, 2025-06-27T15:30:00+01:00, 2025-06-27T16:00:00+01:00
0.102000, 2.55, 2025-06-27T16:00:00+01:00, 2025-06-27T16:30:00+01:00
0.455000, 11.37, 2025-06-27T16:30:00+01:00, 2025-06-27T17:00:00+01:00
0.270000, 6.74, 2025-06-27T17:00:00+01:00, 2025-06-27T17:30:00+01:00
0.142000, 3.55, 2025-06-27T17:30:00+01:00, 2025-06-27T18:00:00+01:00
0.134000, 3.35, 2025-06-27T18:00:00+01:00, 2025-06-27T18:30:00+01:00
0.739000, 18.46, 2025-06-27T18:30:00+01:00, 2025-06-27T19:00:00+01:00
1.178000, 29.43, 2025-06-27T19:00:00+01:00, 2025-06-27T19:30:00+01:00
0.446000, 11.14, 2025-06-27T19:30:00+01:00, 2025-06-27T20:00:00+01:00
0.979000, 24.45, 2025-06-27T20:00:00+01:00, 2025-06-27T20:30:00+01:00
0.367000, 9.17, 2025-06-27T20:30:00+01:00, 2025-06-27T21:00:00+01:00
0.185000, 4.62, 2025-06-27T21:00:00+01:00, 2025-06-27T21:30:00+01:00
0.235000, 5.87, 2025-06-27T21:30:00+01:00, 2025-06-27T22:00:00+01:00
0.346000, 8.64, 2025-06-27T22:00:00+01:00, 2025-06-27T22:30:00+01:00
0.186000, 4.65, 2025-06-27T22:30:00+01:00, 2025-06-27T23:00:00+01:00
0.178000, 4.45, 2025-06-27T23:00:00+01:00, 2025-06-27T23:30:00+01:00
0.862000, 21.53, 2025-06-27T23:30:00+01:00, 2025-06-28T00:00:00+01:00
0.083000, 2.07, 2025-06-28T00:00:00+01:00, 2025-06-28T00:30:00+01:00
0.083000, 2.07, 2025-06-28T00:30:00+01:00, 2025-06-28T01:00:00+01:00
0.113000, 2.82, 2025-06-28T01:00:00+01:00, 2025-06-28T01:30:00+01:00
0.114000, 2.85, 2025-06-28T01:30:00+01:00, 2025-06-28T02:00:00+01:00
0.078000, 1.95, 2025-06-28T02:00:00+01:00, 2025-06-28T02:30:00+01:00
0.055000, 1.37, 2025-06-28T02:30:00+01:00, 2025-06-28T03:00:00+01:00
0.099000, 2.47, 2025-06-28T03:00:00+01:00, 2025-06-28T03:30:00+01:00
0.109000, 2.72, 2025-06-28T03:30:00+01:00, 2025-06-28T04:00:00+01:00
0.096000, 2.40, 2025-06-28T04:00:00+01:00, 2025-06-28T04:30:00+01:00
0.059000, 1.47, 2025-06-28T04:30:00+01:00, 2025-06-28T05:00:00+01:00
0.067000, 1.67, 2025-06-28T05:00:00+01:00, 2025-06-28T05:30:00+01:00
0.116000, 2.90, 2025-06-28T05:30:00+01:00, 2025-06-28T06:00:00+01:00
0.104000, 2.60, 2025-06-28T06:00:00+01:00, 2025-06-28T06:30:00+01:00
0.165000, 4.12, 2025-06-28T06:30:00+01:00, 2025-06-28T07:00:00+01:00
0.117000, 2.92, 2025-06-28T07:00:00+01:00, 2025-06-28T07:30:00+01:00
0.118000, 2.95, 2025-06-28T07:30:00+01:00, 2025-06-28T08:00:00+01:00
0.113000, 2.82, 2025-06-28T08:00:00+01:00, 2025-06-28T08:30:00+01:00
0.123000, 3.07, 2025-06-28T08:30:00+01:00, 2025-06-28T09:00:00+01:00
1.393000, 34.80, 2025-06-28T09:00:00+01:00, 2025-06-28T09:30:00+01:00
0.187000, 4.67, 2025-06-28T09:30:00+01:00, 2025-06-28T10:00:00+01:00
1.816000, 45.36, 2025-06-28T10:00:00+01:00, 2025-06-28T10:30:00+01:00
0.201000, 5.02, 2025-06-28T10:30:00+01:00, 2025-06-28T11:00:00+01:00
0.151000, 3.77, 2025-06-28T11:00:00+01:00, 2025-06-28T11:30:00+01:00
0.200000, 5.00, 2025-06-28T11:30:00+01:00, 2025-06-28T12:00:00+01:00
0.529000, 13.21, 2025-06-28T12:00:00+01:00, 2025-06-28T12:30:00+01:00
0.854000, 21.33, 2025-06-28T12:30:00+01:00, 2025-06-28T13:00:00+01:00
0.491000, 12.26, 2025-06-28T13:00:00+01:00, 2025-06-28T13:30:00+01:00
0.349000, 8.72, 2025-06-28T13:30:00+01:00, 2025-06-28T14:00:00+01:00
0.332000, 8.29, 2025-06-28T14:00:00+01:00, 2025-06-28T14:30:00+01:00
1.023000, 25.55, 2025-06-28T14:30:00+01:00, 2025-06-28T15:00:00+01:00
0.509000, 12.71, 2025-06-28T15:00:00+01:00, 2025-06-28T15:30:00+01:00
0.474000, 11.84, 2025-06-28T15:30:00+01:00, 2025-06-28T16:00:00+01:00
0.147000, 3.67, 2025-06-28T16:00:00+01:00, 2025-06-28T16:30:00+01:00
0.206000, 5.15, 2025-06-28T16:30:00+01:00, 2025-06-28T17:00:00+01:00
0.195000, 4.87, 2025-06-28T17:00:00+01:00, 2025-06-28T17:30:00+01:00
1.284000, 32.07, 2025-06-28T17:30:00+01:00, 2025-06-28T18:00:00+01:00
0.098000, 2.45, 2025-06-28T18:00:00+01:00, 2025-06-28T18:30:00+01:00
0.148000, 3.70, 2025-06-28T18:30:00+01:00, 2025-06-28T19:00:00+01:00
0.195000, 4.87, 2025-06-28T19:00:00+01:00, 2025-06-28T19:30:00+01:00
0.149000, 3.72, 2025-06-28T19:30:00+01:00, 2025-06-28T20:00:00+01:00
0.299000, 7.47, 2025-06-28T20:00:00+01:00, 2025-06-28T20:30:00+01:00
0.267000, 6.67, 2025-06-28T20:30:00+01:00, 2025-06-28T21:00:00+01:00
0.128000, 3.20, 2025-06-28T21:00:00+01:00, 2025-06-28T21:30:00+01:00
0.093000, 2.32, 2025-06-28T21:30:00+01:00, 2025-06-28T22:00:00+01:00
0.091000, 2.27, 2025-06-28T22:00:00+01:00, 2025-06-28T22:30:00+01:00
0.639000, 15.96, 2025-06-28T22:30:00+01:00, 2025-06-28T23:00:00+01:00
0.864000, 21.58, 2025-06-28T23:00:00+01:00, 2025-06-28T23:30:00+01:00
0.172000, 4.30, 2025-06-28T23:30:00+01:00, 2025-06-29T00:00:00+01:00
0.108000, 2.70, 2025-06-29T00:00:00+01:00, 2025-06-29T00:30:00+01:00
0.110000, 2.75, 2025-06-29T00:30:00+01:00, 2025-06-29T01:00:00+01:00
0.116000, 2.90, 2025-06-29T01:00:00+01:00, 2025-06-29T01:30:00+01:00
0.132000, 3.30, 2025-06-29T01:30:00+01:00, 2025-06-29T02:00:00+01:00
0.067000, 1.67, 2025-06-29T02:00:00+01:00, 2025-06-29T02:30:00+01:00
0.051000, 1.27, 2025-06-29T02:30:00+01:00, 2025-06-29T03:00:00+01:00
0.081000, 2.02, 2025-06-29T03:00:00+01:00, 2025-06-29T03:30:00+01:00
0.128000, 3.20, 2025-06-29T03:30:00+01:00, 2025-06-29T04:00:00+01:00
0.084000, 2.10, 2025-06-29T04:00:00+01:00, 2025-06-29T04:30:00+01:00
0.073000, 1.82, 2025-06-29T04:30:00+01:00, 2025-06-29T05:00:00+01:00
0.066000, 1.65, 2025-06-29T05:00:00+01:00, 2025-06-29T05:30:00+01:00
0.122000, 3.05, 2025-06-29T05:30:00+01:00, 2025-06-29T06:00:00+01:00
0.089000, 2.22, 2025-06-29T06:00:00+01:00, 2025-06-29T06:30:00+01:00
0.068000, 1.70, 2025-06-29T06:30:00+01:00, 2025-06-29T07:00:00+01:00
0.071000, 1.77, 2025-06-29T07:00:00+01:00, 2025-06-29T07:30:00+01:00
0.098000, 2.45, 2025-06-29T07:30:00+01:00, 2025-06-29T08:00:00+01:00
0.117000, 2.92, 2025-06-29T08:00:00+01:00, 2025-06-29T08:30:00+01:00
0.057000, 1.42, 2025-06-29T08:30:00+01:00, 2025-06-29T09:00:00+01:00
0.153000, 3.82, 2025-06-29T09:00:00+01:00, 2025-06-29T09:30:00+01:00
0.103000, 2.57, 2025-06-29T09:30:00+01:00, 2025-06-29T10:00:00+01:00
0.111000, 2.77, 2025-06-29T10:00:00+01:00, 2025-06-29T10:30:00+01:00
0.251000, 6.27, 2025-06-29T10:30:00+01:00, 2025-06-29T11:00:00+01:00
0.405000, 10.12, 2025-06-29T11:00:00+01:00, 2025-06-29T11:30:00+01:00
0.090000, 2.25, 2025-06-29T11:30:00+01:00, 2025-06-29T12:00:00+01:00
0.862000, 21.53, 2025-06-29T12:00:00+01:00, 2025-06-29T12:30:00+01:00
0.057000, 1.42, 2025-06-29T12:30:00+01:00, 2025-06-29T13:00:00+01:00
0.123000, 3.07, 2025-06-29T13:00:00+01:00, 2025-06-29T13:30:00+01:00
0.428000, 10.69, 2025-06-29T13:30:00+01:00, 2025-06-29T14:00:00+01:00
0.192000, 4.80, 2025-06-29T14:00:00+01:00, 2025-06-29T14:30:00+01:00
0.066000, 1.65, 2025-06-29T14:30:00+01:00, 2025-06-29T15:00:00+01:00
0.082000, 2.05, 2025-06-29T15:00:00+01:00, 2025-06-29T15:30:00+01:00
0.089000, 2.22, 2025-06-29T15:30:00+01:00, 2025-06-29T16:00:00+01:00
0.129000, 3.22, 2025-06-29T16:00:00+01:00, 2025-06-29T16:30:00+01:00
0.103000, 2.57, 2025-06-29T16:30:00+01:00, 2025-06-29T17:00:00+01:00
0.073000, 1.82, 2025-06-29T17:00:00+01:00, 2025-06-29T17:30:00+01:00
0.079000, 1.97, 2025-06-29T17:30:00+01:00, 2025-06-29T18:00:00+01:00
0.127000, 3.17, 2025-06-29T18:00:00+01:00, 2025-06-29T18:30:00+01:00
0.106000, 2.65, 2025-06-29T18:30:00+01:00, 2025-06-29T19:00:00+01:00
0.061000, 1.52, 2025-06-29T19:00:00+01:00, 2025-06-29T19:30:00+01:00
0.082000, 2.05, 2025-06-29T19:30:00+01:00, 2025-06-29T20:00:00+01:00
0.257000, 6.42, 2025-06-29T20:00:00+01:00, 2025-06-29T20:30:00+01:00
0.171000, 4.27, 2025-06-29T20:30:00+01:00, 2025-06-29T21:00:00+01:00
0.253000, 6.32, 2025-06-29T21:00:00+01:00, 2025-06-29T21:30:00+01:00
0.095000, 2.37, 2025-06-29T21:30:00+01:00, 2025-06-29T22:00:00+01:00
0.301000, 7.52, 2025-06-29T22:00:00+01:00, 2025-06-29T22:30:00+01:00
0.523000, 13.06, 2025-06-29T22:30:00+01:00, 2025-06-29T23:00:00+01:00
0.098000, 2.45, 2025-06-29T23:00:00+01:00, 2025-06-29T23:30:00+01:00
0.080000, 2.00, 2025-06-29T23:30:00+01:00, 2025-06-30T00:00:00+01:00
0.136000, 3.40, 2025-06-30T00:00:00+01:00, 2025-06-30T00:30:00+01:00
0.103000, 2.57, 2025-06-30T00:30:00+01:00, 2025-06-30T01:00:00+01:00
0.062000, 1.55, 2025-06-30T01:00:00+01:00, 2025-06-30T01:30:00+01:00
0.074000, 1.85, 2025-06-30T01:30:00+01:00, 2025-06-30T02:00:00+01:00
0.133000, 3.32, 2025-06-30T02:00:00+01:00, 2025-06-30T02:30:00+01:00
0.080000, 2.00, 2025-06-30T02:30:00+01:00, 2025-06-30T03:00:00+01:00
0.084000, 2.10, 2025-06-30T03:00:00+01:00, 2025-06-30T03:30:00+01:00
0.059000, 1.47, 2025-06-30T03:30:00+01:00, 2025-06-30T04:00:00+01:00
0.131000, 3.27, 2025-06-30T04:00:00+01:00, 2025-06-30T04:30:00+01:00
0.076000, 1.90, 2025-06-30T04:30:00+01:00, 2025-06-30T05:00:00+01:00
0.071000, 1.77, 2025-06-30T05:00:00+01:00, 2025-06-30T05:30:00+01:00
0.071000, 1.77, 2025-06-30T05:30:00+01:00, 2025-06-30T06:00:00+01:00
0.494000, 12.34, 2025-06-30T06:00:00+01:00, 2025-06-30T06:30:00+01:00
0.106000, 2.65, 2025-06-30T06:30:00+01:00, 2025-06-30T07:00:00+01:00
0.067000, 1.67, 2025-06-30T07:00:00+01:00, 2025-06-30T07:30:00+01:00
0.433000, 10.82, 2025-06-30T07:30:00+01:00, 2025-06-30T08:00:00+01:00
0.800000, 19.98, 2025-06-30T08:00:00+01:00, 2025-06-30T08:30:00+01:00
0.147000, 3.67, 2025-06-30T08:30:00+01:00, 2025-06-30T09:00:00+01:00
0.263000, 6.57, 2025-06-30T09:00:00+01:00, 2025-06-30T09:30:00+01:00
0.084000, 2.10, 2025-06-30T09:30:00+01:00, 2025-06-30T10:00:00+01:00
0.136000, 3.40, 2025-06-30T10:00:00+01:00, 2025-06-30T10:30:00+01:00
0.086000, 2.15, 2025-06-30T10:30:00+01:00, 2025-06-30T11:00:00+01:00
0.081000, 2.02, 2025-06-30T11:00:00+01:00, 2025-06-30T11:30:00+01:00
0.328000, 8.19, 2025-06-30T11:30:00+01:00, 2025-06-30T12:00:00+01:00
0.731000, 18.26, 2025-06-30T12:00:00+01:00, 2025-06-30T12:30:00+01:00
0.102000, 2.55, 2025-06-30T12:30:00+01:00, 2025-06-30T13:00:00+01:00
0.079000, 1.97, 2025-06-30T13:00:00+01:00, 2025-06-30T13:30:00+01:00
0.104000, 2.60, 2025-06-30T13:30:00+01:00, 2025-06-30T14:00:00+01:00
0.235000, 5.87, 2025-06-30T14:00:00+01:00, 2025-06-30T14:30:00+01:00
0.127000, 3.17, 2025-06-30T14:30:00+01:00, 2025-06-30T15:00:00+01:00
0.093000, 2.32, 2025-06-30T15:00:00+01:00, 2025-06-30T15:30:00+01:00
0.089000, 2.22, 2025-06-30T15:30:00+01:00, 2025-06-30T16:00:00+01:00
0.117000, 2.92, 2025-06-30T16:00:00+01:00, 2025-06-30T16:30:00+01:00
0.098000, 2.45, 2025-06-30T16:30:00+01:00, 2025-06-30T17:00:00+01:00
0.147000, 3.67, 2025-06-30T17:00:00+01:00, 2025-06-30T17:30:00+01:00
0.107000, 2.67, 2025-06-30T17:30:00+01:00, 2025-06-30T18:00:00+01:00
0.137000, 3.42, 2025-06-30T18:00:00+01:00, 2025-06-30T18:30:00+01:00
0.189000, 4.72, 2025-06-30T18:30:00+01:00, 2025-06-30T19:00:00+01:00
1.088000, 27.18, 2025-06-30T19:00:00+01:00, 2025-06-30T19:30:00+01:00
0.187000, 4.67, 2025-06-30T19:30:00+01:00, 2025-06-30T20:00:00+01:00
0.337000, 8.42, 2025-06-30T20:00:00+01:00, 2025-06-30T20:30:00+01:00
0.186000, 4.65, 2025-06-30T20:30:00+01:00, 2025-06-30T21:00:00+01:00
0.271000, 6.77, 2025-06-30T21:00:00+01:00, 2025-06-30T21:30:00+01:00
0.109000, 2.72, 2025-06-30T21:30:00+01:00, 2025-06-30T22:00:00+01:00
0.106000, 2.65, 2025-06-30T22:00:00+01:00, 2025-06-30T22:30:00+01:00
0.117000, 2.92, 2025-06-30T22:30:00+01:00, 2025-06-30T23:00:00+01:00
0.140000, 3.50, 2025-06-30T23:00:00+01:00, 2025-06-30T23:30:00+01:00
0.087000, 2.17, 2025-06-30T23:30:00+01:00, 2025-07-01T00:00:00+01:00
0.090000, 2.25, 2025-07-01T00:00:00+01:00, 2025-07-01T00:30:00+01:00
0.060000, 1.50, 2025-07-01T00:30:00+01:00, 2025-07-01T01:00:00+01:00
0.133000, 3.32, 2025-07-01T01:00:00+01:00, 2025-07-01T01:30:00+01:00
0.090000, 2.25, 2025-07-01T01:30:00+01:00, 2025-07-01T02:00:00+01:00
0.078000, 1.95, 2025-07-01T02:00:00+01:00, 2025-07-01T02:30:00+01:00
0.061000, 1.52, 2025-07-01T02:30:00+01:00, 2025-07-01T03:00:00+01:00
0.108000, 2.70, 2025-07-01T03:00:00+01:00, 2025-07-01T03:30:00+01:00
0.113000, 2.82, 2025-07-01T03:30:00+01:00, 2025-07-01T04:00:00+01:00
0.094000, 2.35, 2025-07-01T04:00:00+01:00, 2025-07-01T04:30:00+01:00
0.080000, 2.00, 2025-07-01T04:30:00+01:00, 2025-07-01T05:00:00+01:00
0.085000, 2.12, 2025-07-01T05:00:00+01:00, 2025-07-01T05:30:00+01:00
0.121000, 3.02, 2025-07-01T05:30:00+01:00, 2025-07-01T06:00:00+01:00
0.147000, 3.67, 2025-07-01T06:00:00+01:00, 2025-07-01T06:30:00+01:00
0.514000, 12.84, 2025-07-01T06:30:00+01:00, 2025-07-01T07:00:00+01:00
0.088000, 2.20, 2025-07-01T07:00:00+01:00, 2025-07-01T07:30:00+01:00
0.779000, 19.46, 2025-07-01T07:30:00+01:00, 2025-07-01T08:00:00+01:00
0.865000, 21.61, 2025-07-01T08:00:00+01:00, 2025-07-01T08:30:00+01:00
0.057000, 1.42, 2025-07-01T08:30:00+01:00, 2025-07-01T09:00:00+01:00
0.191000, 4.77, 2025-07-01T09:00:00+01:00, 2025-07-01T09:30:00+01:00
0.162000, 4.05, 2025-07-01T09:30:00+01:00, 2025-07-01T10:00:00+01:00
0.142000, 3.55, 2025-07-01T10:00:00+01:00, 2025-07-01T10:30:00+01:00
0.144000, 3.60, 2025-07-01T10:30:00+01:00, 2025-07-01T11:00:00+01:00
0.099000, 2.47, 2025-07-01T11:00:00+01:00, 2025-07-01T11:30:00+01:00
0.132000, 3.30, 2025-07-01T11:30:00+01:00, 2025-07-01T12:00:00+01:00
0.107000, 2.67, 2025-07-01T12:00:00+01:00, 2025-07-01T12:30:00+01:00
0.081000, 2.02, 2025-07-01T12:30:00+01:00, 2025-07-01T13:00:00+01:00
0.087000, 2.17, 2025-07-01T13:00:00+01:00, 2025-07-01T13:30:00+01:00
0.128000, 3.20, 2025-07-01T13:30:00+01:00, 2025-07-01T14:00:00+01:00
0.179000, 4.47, 2025-07-01T14:00:00+01:00, 2025-07-01T14:30:00+01:00
0.088000, 2.20, 2025-07-01T14:30:00+01:00, 2025-07-01T15:00:00+01:00
0.084000, 2.10, 2025-07-01T15:00:00+01:00, 2025-07-01T15:30:00+01:00
0.115000, 2.87, 2025-07-01T15:30:00+01:00, 2025-07-01T16:00:00+01:00
0.104000, 2.60, 2025-07-01T16:00:00+01:00, 2025-07-01T16:30:00+01:00
0.065000, 1.62, 2025-07-01T16:30:00+01:00, 2025-07-01T17:00:00+01:00
0.084000, 2.10, 2025-07-01T17:00:00+01:00, 2025-07-01T17:30:00+01:00
0.373000, 9.32, 2025-07-01T17:30:00+01:00, 2025-07-01T18:00:00+01:00
1.100000, 27.48, 2025-07-01T18:00:00+01:00, 2025-07-01T18:30:00+01:00
0.411000, 10.27, 2025-07-01T18:30:00+01:00, 2025-07-01T19:00:00+01:00
0.131000, 3.27, 2025-07-01T19:00:00+01:00, 2025-07-01T19:30:00+01:00
1.078000, 26.93, 2025-07-01T19:30:00+01:00, 2025-07-01T20:00:00+01:00
0.849000, 21.21, 2025-07-01T20:00:00+01:00, 2025-07-01T20:30:00+01:00
0.586000, 14.64, 2025-07-01T20:30:00+01:00, 2025-07-01T21:00:00+01:00
0.776000, 19.38, 2025-07-01T21:00:00+01:00, 2025-07-01T21:30:00+01:00
0.133000, 3.32, 2025-07-01T21:30:00+01:00, 2025-07-01T22:00:00+01:00
0.099000, 2.47, 2025-07-01T22:00:00+01:00, 2025-07-01T22:30:00+01:00
0.094000, 2.35, 2025-07-01T22:30:00+01:00, 2025-07-01T23:00:00+01:00
0.106000, 2.65, 2025-07-01T23:00:00+01:00, 2025-07-01T23:30:00+01:00
0.102000, 2.55, 2025-07-01T23:30:00+01:00, 2025-07-02T00:00:00+01:00
0.086000, 2.15, 2025-07-02T00:00:00+01:00, 2025-07-02T00:30:00+01:00
0.083000, 2.07, 2025-07-02T00:30:00+01:00, 2025-07-02T01:00:00+01:00
0.102000, 2.55, 2025-07-02T01:00:00+01:00, 2025-07-02T01:30:00+01:00
0.136000, 3.40, 2025-07-02T01:30:00+01:00, 2025-07-02T02:00:00+01:00
0.115000, 2.87, 2025-07-02T02:00:00+01:00, 2025-07-02T02:30:00+01:00
0.083000, 2.07, 2025-07-02T02:30:00+01:00, 2025-07-02T03:00:00+01:00
0.079000, 1.97, 2025-07-02T03:00:00+01:00, 2025-07-02T03:30:00+01:00
0.115000, 2.87, 2025-07-02T03:30:00+01:00, 2025-07-02T04:00:00+01:00
0.128000, 3.20, 2025-07-02T04:00:00+01:00, 2025-07-02T04:30:00+01:00
0.087000, 2.17, 2025-07-02T04:30:00+01:00, 2025-07-02T05:00:00+01:00
0.079000, 1.97, 2025-07-02T05:00:00+01:00, 2025-07-02T05:30:00+01:00
0.081000, 2.02, 2025-07-02T05:30:00+01:00, 2025-07-02T06:00:00+01:00
0.114000, 2.85, 2025-07-02T06:00:00+01:00, 2025-07-02T06:30:00+01:00
0.465000, 11.62, 2025-07-02T06:30:00+01:00, 2025-07-02T07:00:00+01:00
0.675000, 16.86, 2025-07-02T07:00:00+01:00, 2025-07-02T07:30:00+01:00
0.800000, 19.98, 2025-07-02T07:30:00+01:00, 2025-07-02T08:00:00+01:00
0.557000, 13.91, 2025-07-02T08:00:00+01:00, 2025-07-02T08:30:00+01:00
0.168000, 4.20, 2025-07-02T08:30:00+01:00, 2025-07-02T09:00:00+01:00
0.417000, 10.42, 2025-07-02T09:00:00+01:00, 2025-07-02T09:30:00+01:00
0.365000, 9.12, 2025-07-02T09:30:00+01:00, 2025-07-02T10:00:00+01:00
1.170000, 29.23, 2025-07-02T10:00:00+01:00, 2025-07-02T10:30:00+01:00
0.747000, 18.66, 2025-07-02T10:30:00+01:00, 2025-07-02T11:00:00+01:00
0.824000, 20.58, 2025-07-02T11:00:00+01:00, 2025-07-02T11:30:00+01:00
0.545000, 13.61, 2025-07-02T11:30:00+01:00, 2025-07-02T12:00:00+01:00
0.887000, 22.16, 2025-07-02T12:00:00+01:00, 2025-07-02T12:30:00+01:00
0.346000, 8.64, 2025-07-02T12:30:00+01:00, 2025-07-02T13:00:00+01:00
0.140000, 3.50, 2025-07-02T13:00:00+01:00, 2025-07-02T13:30:00+01:00
0.359000, 8.97, 2025-07-02T13:30:00+01:00, 2025-07-02T14:00:00+01:00
0.665000, 16.61, 2025-07-02T14:00:00+01:00, 2025-07-02T14:30:00+01:00
0.698000, 17.44, 2025-07-02T14:30:00+01:00, 2025-07-02T15:00:00+01:00
0.110000, 2.75, 2025-07-02T15:00:00+01:00, 2025-07-02T15:30:00+01:00
0.093000, 2.32, 2025-07-02T15:30:00+01:00, 2025-07-02T16:00:00+01:00
0.121000, 3.02, 2025-07-02T16:00:00+01:00, 2025-07-02T16:30:00+01:00
0.106000, 2.65, 2025-07-02T16:30:00+01:00, 2025-07-02T17:00:00+01:00
0.059000, 1.47, 2025-07-02T17:00:00+01:00, 2025-07-02T17:30:00+01:00
0.232000, 5.80, 2025-07-02T17:30:00+01:00, 2025-07-02T18:00:00+01:00
0.074000, 1.85, 2025-07-02T18:00:00+01:00, 2025-07-02T18:30:00+01:00
0.053000, 1.32, 2025-07-02T18:30:00+01:00, 2025-07-02T19:00:00+01:00
0.182000, 4.55, 2025-07-02T19:00:00+01:00, 2025-07-02T19:30:00+01:00
0.399000, 9.97, 2025-07-02T19:30:00+01:00, 2025-07-02T20:00:00+01:00
0.142000, 3.55, 2025-07-02T20:00:00+01:00, 2025-07-02T20:30:00+01:00
0.128000, 3.20, 2025-07-02T20:30:00+01:00, 2025-07-02T21:00:00+01:00
0.173000, 4.32, 2025-07-02T21:00:00+01:00, 2025-07-02T21:30:00+01:00
0.241000, 6.02, 2025-07-02T21:30:00+01:00, 2025-07-02T22:00:00+01:00
0.129000, 3.22, 2025-07-02T22:00:00+01:00, 2025-07-02T22:30:00+01:00
0.096000, 2.40, 2025-07-02T22:30:00+01:00, 2025-07-02T23:00:00+01:00
0.134000, 3.35, 2025-07-02T23:00:00+01:00, 2025-07-02T23:30:00+01:00
0.098000, 2.45, 2025-07-02T23:30:00+01:00, 2025-07-03T00:00:00+01:00
0.086000, 2.15, 2025-07-03T00:00:00+01:00, 2025-07-03T00:30:00+01:00
0.076000, 1.90, 2025-07-03T00:30:00+01:00, 2025-07-03T01:00:00+01:00
0.124000, 3.10, 2025-07-03T01:00:00+01:00, 2025-07-03T01:30:00+01:00
0.061000, 1.52, 2025-07-03T01:30:00+01:00, 2025-07-03T02:00:00+01:00
0.069000, 1.72, 2025-07-03T02:00:00+01:00, 2025-07-03T02:30:00+01:00
0.121000, 3.02, 2025-07-03T02:30:00+01:00, 2025-07-03T03:00:00+01:00
0.065000, 1.62, 2025-07-03T03:00:00+01:00, 2025-07-03T03:30:00+01:00
0.074000, 1.85, 2025-07-03T03:30:00+01:00, 2025-07-03T04:00:00+01:00
0.096000, 2.40, 2025-07-03T04:00:00+01:00, 2025-07-03T04:30:00+01:00
0.096000, 2.40, 2025-07-03T04:30:00+01:00, 2025-07-03T05:00:00+01:00
0.073000, 1.82, 2025-07-03T05:00:00+01:00, 2025-07-03T05:30:00+01:00
0.077000, 1.92, 2025-07-03T05:30:00+01:00, 2025-07-03T06:00:00+01:00
0.109000, 2.72, 2025-07-03T06:00:00+01:00, 2025-07-03T06:30:00+01:00
0.099000, 2.47, 2025-07-03T06:30:00+01:00, 2025-07-03T07:00:00+01:00
0.720000, 17.99, 2025-07-03T07:00:00+01:00, 2025-07-03T07:30:00+01:00
0.218000, 5.45, 2025-07-03T07:30:00+01:00, 2025-07-03T08:00:00+01:00
0.142000, 3.55, 2025-07-03T08:00:00+01:00, 2025-07-03T08:30:00+01:00
0.092000, 2.30, 2025-07-03T08:30:00+01:00, 2025-07-03T09:00:00+01:00
0.070000, 1.75, 2025-07-03T09:00:00+01:00, 2025-07-03T09:30:00+01:00
0.085000, 2.12, 2025-07-03T09:30:00+01:00, 2025-07-03T10:00:00+01:00
0.118000, 2.95, 2025-07-03T10:00:00+01:00, 2025-07-03T10:30:00+01:00
0.101000, 2.52, 2025-07-03T10:30:00+01:00, 2025-07-03T11:00:00+01:00
0.108000, 2.70, 2025-07-03T11:00:00+01:00, 2025-07-03T11:30:00+01:00
0.085000, 2.12, 2025-07-03T11:30:00+01:00, 2025-07-03T12:00:00+01:00
0.364000, 9.09, 2025-07-03T12:00:00+01:00, 2025-07-03T12:30:00+01:00
0.254000, 6.34, 2025-07-03T12:30:00+01:00, 2025-07-03T13:00:00+01:00
0.108000, 2.70, 2025-07-03T13:00:00+01:00, 2025-07-03T13:30:00+01:00
0.086000, 2.15, 2025-07-03T13:30:00+01:00, 2025-07-03T14:00:00+01:00
0.077000, 1.92, 2025-07-03T14:00:00+01:00, 2025-07-03T14:30:00+01:00
0.393000, 9.82, 2025-07-03T14:30:00+01:00, 2025-07-03T15:00:00+01:00
0.065000, 1.62, 2025-07-03T15:00:00+01:00, 2025-07-03T15:30:00+01:00
0.078000, 1.95, 2025-07-03T15:30:00+01:00, 2025-07-03T16:00:00+01:00
0.340000, 8.49, 2025-07-03T16:00:00+01:00, 2025-07-03T16:30:00+01:00
0.161000, 4.02, 2025-07-03T16:30:00+01:00, 2025-07-03T17:00:00+01:00
0.145000, 3.62, 2025-07-03T17:00:00+01:00, 2025-07-03T17:30:00+01:00
0.052000, 1.30, 2025-07-03T17:30:00+01:00, 2025-07-03T18:00:00+01:00
0.065000, 1.62, 2025-07-03T18:00:00+01:00, 2025-07-03T18:30:00+01:00
0.600000, 14.99, 2025-07-03T18:30:00+01:00, 2025-07-03T19:00:00+01:00
0.140000, 3.50, 2025-07-03T19:00:00+01:00, 2025-07-03T19:30:00+01:00
0.081000, 2.02, 2025-07-03T19:30:00+01:00, 2025-07-03T20:00:00+01:00
0.073000, 1.82, 2025-07-03T20:00:00+01:00, 2025-07-03T20:30:00+01:00
0.105000, 2.62, 2025-07-03T20:30:00+01:00, 2025-07-03T21:00:00+01:00
0.117000, 2.92, 2025-07-03T21:00:00+01:00, 2025-07-03T21:30:00+01:00
0.090000, 2.25, 2025-07-03T21:30:00+01:00, 2025-07-03T22:00:00+01:00
0.095000, 2.37, 2025-07-03T22:00:00+01:00, 2025-07-03T22:30:00+01:00
0.120000, 3.00, 2025-07-03T22:30:00+01:00, 2025-07-03T23:00:00+01:00
0.138000, 3.45, 2025-07-03T23:00:00+01:00, 2025-07-03T23:30:00+01:00
0.091000, 2.27, 2025-07-03T23:30:00+01:00, 2025-07-04T00:00:00+01:00
0.087000, 2.17, 2025-07-04T00:00:00+01:00, 2025-07-04T00:30:00+01:00
0.085000, 2.12, 2025-07-04T00:30:00+01:00, 2025-07-04T01:00:00+01:00
0.106000, 2.65, 2025-07-04T01:00:00+01:00, 2025-07-04T01:30:00+01:00
0.130000, 3.25, 2025-07-04T01:30:00+01:00, 2025-07-04T02:00:00+01:00
0.067000, 1.67, 2025-07-04T02:00:00+01:00, 2025-07-04T02:30:00+01:00
0.089000, 2.22, 2025-07-04T02:30:00+01:00, 2025-07-04T03:00:00+01:00
0.094000, 2.35, 2025-07-04T03:00:00+01:00, 2025-07-04T03:30:00+01:00
0.122000, 3.05, 2025-07-04T03:30:00+01:00, 2025-07-04T04:00:00+01:00
0.101000, 2.52, 2025-07-04T04:00:00+01:00, 2025-07-04T04:30:00+01:00
0.069000, 1.72, 2025-07-04T04:30:00+01:00, 2025-07-04T05:00:00+01:00
0.081000, 2.02, 2025-07-04T05:00:00+01:00, 2025-07-04T05:30:00+01:00
0.124000, 3.10, 2025-07-04T05:30:00+01:00, 2025-07-04T06:00:00+01:00
0.086000, 2.15, 2025-07-04T06:00:00+01:00, 2025-07-04T06:30:00+01:00
0.567000, 14.16, 2025-07-04T06:30:00+01:00, 2025-07-04T07:00:00+01:00
0.546000, 13.64, 2025-07-04T07:00:00+01:00, 2025-07-04T07:30:00+01:00
0.718000, 17.94, 2025-07-04T07:30:00+01:00, 2025-07-04T08:00:00+01:00
0.134000, 3.35, 2025-07-04T08:00:00+01:00, 2025-07-04T08:30:00+01:00
0.104000, 2.60, 2025-07-04T08:30:00+01:00, 2025-07-04T09:00:00+01:00
0.086000, 2.15, 2025-07-04T09:00:00+01:00, 2025-07-04T09:30:00+01:00
0.064000, 1.60, 2025-07-04T09:30:00+01:00, 2025-07-04T10:00:00+01:00
0.133000, 3.32, 2025-07-04T10:00:00+01:00, 2025-07-04T10:30:00+01:00
0.144000, 3.60, 2025-07-04T10:30:00+01:00, 2025-07-04T11:00:00+01:00
0.116000, 2.90, 2025-07-04T11:00:00+01:00, 2025-07-04T11:30:00+01:00
0.063000, 1.57, 2025-07-04T11:30:00+01:00, 2025-07-04T12:00:00+01:00
0.108000, 2.70, 2025-07-04T12:00:00+01:00, 2025-07-04T12:30:00+01:00
0.077000, 1.92, 2025-07-04T12:30:00+01:00, 2025-07-04T13:00:00+01:00
0.105000, 2.62, 2025-07-04T13:00:00+01:00, 2025-07-04T13:30:00+01:00
0.458000, 11.44, 2025-07-04T13:30:00+01:00, 2025-07-04T14:00:00+01:00
0.434000, 10.84, 2025-07-04T14:00:00+01:00, 2025-07-04T14:30:00+01:00
0.643000, 16.06, 2025-07-04T14:30:00+01:00, 2025-07-04T15:00:00+01:00
0.711000, 17.76, 2025-07-04T15:00:00+01:00, 2025-07-04T15:30:00+01:00
0.072000, 1.80, 2025-07-04T15:30:00+01:00, 2025-07-04T16:00:00+01:00
0.159000, 3.97, 2025-07-04T16:00:00+01:00, 2025-07-04T16:30:00+01:00
0.137000, 3.42, 2025-07-04T16:30:00+01:00, 2025-07-04T17:00:00+01:00
0.114000, 2.85, 2025-07-04T17:00:00+01:00, 2025-07-04T17:30:00+01:00
0.082000, 2.05, 2025-07-04T17:30:00+01:00, 2025-07-04T18:00:00+01:00
0.076000, 1.90, 2025-07-04T18:00:00+01:00, 2025-07-04T18:30:00+01:00
0.078000, 1.95, 2025-07-04T18:30:00+01:00, 2025-07-04T19:00:00+01:00
0.316000, 7.89, 2025-07-04T19:00:00+01:00, 2025-07-04T19:30:00+01:00
0.110000, 2.75, 2025-07-04T19:30:00+01:00, 2025-07-04T20:00:00+01:00
0.082000, 2.05, 2025-07-04T20:00:00+01:00, 2025-07-04T20:30:00+01:00
0.162000, 4.05, 2025-07-04T20:30:00+01:00, 2025-07-04T21:00:00+01:00
0.121000, 3.02, 2025-07-04T21:00:00+01:00, 2025-07-04T21:30:00+01:00
0.186000, 4.65, 2025-07-04T21:30:00+01:00, 2025-07-04T22:00:00+01:00
0.136000, 3.40, 2025-07-04T22:00:00+01:00, 2025-07-04T22:30:00+01:00
0.128000, 3.20, 2025-07-04T22:30:00+01:00, 2025-07-04T23:00:00+01:00
0.146000, 3.65, 2025-07-04T23:00:00+01:00, 2025-07-04T23:30:00+01:00
0.154000, 3.85, 2025-07-04T23:30:00+01:00, 2025-07-05T00:00:00+01:00
0.126000, 3.15, 2025-07-05T00:00:00+01:00, 2025-07-05T00:30:00+01:00
0.089000, 2.22, 2025-07-05T00:30:00+01:00, 2025-07-05T01:00:00+01:00
0.057000, 1.42, 2025-07-05T01:00:00+01:00, 2025-07-05T01:30:00+01:00
0.103000, 2.57, 2025-07-05T01:30:00+01:00, 2025-07-05T02:00:00+01:00
0.119000, 2.97, 2025-07-05T02:00:00+01:00, 2025-07-05T02:30:00+01:00
0.053000, 1.32, 2025-07-05T02:30:00+01:00, 2025-07-05T03:00:00+01:00
0.077000, 1.92, 2025-07-05T03:00:00+01:00, 2025-07-05T03:30:00+01:00
0.094000, 2.35, 2025-07-05T03:30:00+01:00, 2025-07-05T04:00:00+01:00
0.113000, 2.82, 2025-07-05T04:00:00+01:00, 2025-07-05T04:30:00+01:00
0.085000, 2.12, 2025-07-05T04:30:00+01:00, 2025-07-05T05:00:00+01:00
0.056000, 1.40, 2025-07-05T05:00:00+01:00, 2025-07-05T05:30:00+01:00
0.074000, 1.85, 2025-07-05T05:30:00+01:00, 2025-07-05T06:00:00+01:00
0.128000, 3.20, 2025-07-05T06:00:00+01:00, 2025-07-05T06:30:00+01:00
0.070000, 1.75, 2025-07-05T06:30:00+01:00, 2025-07-05T07:00:00+01:00
0.065000, 1.62, 2025-07-05T07:00:00+01:00, 2025-07-05T07:30:00+01:00
0.071000, 1.77, 2025-07-05T07:30:00+01:00, 2025-07-05T08:00:00+01:00
0.091000, 2.27, 2025-07-05T08:00:00+01:00, 2025-07-05T08:30:00+01:00
0.116000, 2.90, 2025-07-05T08:30:00+01:00, 2025-07-05T09:00:00+01:00
0.161000, 4.02, 2025-07-05T09:00:00+01:00, 2025-07-05T09:30:00+01:00
0.710000, 17.74, 2025-07-05T09:30:00+01:00, 2025-07-05T10:00:00+01:00
0.925000, 23.11, 2025-07-05T10:00:00+01:00, 2025-07-05T10:30:00+01:00
0.280000, 6.99, 2025-07-05T10:30:00+01:00, 2025-07-05T11:00:00+01:00
0.092000, 2.30, 2025-07-05T11:00:00+01:00, 2025-07-05T11:30:00+01:00
0.077000, 1.92, 2025-07-05T11:30:00+01:00, 2025-07-05T12:00:00+01:00
0.089000, 2.22, 2025-07-05T12:00:00+01:00, 2025-07-05T12:30:00+01:00
0.597000, 14.91, 2025-07-05T12:30:00+01:00, 2025-07-05T13:00:00+01:00
0.079000, 1.97, 2025-07-05T13:00:00+01:00, 2025-07-05T13:30:00+01:00
0.111000, 2.77, 2025-07-05T13:30:00+01:00, 2025-07-05T14:00:00+01:00
0.293000, 7.32, 2025-07-05T14:00:00+01:00, 2025-07-05T14:30:00+01:00
0.167000, 4.17, 2025-07-05T14:30:00+01:00, 2025-07-05T15:00:00+01:00
0.107000, 2.67, 2025-07-05T15:00:00+01:00, 2025-07-05T15:30:00+01:00
0.053000, 1.32, 2025-07-05T15:30:00+01:00, 2025-07-05T16:00:00+01:00
0.066000, 1.65, 2025-07-05T16:00:00+01:00, 2025-07-05T16:30:00+01:00
0.114000, 2.85, 2025-07-05T16:30:00+01:00, 2025-07-05T17:00:00+01:00
0.079000, 1.97, 2025-07-05T17:00:00+01:00, 2025-07-05T17:30:00+01:00
0.714000, 17.84, 2025-07-05T17:30:00+01:00, 2025-07-05T18:00:00+01:00
0.301000, 7.52, 2025-07-05T18:00:00+01:00, 2025-07-05T18:30:00+01:00
0.236000, 5.90, 2025-07-05T18:30:00+01:00, 2025-07-05T19:00:00+01:00
0.206000, 5.15, 2025-07-05T19:00:00+01:00, 2025-07-05T19:30:00+01:00
0.177000, 4.42, 2025-07-05T19:30:00+01:00, 2025-07-05T20:00:00+01:00
0.228000, 5.70, 2025-07-05T20:00:00+01:00, 2025-07-05T20:30:00+01:00
0.219000, 5.47, 2025-07-05T20:30:00+01:00, 2025-07-05T21:00:00+01:00
0.602000, 15.04, 2025-07-05T21:00:00+01:00, 2025-07-05T21:30:00+01:00
0.788000, 19.68, 2025-07-05T21:30:00+01:00, 2025-07-05T22:00:00+01:00
0.117000, 2.92, 2025-07-05T22:00:00+01:00, 2025-07-05T22:30:00+01:00
0.111000, 2.77, 2025-07-05T22:30:00+01:00, 2025-07-05T23:00:00+01:00
0.169000, 4.22, 2025-07-05T23:00:00+01:00, 2025-07-05T23:30:00+01:00
0.152000, 3.80, 2025-07-05T23:30:00+01:00, 2025-07-06T00:00:00+01:00
0.084000, 2.10, 2025-07-06T00:00:00+01:00, 2025-07-06T00:30:00+01:00
0.110000, 2.75, 2025-07-06T00:30:00+01:00, 2025-07-06T01:00:00+01:00
0.095000, 2.37, 2025-07-06T01:00:00+01:00, 2025-07-06T01:30:00+01:00
0.129000, 3.22, 2025-07-06T01:30:00+01:00, 2025-07-06T02:00:00+01:00
0.123000, 3.07, 2025-07-06T02:00:00+01:00, 2025-07-06T02:30:00+01:00
0.088000, 2.20, 2025-07-06T02:30:00+01:00, 2025-07-06T03:00:00+01:00
0.079000, 1.97, 2025-07-06T03:00:00+01:00, 2025-07-06T03:30:00+01:00
0.139000, 3.47, 2025-07-06T03:30:00+01:00, 2025-07-06T04:00:00+01:00
0.126000, 3.15, 2025-07-06T04:00:00+01:00, 2025-07-06T04:30:00+01:00
0.079000, 1.97, 2025-07-06T04:30:00+01:00, 2025-07-06T05:00:00+01:00
0.098000, 2.45, 2025-07-06T05:00:00+01:00, 2025-07-06T05:30:00+01:00
0.100000, 2.50, 2025-07-06T05:30:00+01:00, 2025-07-06T06:00:00+01:00
0.120000, 3.00, 2025-07-06T06:00:00+01:00, 2025-07-06T06:30:00+01:00
0.097000, 2.42, 2025-07-06T06:30:00+01:00, 2025-07-06T07:00:00+01:00
0.076000, 1.90, 2025-07-06T07:00:00+01:00, 2025-07-06T07:30:00+01:00
0.249000, 6.22, 2025-07-06T07:30:00+01:00, 2025-07-06T08:00:00+01:00
0.149000, 3.72, 2025-07-06T08:00:00+01:00, 2025-07-06T08:30:00+01:00
0.258000, 6.44, 2025-07-06T08:30:00+01:00, 2025-07-06T09:00:00+01:00
0.254000, 6.34, 2025-07-06T09:00:00+01:00, 2025-07-06T09:30:00+01:00
0.078000, 1.95, 2025-07-06T09:30:00+01:00, 2025-07-06T10:00:00+01:00
0.087000, 2.17, 2025-07-06T10:00:00+01:00, 2025-07-06T10:30:00+01:00
0.979000, 24.45, 2025-07-06T10:30:00+01:00, 2025-07-06T11:00:00+01:00
0.062000, 1.55, 2025-07-06T11:00:00+01:00, 2025-07-06T11:30:00+01:00
0.060000, 1.50, 2025-07-06T11:30:00+01:00, 2025-07-06T12:00:00+01:00
1.364000, 34.07, 2025-07-06T12:00:00+01:00, 2025-07-06T12:30:00+01:00
0.720000, 17.99, 2025-07-06T12:30:00+01:00, 2025-07-06T13:00:00+01:00
1.443000, 36.05, 2025-07-06T13:00:00+01:00, 2025-07-06T13:30:00+01:00
0.071000, 1.77, 2025-07-06T13:30:00+01:00, 2025-07-06T14:00:00+01:00
0.052000, 1.30, 2025-07-06T14:00:00+01:00, 2025-07-06T14:30:00+01:00
0.094000, 2.35, 2025-07-06T14:30:00+01:00, 2025-07-06T15:00:00+01:00
0.114000, 2.85, 2025-07-06T15:00:00+01:00, 2025-07-06T15:30:00+01:00
0.064000, 1.60, 2025-07-06T15:30:00+01:00, 2025-07-06T16:00:00+01:00
0.078000, 1.95, 2025-07-06T16:00:00+01:00, 2025-07-06T16:30:00+01:00
0.071000, 1.77, 2025-07-06T16:30:00+01:00, 2025-07-06T17:00:00+01:00
0.091000, 2.27, 2025-07-06T17:00:00+01:00, 2025-07-06T17:30:00+01:00
0.112000, 2.80, 2025-07-06T17:30:00+01:00, 2025-07-06T18:00:00+01:00
0.055000, 1.37, 2025-07-06T18:00:00+01:00, 2025-07-06T18:30:00+01:00
0.068000, 1.70, 2025-07-06T18:30:00+01:00, 2025-07-06T19:00:00+01:00
0.110000, 2.75, 2025-07-06T19:00:00+01:00, 2025-07-06T19:30:00+01:00
0.148000, 3.70, 2025-07-06T19:30:00+01:00, 2025-07-06T20:00:00+01:00
0.099000, 2.47, 2025-07-06T20:00:00+01:00, 2025-07-06T20:30:00+01:00
0.105000, 2.62, 2025-07-06T20:30:00+01:00, 2025-07-06T21:00:00+01:00
0.067000, 1.67, 2025-07-06T21:00:00+01:00, 2025-07-06T21:30:00+01:00
0.170000, 4.25, 2025-07-06T21:30:00+01:00, 2025-07-06T22:00:00+01:00
0.208000, 5.20, 2025-07-06T22:00:00+01:00, 2025-07-06T22:30:00+01:00
0.085000, 2.12, 2025-07-06T22:30:00+01:00, 2025-07-06T23:00:00+01:00
0.093000, 2.32, 2025-07-06T23:00:00+01:00, 2025-07-06T23:30:00+01:00
0.081000, 2.02, 2025-07-06T23:30:00+01:00, 2025-07-07T00:00:00+01:00
0.123000, 3.07, 2025-07-07T00:00:00+01:00, 2025-07-07T00:30:00+01:00
0.060000, 1.50, 2025-07-07T00:30:00+01:00, 2025-07-07T01:00:00+01:00
0.057000, 1.42, 2025-07-07T01:00:00+01:00, 2025-07-07T01:30:00+01:00
0.054000, 1.35, 2025-07-07T01:30:00+01:00, 2025-07-07T02:00:00+01:00
0.116000, 2.90, 2025-07-07T02:00:00+01:00, 2025-07-07T02:30:00+01:00
0.101000, 2.52, 2025-07-07T02:30:00+01:00, 2025-07-07T03:00:00+01:00
0.057000, 1.42, 2025-07-07T03:00:00+01:00, 2025-07-07T03:30:00+01:00
0.086000, 2.15, 2025-07-07T03:30:00+01:00, 2025-07-07T04:00:00+01:00
0.090000, 2.25, 2025-07-07T04:00:00+01:00, 2025-07-07T04:30:00+01:00
0.088000, 2.20, 2025-07-07T04:30:00+01:00, 2025-07-07T05:00:00+01:00
0.911000, 22.76, 2025-07-07T05:00:00+01:00, 2025-07-07T05:30:00+01:00
0.524000, 13.09, 2025-07-07T05:30:00+01:00, 2025-07-07T06:00:00+01:00
0.073000, 1.82, 2025-07-07T06:00:00+01:00, 2025-07-07T06:30:00+01:00
0.134000, 3.35, 2025-07-07T06:30:00+01:00, 2025-07-07T07:00:00+01:00
1.303000, 32.55, 2025-07-07T07:00:00+01:00, 2025-07-07T07:30:00+01:00
0.557000, 13.91, 2025-07-07T07:30:00+01:00, 2025-07-07T08:00:00+01:00
0.100000, 2.50, 2025-07-07T08:00:00+01:00, 2025-07-07T08:30:00+01:00
0.136000, 3.40, 2025-07-07T08:30:00+01:00, 2025-07-07T09:00:00+01:00
0.073000, 1.82, 2025-07-07T09:00:00+01:00, 2025-07-07T09:30:00+01:00
0.073000, 1.82, 2025-07-07T09:30:00+01:00, 2025-07-07T10:00:00+01:00
0.080000, 2.00, 2025-07-07T10:00:00+01:00, 2025-07-07T10:30:00+01:00
0.103000, 2.57, 2025-07-07T10:30:00+01:00, 2025-07-07T11:00:00+01:00
0.072000, 1.80, 2025-07-07T11:00:00+01:00, 2025-07-07T11:30:00+01:00
0.067000, 1.67, 2025-07-07T11:30:00+01:00, 2025-07-07T12:00:00+01:00
0.071000, 1.77, 2025-07-07T12:00:00+01:00, 2025-07-07T12:30:00+01:00
0.098000, 2.45, 2025-07-07T12:30:00+01:00, 2025-07-07T13:00:00+01:00
0.086000, 2.15, 2025-07-07T13:00:00+01:00, 2025-07-07T13:30:00+01:00
0.270000, 6.74, 2025-07-07T13:30:00+01:00, 2025-07-07T14:00:00+01:00
0.138000, 3.45, 2025-07-07T14:00:00+01:00, 2025-07-07T14:30:00+01:00
0.085000, 2.12, 2025-07-07T14:30:00+01:00, 2025-07-07T15:00:00+01:00
0.138000, 3.45, 2025-07-07T15:00:00+01:00, 2025-07-07T15:30:00+01:00
0.098000, 2.45, 2025-07-07T15:30:00+01:00, 2025-07-07T16:00:00+01:00
0.084000, 2.10, 2025-07-07T16:00:00+01:00, 2025-07-07T16:30:00+01:00
0.082000, 2.05, 2025-07-07T16:30:00+01:00, 2025-07-07T17:00:00+01:00
0.096000, 2.40, 2025-07-07T17:00:00+01:00, 2025-07-07T17:30:00+01:00
0.251000, 6.27, 2025-07-07T17:30:00+01:00, 2025-07-07T18:00:00+01:00
0.830000, 20.73, 2025-07-07T18:00:00+01:00, 2025-07-07T18:30:00+01:00
0.510000, 12.74, 2025-07-07T18:30:00+01:00, 2025-07-07T19:00:00+01:00
0.242000, 6.05, 2025-07-07T19:00:00+01:00, 2025-07-07T19:30:00+01:00
0.067000, 1.67, 2025-07-07T19:30:00+01:00, 2025-07-07T20:00:00+01:00
0.073000, 1.82, 2025-07-07T20:00:00+01:00, 2025-07-07T20:30:00+01:00
0.124000, 3.10, 2025-07-07T20:30:00+01:00, 2025-07-07T21:00:00+01:00
0.157000, 3.92, 2025-07-07T21:00:00+01:00, 2025-07-07T21:30:00+01:00
0.078000, 1.95, 2025-07-07T21:30:00+01:00, 2025-07-07T22:00:00+01:00
0.073000, 1.82, 2025-07-07T22:00:00+01:00, 2025-07-07T22:30:00+01:00
0.103000, 2.57, 2025-07-07T22:30:00+01:00, 2025-07-07T23:00:00+01:00
0.108000, 2.70, 2025-07-07T23:00:00+01:00, 2025-07-07T23:30:00+01:00
0.064000, 1.60, 2025-07-07T23:30:00+01:00, 2025-07-08T00:00:00+01:00
0.077000, 1.92, 2025-07-08T00:00:00+01:00, 2025-07-08T00:30:00+01:00
0.052000, 1.30, 2025-07-08T00:30:00+01:00, 2025-07-08T01:00:00+01:00
0.098000, 2.45, 2025-07-08T01:00:00+01:00, 2025-07-08T01:30:00+01:00
0.103000, 2.57, 2025-07-08T01:30:00+01:00, 2025-07-08T02:00:00+01:00
0.051000, 1.27, 2025-07-08T02:00:00+01:00, 2025-07-08T02:30:00+01:00
0.055000, 1.37, 2025-07-08T02:30:00+01:00, 2025-07-08T03:00:00+01:00
0.098000, 2.45, 2025-07-08T03:00:00+01:00, 2025-07-08T03:30:00+01:00
0.101000, 2.52, 2025-07-08T03:30:00+01:00, 2025-07-08T04:00:00+01:00
0.052000, 1.30, 2025-07-08T04:00:00+01:00, 2025-07-08T04:30:00+01:00
0.059000, 1.47, 2025-07-08T04:30:00+01:00, 2025-07-08T05:00:00+01:00
0.051000, 1.27, 2025-07-08T05:00:00+01:00, 2025-07-08T05:30:00+01:00
0.122000, 3.05, 2025-07-08T05:30:00+01:00, 2025-07-08T06:00:00+01:00
0.081000, 2.02, 2025-07-08T06:00:00+01:00, 2025-07-08T06:30:00+01:00
0.744000, 18.58, 2025-07-08T06:30:00+01:00, 2025-07-08T07:00:00+01:00
1.445000, 36.10, 2025-07-08T07:00:00+01:00, 2025-07-08T07:30:00+01:00
1.831000, 45.74, 2025-07-08T07:30:00+01:00, 2025-07-08T08:00:00+01:00
0.149000, 3.72, 2025-07-08T08:00:00+01:00, 2025-07-08T08:30:00+01:00
0.059000, 1.47, 2025-07-08T08:30:00+01:00, 2025-07-08T09:00:00+01:00
0.074000, 1.85, 2025-07-08T09:00:00+01:00, 2025-07-08T09:30:00+01:00
0.062000, 1.55, 2025-07-08T09:30:00+01:00, 2025-07-08T10:00:00+01:00
0.099000, 2.47, 2025-07-08T10:00:00+01:00, 2025-07-08T10:30:00+01:00
0.078000, 1.95, 2025-07-08T10:30:00+01:00, 2025-07-08T11:00:00+01:00
0.191000, 4.77, 2025-07-08T11:00:00+01:00, 2025-07-08T11:30:00+01:00
0.137000, 3.42, 2025-07-08T11:30:00+01:00, 2025-07-08T12:00:00+01:00
0.172000, 4.30, 2025-07-08T12:00:00+01:00, 2025-07-08T12:30:00+01:00
0.132000, 3.30, 2025-07-08T12:30:00+01:00, 2025-07-08T13:00:00+01:00
0.302000, 7.54, 2025-07-08T13:00:00+01:00, 2025-07-08T13:30:00+01:00
0.373000, 9.32, 2025-07-08T13:30:00+01:00, 2025-07-08T14:00:00+01:00
0.433000, 10.82, 2025-07-08T14:00:00+01:00, 2025-07-08T14:30:00+01:00
0.456000, 11.39, 2025-07-08T14:30:00+01:00, 2025-07-08T15:00:00+01:00
0.094000, 2.35, 2025-07-08T15:00:00+01:00, 2025-07-08T15:30:00+01:00
0.102000, 2.55, 2025-07-08T15:30:00+01:00, 2025-07-08T16:00:00+01:00
0.087000, 2.17, 2025-07-08T16:00:00+01:00, 2025-07-08T16:30:00+01:00
0.159000, 3.97, 2025-07-08T16:30:00+01:00, 2025-07-08T17:00:00+01:00
0.152000, 3.80, 2025-07-08T17:00:00+01:00, 2025-07-08T17:30:00+01:00
0.214000, 5.35, 2025-07-08T17:30:00+01:00, 2025-07-08T18:00:00+01:00
0.282000, 7.04, 2025-07-08T18:00:00+01:00, 2025-07-08T18:30:00+01:00
0.124000, 3.10, 2025-07-08T18:30:00+01:00, 2025-07-08T19:00:00+01:00
0.082000, 2.05, 2025-07-08T19:00:00+01:00, 2025-07-08T19:30:00+01:00
0.102000, 2.55, 2025-07-08T19:30:00+01:00, 2025-07-08T20:00:00+01:00
0.078000, 1.95, 2025-07-08T20:00:00+01:00, 2025-07-08T20:30:00+01:00
0.087000, 2.17, 2025-07-08T20:30:00+01:00, 2025-07-08T21:00:00+01:00
0.121000, 3.02, 2025-07-08T21:00:00+01:00, 2025-07-08T21:30:00+01:00
0.070000, 1.75, 2025-07-08T21:30:00+01:00, 2025-07-08T22:00:00+01:00
0.055000, 1.37, 2025-07-08T22:00:00+01:00, 2025-07-08T22:30:00+01:00
0.085000, 2.12, 2025-07-08T22:30:00+01:00, 2025-07-08T23:00:00+01:00
0.154000, 3.85, 2025-07-08T23:00:00+01:00, 2025-07-08T23:30:00+01:00
0.131000, 3.27, 2025-07-08T23:30:00+01:00, 2025-07-09T00:00:00+01:00
0.073000, 1.82, 2025-07-09T00:00:00+01:00, 2025-07-09T00:30:00+01:00
0.072000, 1.80, 2025-07-09T00:30:00+01:00, 2025-07-09T01:00:00+01:00
0.103000, 2.57, 2025-07-09T01:00:00+01:00, 2025-07-09T01:30:00+01:00
0.102000, 2.55, 2025-07-09T01:30:00+01:00, 2025-07-09T02:00:00+01:00
0.087000, 2.17, 2025-07-09T02:00:00+01:00, 2025-07-09T02:30:00+01:00
0.057000, 1.42, 2025-07-09T02:30:00+01:00, 2025-07-09T03:00:00+01:00
0.058000, 1.45, 2025-07-09T03:00:00+01:00, 2025-07-09T03:30:00+01:00
0.133000, 3.32, 2025-07-09T03:30:00+01:00, 2025-07-09T04:00:00+01:00
0.084000, 2.10, 2025-07-09T04:00:00+01:00, 2025-07-09T04:30:00+01:00
0.054000, 1.35, 2025-07-09T04:30:00+01:00, 2025-07-09T05:00:00+01:00
0.084000, 2.10, 2025-07-09T05:00:00+01:00, 2025-07-09T05:30:00+01:00
0.070000, 1.75, 2025-07-09T05:30:00+01:00, 2025-07-09T06:00:00+01:00
0.110000, 2.75, 2025-07-09T06:00:00+01:00, 2025-07-09T06:30:00+01:00
1.232000, 30.77, 2025-07-09T06:30:00+01:00, 2025-07-09T07:00:00+01:00
0.492000, 12.29, 2025-07-09T07:00:00+01:00, 2025-07-09T07:30:00+01:00
1.414000, 35.32, 2025-07-09T07:30:00+01:00, 2025-07-09T08:00:00+01:00
1.386000, 34.62, 2025-07-09T08:00:00+01:00, 2025-07-09T08:30:00+01:00
0.107000, 2.67, 2025-07-09T08:30:00+01:00, 2025-07-09T09:00:00+01:00
0.179000, 4.47, 2025-07-09T09:00:00+01:00, 2025-07-09T09:30:00+01:00
0.092000, 2.30, 2025-07-09T09:30:00+01:00, 2025-07-09T10:00:00+01:00
0.157000, 3.92, 2025-07-09T10:00:00+01:00, 2025-07-09T10:30:00+01:00
0.154000, 3.85, 2025-07-09T10:30:00+01:00, 2025-07-09T11:00:00+01:00
0.188000, 4.70, 2025-07-09T11:00:00+01:00, 2025-07-09T11:30:00+01:00
0.086000, 2.15, 2025-07-09T11:30:00+01:00, 2025-07-09T12:00:00+01:00
0.118000, 2.95, 2025-07-09T12:00:00+01:00, 2025-07-09T12:30:00+01:00
0.101000, 2.52, 2025-07-09T12:30:00+01:00, 2025-07-09T13:00:00+01:00
0.111000, 2.77, 2025-07-09T13:00:00+01:00, 2025-07-09T13:30:00+01:00
0.058000, 1.45, 2025-07-09T13:30:00+01:00, 2025-07-09T14:00:00+01:00
0.063000, 1.57, 2025-07-09T14:00:00+01:00, 2025-07-09T14:30:00+01:00
0.096000, 2.40, 2025-07-09T14:30:00+01:00, 2025-07-09T15:00:00+01:00
0.109000, 2.72, 2025-07-09T15:00:00+01:00, 2025-07-09T15:30:00+01:00
0.787000, 19.66, 2025-07-09T15:30:00+01:00, 2025-07-09T16:00:00+01:00
0.222000, 5.55, 2025-07-09T16:00:00+01:00, 2025-07-09T16:30:00+01:00
0.086000, 2.15, 2025-07-09T16:30:00+01:00, 2025-07-09T17:00:00+01:00
0.110000, 2.75, 2025-07-09T17:00:00+01:00, 2025-07-09T17:30:00+01:00
0.085000, 2.12, 2025-07-09T17:30:00+01:00, 2025-07-09T18:00:00+01:00
0.560000, 13.99, 2025-07-09T18:00:00+01:00, 2025-07-09T18:30:00+01:00
0.159000, 3.97, 2025-07-09T18:30:00+01:00, 2025-07-09T19:00:00+01:00
0.156000, 3.90, 2025-07-09T19:00:00+01:00, 2025-07-09T19:30:00+01:00
0.115000, 2.87, 2025-07-09T19:30:00+01:00, 2025-07-09T20:00:00+01:00
0.273000, 6.82, 2025-07-09T20:00:00+01:00, 2025-07-09T20:30:00+01:00
1.969000, 49.18, 2025-07-09T20:30:00+01:00, 2025-07-09T21:00:00+01:00
0.848000, 21.18, 2025-07-09T21:00:00+01:00, 2025-07-09T21:30:00+01:00
0.203000, 5.07, 2025-07-09T21:30:00+01:00, 2025-07-09T22:00:00+01:00
0.163000, 4.07, 2025-07-09T22:00:00+01:00, 2025-07-09T22:30:00+01:00
0.089000, 2.22, 2025-07-09T22:30:00+01:00, 2025-07-09T23:00:00+01:00
0.066000, 1.65, 2025-07-09T23:00:00+01:00, 2025-07-09T23:30:00+01:00
0.123000, 3.07, 2025-07-09T23:30:00+01:00, 2025-07-10T00:00:00+01:00
0.101000, 2.52, 2025-07-10T00:00:00+01:00, 2025-07-10T00:30:00+01:00
0.054000, 1.35, 2025-07-10T00:30:00+01:00, 2025-07-10T01:00:00+01:00
0.068000, 1.70, 2025-07-10T01:00:00+01:00, 2025-07-10T01:30:00+01:00
0.070000, 1.75, 2025-07-10T01:30:00+01:00, 2025-07-10T02:00:00+01:00
0.121000, 3.02, 2025-07-10T02:00:00+01:00, 2025-07-10T02:30:00+01:00
0.098000, 2.45, 2025-07-10T02:30:00+01:00, 2025-07-10T03:00:00+01:00
0.054000, 1.35, 2025-07-10T03:00:00+01:00, 2025-07-10T03:30:00+01:00
0.058000, 1.45, 2025-07-10T03:30:00+01:00, 2025-07-10T04:00:00+01:00
0.113000, 2.82, 2025-07-10T04:00:00+01:00, 2025-07-10T04:30:00+01:00
0.104000, 2.60, 2025-07-10T04:30:00+01:00, 2025-07-10T05:00:00+01:00
0.054000, 1.35, 2025-07-10T05:00:00+01:00, 2025-07-10T05:30:00+01:00
0.062000, 1.55, 2025-07-10T05:30:00+01:00, 2025-07-10T06:00:00+01:00
0.083000, 2.07, 2025-07-10T06:00:00+01:00, 2025-07-10T06:30:00+01:00
0.867000, 21.66, 2025-07-10T06:30:00+01:00, 2025-07-10T07:00:00+01:00
1.421000, 35.50, 2025-07-10T07:00:00+01:00, 2025-07-10T07:30:00+01:00
0.492000, 12.29, 2025-07-10T07:30:00+01:00, 2025-07-10T08:00:00+01:00
0.125000, 3.12, 2025-07-10T08:00:00+01:00, 2025-07-10T08:30:00+01:00
0.126000, 3.15, 2025-07-10T08:30:00+01:00, 2025-07-10T09:00:00+01:00
0.098000, 2.45, 2025-07-10T09:00:00+01:00, 2025-07-10T09:30:00+01:00
0.072000, 1.80, 2025-07-10T09:30:00+01:00, 2025-07-10T10:00:00+01:00
0.083000, 2.07, 2025-07-10T10:00:00+01:00, 2025-07-10T10:30:00+01:00
0.058000, 1.45, 2025-07-10T10:30:00+01:00, 2025-07-10T11:00:00+01:00
0.105000, 2.62, 2025-07-10T11:00:00+01:00, 2025-07-10T11:30:00+01:00
0.090000, 2.25, 2025-07-10T11:30:00+01:00, 2025-07-10T12:00:00+01:00
0.086000, 2.15, 2025-07-10T12:00:00+01:00, 2025-07-10T12:30:00+01:00
0.319000, 7.97, 2025-07-10T12:30:00+01:00, 2025-07-10T13:00:00+01:00
0.178000, 4.45, 2025-07-10T13:00:00+01:00, 2025-07-10T13:30:00+01:00
0.199000, 4.97, 2025-07-10T13:30:00+01:00, 2025-07-10T14:00:00+01:00
0.890000, 22.23, 2025-07-10T14:00:00+01:00, 2025-07-10T14:30:00+01:00
0.084000, 2.10, 2025-07-10T14:30:00+01:00, 2025-07-10T15:00:00+01:00
0.060000, 1.50, 2025-07-10T15:00:00+01:00, 2025-07-10T15:30:00+01:00
0.115000, 2.87, 2025-07-10T15:30:00+01:00, 2025-07-10T16:00:00+01:00
0.106000, 2.65, 2025-07-10T16:00:00+01:00, 2025-07-10T16:30:00+01:00
0.058000, 1.45, 2025-07-10T16:30:00+01:00, 2025-07-10T17:00:00+01:00
0.062000, 1.55, 2025-07-10T17:00:00+01:00, 2025-07-10T17:30:00+01:00
0.251000, 6.27, 2025-07-10T17:30:00+01:00, 2025-07-10T18:00:00+01:00
0.128000, 3.20, 2025-07-10T18:00:00+01:00, 2025-07-10T18:30:00+01:00
0.099000, 2.47, 2025-07-10T18:30:00+01:00, 2025-07-10T19:00:00+01:00
0.092000, 2.30, 2025-07-10T19:00:00+01:00, 2025-07-10T19:30:00+01:00
0.095000, 2.37, 2025-07-10T19:30:00+01:00, 2025-07-10T20:00:00+01:00
0.169000, 4.22, 2025-07-10T20:00:00+01:00, 2025-07-10T20:30:00+01:00
0.635000, 15.86, 2025-07-10T20:30:00+01:00, 2025-07-10T21:00:00+01:00
0.101000, 2.52, 2025-07-10T21:00:00+01:00, 2025-07-10T21:30:00+01:00
0.083000, 2.07, 2025-07-10T21:30:00+01:00, 2025-07-10T22:00:00+01:00
0.121000, 3.02, 2025-07-10T22:00:00+01:00, 2025-07-10T22:30:00+01:00
0.113000, 2.82, 2025-07-10T22:30:00+01:00, 2025-07-10T23:00:00+01:00
0.086000, 2.15, 2025-07-10T23:00:00+01:00, 2025-07-10T23:30:00+01:00
0.068000, 1.70, 2025-07-10T23:30:00+01:00, 2025-07-11T00:00:00+01:00
0.060000, 1.50, 2025-07-11T00:00:00+01:00, 2025-07-11T00:30:00+01:00
0.135000, 3.37, 2025-07-11T00:30:00+01:00, 2025-07-11T01:00:00+01:00
0.107000, 2.67, 2025-07-11T01:00:00+01:00, 2025-07-11T01:30:00+01:00
0.053000, 1.32, 2025-07-11T01:30:00+01:00, 2025-07-11T02:00:00+01:00
0.062000, 1.55, 2025-07-11T02:00:00+01:00, 2025-07-11T02:30:00+01:00
0.108000, 2.70, 2025-07-11T02:30:00+01:00, 2025-07-11T03:00:00+01:00
0.108000, 2.70, 2025-07-11T03:00:00+01:00, 2025-07-11T03:30:00+01:00
0.079000, 1.97, 2025-07-11T03:30:00+01:00, 2025-07-11T04:00:00+01:00
0.084000, 2.10, 2025-07-11T04:00:00+01:00, 2025-07-11T04:30:00+01:00
0.060000, 1.50, 2025-07-11T04:30:00+01:00, 2025-07-11T05:00:00+01:00
0.094000, 2.35, 2025-07-11T05:00:00+01:00, 2025-07-11T05:30:00+01:00
0.107000, 2.67, 2025-07-11T05:30:00+01:00, 2025-07-11T06:00:00+01:00
0.861000, 21.51, 2025-07-11T06:00:00+01:00, 2025-07-11T06:30:00+01:00
0.070000, 1.75, 2025-07-11T06:30:00+01:00, 2025-07-11T07:00:00+01:00
0.093000, 2.32, 2025-07-11T07:00:00+01:00, 2025-07-11T07:30:00+01:00
0.533000, 13.31, 2025-07-11T07:30:00+01:00, 2025-07-11T08:00:00+01:00
0.086000, 2.15, 2025-07-11T08:00:00+01:00, 2025-07-11T08:30:00+01:00
0.073000, 1.82, 2025-07-11T08:30:00+01:00, 2025-07-11T09:00:00+01:00
0.071000, 1.77, 2025-07-11T09:00:00+01:00, 2025-07-11T09:30:00+01:00
0.097000, 2.42, 2025-07-11T09:30:00+01:00, 2025-07-11T10:00:00+01:00
1.032000, 25.78, 2025-07-11T10:00:00+01:00, 2025-07-11T10:30:00+01:00
0.119000, 2.97, 2025-07-11T10:30:00+01:00, 2025-07-11T11:00:00+01:00
0.064000, 1.60, 2025-07-11T11:00:00+01:00, 2025-07-11T11:30:00+01:00
0.067000, 1.67, 2025-07-11T11:30:00+01:00, 2025-07-11T12:00:00+01:00
0.133000, 3.32, 2025-07-11T12:00:00+01:00, 2025-07-11T12:30:00+01:00
0.077000, 1.92, 2025-07-11T12:30:00+01:00, 2025-07-11T13:00:00+01:00
0.060000, 1.50, 2025-07-11T13:00:00+01:00, 2025-07-11T13:30:00+01:00
0.082000, 2.05, 2025-07-11T13:30:00+01:00, 2025-07-11T14:00:00+01:00
0.105000, 2.62, 2025-07-11T14:00:00+01:00, 2025-07-11T14:30:00+01:00
0.100000, 2.50, 2025-07-11T14:30:00+01:00, 2025-07-11T15:00:00+01:00
0.077000, 1.92, 2025-07-11T15:00:00+01:00, 2025-07-11T15:30:00+01:00
0.082000, 2.05, 2025-07-11T15:30:00+01:00, 2025-07-11T16:00:00+01:00
0.061000, 1.52, 2025-07-11T16:00:00+01:00, 2025-07-11T16:30:00+01:00
0.105000, 2.62, 2025-07-11T16:30:00+01:00, 2025-07-11T17:00:00+01:00
0.119000, 2.97, 2025-07-11T17:00:00+01:00, 2025-07-11T17:30:00+01:00
0.066000, 1.65, 2025-07-11T17:30:00+01:00, 2025-07-11T18:00:00+01:00
0.446000, 11.14, 2025-07-11T18:00:00+01:00, 2025-07-11T18:30:00+01:00
0.132000, 3.30, 2025-07-11T18:30:00+01:00, 2025-07-11T19:00:00+01:00
0.126000, 3.15, 2025-07-11T19:00:00+01:00, 2025-07-11T19:30:00+01:00
0.099000, 2.47, 2025-07-11T19:30:00+01:00, 2025-07-11T20:00:00+01:00
0.077000, 1.92, 2025-07-11T20:00:00+01:00, 2025-07-11T20:30:00+01:00
0.276000, 6.89, 2025-07-11T20:30:00+01:00, 2025-07-11T21:00:00+01:00
0.184000, 4.60, 2025-07-11T21:00:00+01:00, 2025-07-11T21:30:00+01:00
0.174000, 4.35, 2025-07-11T21:30:00+01:00, 2025-07-11T22:00:00+01:00
0.092000, 2.30, 2025-07-11T22:00:00+01:00, 2025-07-11T22:30:00+01:00
0.096000, 2.40, 2025-07-11T22:30:00+01:00, 2025-07-11T23:00:00+01:00
0.205000, 5.12, 2025-07-11T23:00:00+01:00, 2025-07-11T23:30:00+01:00
0.190000, 4.75, 2025-07-11T23:30:00+01:00, 2025-07-12T00:00:00+01:00
0.190000, 4.75, 2025-07-12T00:00:00+01:00, 2025-07-12T00:30:00+01:00
0.145000, 3.62, 2025-07-12T00:30:00+01:00, 2025-07-12T01:00:00+01:00
0.088000, 2.20, 2025-07-12T01:00:00+01:00, 2025-07-12T01:30:00+01:00
0.122000, 3.05, 2025-07-12T01:30:00+01:00, 2025-07-12T02:00:00+01:00
0.107000, 2.67, 2025-07-12T02:00:00+01:00, 2025-07-12T02:30:00+01:00
0.080000, 2.00, 2025-07-12T02:30:00+01:00, 2025-07-12T03:00:00+01:00
0.088000, 2.20, 2025-07-12T03:00:00+01:00, 2025-07-12T03:30:00+01:00
0.079000, 1.97, 2025-07-12T03:30:00+01:00, 2025-07-12T04:00:00+01:00
0.099000, 2.47, 2025-07-12T04:00:00+01:00, 2025-07-12T04:30:00+01:00
0.123000, 3.07, 2025-07-12T04:30:00+01:00, 2025-07-12T05:00:00+01:00
0.064000, 1.60, 2025-07-12T05:00:00+01:00, 2025-07-12T05:30:00+01:00
0.067000, 1.67, 2025-07-12T05:30:00+01:00, 2025-07-12T06:00:00+01:00
0.096000, 2.40, 2025-07-12T06:00:00+01:00, 2025-07-12T06:30:00+01:00
0.103000, 2.57, 2025-07-12T06:30:00+01:00, 2025-07-12T07:00:00+01:00
0.076000, 1.90, 2025-07-12T07:00:00+01:00, 2025-07-12T07:30:00+01:00
0.081000, 2.02, 2025-07-12T07:30:00+01:00, 2025-07-12T08:00:00+01:00
0.082000, 2.05, 2025-07-12T08:00:00+01:00, 2025-07-12T08:30:00+01:00
0.097000, 2.42, 2025-07-12T08:30:00+01:00, 2025-07-12T09:00:00+01:00
0.091000, 2.27, 2025-07-12T09:00:00+01:00, 2025-07-12T09:30:00+01:00
0.087000, 2.17, 2025-07-12T09:30:00+01:00, 2025-07-12T10:00:00+01:00
0.360000, 8.99, 2025-07-12T10:00:00+01:00, 2025-07-12T10:30:00+01:00
0.106000, 2.65, 2025-07-12T10:30:00+01:00, 2025-07-12T11:00:00+01:00
0.100000, 2.50, 2025-07-12T11:00:00+01:00, 2025-07-12T11:30:00+01:00
0.080000, 2.00, 2025-07-12T11:30:00+01:00, 2025-07-12T12:00:00+01:00
0.077000, 1.92, 2025-07-12T12:00:00+01:00, 2025-07-12T12:30:00+01:00
0.119000, 2.97, 2025-07-12T12:30:00+01:00, 2025-07-12T13:00:00+01:00
0.154000, 3.85, 2025-07-12T13:00:00+01:00, 2025-07-12T13:30:00+01:00
0.414000, 10.34, 2025-07-12T13:30:00+01:00, 2025-07-12T14:00:00+01:00
0.632000, 15.79, 2025-07-12T14:00:00+01:00, 2025-07-12T14:30:00+01:00
0.267000, 6.67, 2025-07-12T14:30:00+01:00, 2025-07-12T15:00:00+01:00
0.230000, 5.75, 2025-07-12T15:00:00+01:00, 2025-07-12T15:30:00+01:00
1.050000, 26.23, 2025-07-12T15:30:00+01:00, 2025-07-12T16:00:00+01:00
0.936000, 23.38, 2025-07-12T16:00:00+01:00, 2025-07-12T16:30:00+01:00
1.192000, 29.78, 2025-07-12T16:30:00+01:00, 2025-07-12T17:00:00+01:00
0.754000, 18.83, 2025-07-12T17:00:00+01:00, 2025-07-12T17:30:00+01:00
0.172000, 4.30, 2025-07-12T17:30:00+01:00, 2025-07-12T18:00:00+01:00
0.141000, 3.52, 2025-07-12T18:00:00+01:00, 2025-07-12T18:30:00+01:00
0.111000, 2.77, 2025-07-12T18:30:00+01:00, 2025-07-12T19:00:00+01:00
0.101000, 2.52, 2025-07-12T19:00:00+01:00, 2025-07-12T19:30:00+01:00
0.167000, 4.17, 2025-07-12T19:30:00+01:00, 2025-07-12T20:00:00+01:00
0.141000, 3.52, 2025-07-12T20:00:00+01:00, 2025-07-12T20:30:00+01:00
0.469000, 11.72, 2025-07-12T20:30:00+01:00, 2025-07-12T21:00:00+01:00
1.189000, 29.70, 2025-07-12T21:00:00+01:00, 2025-07-12T21:30:00+01:00
0.457000, 11.42, 2025-07-12T21:30:00+01:00, 2025-07-12T22:00:00+01:00
0.183000, 4.57, 2025-07-12T22:00:00+01:00, 2025-07-12T22:30:00+01:00
0.129000, 3.22, 2025-07-12T22:30:00+01:00, 2025-07-12T23:00:00+01:00
0.135000, 3.37, 2025-07-12T23:00:00+01:00, 2025-07-12T23:30:00+01:00
0.135000, 3.37, 2025-07-12T23:30:00+01:00, 2025-07-13T00:00:00+01:00
0.153000, 3.82, 2025-07-13T00:00:00+01:00, 2025-07-13T00:30:00+01:00
0.137000, 3.42, 2025-07-13T00:30:00+01:00, 2025-07-13T01:00:00+01:00
0.121000, 3.02, 2025-07-13T01:00:00+01:00, 2025-07-13T01:30:00+01:00
0.087000, 2.17, 2025-07-13T01:30:00+01:00, 2025-07-13T02:00:00+01:00
0.087000, 2.17, 2025-07-13T02:00:00+01:00, 2025-07-13T02:30:00+01:00
0.082000, 2.05, 2025-07-13T02:30:00+01:00, 2025-07-13T03:00:00+01:00
0.114000, 2.85, 2025-07-13T03:00:00+01:00, 2025-07-13T03:30:00+01:00
0.121000, 3.02, 2025-07-13T03:30:00+01:00, 2025-07-13T04:00:00+01:00
0.073000, 1.82, 2025-07-13T04:00:00+01:00, 2025-07-13T04:30:00+01:00
0.061000, 1.52, 2025-07-13T04:30:00+01:00, 2025-07-13T05:00:00+01:00
0.086000, 2.15, 2025-07-13T05:00:00+01:00, 2025-07-13T05:30:00+01:00
0.107000, 2.67, 2025-07-13T05:30:00+01:00, 2025-07-13T06:00:00+01:00
0.103000, 2.57, 2025-07-13T06:00:00+01:00, 2025-07-13T06:30:00+01:00
0.102000, 2.55, 2025-07-13T06:30:00+01:00, 2025-07-13T07:00:00+01:00
0.122000, 3.05, 2025-07-13T07:00:00+01:00, 2025-07-13T07:30:00+01:00
0.108000, 2.70, 2025-07-13T07:30:00+01:00, 2025-07-13T08:00:00+01:00
0.154000, 3.85, 2025-07-13T08:00:00+01:00, 2025-07-13T08:30:00+01:00
1.221000, 30.50, 2025-07-13T08:30:00+01:00, 2025-07-13T09:00:00+01:00
0.676000, 16.89, 2025-07-13T09:00:00+01:00, 2025-07-13T09:30:00+01:00
0.143000, 3.57, 2025-07-13T09:30:00+01:00, 2025-07-13T10:00:00+01:00
0.119000, 2.97, 2025-07-13T10:00:00+01:00, 2025-07-13T10:30:00+01:00
0.090000, 2.25, 2025-07-13T10:30:00+01:00, 2025-07-13T11:00:00+01:00
0.118000, 2.95, 2025-07-13T11:00:00+01:00, 2025-07-13T11:30:00+01:00
0.129000, 3.22, 2025-07-13T11:30:00+01:00, 2025-07-13T12:00:00+01:00
0.088000, 2.20, 2025-07-13T12:00:00+01:00, 2025-07-13T12:30:00+01:00
0.395000, 9.87, 2025-07-13T12:30:00+01:00, 2025-07-13T13:00:00+01:00
0.356000, 8.89, 2025-07-13T13:00:00+01:00, 2025-07-13T13:30:00+01:00
0.662000, 16.54, 2025-07-13T13:30:00+01:00, 2025-07-13T14:00:00+01:00
0.316000, 7.89, 2025-07-13T14:00:00+01:00, 2025-07-13T14:30:00+01:00
0.243000, 6.07, 2025-07-13T14:30:00+01:00, 2025-07-13T15:00:00+01:00
0.158000, 3.95, 2025-07-13T15:00:00+01:00, 2025-07-13T15:30:00+01:00
0.140000, 3.50, 2025-07-13T15:30:00+01:00, 2025-07-13T16:00:00+01:00
0.087000, 2.17, 2025-07-13T16:00:00+01:00, 2025-07-13T16:30:00+01:00
0.099000, 2.47, 2025-07-13T16:30:00+01:00, 2025-07-13T17:00:00+01:00
0.121000, 3.02, 2025-07-13T17:00:00+01:00, 2025-07-13T17:30:00+01:00
0.342000, 8.54, 2025-07-13T17:30:00+01:00, 2025-07-13T18:00:00+01:00
0.181000, 4.52, 2025-07-13T18:00:00+01:00, 2025-07-13T18:30:00+01:00
0.102000, 2.55, 2025-07-13T18:30:00+01:00, 2025-07-13T19:00:00+01:00
0.077000, 1.92, 2025-07-13T19:00:00+01:00, 2025-07-13T19:30:00+01:00
0.082000, 2.05, 2025-07-13T19:30:00+01:00, 2025-07-13T20:00:00+01:00
0.099000, 2.47, 2025-07-13T20:00:00+01:00, 2025-07-13T20:30:00+01:00
0.133000, 3.32, 2025-07-13T20:30:00+01:00, 2025-07-13T21:00:00+01:00
0.131000, 3.27, 2025-07-13T21:00:00+01:00, 2025-07-13T21:30:00+01:00
0.508000, 12.69, 2025-07-13T21:30:00+01:00, 2025-07-13T22:00:00+01:00
0.697000, 17.41, 2025-07-13T22:00:00+01:00, 2025-07-13T22:30:00+01:00
0.128000, 3.20, 2025-07-13T22:30:00+01:00, 2025-07-13T23:00:00+01:00
0.130000, 3.25, 2025-07-13T23:00:00+01:00, 2025-07-13T23:30:00+01:00
0.150000, 3.75, 2025-07-13T23:30:00+01:00, 2025-07-14T00:00:00+01:00
0.143000, 3.57, 2025-07-14T00:00:00+01:00, 2025-07-14T00:30:00+01:00
0.126000, 3.15, 2025-07-14T00:30:00+01:00, 2025-07-14T01:00:00+01:00
0.097000, 2.42, 2025-07-14T01:00:00+01:00, 2025-07-14T01:30:00+01:00
0.079000, 1.97, 2025-07-14T01:30:00+01:00, 2025-07-14T02:00:00+01:00
0.101000, 2.52, 2025-07-14T02:00:00+01:00, 2025-07-14T02:30:00+01:00
0.143000, 3.57, 2025-07-14T02:30:00+01:00, 2025-07-14T03:00:00+01:00
0.120000, 3.00, 2025-07-14T03:00:00+01:00, 2025-07-14T03:30:00+01:00
0.113000, 2.82, 2025-07-14T03:30:00+01:00, 2025-07-14T04:00:00+01:00
0.095000, 2.37, 2025-07-14T04:00:00+01:00, 2025-07-14T04:30:00+01:00
0.071000, 1.77, 2025-07-14T04:30:00+01:00, 2025-07-14T05:00:00+01:00
0.117000, 2.92, 2025-07-14T05:00:00+01:00, 2025-07-14T05:30:00+01:00
0.143000, 3.57, 2025-07-14T05:30:00+01:00, 2025-07-14T06:00:00+01:00
0.103000, 2.57, 2025-07-14T06:00:00+01:00, 2025-07-14T06:30:00+01:00
0.054000, 1.35, 2025-07-14T06:30:00+01:00, 2025-07-14T07:00:00+01:00
0.319000, 7.97, 2025-07-14T07:00:00+01:00, 2025-07-14T07:30:00+01:00
0.664000, 16.59, 2025-07-14T07:30:00+01:00, 2025-07-14T08:00:00+01:00
0.273000, 6.82, 2025-07-14T08:00:00+01:00, 2025-07-14T08:30:00+01:00
0.129000, 3.22, 2025-07-14T08:30:00+01:00, 2025-07-14T09:00:00+01:00
0.096000, 2.40, 2025-07-14T09:00:00+01:00, 2025-07-14T09:30:00+01:00
0.087000, 2.17, 2025-07-14T09:30:00+01:00, 2025-07-14T10:00:00+01:00
0.493000, 12.31, 2025-07-14T10:00:00+01:00, 2025-07-14T10:30:00+01:00
0.116000, 2.90, 2025-07-14T10:30:00+01:00, 2025-07-14T11:00:00+01:00
0.127000, 3.17, 2025-07-14T11:00:00+01:00, 2025-07-14T11:30:00+01:00
0.276000, 6.89, 2025-07-14T11:30:00+01:00, 2025-07-14T12:00:00+01:00
0.422000, 10.54, 2025-07-14T12:00:00+01:00, 2025-07-14T12:30:00+01:00
0.117000, 2.92, 2025-07-14T12:30:00+01:00, 2025-07-14T13:00:00+01:00
0.197000, 4.92, 2025-07-14T13:00:00+01:00, 2025-07-14T13:30:00+01:00
1.122000, 28.03, 2025-07-14T13:30:00+01:00, 2025-07-14T14:00:00+01:00
0.900000, 22.48, 2025-07-14T14:00:00+01:00, 2025-07-14T14:30:00+01:00
0.482000, 12.04, 2025-07-14T14:30:00+01:00, 2025-07-14T15:00:00+01:00
0.369000, 9.22, 2025-07-14T15:00:00+01:00, 2025-07-14T15:30:00+01:00
0.109000, 2.72, 2025-07-14T15:30:00+01:00, 2025-07-14T16:00:00+01:00
0.096000, 2.40, 2025-07-14T16:00:00+01:00, 2025-07-14T16:30:00+01:00
0.093000, 2.32, 2025-07-14T16:30:00+01:00, 2025-07-14T17:00:00+01:00
0.179000, 4.47, 2025-07-14T17:00:00+01:00, 2025-07-14T17:30:00+01:00
0.125000, 3.12, 2025-07-14T17:30:00+01:00, 2025-07-14T18:00:00+01:00
0.123000, 3.07, 2025-07-14T18:00:00+01:00, 2025-07-14T18:30:00+01:00
0.125000, 3.12, 2025-07-14T18:30:00+01:00, 2025-07-14T19:00:00+01:00
0.142000, 3.55, 2025-07-14T19:00:00+01:00, 2025-07-14T19:30:00+01:00
0.242000, 6.05, 2025-07-14T19:30:00+01:00, 2025-07-14T20:00:00+01:00
0.167000, 4.17, 2025-07-14T20:00:00+01:00, 2025-07-14T20:30:00+01:00
0.215000, 5.37, 2025-07-14T20:30:00+01:00, 2025-07-14T21:00:00+01:00
0.224000, 5.60, 2025-07-14T21:00:00+01:00, 2025-07-14T21:30:00+01:00
0.781000, 19.51, 2025-07-14T21:30:00+01:00, 2025-07-14T22:00:00+01:00
0.452000, 11.29, 2025-07-14T22:00:00+01:00, 2025-07-14T22:30:00+01:00
0.134000, 3.35, 2025-07-14T22:30:00+01:00, 2025-07-14T23:00:00+01:00
0.116000, 2.90, 2025-07-14T23:00:00+01:00, 2025-07-14T23:30:00+01:00
0.092000, 2.30, 2025-07-14T23:30:00+01:00, 2025-07-15T00:00:00+01:00
0.128000, 3.20, 2025-07-15T00:00:00+01:00, 2025-07-15T00:30:00+01:00
0.126000, 3.15, 2025-07-15T00:30:00+01:00, 2025-07-15T01:00:00+01:00
0.121000, 3.02, 2025-07-15T01:00:00+01:00, 2025-07-15T01:30:00+01:00
0.104000, 2.60, 2025-07-15T01:30:00+01:00, 2025-07-15T02:00:00+01:00
0.076000, 1.90, 2025-07-15T02:00:00+01:00, 2025-07-15T02:30:00+01:00
0.080000, 2.00, 2025-07-15T02:30:00+01:00, 2025-07-15T03:00:00+01:00
0.088000, 2.20, 2025-07-15T03:00:00+01:00, 2025-07-15T03:30:00+01:00
0.130000, 3.25, 2025-07-15T03:30:00+01:00, 2025-07-15T04:00:00+01:00
0.125000, 3.12, 2025-07-15T04:00:00+01:00, 2025-07-15T04:30:00+01:00
0.114000, 2.85, 2025-07-15T04:30:00+01:00, 2025-07-15T05:00:00+01:00
0.080000, 2.00, 2025-07-15T05:00:00+01:00, 2025-07-15T05:30:00+01:00
0.057000, 1.42, 2025-07-15T05:30:00+01:00, 2025-07-15T06:00:00+01:00
0.051000, 1.27, 2025-07-15T06:00:00+01:00, 2025-07-15T06:30:00+01:00
1.054000, 26.33, 2025-07-15T06:30:00+01:00, 2025-07-15T07:00:00+01:00
1.327000, 33.15, 2025-07-15T07:00:00+01:00, 2025-07-15T07:30:00+01:00
0.376000, 9.39, 2025-07-15T07:30:00+01:00, 2025-07-15T08:00:00+01:00
0.082000, 2.05, 2025-07-15T08:00:00+01:00, 2025-07-15T08:30:00+01:00
0.076000, 1.90, 2025-07-15T08:30:00+01:00, 2025-07-15T09:00:00+01:00
0.079000, 1.97, 2025-07-15T09:00:00+01:00, 2025-07-15T09:30:00+01:00
0.124000, 3.10, 2025-07-15T09:30:00+01:00, 2025-07-15T10:00:00+01:00
0.128000, 3.20, 2025-07-15T10:00:00+01:00, 2025-07-15T10:30:00+01:00
0.095000, 2.37, 2025-07-15T10:30:00+01:00, 2025-07-15T11:00:00+01:00
0.171000, 4.27, 2025-07-15T11:00:00+01:00, 2025-07-15T11:30:00+01:00
0.082000, 2.05, 2025-07-15T11:30:00+01:00, 2025-07-15T12:00:00+01:00
1.121000, 28.00, 2025-07-15T12:00:00+01:00, 2025-07-15T12:30:00+01:00
0.124000, 3.10, 2025-07-15T12:30:00+01:00, 2025-07-15T13:00:00+01:00
0.088000, 2.20, 2025-07-15T13:00:00+01:00, 2025-07-15T13:30:00+01:00
0.054000, 1.35, 2025-07-15T13:30:00+01:00, 2025-07-15T14:00:00+01:00
0.085000, 2.12, 2025-07-15T14:00:00+01:00, 2025-07-15T14:30:00+01:00
0.084000, 2.10, 2025-07-15T14:30:00+01:00, 2025-07-15T15:00:00+01:00
0.116000, 2.90, 2025-07-15T15:00:00+01:00, 2025-07-15T15:30:00+01:00
0.139000, 3.47, 2025-07-15T15:30:00+01:00, 2025-07-15T16:00:00+01:00
0.095000, 2.37, 2025-07-15T16:00:00+01:00, 2025-07-15T16:30:00+01:00
0.081000, 2.02, 2025-07-15T16:30:00+01:00, 2025-07-15T17:00:00+01:00
0.076000, 1.90, 2025-07-15T17:00:00+01:00, 2025-07-15T17:30:00+01:00
0.089000, 2.22, 2025-07-15T17:30:00+01:00, 2025-07-15T18:00:00+01:00
0.124000, 3.10, 2025-07-15T18:00:00+01:00, 2025-07-15T18:30:00+01:00
0.108000, 2.70, 2025-07-15T18:30:00+01:00, 2025-07-15T19:00:00+01:00
0.074000, 1.85, 2025-07-15T19:00:00+01:00, 2025-07-15T19:30:00+01:00
0.164000, 4.10, 2025-07-15T19:30:00+01:00, 2025-07-15T20:00:00+01:00
0.123000, 3.07, 2025-07-15T20:00:00+01:00, 2025-07-15T20:30:00+01:00
0.133000, 3.32, 2025-07-15T20:30:00+01:00, 2025-07-15T21:00:00+01:00
0.110000, 2.75, 2025-07-15T21:00:00+01:00, 2025-07-15T21:30:00+01:00
0.100000, 2.50, 2025-07-15T21:30:00+01:00, 2025-07-15T22:00:00+01:00
0.182000, 4.55, 2025-07-15T22:00:00+01:00, 2025-07-15T22:30:00+01:00
0.088000, 2.20, 2025-07-15T22:30:00+01:00, 2025-07-15T23:00:00+01:00
0.125000, 3.12, 2025-07-15T23:00:00+01:00, 2025-07-15T23:30:00+01:00
0.122000, 3.05, 2025-07-15T23:30:00+01:00, 2025-07-16T00:00:00+01:00
0.113000, 2.82, 2025-07-16T00:00:00+01:00, 2025-07-16T00:30:00+01:00
0.070000, 1.75, 2025-07-16T00:30:00+01:00, 2025-07-16T01:00:00+01:00
0.082000, 2.05, 2025-07-16T01:00:00+01:00, 2025-07-16T01:30:00+01:00
0.073000, 1.82, 2025-07-16T01:30:00+01:00, 2025-07-16T02:00:00+01:00
0.107000, 2.67, 2025-07-16T02:00:00+01:00, 2025-07-16T02:30:00+01:00
0.113000, 2.82, 2025-07-16T02:30:00+01:00, 2025-07-16T03:00:00+01:00
0.106000, 2.65, 2025-07-16T03:00:00+01:00, 2025-07-16T03:30:00+01:00
0.061000, 1.52, 2025-07-16T03:30:00+01:00, 2025-07-16T04:00:00+01:00
0.077000, 1.92, 2025-07-16T04:00:00+01:00, 2025-07-16T04:30:00+01:00
0.084000, 2.10, 2025-07-16T04:30:00+01:00, 2025-07-16T05:00:00+01:00
0.102000, 2.55, 2025-07-16T05:00:00+01:00, 2025-07-16T05:30:00+01:00
0.107000, 2.67, 2025-07-16T05:30:00+01:00, 2025-07-16T06:00:00+01:00
0.880000, 21.98, 2025-07-16T06:00:00+01:00, 2025-07-16T06:30:00+01:00
0.074000, 1.85, 2025-07-16T06:30:00+01:00, 2025-07-16T07:00:00+01:00
0.986000, 24.63, 2025-07-16T07:00:00+01:00, 2025-07-16T07:30:00+01:00
1.129000, 28.20, 2025-07-16T07:30:00+01:00, 2025-07-16T08:00:00+01:00
0.174000, 4.35, 2025-07-16T08:00:00+01:00, 2025-07-16T08:30:00+01:00
0.094000, 2.35, 2025-07-16T08:30:00+01:00, 2025-07-16T09:00:00+01:00
0.257000, 6.42, 2025-07-16T09:00:00+01:00, 2025-07-16T09:30:00+01:00
0.173000, 4.32, 2025-07-16T09:30:00+01:00, 2025-07-16T10:00:00+01:00
0.111000, 2.77, 2025-07-16T10:00:00+01:00, 2025-07-16T10:30:00+01:00
0.154000, 3.85, 2025-07-16T10:30:00+01:00, 2025-07-16T11:00:00+01:00
0.152000, 3.80, 2025-07-16T11:00:00+01:00, 2025-07-16T11:30:00+01:00
0.083000, 2.07, 2025-07-16T11:30:00+01:00, 2025-07-16T12:00:00+01:00
0.061000, 1.52, 2025-07-16T12:00:00+01:00, 2025-07-16T12:30:00+01:00
0.128000, 3.20, 2025-07-16T12:30:00+01:00, 2025-07-16T13:00:00+01:00
0.273000, 6.82, 2025-07-16T13:00:00+01:00, 2025-07-16T13:30:00+01:00
0.110000, 2.75, 2025-07-16T13:30:00+01:00, 2025-07-16T14:00:00+01:00
0.068000, 1.70, 2025-07-16T14:00:00+01:00, 2025-07-16T14:30:00+01:00
0.066000, 1.65, 2025-07-16T14:30:00+01:00, 2025-07-16T15:00:00+01:00
0.061000, 1.52, 2025-07-16T15:00:00+01:00, 2025-07-16T15:30:00+01:00
0.299000, 7.47, 2025-07-16T15:30:00+01:00, 2025-07-16T16:00:00+01:00
0.241000, 6.02, 2025-07-16T16:00:00+01:00, 2025-07-16T16:30:00+01:00
0.201000, 5.02, 2025-07-16T16:30:00+01:00, 2025-07-16T17:00:00+01:00
0.388000, 9.69, 2025-07-16T17:00:00+01:00, 2025-07-16T17:30:00+01:00
0.107000, 2.67, 2025-07-16T17:30:00+01:00, 2025-07-16T18:00:00+01:00
0.056000, 1.40, 2025-07-16T18:00:00+01:00, 2025-07-16T18:30:00+01:00
0.059000, 1.47, 2025-07-16T18:30:00+01:00, 2025-07-16T19:00:00+01:00
0.098000, 2.45, 2025-07-16T19:00:00+01:00, 2025-07-16T19:30:00+01:00
0.708000, 17.69, 2025-07-16T19:30:00+01:00, 2025-07-16T20:00:00+01:00
0.227000, 5.67, 2025-07-16T20:00:00+01:00, 2025-07-16T20:30:00+01:00
0.211000, 5.27, 2025-07-16T20:30:00+01:00, 2025-07-16T21:00:00+01:00
1.240000, 30.97, 2025-07-16T21:00:00+01:00, 2025-07-16T21:30:00+01:00
0.079000, 1.97, 2025-07-16T21:30:00+01:00, 2025-07-16T22:00:00+01:00
0.112000, 2.80, 2025-07-16T22:00:00+01:00, 2025-07-16T22:30:00+01:00
0.113000, 2.82, 2025-07-16T22:30:00+01:00, 2025-07-16T23:00:00+01:00
0.095000, 2.37, 2025-07-16T23:00:00+01:00, 2025-07-16T23:30:00+01:00
0.056000, 1.40, 2025-07-16T23:30:00+01:00, 2025-07-17T00:00:00+01:00
0.075000, 1.87, 2025-07-17T00:00:00+01:00, 2025-07-17T00:30:00+01:00
0.061000, 1.52, 2025-07-17T00:30:00+01:00, 2025-07-17T01:00:00+01:00
0.103000, 2.57, 2025-07-17T01:00:00+01:00, 2025-07-17T01:30:00+01:00
0.096000, 2.40, 2025-07-17T01:30:00+01:00, 2025-07-17T02:00:00+01:00
0.083000, 2.07, 2025-07-17T02:00:00+01:00, 2025-07-17T02:30:00+01:00
0.074000, 1.85, 2025-07-17T02:30:00+01:00, 2025-07-17T03:00:00+01:00
0.067000, 1.67, 2025-07-17T03:00:00+01:00, 2025-07-17T03:30:00+01:00
0.075000, 1.87, 2025-07-17T03:30:00+01:00, 2025-07-17T04:00:00+01:00
0.112000, 2.80, 2025-07-17T04:00:00+01:00, 2025-07-17T04:30:00+01:00
0.101000, 2.52, 2025-07-17T04:30:00+01:00, 2025-07-17T05:00:00+01:00
0.064000, 1.60, 2025-07-17T05:00:00+01:00, 2025-07-17T05:30:00+01:00
0.063000, 1.57, 2025-07-17T05:30:00+01:00, 2025-07-17T06:00:00+01:00
0.068000, 1.70, 2025-07-17T06:00:00+01:00, 2025-07-17T06:30:00+01:00
0.097000, 2.42, 2025-07-17T06:30:00+01:00, 2025-07-17T07:00:00+01:00
1.771000, 44.24, 2025-07-17T07:00:00+01:00, 2025-07-17T07:30:00+01:00
0.202000, 5.05, 2025-07-17T07:30:00+01:00, 2025-07-17T08:00:00+01:00
0.095000, 2.37, 2025-07-17T08:00:00+01:00, 2025-07-17T08:30:00+01:00
0.096000, 2.40, 2025-07-17T08:30:00+01:00, 2025-07-17T09:00:00+01:00
0.131000, 3.27, 2025-07-17T09:00:00+01:00, 2025-07-17T09:30:00+01:00
0.122000, 3.05, 2025-07-17T09:30:00+01:00, 2025-07-17T10:00:00+01:00
0.125000, 3.12, 2025-07-17T10:00:00+01:00, 2025-07-17T10:30:00+01:00
0.167000, 4.17, 2025-07-17T10:30:00+01:00, 2025-07-17T11:00:00+01:00
0.085000, 2.12, 2025-07-17T11:00:00+01:00, 2025-07-17T11:30:00+01:00
0.077000, 1.92, 2025-07-17T11:30:00+01:00, 2025-07-17T12:00:00+01:00
0.134000, 3.35, 2025-07-17T12:00:00+01:00, 2025-07-17T12:30:00+01:00
1.259000, 31.45, 2025-07-17T12:30:00+01:00, 2025-07-17T13:00:00+01:00
1.073000, 26.80, 2025-07-17T13:00:00+01:00, 2025-07-17T13:30:00+01:00
0.093000, 2.32, 2025-07-17T13:30:00+01:00, 2025-07-17T14:00:00+01:00
0.113000, 2.82, 2025-07-17T14:00:00+01:00, 2025-07-17T14:30:00+01:00
0.105000, 2.62, 2025-07-17T14:30:00+01:00, 2025-07-17T15:00:00+01:00
0.123000, 3.07, 2025-07-17T15:00:00+01:00, 2025-07-17T15:30:00+01:00
0.173000, 4.32, 2025-07-17T15:30:00+01:00, 2025-07-17T16:00:00+01:00
0.215000, 5.37, 2025-07-17T16:00:00+01:00, 2025-07-17T16:30:00+01:00
0.080000, 2.00, 2025-07-17T16:30:00+01:00, 2025-07-17T17:00:00+01:00
0.097000, 2.42, 2025-07-17T17:00:00+01:00, 2025-07-17T17:30:00+01:00
0.759000, 18.96, 2025-07-17T17:30:00+01:00, 2025-07-17T18:00:00+01:00
0.168000, 4.20, 2025-07-17T18:00:00+01:00, 2025-07-17T18:30:00+01:00
0.216000, 5.40, 2025-07-17T18:30:00+01:00, 2025-07-17T19:00:00+01:00
0.157000, 3.92, 2025-07-17T19:00:00+01:00, 2025-07-17T19:30:00+01:00
0.163000, 4.07, 2025-07-17T19:30:00+01:00, 2025-07-17T20:00:00+01:00
0.251000, 6.27, 2025-07-17T20:00:00+01:00, 2025-07-17T20:30:00+01:00
0.194000, 4.85, 2025-07-17T20:30:00+01:00, 2025-07-17T21:00:00+01:00
0.306000, 7.64, 2025-07-17T21:00:00+01:00, 2025-07-17T21:30:00+01:00
0.090000, 2.25, 2025-07-17T21:30:00+01:00, 2025-07-17T22:00:00+01:00
2.777000, 69.37, 2025-07-17T22:00:00+01:00, 2025-07-17T22:30:00+01:00
0.395000, 9.87, 2025-07-17T22:30:00+01:00, 2025-07-17T23:00:00+01:00
0.141000, 3.52, 2025-07-17T23:00:00+01:00, 2025-07-17T23:30:00+01:00
0.136000, 3.40, 2025-07-17T23:30:00+01:00, 2025-07-18T00:00:00+01:00
0.086000, 2.15, 2025-07-18T00:00:00+01:00, 2025-07-18T00:30:00+01:00
0.053000, 1.32, 2025-07-18T00:30:00+01:00, 2025-07-18T01:00:00+01:00
0.062000, 1.55, 2025-07-18T01:00:00+01:00, 2025-07-18T01:30:00+01:00
0.103000, 2.57, 2025-07-18T01:30:00+01:00, 2025-07-18T02:00:00+01:00
0.129000, 3.22, 2025-07-18T02:00:00+01:00, 2025-07-18T02:30:00+01:00
0.137000, 3.42, 2025-07-18T02:30:00+01:00, 2025-07-18T03:00:00+01:00
0.090000, 2.25, 2025-07-18T03:00:00+01:00, 2025-07-18T03:30:00+01:00
0.065000, 1.62, 2025-07-18T03:30:00+01:00, 2025-07-18T04:00:00+01:00
0.079000, 1.97, 2025-07-18T04:00:00+01:00, 2025-07-18T04:30:00+01:00
0.105000, 2.62, 2025-07-18T04:30:00+01:00, 2025-07-18T05:00:00+01:00
0.114000, 2.85, 2025-07-18T05:00:00+01:00, 2025-07-18T05:30:00+01:00
0.125000, 3.12, 2025-07-18T05:30:00+01:00, 2025-07-18T06:00:00+01:00
0.074000, 1.85, 2025-07-18T06:00:00+01:00, 2025-07-18T06:30:00+01:00
0.056000, 1.40, 2025-07-18T06:30:00+01:00, 2025-07-18T07:00:00+01:00
1.430000, 35.72, 2025-07-18T07:00:00+01:00, 2025-07-18T07:30:00+01:00
0.253000, 6.32, 2025-07-18T07:30:00+01:00, 2025-07-18T08:00:00+01:00
0.271000, 6.77, 2025-07-18T08:00:00+01:00, 2025-07-18T08:30:00+01:00
0.143000, 3.57, 2025-07-18T08:30:00+01:00, 2025-07-18T09:00:00+01:00
0.099000, 2.47, 2025-07-18T09:00:00+01:00, 2025-07-18T09:30:00+01:00
1.554000, 38.82, 2025-07-18T09:30:00+01:00, 2025-07-18T10:00:00+01:00
0.098000, 2.45, 2025-07-18T10:00:00+01:00, 2025-07-18T10:30:00+01:00
0.106000, 2.65, 2025-07-18T10:30:00+01:00, 2025-07-18T11:00:00+01:00
0.325000, 8.12, 2025-07-18T11:00:00+01:00, 2025-07-18T11:30:00+01:00
1.003000, 25.05, 2025-07-18T11:30:00+01:00, 2025-07-18T12:00:00+01:00
0.104000, 2.60, 2025-07-18T12:00:00+01:00, 2025-07-18T12:30:00+01:00
0.126000, 3.15, 2025-07-18T12:30:00+01:00, 2025-07-18T13:00:00+01:00
0.313000, 7.82, 2025-07-18T13:00:00+01:00, 2025-07-18T13:30:00+01:00
0.173000, 4.32, 2025-07-18T13:30:00+01:00, 2025-07-18T14:00:00+01:00
0.130000, 3.25, 2025-07-18T14:00:00+01:00, 2025-07-18T14:30:00+01:00
0.081000, 2.02, 2025-07-18T14:30:00+01:00, 2025-07-18T15:00:00+01:00
0.089000, 2.22, 2025-07-18T15:00:00+01:00, 2025-07-18T15:30:00+01:00
0.101000, 2.52, 2025-07-18T15:30:00+01:00, 2025-07-18T16:00:00+01:00
0.424000, 10.59, 2025-07-18T16:00:00+01:00, 2025-07-18T16:30:00+01:00
0.310000, 7.74, 2025-07-18T16:30:00+01:00, 2025-07-18T17:00:00+01:00
0.134000, 3.35, 2025-07-18T17:00:00+01:00, 2025-07-18T17:30:00+01:00
0.099000, 2.47, 2025-07-18T17:30:00+01:00, 2025-07-18T18:00:00+01:00
0.092000, 2.30, 2025-07-18T18:00:00+01:00, 2025-07-18T18:30:00+01:00
0.094000, 2.35, 2025-07-18T18:30:00+01:00, 2025-07-18T19:00:00+01:00
0.129000, 3.22, 2025-07-18T19:00:00+01:00, 2025-07-18T19:30:00+01:00
0.113000, 2.82, 2025-07-18T19:30:00+01:00, 2025-07-18T20:00:00+01:00
0.092000, 2.30, 2025-07-18T20:00:00+01:00, 2025-07-18T20:30:00+01:00
0.083000, 2.07, 2025-07-18T20:30:00+01:00, 2025-07-18T21:00:00+01:00
0.149000, 3.72, 2025-07-18T21:00:00+01:00, 2025-07-18T21:30:00+01:00
1.227000, 30.65, 2025-07-18T21:30:00+01:00, 2025-07-18T22:00:00+01:00
0.797000, 19.91, 2025-07-18T22:00:00+01:00, 2025-07-18T22:30:00+01:00
0.304000, 7.59, 2025-07-18T22:30:00+01:00, 2025-07-18T23:00:00+01:00
0.534000, 13.34, 2025-07-18T23:00:00+01:00, 2025-07-18T23:30:00+01:00
0.169000, 4.22, 2025-07-18T23:30:00+01:00, 2025-07-19T00:00:00+01:00
0.617000, 15.41, 2025-07-19T00:00:00+01:00, 2025-07-19T00:30:00+01:00
0.127000, 3.17, 2025-07-19T00:30:00+01:00, 2025-07-19T01:00:00+01:00
0.103000, 2.57, 2025-07-19T01:00:00+01:00, 2025-07-19T01:30:00+01:00
0.090000, 2.25, 2025-07-19T01:30:00+01:00, 2025-07-19T02:00:00+01:00
0.106000, 2.65, 2025-07-19T02:00:00+01:00, 2025-07-19T02:30:00+01:00
0.122000, 3.05, 2025-07-19T02:30:00+01:00, 2025-07-19T03:00:00+01:00
0.070000, 1.75, 2025-07-19T03:00:00+01:00, 2025-07-19T03:30:00+01:00
0.076000, 1.90, 2025-07-19T03:30:00+01:00, 2025-07-19T04:00:00+01:00
0.082000, 2.05, 2025-07-19T04:00:00+01:00, 2025-07-19T04:30:00+01:00
0.069000, 1.72, 2025-07-19T04:30:00+01:00, 2025-07-19T05:00:00+01:00
0.109000, 2.72, 2025-07-19T05:00:00+01:00, 2025-07-19T05:30:00+01:00
0.121000, 3.02, 2025-07-19T05:30:00+01:00, 2025-07-19T06:00:00+01:00
0.057000, 1.42, 2025-07-19T06:00:00+01:00, 2025-07-19T06:30:00+01:00
0.065000, 1.62, 2025-07-19T06:30:00+01:00, 2025-07-19T07:00:00+01:00
0.064000, 1.60, 2025-07-19T07:00:00+01:00, 2025-07-19T07:30:00+01:00
0.107000, 2.67, 2025-07-19T07:30:00+01:00, 2025-07-19T08:00:00+01:00
0.095000, 2.37, 2025-07-19T08:00:00+01:00, 2025-07-19T08:30:00+01:00
0.245000, 6.12, 2025-07-19T08:30:00+01:00, 2025-07-19T09:00:00+01:00
0.084000, 2.10, 2025-07-19T09:00:00+01:00, 2025-07-19T09:30:00+01:00
0.096000, 2.40, 2025-07-19T09:30:00+01:00, 2025-07-19T10:00:00+01:00
0.216000, 5.40, 2025-07-19T10:00:00+01:00, 2025-07-19T10:30:00+01:00
0.244000, 6.09, 2025-07-19T10:30:00+01:00, 2025-07-19T11:00:00+01:00
1.189000, 29.70, 2025-07-19T11:00:00+01:00, 2025-07-19T11:30:00+01:00
1.127000, 28.15, 2025-07-19T11:30:00+01:00, 2025-07-19T12:00:00+01:00
1.795000, 44.84, 2025-07-19T12:00:00+01:00, 2025-07-19T12:30:00+01:00
0.355000, 8.87, 2025-07-19T12:30:00+01:00, 2025-07-19T13:00:00+01:00
0.114000, 2.85, 2025-07-19T13:00:00+01:00, 2025-07-19T13:30:00+01:00
0.126000, 3.15, 2025-07-19T13:30:00+01:00, 2025-07-19T14:00:00+01:00
0.071000, 1.77, 2025-07-19T14:00:00+01:00, 2025-07-19T14:30:00+01:00
0.062000, 1.55, 2025-07-19T14:30:00+01:00, 2025-07-19T15:00:00+01:00
0.084000, 2.10, 2025-07-19T15:00:00+01:00, 2025-07-19T15:30:00+01:00
0.113000, 2.82, 2025-07-19T15:30:00+01:00, 2025-07-19T16:00:00+01:00
0.179000, 4.47, 2025-07-19T16:00:00+01:00, 2025-07-19T16:30:00+01:00
0.163000, 4.07, 2025-07-19T16:30:00+01:00, 2025-07-19T17:00:00+01:00
0.582000, 14.54, 2025-07-19T17:00:00+01:00, 2025-07-19T17:30:00+01:00
0.097000, 2.42, 2025-07-19T17:30:00+01:00, 2025-07-19T18:00:00+01:00
0.100000, 2.50, 2025-07-19T18:00:00+01:00, 2025-07-19T18:30:00+01:00
0.154000, 3.85, 2025-07-19T18:30:00+01:00, 2025-07-19T19:00:00+01:00
0.184000, 4.60, 2025-07-19T19:00:00+01:00, 2025-07-19T19:30:00+01:00
0.154000, 3.85, 2025-07-19T19:30:00+01:00, 2025-07-19T20:00:00+01:00
0.149000, 3.72, 2025-07-19T20:00:00+01:00, 2025-07-19T20:30:00+01:00
0.184000, 4.60, 2025-07-19T20:30:00+01:00, 2025-07-19T21:00:00+01:00
0.193000, 4.82, 2025-07-19T21:00:00+01:00, 2025-07-19T21:30:00+01:00
0.204000, 5.10, 2025-07-19T21:30:00+01:00, 2025-07-19T22:00:00+01:00
0.179000, 4.47, 2025-07-19T22:00:00+01:00, 2025-07-19T22:30:00+01:00
0.140000, 3.50, 2025-07-19T22:30:00+01:00, 2025-07-19T23:00:00+01:00
0.254000, 6.34, 2025-07-19T23:00:00+01:00, 2025-07-19T23:30:00+01:00
0.358000, 8.94, 2025-07-19T23:30:00+01:00, 2025-07-20T00:00:00+01:00
0.217000, 5.42, 2025-07-20T00:00:00+01:00, 2025-07-20T00:30:00+01:00
0.127000, 3.17, 2025-07-20T00:30:00+01:00, 2025-07-20T01:00:00+01:00
0.104000, 2.60, 2025-07-20T01:00:00+01:00, 2025-07-20T01:30:00+01:00
0.072000, 1.80, 2025-07-20T01:30:00+01:00, 2025-07-20T02:00:00+01:00
0.055000, 1.37, 2025-07-20T02:00:00+01:00, 2025-07-20T02:30:00+01:00
0.081000, 2.02, 2025-07-20T02:30:00+01:00, 2025-07-20T03:00:00+01:00
0.093000, 2.32, 2025-07-20T03:00:00+01:00, 2025-07-20T03:30:00+01:00
0.114000, 2.85, 2025-07-20T03:30:00+01:00, 2025-07-20T04:00:00+01:00
0.113000, 2.82, 2025-07-20T04:00:00+01:00, 2025-07-20T04:30:00+01:00
0.061000, 1.52, 2025-07-20T04:30:00+01:00, 2025-07-20T05:00:00+01:00
0.068000, 1.70, 2025-07-20T05:00:00+01:00, 2025-07-20T05:30:00+01:00
0.084000, 2.10, 2025-07-20T05:30:00+01:00, 2025-07-20T06:00:00+01:00
0.099000, 2.47, 2025-07-20T06:00:00+01:00, 2025-07-20T06:30:00+01:00
0.104000, 2.60, 2025-07-20T06:30:00+01:00, 2025-07-20T07:00:00+01:00
0.094000, 2.35, 2025-07-20T07:00:00+01:00, 2025-07-20T07:30:00+01:00
0.071000, 1.77, 2025-07-20T07:30:00+01:00, 2025-07-20T08:00:00+01:00
0.059000, 1.47, 2025-07-20T08:00:00+01:00, 2025-07-20T08:30:00+01:00
0.086000, 2.15, 2025-07-20T08:30:00+01:00, 2025-07-20T09:00:00+01:00
0.134000, 3.35, 2025-07-20T09:00:00+01:00, 2025-07-20T09:30:00+01:00
0.123000, 3.07, 2025-07-20T09:30:00+01:00, 2025-07-20T10:00:00+01:00
1.631000, 40.74, 2025-07-20T10:00:00+01:00, 2025-07-20T10:30:00+01:00
1.310000, 32.72, 2025-07-20T10:30:00+01:00, 2025-07-20T11:00:00+01:00
0.080000, 2.00, 2025-07-20T11:00:00+01:00, 2025-07-20T11:30:00+01:00
0.110000, 2.75, 2025-07-20T11:30:00+01:00, 2025-07-20T12:00:00+01:00
0.094000, 2.35, 2025-07-20T12:00:00+01:00, 2025-07-20T12:30:00+01:00
0.071000, 1.77, 2025-07-20T12:30:00+01:00, 2025-07-20T13:00:00+01:00
0.342000, 8.54, 2025-07-20T13:00:00+01:00, 2025-07-20T13:30:00+01:00
0.254000, 6.34, 2025-07-20T13:30:00+01:00, 2025-07-20T14:00:00+01:00
0.166000, 4.15, 2025-07-20T14:00:00+01:00, 2025-07-20T14:30:00+01:00
0.208000, 5.20, 2025-07-20T14:30:00+01:00, 2025-07-20T15:00:00+01:00
0.256000, 6.39, 2025-07-20T15:00:00+01:00, 2025-07-20T15:30:00+01:00
0.128000, 3.20, 2025-07-20T15:30:00+01:00, 2025-07-20T16:00:00+01:00
0.166000, 4.15, 2025-07-20T16:00:00+01:00, 2025-07-20T16:30:00+01:00
0.138000, 3.45, 2025-07-20T16:30:00+01:00, 2025-07-20T17:00:00+01:00
0.123000, 3.07, 2025-07-20T17:00:00+01:00, 2025-07-20T17:30:00+01:00
0.113000, 2.82, 2025-07-20T17:30:00+01:00, 2025-07-20T18:00:00+01:00
0.204000, 5.10, 2025-07-20T18:00:00+01:00, 2025-07-20T18:30:00+01:00
0.877000, 21.91, 2025-07-20T18:30:00+01:00, 2025-07-20T19:00:00+01:00
0.240000, 6.00, 2025-07-20T19:00:00+01:00, 2025-07-20T19:30:00+01:00
0.748000, 18.68, 2025-07-20T19:30:00+01:00, 2025-07-20T20:00:00+01:00
0.087000, 2.17, 2025-07-20T20:00:00+01:00, 2025-07-20T20:30:00+01:00
0.129000, 3.22, 2025-07-20T20:30:00+01:00, 2025-07-20T21:00:00+01:00
0.116000, 2.90, 2025-07-20T21:00:00+01:00, 2025-07-20T21:30:00+01:00
0.196000, 4.90, 2025-07-20T21:30:00+01:00, 2025-07-20T22:00:00+01:00
0.106000, 2.65, 2025-07-20T22:00:00+01:00, 2025-07-20T22:30:00+01:00
0.087000, 2.17, 2025-07-20T22:30:00+01:00, 2025-07-20T23:00:00+01:00
0.070000, 1.75, 2025-07-20T23:00:00+01:00, 2025-07-20T23:30:00+01:00
0.071000, 1.77, 2025-07-20T23:30:00+01:00, 2025-07-21T00:00:00+01:00
0.120000, 3.00, 2025-07-21T00:00:00+01:00, 2025-07-21T00:30:00+01:00
0.129000, 3.22, 2025-07-21T00:30:00+01:00, 2025-07-21T01:00:00+01:00
0.084000, 2.10, 2025-07-21T01:00:00+01:00, 2025-07-21T01:30:00+01:00
0.054000, 1.35, 2025-07-21T01:30:00+01:00, 2025-07-21T02:00:00+01:00
0.066000, 1.65, 2025-07-21T02:00:00+01:00, 2025-07-21T02:30:00+01:00
0.092000, 2.30, 2025-07-21T02:30:00+01:00, 2025-07-21T03:00:00+01:00
0.101000, 2.52, 2025-07-21T03:00:00+01:00, 2025-07-21T03:30:00+01:00
0.098000, 2.45, 2025-07-21T03:30:00+01:00, 2025-07-21T04:00:00+01:00
0.064000, 1.60, 2025-07-21T04:00:00+01:00, 2025-07-21T04:30:00+01:00
0.076000, 1.90, 2025-07-21T04:30:00+01:00, 2025-07-21T05:00:00+01:00
0.091000, 2.27, 2025-07-21T05:00:00+01:00, 2025-07-21T05:30:00+01:00
0.080000, 2.00, 2025-07-21T05:30:00+01:00, 2025-07-21T06:00:00+01:00
0.094000, 2.35, 2025-07-21T06:00:00+01:00, 2025-07-21T06:30:00+01:00
0.080000, 2.00, 2025-07-21T06:30:00+01:00, 2025-07-21T07:00:00+01:00
0.536000, 13.39, 2025-07-21T07:00:00+01:00, 2025-07-21T07:30:00+01:00
1.443000, 36.05, 2025-07-21T07:30:00+01:00, 2025-07-21T08:00:00+01:00
0.224000, 5.60, 2025-07-21T08:00:00+01:00, 2025-07-21T08:30:00+01:00
0.128000, 3.20, 2025-07-21T08:30:00+01:00, 2025-07-21T09:00:00+01:00
0.104000, 2.60, 2025-07-21T09:00:00+01:00, 2025-07-21T09:30:00+01:00
0.050000, 1.25, 2025-07-21T09:30:00+01:00, 2025-07-21T10:00:00+01:00
0.058000, 1.45, 2025-07-21T10:00:00+01:00, 2025-07-21T10:30:00+01:00
0.202000, 5.05, 2025-07-21T10:30:00+01:00, 2025-07-21T11:00:00+01:00
0.099000, 2.47, 2025-07-21T11:00:00+01:00, 2025-07-21T11:30:00+01:00
1.367000, 34.15, 2025-07-21T11:30:00+01:00, 2025-07-21T12:00:00+01:00
0.197000, 4.92, 2025-07-21T12:00:00+01:00, 2025-07-21T12:30:00+01:00
0.253000, 6.32, 2025-07-21T12:30:00+01:00, 2025-07-21T13:00:00+01:00
0.120000, 3.00, 2025-07-21T13:00:00+01:00, 2025-07-21T13:30:00+01:00
1.192000, 29.78, 2025-07-21T13:30:00+01:00, 2025-07-21T14:00:00+01:00
0.167000, 4.17, 2025-07-21T14:00:00+01:00, 2025-07-21T14:30:00+01:00
0.183000, 4.57, 2025-07-21T14:30:00+01:00, 2025-07-21T15:00:00+01:00
0.658000, 16.44, 2025-07-21T15:00:00+01:00, 2025-07-21T15:30:00+01:00
0.246000, 6.14, 2025-07-21T15:30:00+01:00, 2025-07-21T16:00:00+01:00
0.113000, 2.82, 2025-07-21T16:00:00+01:00, 2025-07-21T16:30:00+01:00
0.129000, 3.22, 2025-07-21T16:30:00+01:00, 2025-07-21T17:00:00+01:00
0.204000, 5.10, 2025-07-21T17:00:00+01:00, 2025-07-21T17:30:00+01:00
0.093000, 2.32, 2025-07-21T17:30:00+01:00, 2025-07-21T18:00:00+01:00
0.061000, 1.52, 2025-07-21T18:00:00+01:00, 2025-07-21T18:30:00+01:00
0.053000, 1.32, 2025-07-21T18:30:00+01:00, 2025-07-21T19:00:00+01:00
0.096000, 2.40, 2025-07-21T19:00:00+01:00, 2025-07-21T19:30:00+01:00
0.094000, 2.35, 2025-07-21T19:30:00+01:00, 2025-07-21T20:00:00+01:00
0.103000, 2.57, 2025-07-21T20:00:00+01:00, 2025-07-21T20:30:00+01:00
0.178000, 4.45, 2025-07-21T20:30:00+01:00, 2025-07-21T21:00:00+01:00
0.072000, 1.80, 2025-07-21T21:00:00+01:00, 2025-07-21T21:30:00+01:00
0.084000, 2.10, 2025-07-21T21:30:00+01:00, 2025-07-21T22:00:00+01:00
0.117000, 2.92, 2025-07-21T22:00:00+01:00, 2025-07-21T22:30:00+01:00
0.096000, 2.40, 2025-07-21T22:30:00+01:00, 2025-07-21T23:00:00+01:00
0.075000, 1.87, 2025-07-21T23:00:00+01:00, 2025-07-21T23:30:00+01:00
0.058000, 1.45, 2025-07-21T23:30:00+01:00, 2025-07-22T00:00:00+01:00
0.051000, 1.27, 2025-07-22T00:00:00+01:00, 2025-07-22T00:30:00+01:00
0.090000, 2.25, 2025-07-22T00:30:00+01:00, 2025-07-22T01:00:00+01:00
0.127000, 3.17, 2025-07-22T01:00:00+01:00, 2025-07-22T01:30:00+01:00
0.101000, 2.52, 2025-07-22T01:30:00+01:00, 2025-07-22T02:00:00+01:00
0.055000, 1.37, 2025-07-22T02:00:00+01:00, 2025-07-22T02:30:00+01:00
0.060000, 1.50, 2025-07-22T02:30:00+01:00, 2025-07-22T03:00:00+01:00
0.071000, 1.77, 2025-07-22T03:00:00+01:00, 2025-07-22T03:30:00+01:00
0.106000, 2.65, 2025-07-22T03:30:00+01:00, 2025-07-22T04:00:00+01:00
0.095000, 2.37, 2025-07-22T04:00:00+01:00, 2025-07-22T04:30:00+01:00
0.081000, 2.02, 2025-07-22T04:30:00+01:00, 2025-07-22T05:00:00+01:00
0.738000, 18.43, 2025-07-22T05:00:00+01:00, 2025-07-22T05:30:00+01:00
0.165000, 4.12, 2025-07-22T05:30:00+01:00, 2025-07-22T06:00:00+01:00
0.117000, 2.92, 2025-07-22T06:00:00+01:00, 2025-07-22T06:30:00+01:00
0.236000, 5.90, 2025-07-22T06:30:00+01:00, 2025-07-22T07:00:00+01:00
0.813000, 20.31, 2025-07-22T07:00:00+01:00, 2025-07-22T07:30:00+01:00
0.111000, 2.77, 2025-07-22T07:30:00+01:00, 2025-07-22T08:00:00+01:00
1.326000, 33.12, 2025-07-22T08:00:00+01:00, 2025-07-22T08:30:00+01:00
0.057000, 1.42, 2025-07-22T08:30:00+01:00, 2025-07-22T09:00:00+01:00
0.074000, 1.85, 2025-07-22T09:00:00+01:00, 2025-07-22T09:30:00+01:00
0.165000, 4.12, 2025-07-22T09:30:00+01:00, 2025-07-22T10:00:00+01:00
0.145000, 3.62, 2025-07-22T10:00:00+01:00, 2025-07-22T10:30:00+01:00
0.138000, 3.45, 2025-07-22T10:30:00+01:00, 2025-07-22T11:00:00+01:00
0.169000, 4.22, 2025-07-22T11:00:00+01:00, 2025-07-22T11:30:00+01:00
0.059000, 1.47, 2025-07-22T11:30:00+01:00, 2025-07-22T12:00:00+01:00
0.088000, 2.20, 2025-07-22T12:00:00+01:00, 2025-07-22T12:30:00+01:00
0.076000, 1.90, 2025-07-22T12:30:00+01:00, 2025-07-22T13:00:00+01:00
0.103000, 2.57, 2025-07-22T13:00:00+01:00, 2025-07-22T13:30:00+01:00
0.270000, 6.74, 2025-07-22T13:30:00+01:00, 2025-07-22T14:00:00+01:00
0.525000, 13.11, 2025-07-22T14:00:00+01:00, 2025-07-22T14:30:00+01:00
0.873000, 21.81, 2025-07-22T14:30:00+01:00, 2025-07-22T15:00:00+01:00
0.076000, 1.90, 2025-07-22T15:00:00+01:00, 2025-07-22T15:30:00+01:00
0.084000, 2.10, 2025-07-22T15:30:00+01:00, 2025-07-22T16:00:00+01:00
0.077000, 1.92, 2025-07-22T16:00:00+01:00, 2025-07-22T16:30:00+01:00
0.102000, 2.55, 2025-07-22T16:30:00+01:00, 2025-07-22T17:00:00+01:00
0.114000, 2.85, 2025-07-22T17:00:00+01:00, 2025-07-22T17:30:00+01:00
0.132000, 3.30, 2025-07-22T17:30:00+01:00, 2025-07-22T18:00:00+01:00
0.077000, 1.92, 2025-07-22T18:00:00+01:00, 2025-07-22T18:30:00+01:00
0.050000, 1.25, 2025-07-22T18:30:00+01:00, 2025-07-22T19:00:00+01:00
0.063000, 1.57, 2025-07-22T19:00:00+01:00, 2025-07-22T19:30:00+01:00
0.149000, 3.72, 2025-07-22T19:30:00+01:00, 2025-07-22T20:00:00+01:00
0.555000, 13.86, 2025-07-22T20:00:00+01:00, 2025-07-22T20:30:00+01:00
0.668000, 16.69, 2025-07-22T20:30:00+01:00, 2025-07-22T21:00:00+01:00
0.161000, 4.02, 2025-07-22T21:00:00+01:00, 2025-07-22T21:30:00+01:00
0.089000, 2.22, 2025-07-22T21:30:00+01:00, 2025-07-22T22:00:00+01:00
0.109000, 2.72, 2025-07-22T22:00:00+01:00, 2025-07-22T22:30:00+01:00
0.100000, 2.50, 2025-07-22T22:30:00+01:00, 2025-07-22T23:00:00+01:00
0.114000, 2.85, 2025-07-22T23:00:00+01:00, 2025-07-22T23:30:00+01:00
0.117000, 2.92, 2025-07-22T23:30:00+01:00, 2025-07-23T00:00:00+01:00
0.070000, 1.75, 2025-07-23T00:00:00+01:00, 2025-07-23T00:30:00+01:00
0.089000, 2.22, 2025-07-23T00:30:00+01:00, 2025-07-23T01:00:00+01:00
0.097000, 2.42, 2025-07-23T01:00:00+01:00, 2025-07-23T01:30:00+01:00
0.101000, 2.52, 2025-07-23T01:30:00+01:00, 2025-07-23T02:00:00+01:00
0.111000, 2.77, 2025-07-23T02:00:00+01:00, 2025-07-23T02:30:00+01:00
0.096000, 2.40, 2025-07-23T02:30:00+01:00, 2025-07-23T03:00:00+01:00
0.070000, 1.75, 2025-07-23T03:00:00+01:00, 2025-07-23T03:30:00+01:00
0.090000, 2.25, 2025-07-23T03:30:00+01:00, 2025-07-23T04:00:00+01:00
0.108000, 2.70, 2025-07-23T04:00:00+01:00, 2025-07-23T04:30:00+01:00
0.115000, 2.87, 2025-07-23T04:30:00+01:00, 2025-07-23T05:00:00+01:00
0.092000, 2.30, 2025-07-23T05:00:00+01:00, 2025-07-23T05:30:00+01:00
0.058000, 1.45, 2025-07-23T05:30:00+01:00, 2025-07-23T06:00:00+01:00
0.051000, 1.27, 2025-07-23T06:00:00+01:00, 2025-07-23T06:30:00+01:00
0.247000, 6.17, 2025-07-23T06:30:00+01:00, 2025-07-23T07:00:00+01:00
1.711000, 42.74, 2025-07-23T07:00:00+01:00, 2025-07-23T07:30:00+01:00
0.131000, 3.27, 2025-07-23T07:30:00+01:00, 2025-07-23T08:00:00+01:00
0.055000, 1.37, 2025-07-23T08:00:00+01:00, 2025-07-23T08:30:00+01:00
0.052000, 1.30, 2025-07-23T08:30:00+01:00, 2025-07-23T09:00:00+01:00
0.059000, 1.47, 2025-07-23T09:00:00+01:00, 2025-07-23T09:30:00+01:00
0.114000, 2.85, 2025-07-23T09:30:00+01:00, 2025-07-23T10:00:00+01:00
0.094000, 2.35, 2025-07-23T10:00:00+01:00, 2025-07-23T10:30:00+01:00
0.060000, 1.50, 2025-07-23T10:30:00+01:00, 2025-07-23T11:00:00+01:00
0.067000, 1.67, 2025-07-23T11:00:00+01:00, 2025-07-23T11:30:00+01:00
0.070000, 1.75, 2025-07-23T11:30:00+01:00, 2025-07-23T12:00:00+01:00
0.067000, 1.67, 2025-07-23T12:00:00+01:00, 2025-07-23T12:30:00+01:00
0.115000, 2.87, 2025-07-23T12:30:00+01:00, 2025-07-23T13:00:00+01:00
0.113000, 2.82, 2025-07-23T13:00:00+01:00, 2025-07-23T13:30:00+01:00
0.190000, 4.75, 2025-07-23T13:30:00+01:00, 2025-07-23T14:00:00+01:00
0.069000, 1.72, 2025-07-23T14:00:00+01:00, 2025-07-23T14:30:00+01:00
0.082000, 2.05, 2025-07-23T14:30:00+01:00, 2025-07-23T15:00:00+01:00
0.144000, 3.60, 2025-07-23T15:00:00+01:00, 2025-07-23T15:30:00+01:00
0.121000, 3.02, 2025-07-23T15:30:00+01:00, 2025-07-23T16:00:00+01:00
0.052000, 1.30, 2025-07-23T16:00:00+01:00, 2025-07-23T16:30:00+01:00
0.278000, 6.94, 2025-07-23T16:30:00+01:00, 2025-07-23T17:00:00+01:00
0.080000, 2.00, 2025-07-23T17:00:00+01:00, 2025-07-23T17:30:00+01:00
0.195000, 4.87, 2025-07-23T17:30:00+01:00, 2025-07-23T18:00:00+01:00
0.257000, 6.42, 2025-07-23T18:00:00+01:00, 2025-07-23T18:30:00+01:00
0.474000, 11.84, 2025-07-23T18:30:00+01:00, 2025-07-23T19:00:00+01:00
0.415000, 10.37, 2025-07-23T19:00:00+01:00, 2025-07-23T19:30:00+01:00
0.107000, 2.67, 2025-07-23T19:30:00+01:00, 2025-07-23T20:00:00+01:00
0.153000, 3.82, 2025-07-23T20:00:00+01:00, 2025-07-23T20:30:00+01:00
0.295000, 7.37, 2025-07-23T20:30:00+01:00, 2025-07-23T21:00:00+01:00
0.369000, 9.22, 2025-07-23T21:00:00+01:00, 2025-07-23T21:30:00+01:00
0.093000, 2.32, 2025-07-23T21:30:00+01:00, 2025-07-23T22:00:00+01:00
0.121000, 3.02, 2025-07-23T22:00:00+01:00, 2025-07-23T22:30:00+01:00
0.132000, 3.30, 2025-07-23T22:30:00+01:00, 2025-07-23T23:00:00+01:00
0.125000, 3.12, 2025-07-23T23:00:00+01:00, 2025-07-23T23:30:00+01:00
0.134000, 3.35, 2025-07-23T23:30:00+01:00, 2025-07-24T00:00:00+01:00
0.144000, 3.60, 2025-07-24T00:00:00+01:00, 2025-07-24T00:30:00+01:00
0.120000, 3.00, 2025-07-24T00:30:00+01:00, 2025-07-24T01:00:00+01:00
0.095000, 2.37, 2025-07-24T01:00:00+01:00, 2025-07-24T01:30:00+01:00
0.089000, 2.22, 2025-07-24T01:30:00+01:00, 2025-07-24T02:00:00+01:00
0.129000, 3.22, 2025-07-24T02:00:00+01:00, 2025-07-24T02:30:00+01:00
0.161000, 4.02, 2025-07-24T02:30:00+01:00, 2025-07-24T03:00:00+01:00
0.127000, 3.17, 2025-07-24T03:00:00+01:00, 2025-07-24T03:30:00+01:00
0.064000, 1.60, 2025-07-24T03:30:00+01:00, 2025-07-24T04:00:00+01:00
0.065000, 1.62, 2025-07-24T04:00:00+01:00, 2025-07-24T04:30:00+01:00
0.051000, 1.27, 2025-07-24T04:30:00+01:00, 2025-07-24T05:00:00+01:00
0.112000, 2.80, 2025-07-24T05:00:00+01:00, 2025-07-24T05:30:00+01:00
0.108000, 2.70, 2025-07-24T05:30:00+01:00, 2025-07-24T06:00:00+01:00
0.115000, 2.87, 2025-07-24T06:00:00+01:00, 2025-07-24T06:30:00+01:00
0.081000, 2.02, 2025-07-24T06:30:00+01:00, 2025-07-24T07:00:00+01:00
0.055000, 1.37, 2025-07-24T07:00:00+01:00, 2025-07-24T07:30:00+01:00
0.060000, 1.50, 2025-07-24T07:30:00+01:00, 2025-07-24T08:00:00+01:00
0.089000, 2.22, 2025-07-24T08:00:00+01:00, 2025-07-24T08:30:00+01:00
0.127000, 3.17, 2025-07-24T08:30:00+01:00, 2025-07-24T09:00:00+01:00
0.101000, 2.52, 2025-07-24T09:00:00+01:00, 2025-07-24T09:30:00+01:00
0.067000, 1.67, 2025-07-24T09:30:00+01:00, 2025-07-24T10:00:00+01:00
0.097000, 2.42, 2025-07-24T10:00:00+01:00, 2025-07-24T10:30:00+01:00
0.537000, 13.41, 2025-07-24T10:30:00+01:00, 2025-07-24T11:00:00+01:00
0.131000, 3.27, 2025-07-24T11:00:00+01:00, 2025-07-24T11:30:00+01:00
0.422000, 10.54, 2025-07-24T11:30:00+01:00, 2025-07-24T12:00:00+01:00
0.111000, 2.77, 2025-07-24T12:00:00+01:00, 2025-07-24T12:30:00+01:00
0.131000, 3.27, 2025-07-24T12:30:00+01:00, 2025-07-24T13:00:00+01:00
0.145000, 3.62, 2025-07-24T13:00:00+01:00, 2025-07-24T13:30:00+01:00
0.136000, 3.40, 2025-07-24T13:30:00+01:00, 2025-07-24T14:00:00+01:00
0.165000, 4.12, 2025-07-24T14:00:00+01:00, 2025-07-24T14:30:00+01:00
0.167000, 4.17, 2025-07-24T14:30:00+01:00, 2025-07-24T15:00:00+01:00
0.121000, 3.02, 2025-07-24T15:00:00+01:00, 2025-07-24T15:30:00+01:00
0.441000, 11.02, 2025-07-24T15:30:00+01:00, 2025-07-24T16:00:00+01:00
0.105000, 2.62, 2025-07-24T16:00:00+01:00, 2025-07-24T16:30:00+01:00
0.177000, 4.42, 2025-07-24T16:30:00+01:00, 2025-07-24T17:00:00+01:00
0.182000, 4.55, 2025-07-24T17:00:00+01:00, 2025-07-24T17:30:00+01:00
0.137000, 3.42, 2025-07-24T17:30:00+01:00, 2025-07-24T18:00:00+01:00
0.122000, 3.05, 2025-07-24T18:00:00+01:00, 2025-07-24T18:30:00+01:00
0.141000, 3.52, 2025-07-24T18:30:00+01:00, 2025-07-24T19:00:00+01:00
0.131000, 3.27, 2025-07-24T19:00:00+01:00, 2025-07-24T19:30:00+01:00
0.159000, 3.97, 2025-07-24T19:30:00+01:00, 2025-07-24T20:00:00+01:00
0.278000, 6.94, 2025-07-24T20:00:00+01:00, 2025-07-24T20:30:00+01:00
0.143000, 3.57, 2025-07-24T20:30:00+01:00, 2025-07-24T21:00:00+01:00
0.117000, 2.92, 2025-07-24T21:00:00+01:00, 2025-07-24T21:30:00+01:00
0.190000, 4.75, 2025-07-24T21:30:00+01:00, 2025-07-24T22:00:00+01:00
0.168000, 4.20, 2025-07-24T22:00:00+01:00, 2025-07-24T22:30:00+01:00
0.129000, 3.22, 2025-07-24T22:30:00+01:00, 2025-07-24T23:00:00+01:00
0.135000, 3.37, 2025-07-24T23:00:00+01:00, 2025-07-24T23:30:00+01:00
0.116000, 2.90, 2025-07-24T23:30:00+01:00, 2025-07-25T00:00:00+01:00
0.119000, 2.97, 2025-07-25T00:00:00+01:00, 2025-07-25T00:30:00+01:00
0.106000, 2.65, 2025-07-25T00:30:00+01:00, 2025-07-25T01:00:00+01:00
0.115000, 2.87, 2025-07-25T01:00:00+01:00, 2025-07-25T01:30:00+01:00
0.103000, 2.57, 2025-07-25T01:30:00+01:00, 2025-07-25T02:00:00+01:00
0.079000, 1.97, 2025-07-25T02:00:00+01:00, 2025-07-25T02:30:00+01:00
0.082000, 2.05, 2025-07-25T02:30:00+01:00, 2025-07-25T03:00:00+01:00
0.059000, 1.47, 2025-07-25T03:00:00+01:00, 2025-07-25T03:30:00+01:00
0.058000, 1.45, 2025-07-25T03:30:00+01:00, 2025-07-25T04:00:00+01:00
0.106000, 2.65, 2025-07-25T04:00:00+01:00, 2025-07-25T04:30:00+01:00
0.097000, 2.42, 2025-07-25T04:30:00+01:00, 2025-07-25T05:00:00+01:00
0.084000, 2.10, 2025-07-25T05:00:00+01:00, 2025-07-25T05:30:00+01:00
0.064000, 1.60, 2025-07-25T05:30:00+01:00, 2025-07-25T06:00:00+01:00
0.051000, 1.27, 2025-07-25T06:00:00+01:00, 2025-07-25T06:30:00+01:00
0.082000, 2.05, 2025-07-25T06:30:00+01:00, 2025-07-25T07:00:00+01:00
0.239000, 5.97, 2025-07-25T07:00:00+01:00, 2025-07-25T07:30:00+01:00
0.111000, 2.77, 2025-07-25T07:30:00+01:00, 2025-07-25T08:00:00+01:00
0.065000, 1.62, 2025-07-25T08:00:00+01:00, 2025-07-25T08:30:00+01:00
0.054000, 1.35, 2025-07-25T08:30:00+01:00, 2025-07-25T09:00:00+01:00
0.067000, 1.67, 2025-07-25T09:00:00+01:00, 2025-07-25T09:30:00+01:00
2.112000, 52.76, 2025-07-25T09:30:00+01:00, 2025-07-25T10:00:00+01:00
1.320000, 32.97, 2025-07-25T10:00:00+01:00, 2025-07-25T10:30:00+01:00
0.058000, 1.45, 2025-07-25T10:30:00+01:00, 2025-07-25T11:00:00+01:00
0.092000, 2.30, 2025-07-25T11:00:00+01:00, 2025-07-25T11:30:00+01:00
0.739000, 18.46, 2025-07-25T11:30:00+01:00, 2025-07-25T12:00:00+01:00
0.138000, 3.45, 2025-07-25T12:00:00+01:00, 2025-07-25T12:30:00+01:00
0.133000, 3.32, 2025-07-25T12:30:00+01:00, 2025-07-25T13:00:00+01:00
0.119000, 2.97, 2025-07-25T13:00:00+01:00, 2025-07-25T13:30:00+01:00
1.524000, 38.07, 2025-07-25T13:30:00+01:00, 2025-07-25T14:00:00+01:00
0.077000, 1.92, 2025-07-25T14:00:00+01:00, 2025-07-25T14:30:00+01:00
0.114000, 2.85, 2025-07-25T14:30:00+01:00, 2025-07-25T15:00:00+01:00
0.102000, 2.55, 2025-07-25T15:00:00+01:00, 2025-07-25T15:30:00+01:00
0.082000, 2.05, 2025-07-25T15:30:00+01:00, 2025-07-25T16:00:00+01:00
0.457000, 11.42, 2025-07-25T16:00:00+01:00, 2025-07-25T16:30:00+01:00
0.102000, 2.55, 2025-07-25T16:30:00+01:00, 2025-07-25T17:00:00+01:00
0.110000, 2.75, 2025-07-25T17:00:00+01:00, 2025-07-25T17:30:00+01:00
0.124000, 3.10, 2025-07-25T17:30:00+01:00, 2025-07-25T18:00:00+01:00
0.094000, 2.35, 2025-07-25T18:00:00+01:00, 2025-07-25T18:30:00+01:00
0.055000, 1.37, 2025-07-25T18:30:00+01:00, 2025-07-25T19:00:00+01:00
0.169000, 4.22, 2025-07-25T19:00:00+01:00, 2025-07-25T19:30:00+01:00
0.079000, 1.97, 2025-07-25T19:30:00+01:00, 2025-07-25T20:00:00+01:00
0.110000, 2.75, 2025-07-25T20:00:00+01:00, 2025-07-25T20:30:00+01:00
0.108000, 2.70, 2025-07-25T20:30:00+01:00, 2025-07-25T21:00:00+01:00
0.118000, 2.95, 2025-07-25T21:00:00+01:00, 2025-07-25T21:30:00+01:00
0.072000, 1.80, 2025-07-25T21:30:00+01:00, 2025-07-25T22:00:00+01:00
0.066000, 1.65, 2025-07-25T22:00:00+01:00, 2025-07-25T22:30:00+01:00
0.106000, 2.65, 2025-07-25T22:30:00+01:00, 2025-07-25T23:00:00+01:00
0.159000, 3.97, 2025-07-25T23:00:00+01:00, 2025-07-25T23:30:00+01:00
0.162000, 4.05, 2025-07-25T23:30:00+01:00, 2025-07-26T00:00:00+01:00
0.118000, 2.95, 2025-07-26T00:00:00+01:00, 2025-07-26T00:30:00+01:00
0.107000, 2.67, 2025-07-26T00:30:00+01:00, 2025-07-26T01:00:00+01:00
0.106000, 2.65, 2025-07-26T01:00:00+01:00, 2025-07-26T01:30:00+01:00
0.108000, 2.70, 2025-07-26T01:30:00+01:00, 2025-07-26T02:00:00+01:00
0.115000, 2.87, 2025-07-26T02:00:00+01:00, 2025-07-26T02:30:00+01:00
0.099000, 2.47, 2025-07-26T02:30:00+01:00, 2025-07-26T03:00:00+01:00
0.096000, 2.40, 2025-07-26T03:00:00+01:00, 2025-07-26T03:30:00+01:00
0.067000, 1.67, 2025-07-26T03:30:00+01:00, 2025-07-26T04:00:00+01:00
0.084000, 2.10, 2025-07-26T04:00:00+01:00, 2025-07-26T04:30:00+01:00
0.121000, 3.02, 2025-07-26T04:30:00+01:00, 2025-07-26T05:00:00+01:00
0.120000, 3.00, 2025-07-26T05:00:00+01:00, 2025-07-26T05:30:00+01:00
0.088000, 2.20, 2025-07-26T05:30:00+01:00, 2025-07-26T06:00:00+01:00
0.066000, 1.65, 2025-07-26T06:00:00+01:00, 2025-07-26T06:30:00+01:00
0.077000, 1.92, 2025-07-26T06:30:00+01:00, 2025-07-26T07:00:00+01:00
0.147000, 3.67, 2025-07-26T07:00:00+01:00, 2025-07-26T07:30:00+01:00
0.312000, 7.79, 2025-07-26T07:30:00+01:00, 2025-07-26T08:00:00+01:00
0.115000, 2.87, 2025-07-26T08:00:00+01:00, 2025-07-26T08:30:00+01:00
0.078000, 1.95, 2025-07-26T08:30:00+01:00, 2025-07-26T09:00:00+01:00
0.673000, 16.81, 2025-07-26T09:00:00+01:00, 2025-07-26T09:30:00+01:00
0.431000, 10.77, 2025-07-26T09:30:00+01:00, 2025-07-26T10:00:00+01:00
0.140000, 3.50, 2025-07-26T10:00:00+01:00, 2025-07-26T10:30:00+01:00
0.125000, 3.12, 2025-07-26T10:30:00+01:00, 2025-07-26T11:00:00+01:00
0.183000, 4.57, 2025-07-26T11:00:00+01:00, 2025-07-26T11:30:00+01:00
0.865000, 21.61, 2025-07-26T11:30:00+01:00, 2025-07-26T12:00:00+01:00
0.223000, 5.57, 2025-07-26T12:00:00+01:00, 2025-07-26T12:30:00+01:00
0.085000, 2.12, 2025-07-26T12:30:00+01:00, 2025-07-26T13:00:00+01:00
0.093000, 2.32, 2025-07-26T13:00:00+01:00, 2025-07-26T13:30:00+01:00
0.100000, 2.50, 2025-07-26T13:30:00+01:00, 2025-07-26T14:00:00+01:00
0.082000, 2.05, 2025-07-26T14:00:00+01:00, 2025-07-26T14:30:00+01:00
0.076000, 1.90, 2025-07-26T14:30:00+01:00, 2025-07-26T15:00:00+01:00
0.779000, 19.46, 2025-07-26T15:00:00+01:00, 2025-07-26T15:30:00+01:00
0.144000, 3.60, 2025-07-26T15:30:00+01:00, 2025-07-26T16:00:00+01:00
0.326000, 8.14, 2025-07-26T16:00:00+01:00, 2025-07-26T16:30:00+01:00
0.091000, 2.27, 2025-07-26T16:30:00+01:00, 2025-07-26T17:00:00+01:00
0.080000, 2.00, 2025-07-26T17:00:00+01:00, 2025-07-26T17:30:00+01:00
0.056000, 1.40, 2025-07-26T17:30:00+01:00, 2025-07-26T18:00:00+01:00
0.097000, 2.42, 2025-07-26T18:00:00+01:00, 2025-07-26T18:30:00+01:00
0.170000, 4.25, 2025-07-26T18:30:00+01:00, 2025-07-26T19:00:00+01:00
0.354000, 8.84, 2025-07-26T19:00:00+01:00, 2025-07-26T19:30:00+01:00
0.127000, 3.17, 2025-07-26T19:30:00+01:00, 2025-07-26T20:00:00+01:00
0.139000, 3.47, 2025-07-26T20:00:00+01:00, 2025-07-26T20:30:00+01:00
0.158000, 3.95, 2025-07-26T20:30:00+01:00, 2025-07-26T21:00:00+01:00
0.395000, 9.87, 2025-07-26T21:00:00+01:00, 2025-07-26T21:30:00+01:00
1.046000, 26.13, 2025-07-26T21:30:00+01:00, 2025-07-26T22:00:00+01:00
0.308000, 7.69, 2025-07-26T22:00:00+01:00, 2025-07-26T22:30:00+01:00
0.201000, 5.02, 2025-07-26T22:30:00+01:00, 2025-07-26T23:00:00+01:00
0.136000, 3.40, 2025-07-26T23:00:00+01:00, 2025-07-26T23:30:00+01:00
0.094000, 2.35, 2025-07-26T23:30:00+01:00, 2025-07-27T00:00:00+01:00
0.111000, 2.77, 2025-07-27T00:00:00+01:00, 2025-07-27T00:30:00+01:00
0.163000, 4.07, 2025-07-27T00:30:00+01:00, 2025-07-27T01:00:00+01:00
0.222000, 5.55, 2025-07-27T01:00:00+01:00, 2025-07-27T01:30:00+01:00
0.237000, 5.92, 2025-07-27T01:30:00+01:00, 2025-07-27T02:00:00+01:00
0.141000, 3.52, 2025-07-27T02:00:00+01:00, 2025-07-27T02:30:00+01:00
0.126000, 3.15, 2025-07-27T02:30:00+01:00, 2025-07-27T03:00:00+01:00
0.112000, 2.80, 2025-07-27T03:00:00+01:00, 2025-07-27T03:30:00+01:00
0.170000, 4.25, 2025-07-27T03:30:00+01:00, 2025-07-27T04:00:00+01:00
0.154000, 3.85, 2025-07-27T04:00:00+01:00, 2025-07-27T04:30:00+01:00
0.074000, 1.85, 2025-07-27T04:30:00+01:00, 2025-07-27T05:00:00+01:00
0.057000, 1.42, 2025-07-27T05:00:00+01:00, 2025-07-27T05:30:00+01:00
0.077000, 1.92, 2025-07-27T05:30:00+01:00, 2025-07-27T06:00:00+01:00
0.129000, 3.22, 2025-07-27T06:00:00+01:00, 2025-07-27T06:30:00+01:00
0.108000, 2.70, 2025-07-27T06:30:00+01:00, 2025-07-27T07:00:00+01:00
0.054000, 1.35, 2025-07-27T07:00:00+01:00, 2025-07-27T07:30:00+01:00
0.059000, 1.47, 2025-07-27T07:30:00+01:00, 2025-07-27T08:00:00+01:00
0.053000, 1.32, 2025-07-27T08:00:00+01:00, 2025-07-27T08:30:00+01:00
0.193000, 4.82, 2025-07-27T08:30:00+01:00, 2025-07-27T09:00:00+01:00
0.093000, 2.32, 2025-07-27T09:00:00+01:00, 2025-07-27T09:30:00+01:00
0.105000, 2.62, 2025-07-27T09:30:00+01:00, 2025-07-27T10:00:00+01:00
0.083000, 2.07, 2025-07-27T10:00:00+01:00, 2025-07-27T10:30:00+01:00
0.144000, 3.60, 2025-07-27T10:30:00+01:00, 2025-07-27T11:00:00+01:00
0.157000, 3.92, 2025-07-27T11:00:00+01:00, 2025-07-27T11:30:00+01:00
0.185000, 4.62, 2025-07-27T11:30:00+01:00, 2025-07-27T12:00:00+01:00
0.089000, 2.22, 2025-07-27T12:00:00+01:00, 2025-07-27T12:30:00+01:00
0.078000, 1.95, 2025-07-27T12:30:00+01:00, 2025-07-27T13:00:00+01:00
0.852000, 21.28, 2025-07-27T13:00:00+01:00, 2025-07-27T13:30:00+01:00
0.493000, 12.31, 2025-07-27T13:30:00+01:00, 2025-07-27T14:00:00+01:00
0.370000, 9.24, 2025-07-27T14:00:00+01:00, 2025-07-27T14:30:00+01:00
0.709000, 17.71, 2025-07-27T14:30:00+01:00, 2025-07-27T15:00:00+01:00
0.719000, 17.96, 2025-07-27T15:00:00+01:00, 2025-07-27T15:30:00+01:00
0.075000, 1.87, 2025-07-27T15:30:00+01:00, 2025-07-27T16:00:00+01:00
0.092000, 2.30, 2025-07-27T16:00:00+01:00, 2025-07-27T16:30:00+01:00
0.181000, 4.52, 2025-07-27T16:30:00+01:00, 2025-07-27T17:00:00+01:00
0.175000, 4.37, 2025-07-27T17:00:00+01:00, 2025-07-27T17:30:00+01:00
0.101000, 2.52, 2025-07-27T17:30:00+01:00, 2025-07-27T18:00:00+01:00
0.420000, 10.49, 2025-07-27T18:00:00+01:00, 2025-07-27T18:30:00+01:00
0.366000, 9.14, 2025-07-27T18:30:00+01:00, 2025-07-27T19:00:00+01:00
0.407000, 10.17, 2025-07-27T19:00:00+01:00, 2025-07-27T19:30:00+01:00
0.151000, 3.77, 2025-07-27T19:30:00+01:00, 2025-07-27T20:00:00+01:00
0.134000, 3.35, 2025-07-27T20:00:00+01:00, 2025-07-27T20:30:00+01:00
0.485000, 12.12, 2025-07-27T20:30:00+01:00, 2025-07-27T21:00:00+01:00
0.714000, 17.84, 2025-07-27T21:00:00+01:00, 2025-07-27T21:30:00+01:00
0.153000, 3.82, 2025-07-27T21:30:00+01:00, 2025-07-27T22:00:00+01:00
0.197000, 4.92, 2025-07-27T22:00:00+01:00, 2025-07-27T22:30:00+01:00
0.287000, 7.17, 2025-07-27T22:30:00+01:00, 2025-07-27T23:00:00+01:00
0.146000, 3.65, 2025-07-27T23:00:00+01:00, 2025-07-27T23:30:00+01:00
0.123000, 3.07, 2025-07-27T23:30:00+01:00, 2025-07-28T00:00:00+01:00
0.091000, 2.27, 2025-07-28T00:00:00+01:00, 2025-07-28T00:30:00+01:00
0.065000, 1.62, 2025-07-28T00:30:00+01:00, 2025-07-28T01:00:00+01:00
0.114000, 2.85, 2025-07-28T01:00:00+01:00, 2025-07-28T01:30:00+01:00
0.115000, 2.87, 2025-07-28T01:30:00+01:00, 2025-07-28T02:00:00+01:00
0.100000, 2.50, 2025-07-28T02:00:00+01:00, 2025-07-28T02:30:00+01:00
0.082000, 2.05, 2025-07-28T02:30:00+01:00, 2025-07-28T03:00:00+01:00
0.075000, 1.87, 2025-07-28T03:00:00+01:00, 2025-07-28T03:30:00+01:00
0.071000, 1.77, 2025-07-28T03:30:00+01:00, 2025-07-28T04:00:00+01:00
0.083000, 2.07, 2025-07-28T04:00:00+01:00, 2025-07-28T04:30:00+01:00
0.105000, 2.62, 2025-07-28T04:30:00+01:00, 2025-07-28T05:00:00+01:00
0.091000, 2.27, 2025-07-28T05:00:00+01:00, 2025-07-28T05:30:00+01:00
0.085000, 2.12, 2025-07-28T05:30:00+01:00, 2025-07-28T06:00:00+01:00
0.055000, 1.37, 2025-07-28T06:00:00+01:00, 2025-07-28T06:30:00+01:00
0.056000, 1.40, 2025-07-28T06:30:00+01:00, 2025-07-28T07:00:00+01:00
0.104000, 2.60, 2025-07-28T07:00:00+01:00, 2025-07-28T07:30:00+01:00
0.098000, 2.45, 2025-07-28T07:30:00+01:00, 2025-07-28T08:00:00+01:00
0.077000, 1.92, 2025-07-28T08:00:00+01:00, 2025-07-28T08:30:00+01:00
0.082000, 2.05, 2025-07-28T08:30:00+01:00, 2025-07-28T09:00:00+01:00
0.060000, 1.50, 2025-07-28T09:00:00+01:00, 2025-07-28T09:30:00+01:00
1.297000, 32.40, 2025-07-28T09:30:00+01:00, 2025-07-28T10:00:00+01:00
1.517000, 37.89, 2025-07-28T10:00:00+01:00, 2025-07-28T10:30:00+01:00
0.276000, 6.89, 2025-07-28T10:30:00+01:00, 2025-07-28T11:00:00+01:00
0.186000, 4.65, 2025-07-28T11:00:00+01:00, 2025-07-28T11:30:00+01:00
0.142000, 3.55, 2025-07-28T11:30:00+01:00, 2025-07-28T12:00:00+01:00
0.182000, 4.55, 2025-07-28T12:00:00+01:00, 2025-07-28T12:30:00+01:00
0.134000, 3.35, 2025-07-28T12:30:00+01:00, 2025-07-28T13:00:00+01:00
0.078000, 1.95, 2025-07-28T13:00:00+01:00, 2025-07-28T13:30:00+01:00
0.063000, 1.57, 2025-07-28T13:30:00+01:00, 2025-07-28T14:00:00+01:00
0.230000, 5.75, 2025-07-28T14:00:00+01:00, 2025-07-28T14:30:00+01:00
0.574000, 14.34, 2025-07-28T14:30:00+01:00, 2025-07-28T15:00:00+01:00
0.143000, 3.57, 2025-07-28T15:00:00+01:00, 2025-07-28T15:30:00+01:00
0.713000, 17.81, 2025-07-28T15:30:00+01:00, 2025-07-28T16:00:00+01:00
0.058000, 1.45, 2025-07-28T16:00:00+01:00, 2025-07-28T16:30:00+01:00
0.067000, 1.67, 2025-07-28T16:30:00+01:00, 2025-07-28T17:00:00+01:00
0.222000, 5.55, 2025-07-28T17:00:00+01:00, 2025-07-28T17:30:00+01:00
0.098000, 2.45, 2025-07-28T17:30:00+01:00, 2025-07-28T18:00:00+01:00
0.201000, 5.02, 2025-07-28T18:00:00+01:00, 2025-07-28T18:30:00+01:00
0.168000, 4.20, 2025-07-28T18:30:00+01:00, 2025-07-28T19:00:00+01:00
0.552000, 13.79, 2025-07-28T19:00:00+01:00, 2025-07-28T19:30:00+01:00
0.342000, 8.54, 2025-07-28T19:30:00+01:00, 2025-07-28T20:00:00+01:00
0.435000, 10.87, 2025-07-28T20:00:00+01:00, 2025-07-28T20:30:00+01:00
1.189000, 29.70, 2025-07-28T20:30:00+01:00, 2025-07-28T21:00:00+01:00
0.890000, 22.23, 2025-07-28T21:00:00+01:00, 2025-07-28T21:30:00+01:00
0.708000, 17.69, 2025-07-28T21:30:00+01:00, 2025-07-28T22:00:00+01:00
0.475000, 11.87, 2025-07-28T22:00:00+01:00, 2025-07-28T22:30:00+01:00
0.169000, 4.22, 2025-07-28T22:30:00+01:00, 2025-07-28T23:00:00+01:00
0.179000, 4.47, 2025-07-28T23:00:00+01:00, 2025-07-28T23:30:00+01:00
0.137000, 3.42, 2025-07-28T23:30:00+01:00, 2025-07-29T00:00:00+01:00
0.063000, 1.57, 2025-07-29T00:00:00+01:00, 2025-07-29T00:30:00+01:00
0.068000, 1.70, 2025-07-29T00:30:00+01:00, 2025-07-29T01:00:00+01:00
0.076000, 1.90, 2025-07-29T01:00:00+01:00, 2025-07-29T01:30:00+01:00
0.112000, 2.80, 2025-07-29T01:30:00+01:00, 2025-07-29T02:00:00+01:00
0.123000, 3.07, 2025-07-29T02:00:00+01:00, 2025-07-29T02:30:00+01:00
0.053000, 1.32, 2025-07-29T02:30:00+01:00, 2025-07-29T03:00:00+01:00
0.055000, 1.37, 2025-07-29T03:00:00+01:00, 2025-07-29T03:30:00+01:00
0.063000, 1.57, 2025-07-29T03:30:00+01:00, 2025-07-29T04:00:00+01:00
0.117000, 2.92, 2025-07-29T04:00:00+01:00, 2025-07-29T04:30:00+01:00
0.099000, 2.47, 2025-07-29T04:30:00+01:00, 2025-07-29T05:00:00+01:00
0.072000, 1.80, 2025-07-29T05:00:00+01:00, 2025-07-29T05:30:00+01:00
0.090000, 2.25, 2025-07-29T05:30:00+01:00, 2025-07-29T06:00:00+01:00
0.088000, 2.20, 2025-07-29T06:00:00+01:00, 2025-07-29T06:30:00+01:00
0.255000, 6.37, 2025-07-29T06:30:00+01:00, 2025-07-29T07:00:00+01:00
0.979000, 24.45, 2025-07-29T07:00:00+01:00, 2025-07-29T07:30:00+01:00
0.065000, 1.62, 2025-07-29T07:30:00+01:00, 2025-07-29T08:00:00+01:00
1.596000, 39.87, 2025-07-29T08:00:00+01:00, 2025-07-29T08:30:00+01:00
2.650000, 66.20, 2025-07-29T08:30:00+01:00, 2025-07-29T09:00:00+01:00
0.150000, 3.75, 2025-07-29T09:00:00+01:00, 2025-07-29T09:30:00+01:00
0.117000, 2.92, 2025-07-29T09:30:00+01:00, 2025-07-29T10:00:00+01:00
0.072000, 1.80, 2025-07-29T10:00:00+01:00, 2025-07-29T10:30:00+01:00
0.051000, 1.27, 2025-07-29T10:30:00+01:00, 2025-07-29T11:00:00+01:00
0.058000, 1.45, 2025-07-29T11:00:00+01:00, 2025-07-29T11:30:00+01:00
0.095000, 2.37, 2025-07-29T11:30:00+01:00, 2025-07-29T12:00:00+01:00
0.105000, 2.62, 2025-07-29T12:00:00+01:00, 2025-07-29T12:30:00+01:00
0.080000, 2.00, 2025-07-29T12:30:00+01:00, 2025-07-29T13:00:00+01:00
0.054000, 1.35, 2025-07-29T13:00:00+01:00, 2025-07-29T13:30:00+01:00
0.063000, 1.57, 2025-07-29T13:30:00+01:00, 2025-07-29T14:00:00+01:00
0.102000, 2.55, 2025-07-29T14:00:00+01:00, 2025-07-29T14:30:00+01:00
0.078000, 1.95, 2025-07-29T14:30:00+01:00, 2025-07-29T15:00:00+01:00
0.077000, 1.92, 2025-07-29T15:00:00+01:00, 2025-07-29T15:30:00+01:00
0.074000, 1.85, 2025-07-29T15:30:00+01:00, 2025-07-29T16:00:00+01:00
0.075000, 1.87, 2025-07-29T16:00:00+01:00, 2025-07-29T16:30:00+01:00
0.100000, 2.50, 2025-07-29T16:30:00+01:00, 2025-07-29T17:00:00+01:00
0.067000, 1.67, 2025-07-29T17:00:00+01:00, 2025-07-29T17:30:00+01:00
0.082000, 2.05, 2025-07-29T17:30:00+01:00, 2025-07-29T18:00:00+01:00
0.229000, 5.72, 2025-07-29T18:00:00+01:00, 2025-07-29T18:30:00+01:00
0.130000, 3.25, 2025-07-29T18:30:00+01:00, 2025-07-29T19:00:00+01:00
0.111000, 2.77, 2025-07-29T19:00:00+01:00, 2025-07-29T19:30:00+01:00
0.050000, 1.25, 2025-07-29T19:30:00+01:00, 2025-07-29T20:00:00+01:00
0.058000, 1.45, 2025-07-29T20:00:00+01:00, 2025-07-29T20:30:00+01:00
0.055000, 1.37, 2025-07-29T20:30:00+01:00, 2025-07-29T21:00:00+01:00
0.104000, 2.60, 2025-07-29T21:00:00+01:00, 2025-07-29T21:30:00+01:00
0.082000, 2.05, 2025-07-29T21:30:00+01:00, 2025-07-29T22:00:00+01:00
0.050000, 1.25, 2025-07-29T22:00:00+01:00, 2025-07-29T22:30:00+01:00
0.074000, 1.85, 2025-07-29T22:30:00+01:00, 2025-07-29T23:00:00+01:00
0.268000, 6.69, 2025-07-29T23:00:00+01:00, 2025-07-29T23:30:00+01:00
0.117000, 2.92, 2025-07-29T23:30:00+01:00, 2025-07-30T00:00:00+01:00
0.095000, 2.37, 2025-07-30T00:00:00+01:00, 2025-07-30T00:30:00+01:00
0.062000, 1.55, 2025-07-30T00:30:00+01:00, 2025-07-30T01:00:00+01:00
0.055000, 1.37, 2025-07-30T01:00:00+01:00, 2025-07-30T01:30:00+01:00
0.164000, 4.10, 2025-07-30T01:30:00+01:00, 2025-07-30T02:00:00+01:00
0.187000, 4.67, 2025-07-30T02:00:00+01:00, 2025-07-30T02:30:00+01:00
0.155000, 3.87, 2025-07-30T02:30:00+01:00, 2025-07-30T03:00:00+01:00
0.115000, 2.87, 2025-07-30T03:00:00+01:00, 2025-07-30T03:30:00+01:00
0.125000, 3.12, 2025-07-30T03:30:00+01:00, 2025-07-30T04:00:00+01:00
0.128000, 3.20, 2025-07-30T04:00:00+01:00, 2025-07-30T04:30:00+01:00
0.139000, 3.47, 2025-07-30T04:30:00+01:00, 2025-07-30T05:00:00+01:00
0.105000, 2.62, 2025-07-30T05:00:00+01:00, 2025-07-30T05:30:00+01:00
0.082000, 2.05, 2025-07-30T05:30:00+01:00, 2025-07-30T06:00:00+01:00
0.051000, 1.27, 2025-07-30T06:00:00+01:00, 2025-07-30T06:30:00+01:00
0.094000, 2.35, 2025-07-30T06:30:00+01:00, 2025-07-30T07:00:00+01:00
0.888000, 22.18, 2025-07-30T07:00:00+01:00, 2025-07-30T07:30:00+01:00
0.109000, 2.72, 2025-07-30T07:30:00+01:00, 2025-07-30T08:00:00+01:00
0.069000, 1.72, 2025-07-30T08:00:00+01:00, 2025-07-30T08:30:00+01:00
0.057000, 1.42, 2025-07-30T08:30:00+01:00, 2025-07-30T09:00:00+01:00
0.083000, 2.07, 2025-07-30T09:00:00+01:00, 2025-07-30T09:30:00+01:00
0.187000, 4.67, 2025-07-30T09:30:00+01:00, 2025-07-30T10:00:00+01:00
0.412000, 10.29, 2025-07-30T10:00:00+01:00, 2025-07-30T10:30:00+01:00
0.172000, 4.30, 2025-07-30T10:30:00+01:00, 2025-07-30T11:00:00+01:00
0.434000, 10.84, 2025-07-30T11:00:00+01:00, 2025-07-30T11:30:00+01:00
0.613000, 15.31, 2025-07-30T11:30:00+01:00, 2025-07-30T12:00:00+01:00
0.572000, 14.29, 2025-07-30T12:00:00+01:00, 2025-07-30T12:30:00+01:00
2.266000, 56.60, 2025-07-30T12:30:00+01:00, 2025-07-30T13:00:00+01:00
0.367000, 9.17, 2025-07-30T13:00:00+01:00, 2025-07-30T13:30:00+01:00
0.289000, 7.22, 2025-07-30T13:30:00+01:00, 2025-07-30T14:00:00+01:00
1.942000, 48.51, 2025-07-30T14:00:00+01:00, 2025-07-30T14:30:00+01:00
0.108000, 2.70, 2025-07-30T14:30:00+01:00, 2025-07-30T15:00:00+01:00
0.058000, 1.45, 2025-07-30T15:00:00+01:00, 2025-07-30T15:30:00+01:00
0.088000, 2.20, 2025-07-30T15:30:00+01:00, 2025-07-30T16:00:00+01:00
0.080000, 2.00, 2025-07-30T16:00:00+01:00, 2025-07-30T16:30:00+01:00
0.101000, 2.52, 2025-07-30T16:30:00+01:00, 2025-07-30T17:00:00+01:00
0.090000, 2.25, 2025-07-30T17:00:00+01:00, 2025-07-30T17:30:00+01:00
0.062000, 1.55, 2025-07-30T17:30:00+01:00, 2025-07-30T18:00:00+01:00
0.080000, 2.00, 2025-07-30T18:00:00+01:00, 2025-07-30T18:30:00+01:00
0.090000, 2.25, 2025-07-30T18:30:00+01:00, 2025-07-30T19:00:00+01:00
0.317000, 7.92, 2025-07-30T19:00:00+01:00, 2025-07-30T19:30:00+01:00
0.633000, 15.81, 2025-07-30T19:30:00+01:00, 2025-07-30T20:00:00+01:00
0.109000, 2.72, 2025-07-30T20:00:00+01:00, 2025-07-30T20:30:00+01:00
0.129000, 3.22, 2025-07-30T20:30:00+01:00, 2025-07-30T21:00:00+01:00
0.159000, 3.97, 2025-07-30T21:00:00+01:00, 2025-07-30T21:30:00+01:00
0.147000, 3.67, 2025-07-30T21:30:00+01:00, 2025-07-30T22:00:00+01:00
0.138000, 3.45, 2025-07-30T22:00:00+01:00, 2025-07-30T22:30:00+01:00
0.231000, 5.77, 2025-07-30T22:30:00+01:00, 2025-07-30T23:00:00+01:00
0.183000, 4.57, 2025-07-30T23:00:00+01:00, 2025-07-30T23:30:00+01:00
0.141000, 3.52, 2025-07-30T23:30:00+01:00, 2025-07-31T00:00:00+01:00
0.169000, 4.22, 2025-07-31T00:00:00+01:00, 2025-07-31T00:30:00+01:00
0.187000, 4.67, 2025-07-31T00:30:00+01:00, 2025-07-31T01:00:00+01:00
0.186000, 4.65, 2025-07-31T01:00:00+01:00, 2025-07-31T01:30:00+01:00
0.097000, 2.42, 2025-07-31T01:30:00+01:00, 2025-07-31T02:00:00+01:00
0.062000, 1.55, 2025-07-31T02:00:00+01:00, 2025-07-31T02:30:00+01:00
0.083000, 2.07, 2025-07-31T02:30:00+01:00, 2025-07-31T03:00:00+01:00
0.106000, 2.65, 2025-07-31T03:00:00+01:00, 2025-07-31T03:30:00+01:00
0.107000, 2.67, 2025-07-31T03:30:00+01:00, 2025-07-31T04:00:00+01:00
0.091000, 2.27, 2025-07-31T04:00:00+01:00, 2025-07-31T04:30:00+01:00
0.068000, 1.70, 2025-07-31T04:30:00+01:00, 2025-07-31T05:00:00+01:00
0.063000, 1.57, 2025-07-31T05:00:00+01:00, 2025-07-31T05:30:00+01:00
0.112000, 2.80, 2025-07-31T05:30:00+01:00, 2025-07-31T06:00:00+01:00
0.099000, 2.47, 2025-07-31T06:00:00+01:00, 2025-07-31T06:30:00+01:00
0.073000, 1.82, 2025-07-31T06:30:00+01:00, 2025-07-31T07:00:00+01:00
0.104000, 2.60, 2025-07-31T07:00:00+01:00, 2025-07-31T07:30:00+01:00
0.080000, 2.00, 2025-07-31T07:30:00+01:00, 2025-07-31T08:00:00+01:00
0.141000, 3.52, 2025-07-31T08:00:00+01:00, 2025-07-31T08:30:00+01:00
0.275000, 6.87, 2025-07-31T08:30:00+01:00, 2025-07-31T09:00:00+01:00
0.315000, 7.87, 2025-07-31T09:00:00+01:00, 2025-07-31T09:30:00+01:00
0.775000, 19.36, 2025-07-31T09:30:00+01:00, 2025-07-31T10:00:00+01:00
0.192000, 4.80, 2025-07-31T10:00:00+01:00, 2025-07-31T10:30:00+01:00
0.113000, 2.82, 2025-07-31T10:30:00+01:00, 2025-07-31T11:00:00+01:00
0.102000, 2.55, 2025-07-31T11:00:00+01:00, 2025-07-31T11:30:00+01:00
0.102000, 2.55, 2025-07-31T11:30:00+01:00, 2025-07-31T12:00:00+01:00
0.484000, 12.09, 2025-07-31T12:00:00+01:00, 2025-07-31T12:30:00+01:00
0.138000, 3.45, 2025-07-31T12:30:00+01:00, 2025-07-31T13:00:00+01:00
0.171000, 4.27, 2025-07-31T13:00:00+01:00, 2025-07-31T13:30:00+01:00
0.136000, 3.40, 2025-07-31T13:30:00+01:00, 2025-07-31T14:00:00+01:00
0.665000, 16.61, 2025-07-31T14:00:00+01:00, 2025-07-31T14:30:00+01:00
0.608000, 15.19, 2025-07-31T14:30:00+01:00, 2025-07-31T15:00:00+01:00
0.219000, 5.47, 2025-07-31T15:00:00+01:00, 2025-07-31T15:30:00+01:00
0.442000, 11.04, 2025-07-31T15:30:00+01:00, 2025-07-31T16:00:00+01:00
1.321000, 33.00, 2025-07-31T16:00:00+01:00, 2025-07-31T16:30:00+01:00
0.087000, 2.17, 2025-07-31T16:30:00+01:00, 2025-07-31T17:00:00+01:00
0.213000, 5.32, 2025-07-31T17:00:00+01:00, 2025-07-31T17:30:00+01:00
0.252000, 6.29, 2025-07-31T17:30:00+01:00, 2025-07-31T18:00:00+01:00
0.187000, 4.67, 2025-07-31T18:00:00+01:00, 2025-07-31T18:30:00+01:00
0.143000, 3.57, 2025-07-31T18:30:00+01:00, 2025-07-31T19:00:00+01:00
0.567000, 14.16, 2025-07-31T19:00:00+01:00, 2025-07-31T19:30:00+01:00
0.230000, 5.75, 2025-07-31T19:30:00+01:00, 2025-07-31T20:00:00+01:00
0.198000, 4.95, 2025-07-31T20:00:00+01:00, 2025-07-31T20:30:00+01:00
0.235000, 5.87, 2025-07-31T20:30:00+01:00, 2025-07-31T21:00:00+01:00
0.186000, 4.65, 2025-07-31T21:00:00+01:00, 2025-07-31T21:30:00+01:00
0.180000, 4.50, 2025-07-31T21:30:00+01:00, 2025-07-31T22:00:00+01:00
0.180000, 4.50, 2025-07-31T22:00:00+01:00, 2025-07-31T22:30:00+01:00
0.166000, 4.15, 2025-07-31T22:30:00+01:00, 2025-07-31T23:00:00+01:00
0.159000, 3.97, 2025-07-31T23:00:00+01:00, 2025-07-31T23:30:00+01:00
0.181000, 4.52, 2025-07-31T23:30:00+01:00, 2025-08-01T00:00:00+01:00
0.179000, 4.47, 2025-08-01T00:00:00+01:00, 2025-08-01T00:30:00+01:00
0.148000, 3.70, 2025-08-01T00:30:00+01:00, 2025-08-01T01:00:00+01:00
0.167000, 4.17, 2025-08-01T01:00:00+01:00, 2025-08-01T01:30:00+01:00
0.148000, 3.70, 2025-08-01T01:30:00+01:00, 2025-08-01T02:00:00+01:00
0.157000, 3.92, 2025-08-01T02:00:00+01:00, 2025-08-01T02:30:00+01:00
0.107000, 2.67, 2025-08-01T02:30:00+01:00, 2025-08-01T03:00:00+01:00
0.060000, 1.50, 2025-08-01T03:00:00+01:00, 2025-08-01T03:30:00+01:00
0.089000, 2.22, 2025-08-01T03:30:00+01:00, 2025-08-01T04:00:00+01:00
0.089000, 2.22, 2025-08-01T04:00:00+01:00, 2025-08-01T04:30:00+01:00
0.104000, 2.60, 2025-08-01T04:30:00+01:00, 2025-08-01T05:00:00+01:00
0.094000, 2.35, 2025-08-01T05:00:00+01:00, 2025-08-01T05:30:00+01:00
0.058000, 1.45, 2025-08-01T05:30:00+01:00, 2025-08-01T06:00:00+01:00
0.063000, 1.57, 2025-08-01T06:00:00+01:00, 2025-08-01T06:30:00+01:00
0.102000, 2.55, 2025-08-01T06:30:00+01:00, 2025-08-01T07:00:00+01:00
0.121000, 3.02, 2025-08-01T07:00:00+01:00, 2025-08-01T07:30:00+01:00
0.083000, 2.07, 2025-08-01T07:30:00+01:00, 2025-08-01T08:00:00+01:00
0.079000, 1.97, 2025-08-01T08:00:00+01:00, 2025-08-01T08:30:00+01:00
0.108000, 2.70, 2025-08-01T08:30:00+01:00, 2025-08-01T09:00:00+01:00
0.127000, 3.17, 2025-08-01T09:00:00+01:00, 2025-08-01T09:30:00+01:00
0.574000, 14.34, 2025-08-01T09:30:00+01:00, 2025-08-01T10:00:00+01:00
0.693000, 17.31, 2025-08-01T10:00:00+01:00, 2025-08-01T10:30:00+01:00
0.366000, 9.14, 2025-08-01T10:30:00+01:00, 2025-08-01T11:00:00+01:00
0.299000, 7.47, 2025-08-01T11:00:00+01:00, 2025-08-01T11:30:00+01:00
0.292000, 7.29, 2025-08-01T11:30:00+01:00, 2025-08-01T12:00:00+01:00
0.330000, 8.24, 2025-08-01T12:00:00+01:00, 2025-08-01T12:30:00+01:00
1.863000, 46.54, 2025-08-01T12:30:00+01:00, 2025-08-01T13:00:00+01:00
0.163000, 4.07, 2025-08-01T13:00:00+01:00, 2025-08-01T13:30:00+01:00
0.105000, 2.62, 2025-08-01T13:30:00+01:00, 2025-08-01T14:00:00+01:00
0.380000, 9.49, 2025-08-01T14:00:00+01:00, 2025-08-01T14:30:00+01:00
1.392000, 34.77, 2025-08-01T14:30:00+01:00, 2025-08-01T15:00:00+01:00
1.084000, 27.08, 2025-08-01T15:00:00+01:00, 2025-08-01T15:30:00+01:00
0.264000, 6.59, 2025-08-01T15:30:00+01:00, 2025-08-01T16:00:00+01:00
0.136000, 3.40, 2025-08-01T16:00:00+01:00, 2025-08-01T16:30:00+01:00
1.624000, 40.57, 2025-08-01T16:30:00+01:00, 2025-08-01T17:00:00+01:00
0.472000, 11.79, 2025-08-01T17:00:00+01:00, 2025-08-01T17:30:00+01:00
0.104000, 2.60, 2025-08-01T17:30:00+01:00, 2025-08-01T18:00:00+01:00
0.120000, 3.00, 2025-08-01T18:00:00+01:00, 2025-08-01T18:30:00+01:00
0.158000, 3.95, 2025-08-01T18:30:00+01:00, 2025-08-01T19:00:00+01:00
0.165000, 4.12, 2025-08-01T19:00:00+01:00, 2025-08-01T19:30:00+01:00
0.118000, 2.95, 2025-08-01T19:30:00+01:00, 2025-08-01T20:00:00+01:00
0.142000, 3.55, 2025-08-01T20:00:00+01:00, 2025-08-01T20:30:00+01:00
0.117000, 2.92, 2025-08-01T20:30:00+01:00, 2025-08-01T21:00:00+01:00
0.165000, 4.12, 2025-08-01T21:00:00+01:00, 2025-08-01T21:30:00+01:00
0.151000, 3.77, 2025-08-01T21:30:00+01:00, 2025-08-01T22:00:00+01:00
0.148000, 3.70, 2025-08-01T22:00:00+01:00, 2025-08-01T22:30:00+01:00
0.154000, 3.85, 2025-08-01T22:30:00+01:00, 2025-08-01T23:00:00+01:00
0.100000, 2.50, 2025-08-01T23:00:00+01:00, 2025-08-01T23:30:00+01:00
0.118000, 2.95, 2025-08-01T23:30:00+01:00, 2025-08-02T00:00:00+01:00
0.097000, 2.42, 2025-08-02T00:00:00+01:00, 2025-08-02T00:30:00+01:00
0.068000, 1.70, 2025-08-02T00:30:00+01:00, 2025-08-02T01:00:00+01:00
0.078000, 1.95, 2025-08-02T01:00:00+01:00, 2025-08-02T01:30:00+01:00
0.110000, 2.75, 2025-08-02T01:30:00+01:00, 2025-08-02T02:00:00+01:00
0.107000, 2.67, 2025-08-02T02:00:00+01:00, 2025-08-02T02:30:00+01:00
0.081000, 2.02, 2025-08-02T02:30:00+01:00, 2025-08-02T03:00:00+01:00
0.062000, 1.55, 2025-08-02T03:00:00+01:00, 2025-08-02T03:30:00+01:00
0.052000, 1.30, 2025-08-02T03:30:00+01:00, 2025-08-02T04:00:00+01:00
0.064000, 1.60, 2025-08-02T04:00:00+01:00, 2025-08-02T04:30:00+01:00
0.096000, 2.40, 2025-08-02T04:30:00+01:00, 2025-08-02T05:00:00+01:00
0.112000, 2.80, 2025-08-02T05:00:00+01:00, 2025-08-02T05:30:00+01:00
0.061000, 1.52, 2025-08-02T05:30:00+01:00, 2025-08-02T06:00:00+01:00
0.050000, 1.25, 2025-08-02T06:00:00+01:00, 2025-08-02T06:30:00+01:00
0.060000, 1.50, 2025-08-02T06:30:00+01:00, 2025-08-02T07:00:00+01:00
0.094000, 2.35, 2025-08-02T07:00:00+01:00, 2025-08-02T07:30:00+01:00
0.083000, 2.07, 2025-08-02T07:30:00+01:00, 2025-08-02T08:00:00+01:00
0.055000, 1.37, 2025-08-02T08:00:00+01:00, 2025-08-02T08:30:00+01:00
0.098000, 2.45, 2025-08-02T08:30:00+01:00, 2025-08-02T09:00:00+01:00
0.883000, 22.06, 2025-08-02T09:00:00+01:00, 2025-08-02T09:30:00+01:00
0.145000, 3.62, 2025-08-02T09:30:00+01:00, 2025-08-02T10:00:00+01:00
0.073000, 1.82, 2025-08-02T10:00:00+01:00, 2025-08-02T10:30:00+01:00
0.063000, 1.57, 2025-08-02T10:30:00+01:00, 2025-08-02T11:00:00+01:00
0.196000, 4.90, 2025-08-02T11:00:00+01:00, 2025-08-02T11:30:00+01:00
0.099000, 2.47, 2025-08-02T11:30:00+01:00, 2025-08-02T12:00:00+01:00
0.101000, 2.52, 2025-08-02T12:00:00+01:00, 2025-08-02T12:30:00+01:00
0.059000, 1.47, 2025-08-02T12:30:00+01:00, 2025-08-02T13:00:00+01:00
0.061000, 1.52, 2025-08-02T13:00:00+01:00, 2025-08-02T13:30:00+01:00
0.056000, 1.40, 2025-08-02T13:30:00+01:00, 2025-08-02T14:00:00+01:00
0.097000, 2.42, 2025-08-02T14:00:00+01:00, 2025-08-02T14:30:00+01:00
0.128000, 3.20, 2025-08-02T14:30:00+01:00, 2025-08-02T15:00:00+01:00
0.523000, 13.06, 2025-08-02T15:00:00+01:00, 2025-08-02T15:30:00+01:00
0.114000, 2.85, 2025-08-02T15:30:00+01:00, 2025-08-02T16:00:00+01:00
0.122000, 3.05, 2025-08-02T16:00:00+01:00, 2025-08-02T16:30:00+01:00
0.291000, 7.27, 2025-08-02T16:30:00+01:00, 2025-08-02T17:00:00+01:00
0.218000, 5.45, 2025-08-02T17:00:00+01:00, 2025-08-02T17:30:00+01:00
0.118000, 2.95, 2025-08-02T17:30:00+01:00, 2025-08-02T18:00:00+01:00
0.111000, 2.77, 2025-08-02T18:00:00+01:00, 2025-08-02T18:30:00+01:00
0.117000, 2.92, 2025-08-02T18:30:00+01:00, 2025-08-02T19:00:00+01:00
1.760000, 43.96, 2025-08-02T19:00:00+01:00, 2025-08-02T19:30:00+01:00
0.223000, 5.57, 2025-08-02T19:30:00+01:00, 2025-08-02T20:00:00+01:00
1.044000, 26.08, 2025-08-02T20:00:00+01:00, 2025-08-02T20:30:00+01:00
0.164000, 4.10, 2025-08-02T20:30:00+01:00, 2025-08-02T21:00:00+01:00
0.164000, 4.10, 2025-08-02T21:00:00+01:00, 2025-08-02T21:30:00+01:00
0.243000, 6.07, 2025-08-02T21:30:00+01:00, 2025-08-02T22:00:00+01:00
0.155000, 3.87, 2025-08-02T22:00:00+01:00, 2025-08-02T22:30:00+01:00
0.130000, 3.25, 2025-08-02T22:30:00+01:00, 2025-08-02T23:00:00+01:00
0.123000, 3.07, 2025-08-02T23:00:00+01:00, 2025-08-02T23:30:00+01:00
0.219000, 5.47, 2025-08-02T23:30:00+01:00, 2025-08-03T00:00:00+01:00
0.112000, 2.80, 2025-08-03T00:00:00+01:00, 2025-08-03T00:30:00+01:00
0.117000, 2.92, 2025-08-03T00:30:00+01:00, 2025-08-03T01:00:00+01:00
0.091000, 2.27, 2025-08-03T01:00:00+01:00, 2025-08-03T01:30:00+01:00
0.067000, 1.67, 2025-08-03T01:30:00+01:00, 2025-08-03T02:00:00+01:00
0.092000, 2.30, 2025-08-03T02:00:00+01:00, 2025-08-03T02:30:00+01:00
0.096000, 2.40, 2025-08-03T02:30:00+01:00, 2025-08-03T03:00:00+01:00
0.082000, 2.05, 2025-08-03T03:00:00+01:00, 2025-08-03T03:30:00+01:00
0.063000, 1.57, 2025-08-03T03:30:00+01:00, 2025-08-03T04:00:00+01:00
0.071000, 1.77, 2025-08-03T04:00:00+01:00, 2025-08-03T04:30:00+01:00
0.052000, 1.30, 2025-08-03T04:30:00+01:00, 2025-08-03T05:00:00+01:00
0.103000, 2.57, 2025-08-03T05:00:00+01:00, 2025-08-03T05:30:00+01:00
0.421000, 10.52, 2025-08-03T05:30:00+01:00, 2025-08-03T06:00:00+01:00
0.064000, 1.60, 2025-08-03T06:00:00+01:00, 2025-08-03T06:30:00+01:00
0.059000, 1.47, 2025-08-03T06:30:00+01:00, 2025-08-03T07:00:00+01:00
0.084000, 2.10, 2025-08-03T07:00:00+01:00, 2025-08-03T07:30:00+01:00
0.452000, 11.29, 2025-08-03T07:30:00+01:00, 2025-08-03T08:00:00+01:00
0.731000, 18.26, 2025-08-03T08:00:00+01:00, 2025-08-03T08:30:00+01:00
0.133000, 3.32, 2025-08-03T08:30:00+01:00, 2025-08-03T09:00:00+01:00
0.072000, 1.80, 2025-08-03T09:00:00+01:00, 2025-08-03T09:30:00+01:00
0.069000, 1.72, 2025-08-03T09:30:00+01:00, 2025-08-03T10:00:00+01:00
0.550000, 13.74, 2025-08-03T10:00:00+01:00, 2025-08-03T10:30:00+01:00
0.931000, 23.26, 2025-08-03T10:30:00+01:00, 2025-08-03T11:00:00+01:00
0.154000, 3.85, 2025-08-03T11:00:00+01:00, 2025-08-03T11:30:00+01:00
0.051000, 1.27, 2025-08-03T11:30:00+01:00, 2025-08-03T12:00:00+01:00
0.050000, 1.25, 2025-08-03T12:00:00+01:00, 2025-08-03T12:30:00+01:00
0.074000, 1.85, 2025-08-03T12:30:00+01:00, 2025-08-03T13:00:00+01:00
0.105000, 2.62, 2025-08-03T13:00:00+01:00, 2025-08-03T13:30:00+01:00
0.101000, 2.52, 2025-08-03T13:30:00+01:00, 2025-08-03T14:00:00+01:00
0.066000, 1.65, 2025-08-03T14:00:00+01:00, 2025-08-03T14:30:00+01:00
0.050000, 1.25, 2025-08-03T14:30:00+01:00, 2025-08-03T15:00:00+01:00
0.076000, 1.90, 2025-08-03T15:00:00+01:00, 2025-08-03T15:30:00+01:00
0.093000, 2.32, 2025-08-03T15:30:00+01:00, 2025-08-03T16:00:00+01:00
0.160000, 4.00, 2025-08-03T16:00:00+01:00, 2025-08-03T16:30:00+01:00
0.874000, 21.83, 2025-08-03T16:30:00+01:00, 2025-08-03T17:00:00+01:00
0.151000, 3.77, 2025-08-03T17:00:00+01:00, 2025-08-03T17:30:00+01:00
0.075000, 1.87, 2025-08-03T17:30:00+01:00, 2025-08-03T18:00:00+01:00
0.097000, 2.42, 2025-08-03T18:00:00+01:00, 2025-08-03T18:30:00+01:00
0.110000, 2.75, 2025-08-03T18:30:00+01:00, 2025-08-03T19:00:00+01:00
0.097000, 2.42, 2025-08-03T19:00:00+01:00, 2025-08-03T19:30:00+01:00
0.155000, 3.87, 2025-08-03T19:30:00+01:00, 2025-08-03T20:00:00+01:00
1.242000, 31.02, 2025-08-03T20:00:00+01:00, 2025-08-03T20:30:00+01:00
0.135000, 3.37, 2025-08-03T20:30:00+01:00, 2025-08-03T21:00:00+01:00
0.128000, 3.20, 2025-08-03T21:00:00+01:00, 2025-08-03T21:30:00+01:00
0.086000, 2.15, 2025-08-03T21:30:00+01:00, 2025-08-03T22:00:00+01:00
0.092000, 2.30, 2025-08-03T22:00:00+01:00, 2025-08-03T22:30:00+01:00
0.111000, 2.77, 2025-08-03T22:30:00+01:00, 2025-08-03T23:00:00+01:00
0.108000, 2.70, 2025-08-03T23:00:00+01:00, 2025-08-03T23:30:00+01:00
0.101000, 2.52, 2025-08-03T23:30:00+01:00, 2025-08-04T00:00:00+01:00
0.093000, 2.32, 2025-08-04T00:00:00+01:00, 2025-08-04T00:30:00+01:00
0.072000, 1.80, 2025-08-04T00:30:00+01:00, 2025-08-04T01:00:00+01:00
0.088000, 2.20, 2025-08-04T01:00:00+01:00, 2025-08-04T01:30:00+01:00
0.102000, 2.55, 2025-08-04T01:30:00+01:00, 2025-08-04T02:00:00+01:00
0.087000, 2.17, 2025-08-04T02:00:00+01:00, 2025-08-04T02:30:00+01:00
0.081000, 2.02, 2025-08-04T02:30:00+01:00, 2025-08-04T03:00:00+01:00
0.067000, 1.67, 2025-08-04T03:00:00+01:00, 2025-08-04T03:30:00+01:00
0.072000, 1.80, 2025-08-04T03:30:00+01:00, 2025-08-04T04:00:00+01:00
0.107000, 2.67, 2025-08-04T04:00:00+01:00, 2025-08-04T04:30:00+01:00
0.083000, 2.07, 2025-08-04T04:30:00+01:00, 2025-08-04T05:00:00+01:00
0.690000, 17.24, 2025-08-04T05:00:00+01:00, 2025-08-04T05:30:00+01:00
0.107000, 2.67, 2025-08-04T05:30:00+01:00, 2025-08-04T06:00:00+01:00
0.100000, 2.50, 2025-08-04T06:00:00+01:00, 2025-08-04T06:30:00+01:00
0.099000, 2.47, 2025-08-04T06:30:00+01:00, 2025-08-04T07:00:00+01:00
0.105000, 2.62, 2025-08-04T07:00:00+01:00, 2025-08-04T07:30:00+01:00
0.066000, 1.65, 2025-08-04T07:30:00+01:00, 2025-08-04T08:00:00+01:00
0.068000, 1.70, 2025-08-04T08:00:00+01:00, 2025-08-04T08:30:00+01:00
0.085000, 2.12, 2025-08-04T08:30:00+01:00, 2025-08-04T09:00:00+01:00
0.142000, 3.55, 2025-08-04T09:00:00+01:00, 2025-08-04T09:30:00+01:00
0.417000, 10.42, 2025-08-04T09:30:00+01:00, 2025-08-04T10:00:00+01:00
0.354000, 8.84, 2025-08-04T10:00:00+01:00, 2025-08-04T10:30:00+01:00
0.094000, 2.35, 2025-08-04T10:30:00+01:00, 2025-08-04T11:00:00+01:00
0.070000, 1.75, 2025-08-04T11:00:00+01:00, 2025-08-04T11:30:00+01:00
0.094000, 2.35, 2025-08-04T11:30:00+01:00, 2025-08-04T12:00:00+01:00
0.083000, 2.07, 2025-08-04T12:00:00+01:00, 2025-08-04T12:30:00+01:00
0.171000, 4.27, 2025-08-04T12:30:00+01:00, 2025-08-04T13:00:00+01:00
0.873000, 21.81, 2025-08-04T13:00:00+01:00, 2025-08-04T13:30:00+01:00
0.715000, 17.86, 2025-08-04T13:30:00+01:00, 2025-08-04T14:00:00+01:00
0.462000, 11.54, 2025-08-04T14:00:00+01:00, 2025-08-04T14:30:00+01:00
1.426000, 35.62, 2025-08-04T14:30:00+01:00, 2025-08-04T15:00:00+01:00
0.077000, 1.92, 2025-08-04T15:00:00+01:00, 2025-08-04T15:30:00+01:00
0.092000, 2.30, 2025-08-04T15:30:00+01:00, 2025-08-04T16:00:00+01:00
0.097000, 2.42, 2025-08-04T16:00:00+01:00, 2025-08-04T16:30:00+01:00
0.098000, 2.45, 2025-08-04T16:30:00+01:00, 2025-08-04T17:00:00+01:00
0.079000, 1.97, 2025-08-04T17:00:00+01:00, 2025-08-04T17:30:00+01:00
0.058000, 1.45, 2025-08-04T17:30:00+01:00, 2025-08-04T18:00:00+01:00
0.075000, 1.87, 2025-08-04T18:00:00+01:00, 2025-08-04T18:30:00+01:00
0.755000, 18.86, 2025-08-04T18:30:00+01:00, 2025-08-04T19:00:00+01:00
1.304000, 32.57, 2025-08-04T19:00:00+01:00, 2025-08-04T19:30:00+01:00
0.144000, 3.60, 2025-08-04T19:30:00+01:00, 2025-08-04T20:00:00+01:00
0.127000, 3.17, 2025-08-04T20:00:00+01:00, 2025-08-04T20:30:00+01:00
0.152000, 3.80, 2025-08-04T20:30:00+01:00, 2025-08-04T21:00:00+01:00
0.183000, 4.57, 2025-08-04T21:00:00+01:00, 2025-08-04T21:30:00+01:00
0.165000, 4.12, 2025-08-04T21:30:00+01:00, 2025-08-04T22:00:00+01:00
0.113000, 2.82, 2025-08-04T22:00:00+01:00, 2025-08-04T22:30:00+01:00
0.095000, 2.37, 2025-08-04T22:30:00+01:00, 2025-08-04T23:00:00+01:00
0.096000, 2.40, 2025-08-04T23:00:00+01:00, 2025-08-04T23:30:00+01:00
0.107000, 2.67, 2025-08-04T23:30:00+01:00, 2025-08-05T00:00:00+01:00
0.142000, 3.55, 2025-08-05T00:00:00+01:00, 2025-08-05T00:30:00+01:00
0.134000, 3.35, 2025-08-05T00:30:00+01:00, 2025-08-05T01:00:00+01:00
0.122000, 3.05, 2025-08-05T01:00:00+01:00, 2025-08-05T01:30:00+01:00
0.075000, 1.87, 2025-08-05T01:30:00+01:00, 2025-08-05T02:00:00+01:00
0.081000, 2.02, 2025-08-05T02:00:00+01:00, 2025-08-05T02:30:00+01:00
0.111000, 2.77, 2025-08-05T02:30:00+01:00, 2025-08-05T03:00:00+01:00
0.141000, 3.52, 2025-08-05T03:00:00+01:00, 2025-08-05T03:30:00+01:00
0.101000, 2.52, 2025-08-05T03:30:00+01:00, 2025-08-05T04:00:00+01:00
0.060000, 1.50, 2025-08-05T04:00:00+01:00, 2025-08-05T04:30:00+01:00
0.054000, 1.35, 2025-08-05T04:30:00+01:00, 2025-08-05T05:00:00+01:00
1.007000, 25.15, 2025-08-05T05:00:00+01:00, 2025-08-05T05:30:00+01:00
0.116000, 2.90, 2025-08-05T05:30:00+01:00, 2025-08-05T06:00:00+01:00
0.108000, 2.70, 2025-08-05T06:00:00+01:00, 2025-08-05T06:30:00+01:00
0.108000, 2.70, 2025-08-05T06:30:00+01:00, 2025-08-05T07:00:00+01:00
0.079000, 1.97, 2025-08-05T07:00:00+01:00, 2025-08-05T07:30:00+01:00
0.081000, 2.02, 2025-08-05T07:30:00+01:00, 2025-08-05T08:00:00+01:00
1.083000, 27.05, 2025-08-05T08:00:00+01:00, 2025-08-05T08:30:00+01:00
1.099000, 27.45, 2025-08-05T08:30:00+01:00, 2025-08-05T09:00:00+01:00
0.090000, 2.25, 2025-08-05T09:00:00+01:00, 2025-08-05T09:30:00+01:00
0.050000, 1.25, 2025-08-05T09:30:00+01:00, 2025-08-05T10:00:00+01:00
0.078000, 1.95, 2025-08-05T10:00:00+01:00, 2025-08-05T10:30:00+01:00
0.057000, 1.42, 2025-08-05T10:30:00+01:00, 2025-08-05T11:00:00+01:00
0.103000, 2.57, 2025-08-05T11:00:00+01:00, 2025-08-05T11:30:00+01:00
0.117000, 2.92, 2025-08-05T11:30:00+01:00, 2025-08-05T12:00:00+01:00
0.059000, 1.47, 2025-08-05T12:00:00+01:00, 2025-08-05T12:30:00+01:00
0.050000, 1.25, 2025-08-05T12:30:00+01:00, 2025-08-05T13:00:00+01:00
0.112000, 2.80, 2025-08-05T13:00:00+01:00, 2025-08-05T13:30:00+01:00
0.116000, 2.90, 2025-08-05T13:30:00+01:00, 2025-08-05T14:00:00+01:00
0.121000, 3.02, 2025-08-05T14:00:00+01:00, 2025-08-05T14:30:00+01:00
0.099000, 2.47, 2025-08-05T14:30:00+01:00, 2025-08-05T15:00:00+01:00
0.055000, 1.37, 2025-08-05T15:00:00+01:00, 2025-08-05T15:30:00+01:00
0.074000, 1.85, 2025-08-05T15:30:00+01:00, 2025-08-05T16:00:00+01:00
0.129000, 3.22, 2025-08-05T16:00:00+01:00, 2025-08-05T16:30:00+01:00
0.130000, 3.25, 2025-08-05T16:30:00+01:00, 2025-08-05T17:00:00+01:00
0.081000, 2.02, 2025-08-05T17:00:00+01:00, 2025-08-05T17:30:00+01:00
0.068000, 1.70, 2025-08-05T17:30:00+01:00, 2025-08-05T18:00:00+01:00
0.351000, 8.77, 2025-08-05T18:00:00+01:00, 2025-08-05T18:30:00+01:00
0.127000, 3.17, 2025-08-05T18:30:00+01:00, 2025-08-05T19:00:00+01:00
0.094000, 2.35, 2025-08-05T19:00:00+01:00, 2025-08-05T19:30:00+01:00
0.194000, 4.85, 2025-08-05T19:30:00+01:00, 2025-08-05T20:00:00+01:00
0.079000, 1.97, 2025-08-05T20:00:00+01:00, 2025-08-05T20:30:00+01:00
0.327000, 8.17, 2025-08-05T20:30:00+01:00, 2025-08-05T21:00:00+01:00
0.202000, 5.05, 2025-08-05T21:00:00+01:00, 2025-08-05T21:30:00+01:00
0.195000, 4.87, 2025-08-05T21:30:00+01:00, 2025-08-05T22:00:00+01:00
0.133000, 3.32, 2025-08-05T22:00:00+01:00, 2025-08-05T22:30:00+01:00
0.086000, 2.15, 2025-08-05T22:30:00+01:00, 2025-08-05T23:00:00+01:00
0.067000, 1.67, 2025-08-05T23:00:00+01:00, 2025-08-05T23:30:00+01:00
0.120000, 3.00, 2025-08-05T23:30:00+01:00, 2025-08-06T00:00:00+01:00
0.127000, 3.17, 2025-08-06T00:00:00+01:00, 2025-08-06T00:30:00+01:00
0.136000, 3.40, 2025-08-06T00:30:00+01:00, 2025-08-06T01:00:00+01:00
0.090000, 2.25, 2025-08-06T01:00:00+01:00, 2025-08-06T01:30:00+01:00
0.067000, 1.67, 2025-08-06T01:30:00+01:00, 2025-08-06T02:00:00+01:00
0.084000, 2.10, 2025-08-06T02:00:00+01:00, 2025-08-06T02:30:00+01:00
0.096000, 2.40, 2025-08-06T02:30:00+01:00, 2025-08-06T03:00:00+01:00
0.105000, 2.62, 2025-08-06T03:00:00+01:00, 2025-08-06T03:30:00+01:00
0.085000, 2.12, 2025-08-06T03:30:00+01:00, 2025-08-06T04:00:00+01:00
0.056000, 1.40, 2025-08-06T04:00:00+01:00, 2025-08-06T04:30:00+01:00
0.054000, 1.35, 2025-08-06T04:30:00+01:00, 2025-08-06T05:00:00+01:00
0.092000, 2.30, 2025-08-06T05:00:00+01:00, 2025-08-06T05:30:00+01:00
0.095000, 2.37, 2025-08-06T05:30:00+01:00, 2025-08-06T06:00:00+01:00
0.940000, 23.48, 2025-08-06T06:00:00+01:00, 2025-08-06T06:30:00+01:00
0.086000, 2.15, 2025-08-06T06:30:00+01:00, 2025-08-06T07:00:00+01:00
0.064000, 1.60, 2025-08-06T07:00:00+01:00, 2025-08-06T07:30:00+01:00
0.065000, 1.62, 2025-08-06T07:30:00+01:00, 2025-08-06T08:00:00+01:00
0.102000, 2.55, 2025-08-06T08:00:00+01:00, 2025-08-06T08:30:00+01:00
0.076000, 1.90, 2025-08-06T08:30:00+01:00, 2025-08-06T09:00:00+01:00
0.058000, 1.45, 2025-08-06T09:00:00+01:00, 2025-08-06T09:30:00+01:00
0.226000, 5.65, 2025-08-06T09:30:00+01:00, 2025-08-06T10:00:00+01:00
0.114000, 2.85, 2025-08-06T10:00:00+01:00, 2025-08-06T10:30:00+01:00
0.108000, 2.70, 2025-08-06T10:30:00+01:00, 2025-08-06T11:00:00+01:00
0.158000, 3.95, 2025-08-06T11:00:00+01:00, 2025-08-06T11:30:00+01:00
0.087000, 2.17, 2025-08-06T11:30:00+01:00, 2025-08-06T12:00:00+01:00
0.101000, 2.52, 2025-08-06T12:00:00+01:00, 2025-08-06T12:30:00+01:00
2.097000, 52.38, 2025-08-06T12:30:00+01:00, 2025-08-06T13:00:00+01:00
2.331000, 58.23, 2025-08-06T13:00:00+01:00, 2025-08-06T13:30:00+01:00
0.225000, 5.62, 2025-08-06T13:30:00+01:00, 2025-08-06T14:00:00+01:00
0.075000, 1.87, 2025-08-06T14:00:00+01:00, 2025-08-06T14:30:00+01:00
0.061000, 1.52, 2025-08-06T14:30:00+01:00, 2025-08-06T15:00:00+01:00
0.098000, 2.45, 2025-08-06T15:00:00+01:00, 2025-08-06T15:30:00+01:00
0.136000, 3.40, 2025-08-06T15:30:00+01:00, 2025-08-06T16:00:00+01:00
0.117000, 2.92, 2025-08-06T16:00:00+01:00, 2025-08-06T16:30:00+01:00
0.085000, 2.12, 2025-08-06T16:30:00+01:00, 2025-08-06T17:00:00+01:00
0.063000, 1.57, 2025-08-06T17:00:00+01:00, 2025-08-06T17:30:00+01:00
0.085000, 2.12, 2025-08-06T17:30:00+01:00, 2025-08-06T18:00:00+01:00
0.259000, 6.47, 2025-08-06T18:00:00+01:00, 2025-08-06T18:30:00+01:00
0.212000, 5.30, 2025-08-06T18:30:00+01:00, 2025-08-06T19:00:00+01:00
0.866000, 21.63, 2025-08-06T19:00:00+01:00, 2025-08-06T19:30:00+01:00
0.382000, 9.54, 2025-08-06T19:30:00+01:00, 2025-08-06T20:00:00+01:00
0.114000, 2.85, 2025-08-06T20:00:00+01:00, 2025-08-06T20:30:00+01:00
0.394000, 9.84, 2025-08-06T20:30:00+01:00, 2025-08-06T21:00:00+01:00
0.202000, 5.05, 2025-08-06T21:00:00+01:00, 2025-08-06T21:30:00+01:00
0.154000, 3.85, 2025-08-06T21:30:00+01:00, 2025-08-06T22:00:00+01:00
0.160000, 4.00, 2025-08-06T22:00:00+01:00, 2025-08-06T22:30:00+01:00
0.129000, 3.22, 2025-08-06T22:30:00+01:00, 2025-08-06T23:00:00+01:00
0.262000, 6.54, 2025-08-06T23:00:00+01:00, 2025-08-06T23:30:00+01:00
0.201000, 5.02, 2025-08-06T23:30:00+01:00, 2025-08-07T00:00:00+01:00
0.106000, 2.65, 2025-08-07T00:00:00+01:00, 2025-08-07T00:30:00+01:00
0.091000, 2.27, 2025-08-07T00:30:00+01:00, 2025-08-07T01:00:00+01:00
0.094000, 2.35, 2025-08-07T01:00:00+01:00, 2025-08-07T01:30:00+01:00
0.118000, 2.95, 2025-08-07T01:30:00+01:00, 2025-08-07T02:00:00+01:00
0.170000, 4.25, 2025-08-07T02:00:00+01:00, 2025-08-07T02:30:00+01:00
0.167000, 4.17, 2025-08-07T02:30:00+01:00, 2025-08-07T03:00:00+01:00
0.120000, 3.00, 2025-08-07T03:00:00+01:00, 2025-08-07T03:30:00+01:00
0.076000, 1.90, 2025-08-07T03:30:00+01:00, 2025-08-07T04:00:00+01:00
0.098000, 2.45, 2025-08-07T04:00:00+01:00, 2025-08-07T04:30:00+01:00
0.118000, 2.95, 2025-08-07T04:30:00+01:00, 2025-08-07T05:00:00+01:00
0.097000, 2.42, 2025-08-07T05:00:00+01:00, 2025-08-07T05:30:00+01:00
0.078000, 1.95, 2025-08-07T05:30:00+01:00, 2025-08-07T06:00:00+01:00
0.052000, 1.30, 2025-08-07T06:00:00+01:00, 2025-08-07T06:30:00+01:00
0.066000, 1.65, 2025-08-07T06:30:00+01:00, 2025-08-07T07:00:00+01:00
0.124000, 3.10, 2025-08-07T07:00:00+01:00, 2025-08-07T07:30:00+01:00
0.100000, 2.50, 2025-08-07T07:30:00+01:00, 2025-08-07T08:00:00+01:00
0.073000, 1.82, 2025-08-07T08:00:00+01:00, 2025-08-07T08:30:00+01:00
0.240000, 6.00, 2025-08-07T08:30:00+01:00, 2025-08-07T09:00:00+01:00
0.080000, 2.00, 2025-08-07T09:00:00+01:00, 2025-08-07T09:30:00+01:00
0.253000, 6.32, 2025-08-07T09:30:00+01:00, 2025-08-07T10:00:00+01:00
2.092000, 52.26, 2025-08-07T10:00:00+01:00, 2025-08-07T10:30:00+01:00
1.278000, 31.92, 2025-08-07T10:30:00+01:00, 2025-08-07T11:00:00+01:00
0.218000, 5.45, 2025-08-07T11:00:00+01:00, 2025-08-07T11:30:00+01:00
0.137000, 3.42, 2025-08-07T11:30:00+01:00, 2025-08-07T12:00:00+01:00
0.207000, 5.17, 2025-08-07T12:00:00+01:00, 2025-08-07T12:30:00+01:00
1.919000, 47.94, 2025-08-07T12:30:00+01:00, 2025-08-07T13:00:00+01:00
0.165000, 4.12, 2025-08-07T13:00:00+01:00, 2025-08-07T13:30:00+01:00
0.109000, 2.72, 2025-08-07T13:30:00+01:00, 2025-08-07T14:00:00+01:00
0.059000, 1.47, 2025-08-07T14:00:00+01:00, 2025-08-07T14:30:00+01:00
0.050000, 1.25, 2025-08-07T14:30:00+01:00, 2025-08-07T15:00:00+01:00
0.097000, 2.42, 2025-08-07T15:00:00+01:00, 2025-08-07T15:30:00+01:00
0.094000, 2.35, 2025-08-07T15:30:00+01:00, 2025-08-07T16:00:00+01:00
0.063000, 1.57, 2025-08-07T16:00:00+01:00, 2025-08-07T16:30:00+01:00
0.055000, 1.37, 2025-08-07T16:30:00+01:00, 2025-08-07T17:00:00+01:00
0.072000, 1.80, 2025-08-07T17:00:00+01:00, 2025-08-07T17:30:00+01:00
0.112000, 2.80, 2025-08-07T17:30:00+01:00, 2025-08-07T18:00:00+01:00
0.096000, 2.40, 2025-08-07T18:00:00+01:00, 2025-08-07T18:30:00+01:00
0.064000, 1.60, 2025-08-07T18:30:00+01:00, 2025-08-07T19:00:00+01:00
0.060000, 1.50, 2025-08-07T19:00:00+01:00, 2025-08-07T19:30:00+01:00
0.098000, 2.45, 2025-08-07T19:30:00+01:00, 2025-08-07T20:00:00+01:00
0.231000, 5.77, 2025-08-07T20:00:00+01:00, 2025-08-07T20:30:00+01:00
0.460000, 11.49, 2025-08-07T20:30:00+01:00, 2025-08-07T21:00:00+01:00
0.804000, 20.08, 2025-08-07T21:00:00+01:00, 2025-08-07T21:30:00+01:00
0.188000, 4.70, 2025-08-07T21:30:00+01:00, 2025-08-07T22:00:00+01:00
0.151000, 3.77, 2025-08-07T22:00:00+01:00, 2025-08-07T22:30:00+01:00
0.203000, 5.07, 2025-08-07T22:30:00+01:00, 2025-08-07T23:00:00+01:00
0.208000, 5.20, 2025-08-07T23:00:00+01:00, 2025-08-07T23:30:00+01:00
0.150000, 3.75, 2025-08-07T23:30:00+01:00, 2025-08-08T00:00:00+01:00
0.115000, 2.87, 2025-08-08T00:00:00+01:00, 2025-08-08T00:30:00+01:00
0.103000, 2.57, 2025-08-08T00:30:00+01:00, 2025-08-08T01:00:00+01:00
0.123000, 3.07, 2025-08-08T01:00:00+01:00, 2025-08-08T01:30:00+01:00
0.132000, 3.30, 2025-08-08T01:30:00+01:00, 2025-08-08T02:00:00+01:00
0.135000, 3.37, 2025-08-08T02:00:00+01:00, 2025-08-08T02:30:00+01:00
0.141000, 3.52, 2025-08-08T02:30:00+01:00, 2025-08-08T03:00:00+01:00
0.122000, 3.05, 2025-08-08T03:00:00+01:00, 2025-08-08T03:30:00+01:00
0.111000, 2.77, 2025-08-08T03:30:00+01:00, 2025-08-08T04:00:00+01:00
0.092000, 2.30, 2025-08-08T04:00:00+01:00, 2025-08-08T04:30:00+01:00
0.146000, 3.65, 2025-08-08T04:30:00+01:00, 2025-08-08T05:00:00+01:00
0.101000, 2.52, 2025-08-08T05:00:00+01:00, 2025-08-08T05:30:00+01:00
0.061000, 1.52, 2025-08-08T05:30:00+01:00, 2025-08-08T06:00:00+01:00
0.062000, 1.55, 2025-08-08T06:00:00+01:00, 2025-08-08T06:30:00+01:00
0.083000, 2.07, 2025-08-08T06:30:00+01:00, 2025-08-08T07:00:00+01:00
0.100000, 2.50, 2025-08-08T07:00:00+01:00, 2025-08-08T07:30:00+01:00
0.099000, 2.47, 2025-08-08T07:30:00+01:00, 2025-08-08T08:00:00+01:00
0.070000, 1.75, 2025-08-08T08:00:00+01:00, 2025-08-08T08:30:00+01:00
0.052000, 1.30, 2025-08-08T08:30:00+01:00, 2025-08-08T09:00:00+01:00
0.360000, 8.99, 2025-08-08T09:00:00+01:00, 2025-08-08T09:30:00+01:00
1.247000, 31.15, 2025-08-08T09:30:00+01:00, 2025-08-08T10:00:00+01:00
1.392000, 34.77, 2025-08-08T10:00:00+01:00, 2025-08-08T10:30:00+01:00
0.139000, 3.47, 2025-08-08T10:30:00+01:00, 2025-08-08T11:00:00+01:00
0.194000, 4.85, 2025-08-08T11:00:00+01:00, 2025-08-08T11:30:00+01:00
0.114000, 2.85, 2025-08-08T11:30:00+01:00, 2025-08-08T12:00:00+01:00
0.478000, 11.94, 2025-08-08T12:00:00+01:00, 2025-08-08T12:30:00+01:00
0.132000, 3.30, 2025-08-08T12:30:00+01:00, 2025-08-08T13:00:00+01:00
0.292000, 7.29, 2025-08-08T13:00:00+01:00, 2025-08-08T13:30:00+01:00
0.082000, 2.05, 2025-08-08T13:30:00+01:00, 2025-08-08T14:00:00+01:00
0.079000, 1.97, 2025-08-08T14:00:00+01:00, 2025-08-08T14:30:00+01:00
0.133000, 3.32, 2025-08-08T14:30:00+01:00, 2025-08-08T15:00:00+01:00
1.435000, 35.85, 2025-08-08T15:00:00+01:00, 2025-08-08T15:30:00+01:00
0.089000, 2.22, 2025-08-08T15:30:00+01:00, 2025-08-08T16:00:00+01:00
0.097000, 2.42, 2025-08-08T16:00:00+01:00, 2025-08-08T16:30:00+01:00
0.113000, 2.82, 2025-08-08T16:30:00+01:00, 2025-08-08T17:00:00+01:00
0.139000, 3.47, 2025-08-08T17:00:00+01:00, 2025-08-08T17:30:00+01:00
0.108000, 2.70, 2025-08-08T17:30:00+01:00, 2025-08-08T18:00:00+01:00
0.287000, 7.17, 2025-08-08T18:00:00+01:00, 2025-08-08T18:30:00+01:00
0.094000, 2.35, 2025-08-08T18:30:00+01:00, 2025-08-08T19:00:00+01:00
0.328000, 8.19, 2025-08-08T19:00:00+01:00, 2025-08-08T19:30:00+01:00
0.430000, 10.74, 2025-08-08T19:30:00+01:00, 2025-08-08T20:00:00+01:00
0.280000, 6.99, 2025-08-08T20:00:00+01:00, 2025-08-08T20:30:00+01:00
0.155000, 3.87, 2025-08-08T20:30:00+01:00, 2025-08-08T21:00:00+01:00
0.160000, 4.00, 2025-08-08T21:00:00+01:00, 2025-08-08T21:30:00+01:00
0.155000, 3.87, 2025-08-08T21:30:00+01:00, 2025-08-08T22:00:00+01:00
0.188000, 4.70, 2025-08-08T22:00:00+01:00, 2025-08-08T22:30:00+01:00
0.226000, 5.65, 2025-08-08T22:30:00+01:00, 2025-08-08T23:00:00+01:00
0.198000, 4.95, 2025-08-08T23:00:00+01:00, 2025-08-08T23:30:00+01:00
0.122000, 3.05, 2025-08-08T23:30:00+01:00, 2025-08-09T00:00:00+01:00
0.054000, 1.35, 2025-08-09T00:00:00+01:00, 2025-08-09T00:30:00+01:00
0.085000, 2.12, 2025-08-09T00:30:00+01:00, 2025-08-09T01:00:00+01:00
0.111000, 2.77, 2025-08-09T01:00:00+01:00, 2025-08-09T01:30:00+01:00
0.097000, 2.42, 2025-08-09T01:30:00+01:00, 2025-08-09T02:00:00+01:00
0.095000, 2.37, 2025-08-09T02:00:00+01:00, 2025-08-09T02:30:00+01:00
0.059000, 1.47, 2025-08-09T02:30:00+01:00, 2025-08-09T03:00:00+01:00
0.081000, 2.02, 2025-08-09T03:00:00+01:00, 2025-08-09T03:30:00+01:00
0.052000, 1.30, 2025-08-09T03:30:00+01:00, 2025-08-09T04:00:00+01:00
0.125000, 3.12, 2025-08-09T04:00:00+01:00, 2025-08-09T04:30:00+01:00
0.135000, 3.37, 2025-08-09T04:30:00+01:00, 2025-08-09T05:00:00+01:00
0.080000, 2.00, 2025-08-09T05:00:00+01:00, 2025-08-09T05:30:00+01:00
0.051000, 1.27, 2025-08-09T05:30:00+01:00, 2025-08-09T06:00:00+01:00
0.058000, 1.45, 2025-08-09T06:00:00+01:00, 2025-08-09T06:30:00+01:00
0.081000, 2.02, 2025-08-09T06:30:00+01:00, 2025-08-09T07:00:00+01:00
0.107000, 2.67, 2025-08-09T07:00:00+01:00, 2025-08-09T07:30:00+01:00
0.096000, 2.40, 2025-08-09T07:30:00+01:00, 2025-08-09T08:00:00+01:00
0.092000, 2.30, 2025-08-09T08:00:00+01:00, 2025-08-09T08:30:00+01:00
0.052000, 1.30, 2025-08-09T08:30:00+01:00, 2025-08-09T09:00:00+01:00
0.110000, 2.75, 2025-08-09T09:00:00+01:00, 2025-08-09T09:30:00+01:00
0.106000, 2.65, 2025-08-09T09:30:00+01:00, 2025-08-09T10:00:00+01:00
0.867000, 21.66, 2025-08-09T10:00:00+01:00, 2025-08-09T10:30:00+01:00
0.169000, 4.22, 2025-08-09T10:30:00+01:00, 2025-08-09T11:00:00+01:00
0.212000, 5.30, 2025-08-09T11:00:00+01:00, 2025-08-09T11:30:00+01:00
1.435000, 35.85, 2025-08-09T11:30:00+01:00, 2025-08-09T12:00:00+01:00
0.698000, 17.44, 2025-08-09T12:00:00+01:00, 2025-08-09T12:30:00+01:00
1.124000, 28.08, 2025-08-09T12:30:00+01:00, 2025-08-09T13:00:00+01:00
0.168000, 4.20, 2025-08-09T13:00:00+01:00, 2025-08-09T13:30:00+01:00
0.141000, 3.52, 2025-08-09T13:30:00+01:00, 2025-08-09T14:00:00+01:00
0.084000, 2.10, 2025-08-09T14:00:00+01:00, 2025-08-09T14:30:00+01:00
0.307000, 7.67, 2025-08-09T14:30:00+01:00, 2025-08-09T15:00:00+01:00
2.706000, 67.59, 2025-08-09T15:00:00+01:00, 2025-08-09T15:30:00+01:00
0.507000, 12.66, 2025-08-09T15:30:00+01:00, 2025-08-09T16:00:00+01:00
0.157000, 3.92, 2025-08-09T16:00:00+01:00, 2025-08-09T16:30:00+01:00
0.418000, 10.44, 2025-08-09T16:30:00+01:00, 2025-08-09T17:00:00+01:00
0.501000, 12.51, 2025-08-09T17:00:00+01:00, 2025-08-09T17:30:00+01:00
0.537000, 13.41, 2025-08-09T17:30:00+01:00, 2025-08-09T18:00:00+01:00
0.141000, 3.52, 2025-08-09T18:00:00+01:00, 2025-08-09T18:30:00+01:00
0.142000, 3.55, 2025-08-09T18:30:00+01:00, 2025-08-09T19:00:00+01:00
0.415000, 10.37, 2025-08-09T19:00:00+01:00, 2025-08-09T19:30:00+01:00
0.094000, 2.35, 2025-08-09T19:30:00+01:00, 2025-08-09T20:00:00+01:00
0.171000, 4.27, 2025-08-09T20:00:00+01:00, 2025-08-09T20:30:00+01:00
0.136000, 3.40, 2025-08-09T20:30:00+01:00, 2025-08-09T21:00:00+01:00
0.191000, 4.77, 2025-08-09T21:00:00+01:00, 2025-08-09T21:30:00+01:00
0.216000, 5.40, 2025-08-09T21:30:00+01:00, 2025-08-09T22:00:00+01:00
0.191000, 4.77, 2025-08-09T22:00:00+01:00, 2025-08-09T22:30:00+01:00
0.190000, 4.75, 2025-08-09T22:30:00+01:00, 2025-08-09T23:00:00+01:00
0.233000, 5.82, 2025-08-09T23:00:00+01:00, 2025-08-09T23:30:00+01:00
0.187000, 4.67, 2025-08-09T23:30:00+01:00, 2025-08-10T00:00:00+01:00
0.175000, 4.37, 2025-08-10T00:00:00+01:00, 2025-08-10T00:30:00+01:00
0.193000, 4.82, 2025-08-10T00:30:00+01:00, 2025-08-10T01:00:00+01:00
0.149000, 3.72, 2025-08-10T01:00:00+01:00, 2025-08-10T01:30:00+01:00
0.158000, 3.95, 2025-08-10T01:30:00+01:00, 2025-08-10T02:00:00+01:00
0.162000, 4.05, 2025-08-10T02:00:00+01:00, 2025-08-10T02:30:00+01:00
0.174000, 4.35, 2025-08-10T02:30:00+01:00, 2025-08-10T03:00:00+01:00
0.185000, 4.62, 2025-08-10T03:00:00+01:00, 2025-08-10T03:30:00+01:00
0.146000, 3.65, 2025-08-10T03:30:00+01:00, 2025-08-10T04:00:00+01:00
0.101000, 2.52, 2025-08-10T04:00:00+01:00, 2025-08-10T04:30:00+01:00
0.068000, 1.70, 2025-08-10T04:30:00+01:00, 2025-08-10T05:00:00+01:00
0.122000, 3.05, 2025-08-10T05:00:00+01:00, 2025-08-10T05:30:00+01:00
0.746000, 18.63, 2025-08-10T05:30:00+01:00, 2025-08-10T06:00:00+01:00
0.075000, 1.87, 2025-08-10T06:00:00+01:00, 2025-08-10T06:30:00+01:00
0.058000, 1.45, 2025-08-10T06:30:00+01:00, 2025-08-10T07:00:00+01:00
0.052000, 1.30, 2025-08-10T07:00:00+01:00, 2025-08-10T07:30:00+01:00
0.441000, 11.02, 2025-08-10T07:30:00+01:00, 2025-08-10T08:00:00+01:00
0.189000, 4.72, 2025-08-10T08:00:00+01:00, 2025-08-10T08:30:00+01:00
0.079000, 1.97, 2025-08-10T08:30:00+01:00, 2025-08-10T09:00:00+01:00
0.073000, 1.82, 2025-08-10T09:00:00+01:00, 2025-08-10T09:30:00+01:00
0.088000, 2.20, 2025-08-10T09:30:00+01:00, 2025-08-10T10:00:00+01:00
1.975000, 49.33, 2025-08-10T10:00:00+01:00, 2025-08-10T10:30:00+01:00
1.895000, 47.34, 2025-08-10T10:30:00+01:00, 2025-08-10T11:00:00+01:00
0.130000, 3.25, 2025-08-10T11:00:00+01:00, 2025-08-10T11:30:00+01:00
0.077000, 1.92, 2025-08-10T11:30:00+01:00, 2025-08-10T12:00:00+01:00
0.086000, 2.15, 2025-08-10T12:00:00+01:00, 2025-08-10T12:30:00+01:00
0.094000, 2.35, 2025-08-10T12:30:00+01:00, 2025-08-10T13:00:00+01:00
0.097000, 2.42, 2025-08-10T13:00:00+01:00, 2025-08-10T13:30:00+01:00
0.090000, 2.25, 2025-08-10T13:30:00+01:00, 2025-08-10T14:00:00+01:00
0.089000, 2.22, 2025-08-10T14:00:00+01:00, 2025-08-10T14:30:00+01:00
0.080000, 2.00, 2025-08-10T14:30:00+01:00, 2025-08-10T15:00:00+01:00
0.516000, 12.89, 2025-08-10T15:00:00+01:00, 2025-08-10T15:30:00+01:00
0.253000, 6.32, 2025-08-10T15:30:00+01:00, 2025-08-10T16:00:00+01:00
0.139000, 3.47, 2025-08-10T16:00:00+01:00, 2025-08-10T16:30:00+01:00
0.117000, 2.92, 2025-08-10T16:30:00+01:00, 2025-08-10T17:00:00+01:00
0.090000, 2.25, 2025-08-10T17:00:00+01:00, 2025-08-10T17:30:00+01:00
0.057000, 1.42, 2025-08-10T17:30:00+01:00, 2025-08-10T18:00:00+01:00
0.678000, 16.94, 2025-08-10T18:00:00+01:00, 2025-08-10T18:30:00+01:00
0.523000, 13.06, 2025-08-10T18:30:00+01:00, 2025-08-10T19:00:00+01:00
0.184000, 4.60, 2025-08-10T19:00:00+01:00, 2025-08-10T19:30:00+01:00
1.098000, 27.43, 2025-08-10T19:30:00+01:00, 2025-08-10T20:00:00+01:00
0.236000, 5.90, 2025-08-10T20:00:00+01:00, 2025-08-10T20:30:00+01:00
0.118000, 2.95, 2025-08-10T20:30:00+01:00, 2025-08-10T21:00:00+01:00
0.198000, 4.95, 2025-08-10T21:00:00+01:00, 2025-08-10T21:30:00+01:00
1.147000, 28.65, 2025-08-10T21:30:00+01:00, 2025-08-10T22:00:00+01:00
0.190000, 4.75, 2025-08-10T22:00:00+01:00, 2025-08-10T22:30:00+01:00
0.148000, 3.70, 2025-08-10T22:30:00+01:00, 2025-08-10T23:00:00+01:00
0.119000, 2.97, 2025-08-10T23:00:00+01:00, 2025-08-10T23:30:00+01:00
0.122000, 3.05, 2025-08-10T23:30:00+01:00, 2025-08-11T00:00:00+01:00
0.157000, 3.92, 2025-08-11T00:00:00+01:00, 2025-08-11T00:30:00+01:00
0.147000, 3.67, 2025-08-11T00:30:00+01:00, 2025-08-11T01:00:00+01:00
0.097000, 2.42, 2025-08-11T01:00:00+01:00, 2025-08-11T01:30:00+01:00
0.107000, 2.67, 2025-08-11T01:30:00+01:00, 2025-08-11T02:00:00+01:00
0.126000, 3.15, 2025-08-11T02:00:00+01:00, 2025-08-11T02:30:00+01:00
0.167000, 4.17, 2025-08-11T02:30:00+01:00, 2025-08-11T03:00:00+01:00
0.111000, 2.77, 2025-08-11T03:00:00+01:00, 2025-08-11T03:30:00+01:00
0.053000, 1.32, 2025-08-11T03:30:00+01:00, 2025-08-11T04:00:00+01:00
0.060000, 1.50, 2025-08-11T04:00:00+01:00, 2025-08-11T04:30:00+01:00
0.094000, 2.35, 2025-08-11T04:30:00+01:00, 2025-08-11T05:00:00+01:00
0.288000, 7.19, 2025-08-11T05:00:00+01:00, 2025-08-11T05:30:00+01:00
0.073000, 1.82, 2025-08-11T05:30:00+01:00, 2025-08-11T06:00:00+01:00
0.058000, 1.45, 2025-08-11T06:00:00+01:00, 2025-08-11T06:30:00+01:00
0.068000, 1.70, 2025-08-11T06:30:00+01:00, 2025-08-11T07:00:00+01:00
0.111000, 2.77, 2025-08-11T07:00:00+01:00, 2025-08-11T07:30:00+01:00
0.108000, 2.70, 2025-08-11T07:30:00+01:00, 2025-08-11T08:00:00+01:00
0.055000, 1.37, 2025-08-11T08:00:00+01:00, 2025-08-11T08:30:00+01:00
0.060000, 1.50, 2025-08-11T08:30:00+01:00, 2025-08-11T09:00:00+01:00
0.094000, 2.35, 2025-08-11T09:00:00+01:00, 2025-08-11T09:30:00+01:00
0.133000, 3.32, 2025-08-11T09:30:00+01:00, 2025-08-11T10:00:00+01:00
0.108000, 2.70, 2025-08-11T10:00:00+01:00, 2025-08-11T10:30:00+01:00
0.054000, 1.35, 2025-08-11T10:30:00+01:00, 2025-08-11T11:00:00+01:00
0.069000, 1.72, 2025-08-11T11:00:00+01:00, 2025-08-11T11:30:00+01:00
0.338000, 8.44, 2025-08-11T11:30:00+01:00, 2025-08-11T12:00:00+01:00
0.198000, 4.95, 2025-08-11T12:00:00+01:00, 2025-08-11T12:30:00+01:00
0.472000, 11.79, 2025-08-11T12:30:00+01:00, 2025-08-11T13:00:00+01:00
0.687000, 17.16, 2025-08-11T13:00:00+01:00, 2025-08-11T13:30:00+01:00
0.055000, 1.37, 2025-08-11T13:30:00+01:00, 2025-08-11T14:00:00+01:00
0.094000, 2.35, 2025-08-11T14:00:00+01:00, 2025-08-11T14:30:00+01:00
0.128000, 3.20, 2025-08-11T14:30:00+01:00, 2025-08-11T15:00:00+01:00
0.103000, 2.57, 2025-08-11T15:00:00+01:00, 2025-08-11T15:30:00+01:00
0.075000, 1.87, 2025-08-11T15:30:00+01:00, 2025-08-11T16:00:00+01:00
0.079000, 1.97, 2025-08-11T16:00:00+01:00, 2025-08-11T16:30:00+01:00
0.115000, 2.87, 2025-08-11T16:30:00+01:00, 2025-08-11T17:00:00+01:00
0.270000, 6.74, 2025-08-11T17:00:00+01:00, 2025-08-11T17:30:00+01:00
0.124000, 3.10, 2025-08-11T17:30:00+01:00, 2025-08-11T18:00:00+01:00
0.116000, 2.90, 2025-08-11T18:00:00+01:00, 2025-08-11T18:30:00+01:00
0.265000, 6.62, 2025-08-11T18:30:00+01:00, 2025-08-11T19:00:00+01:00
0.179000, 4.47, 2025-08-11T19:00:00+01:00, 2025-08-11T19:30:00+01:00
0.134000, 3.35, 2025-08-11T19:30:00+01:00, 2025-08-11T20:00:00+01:00
1.585000, 39.59, 2025-08-11T20:00:00+01:00, 2025-08-11T20:30:00+01:00
0.201000, 5.02, 2025-08-11T20:30:00+01:00, 2025-08-11T21:00:00+01:00
0.086000, 2.15, 2025-08-11T21:00:00+01:00, 2025-08-11T21:30:00+01:00
0.341000, 8.52, 2025-08-11T21:30:00+01:00, 2025-08-11T22:00:00+01:00
0.494000, 12.34, 2025-08-11T22:00:00+01:00, 2025-08-11T22:30:00+01:00
0.142000, 3.55, 2025-08-11T22:30:00+01:00, 2025-08-11T23:00:00+01:00
0.087000, 2.17, 2025-08-11T23:00:00+01:00, 2025-08-11T23:30:00+01:00
0.087000, 2.17, 2025-08-11T23:30:00+01:00, 2025-08-12T00:00:00+01:00
0.121000, 3.02, 2025-08-12T00:00:00+01:00, 2025-08-12T00:30:00+01:00
0.121000, 3.02, 2025-08-12T00:30:00+01:00, 2025-08-12T01:00:00+01:00
0.077000, 1.92, 2025-08-12T01:00:00+01:00, 2025-08-12T01:30:00+01:00
0.086000, 2.15, 2025-08-12T01:30:00+01:00, 2025-08-12T02:00:00+01:00
0.090000, 2.25, 2025-08-12T02:00:00+01:00, 2025-08-12T02:30:00+01:00
0.128000, 3.20, 2025-08-12T02:30:00+01:00, 2025-08-12T03:00:00+01:00
0.140000, 3.50, 2025-08-12T03:00:00+01:00, 2025-08-12T03:30:00+01:00
0.079000, 1.97, 2025-08-12T03:30:00+01:00, 2025-08-12T04:00:00+01:00
0.051000, 1.27, 2025-08-12T04:00:00+01:00, 2025-08-12T04:30:00+01:00
0.075000, 1.87, 2025-08-12T04:30:00+01:00, 2025-08-12T05:00:00+01:00
0.127000, 3.17, 2025-08-12T05:00:00+01:00, 2025-08-12T05:30:00+01:00
0.106000, 2.65, 2025-08-12T05:30:00+01:00, 2025-08-12T06:00:00+01:00
0.056000, 1.40, 2025-08-12T06:00:00+01:00, 2025-08-12T06:30:00+01:00
0.447000, 11.17, 2025-08-12T06:30:00+01:00, 2025-08-12T07:00:00+01:00
0.135000, 3.37, 2025-08-12T07:00:00+01:00, 2025-08-12T07:30:00+01:00
0.144000, 3.60, 2025-08-12T07:30:00+01:00, 2025-08-12T08:00:00+01:00
0.133000, 3.32, 2025-08-12T08:00:00+01:00, 2025-08-12T08:30:00+01:00
0.079000, 1.97, 2025-08-12T08:30:00+01:00, 2025-08-12T09:00:00+01:00
0.094000, 2.35, 2025-08-12T09:00:00+01:00, 2025-08-12T09:30:00+01:00
0.099000, 2.47, 2025-08-12T09:30:00+01:00, 2025-08-12T10:00:00+01:00
0.119000, 2.97, 2025-08-12T10:00:00+01:00, 2025-08-12T10:30:00+01:00
0.110000, 2.75, 2025-08-12T10:30:00+01:00, 2025-08-12T11:00:00+01:00
0.104000, 2.60, 2025-08-12T11:00:00+01:00, 2025-08-12T11:30:00+01:00
0.268000, 6.69, 2025-08-12T11:30:00+01:00, 2025-08-12T12:00:00+01:00
0.111000, 2.77, 2025-08-12T12:00:00+01:00, 2025-08-12T12:30:00+01:00
0.122000, 3.05, 2025-08-12T12:30:00+01:00, 2025-08-12T13:00:00+01:00
0.104000, 2.60, 2025-08-12T13:00:00+01:00, 2025-08-12T13:30:00+01:00
0.077000, 1.92, 2025-08-12T13:30:00+01:00, 2025-08-12T14:00:00+01:00
0.081000, 2.02, 2025-08-12T14:00:00+01:00, 2025-08-12T14:30:00+01:00
0.106000, 2.65, 2025-08-12T14:30:00+01:00, 2025-08-12T15:00:00+01:00
0.717000, 17.91, 2025-08-12T15:00:00+01:00, 2025-08-12T15:30:00+01:00
0.102000, 2.55, 2025-08-12T15:30:00+01:00, 2025-08-12T16:00:00+01:00
0.080000, 2.00, 2025-08-12T16:00:00+01:00, 2025-08-12T16:30:00+01:00
0.075000, 1.87, 2025-08-12T16:30:00+01:00, 2025-08-12T17:00:00+01:00
0.121000, 3.02, 2025-08-12T17:00:00+01:00, 2025-08-12T17:30:00+01:00
0.119000, 2.97, 2025-08-12T17:30:00+01:00, 2025-08-12T18:00:00+01:00
0.837000, 20.91, 2025-08-12T18:00:00+01:00, 2025-08-12T18:30:00+01:00
0.302000, 7.54, 2025-08-12T18:30:00+01:00, 2025-08-12T19:00:00+01:00
0.142000, 3.55, 2025-08-12T19:00:00+01:00, 2025-08-12T19:30:00+01:00
0.133000, 3.32, 2025-08-12T19:30:00+01:00, 2025-08-12T20:00:00+01:00
0.141000, 3.52, 2025-08-12T20:00:00+01:00, 2025-08-12T20:30:00+01:00
0.118000, 2.95, 2025-08-12T20:30:00+01:00, 2025-08-12T21:00:00+01:00
0.709000, 17.71, 2025-08-12T21:00:00+01:00, 2025-08-12T21:30:00+01:00
0.199000, 4.97, 2025-08-12T21:30:00+01:00, 2025-08-12T22:00:00+01:00
0.203000, 5.07, 2025-08-12T22:00:00+01:00, 2025-08-12T22:30:00+01:00
0.171000, 4.27, 2025-08-12T22:30:00+01:00, 2025-08-12T23:00:00+01:00
0.163000, 4.07, 2025-08-12T23:00:00+01:00, 2025-08-12T23:30:00+01:00
0.166000, 4.15, 2025-08-12T23:30:00+01:00, 2025-08-13T00:00:00+01:00
0.175000, 4.37, 2025-08-13T00:00:00+01:00, 2025-08-13T00:30:00+01:00
0.203000, 5.07, 2025-08-13T00:30:00+01:00, 2025-08-13T01:00:00+01:00
0.188000, 4.70, 2025-08-13T01:00:00+01:00, 2025-08-13T01:30:00+01:00
0.157000, 3.92, 2025-08-13T01:30:00+01:00, 2025-08-13T02:00:00+01:00
0.151000, 3.77, 2025-08-13T02:00:00+01:00, 2025-08-13T02:30:00+01:00
0.182000, 4.55, 2025-08-13T02:30:00+01:00, 2025-08-13T03:00:00+01:00
0.205000, 5.12, 2025-08-13T03:00:00+01:00, 2025-08-13T03:30:00+01:00
0.153000, 3.82, 2025-08-13T03:30:00+01:00, 2025-08-13T04:00:00+01:00
0.082000, 2.05, 2025-08-13T04:00:00+01:00, 2025-08-13T04:30:00+01:00
0.078000, 1.95, 2025-08-13T04:30:00+01:00, 2025-08-13T05:00:00+01:00
0.092000, 2.30, 2025-08-13T05:00:00+01:00, 2025-08-13T05:30:00+01:00
0.102000, 2.55, 2025-08-13T05:30:00+01:00, 2025-08-13T06:00:00+01:00
0.078000, 1.95, 2025-08-13T06:00:00+01:00, 2025-08-13T06:30:00+01:00
0.085000, 2.12, 2025-08-13T06:30:00+01:00, 2025-08-13T07:00:00+01:00
0.058000, 1.45, 2025-08-13T07:00:00+01:00, 2025-08-13T07:30:00+01:00
0.102000, 2.55, 2025-08-13T07:30:00+01:00, 2025-08-13T08:00:00+01:00
0.124000, 3.10, 2025-08-13T08:00:00+01:00, 2025-08-13T08:30:00+01:00
0.534000, 13.34, 2025-08-13T08:30:00+01:00, 2025-08-13T09:00:00+01:00
0.285000, 7.12, 2025-08-13T09:00:00+01:00, 2025-08-13T09:30:00+01:00
0.113000, 2.82, 2025-08-13T09:30:00+01:00, 2025-08-13T10:00:00+01:00
0.339000, 8.47, 2025-08-13T10:00:00+01:00, 2025-08-13T10:30:00+01:00
0.149000, 3.72, 2025-08-13T10:30:00+01:00, 2025-08-13T11:00:00+01:00
0.104000, 2.60, 2025-08-13T11:00:00+01:00, 2025-08-13T11:30:00+01:00
0.109000, 2.72, 2025-08-13T11:30:00+01:00, 2025-08-13T12:00:00+01:00
1.232000, 30.77, 2025-08-13T12:00:00+01:00, 2025-08-13T12:30:00+01:00
0.719000, 17.96, 2025-08-13T12:30:00+01:00, 2025-08-13T13:00:00+01:00
0.142000, 3.55, 2025-08-13T13:00:00+01:00, 2025-08-13T13:30:00+01:00
0.116000, 2.90, 2025-08-13T13:30:00+01:00, 2025-08-13T14:00:00+01:00
0.109000, 2.72, 2025-08-13T14:00:00+01:00, 2025-08-13T14:30:00+01:00
0.116000, 2.90, 2025-08-13T14:30:00+01:00, 2025-08-13T15:00:00+01:00
0.114000, 2.85, 2025-08-13T15:00:00+01:00, 2025-08-13T15:30:00+01:00
0.101000, 2.52, 2025-08-13T15:30:00+01:00, 2025-08-13T16:00:00+01:00
0.938000, 23.43, 2025-08-13T16:00:00+01:00, 2025-08-13T16:30:00+01:00
0.677000, 16.91, 2025-08-13T16:30:00+01:00, 2025-08-13T17:00:00+01:00
0.567000, 14.16, 2025-08-13T17:00:00+01:00, 2025-08-13T17:30:00+01:00
0.263000, 6.57, 2025-08-13T17:30:00+01:00, 2025-08-13T18:00:00+01:00
0.456000, 11.39, 2025-08-13T18:00:00+01:00, 2025-08-13T18:30:00+01:00
0.353000, 8.82, 2025-08-13T18:30:00+01:00, 2025-08-13T19:00:00+01:00
0.238000, 5.95, 2025-08-13T19:00:00+01:00, 2025-08-13T19:30:00+01:00
0.187000, 4.67, 2025-08-13T19:30:00+01:00, 2025-08-13T20:00:00+01:00
0.141000, 3.52, 2025-08-13T20:00:00+01:00, 2025-08-13T20:30:00+01:00
0.125000, 3.12, 2025-08-13T20:30:00+01:00, 2025-08-13T21:00:00+01:00
0.124000, 3.10, 2025-08-13T21:00:00+01:00, 2025-08-13T21:30:00+01:00
0.114000, 2.85, 2025-08-13T21:30:00+01:00, 2025-08-13T22:00:00+01:00
0.114000, 2.85, 2025-08-13T22:00:00+01:00, 2025-08-13T22:30:00+01:00
0.108000, 2.70, 2025-08-13T22:30:00+01:00, 2025-08-13T23:00:00+01:00
0.102000, 2.55, 2025-08-13T23:00:00+01:00, 2025-08-13T23:30:00+01:00
0.074000, 1.85, 2025-08-13T23:30:00+01:00, 2025-08-14T00:00:00+01:00
0.057000, 1.42, 2025-08-14T00:00:00+01:00, 2025-08-14T00:30:00+01:00
0.053000, 1.32, 2025-08-14T00:30:00+01:00, 2025-08-14T01:00:00+01:00
0.051000, 1.27, 2025-08-14T01:00:00+01:00, 2025-08-14T01:30:00+01:00
0.051000, 1.27, 2025-08-14T01:30:00+01:00, 2025-08-14T02:00:00+01:00
0.051000, 1.27, 2025-08-14T02:00:00+01:00, 2025-08-14T02:30:00+01:00
0.060000, 1.50, 2025-08-14T02:30:00+01:00, 2025-08-14T03:00:00+01:00
0.069000, 1.72, 2025-08-14T03:00:00+01:00, 2025-08-14T03:30:00+01:00
0.054000, 1.35, 2025-08-14T03:30:00+01:00, 2025-08-14T04:00:00+01:00
0.052000, 1.30, 2025-08-14T04:00:00+01:00, 2025-08-14T04:30:00+01:00
0.051000, 1.27, 2025-08-14T04:30:00+01:00, 2025-08-14T05:00:00+01:00
0.859000, 21.46, 2025-08-14T05:00:00+01:00, 2025-08-14T05:30:00+01:00
0.071000, 1.77, 2025-08-14T05:30:00+01:00, 2025-08-14T06:00:00+01:00
0.096000, 2.40, 2025-08-14T06:00:00+01:00, 2025-08-14T06:30:00+01:00
0.095000, 2.37, 2025-08-14T06:30:00+01:00, 2025-08-14T07:00:00+01:00
0.051000, 1.27, 2025-08-14T07:00:00+01:00, 2025-08-14T07:30:00+01:00
0.051000, 1.27, 2025-08-14T07:30:00+01:00, 2025-08-14T08:00:00+01:00
0.051000, 1.27, 2025-08-14T08:00:00+01:00, 2025-08-14T08:30:00+01:00
0.050000, 1.25, 2025-08-14T08:30:00+01:00, 2025-08-14T09:00:00+01:00
0.051000, 1.27, 2025-08-14T09:00:00+01:00, 2025-08-14T09:30:00+01:00
0.051000, 1.27, 2025-08-14T09:30:00+01:00, 2025-08-14T10:00:00+01:00
0.050000, 1.25, 2025-08-14T10:00:00+01:00, 2025-08-14T10:30:00+01:00
0.939000, 23.46, 2025-08-14T10:30:00+01:00, 2025-08-14T11:00:00+01:00
0.562000, 14.04, 2025-08-14T11:00:00+01:00, 2025-08-14T11:30:00+01:00
1.407000, 35.15, 2025-08-14T11:30:00+01:00, 2025-08-14T12:00:00+01:00
0.203000, 5.07, 2025-08-14T12:00:00+01:00, 2025-08-14T12:30:00+01:00
0.580000, 14.49, 2025-08-14T12:30:00+01:00, 2025-08-14T13:00:00+01:00
0.095000, 2.37, 2025-08-14T13:00:00+01:00, 2025-08-14T13:30:00+01:00
0.090000, 2.25, 2025-08-14T13:30:00+01:00, 2025-08-14T14:00:00+01:00
0.087000, 2.17, 2025-08-14T14:00:00+01:00, 2025-08-14T14:30:00+01:00
0.291000, 7.27, 2025-08-14T14:30:00+01:00, 2025-08-14T15:00:00+01:00
0.355000, 8.87, 2025-08-14T15:00:00+01:00, 2025-08-14T15:30:00+01:00
0.146000, 3.65, 2025-08-14T15:30:00+01:00, 2025-08-14T16:00:00+01:00
0.136000, 3.40, 2025-08-14T16:00:00+01:00, 2025-08-14T16:30:00+01:00
0.230000, 5.75, 2025-08-14T16:30:00+01:00, 2025-08-14T17:00:00+01:00
0.292000, 7.29, 2025-08-14T17:00:00+01:00, 2025-08-14T17:30:00+01:00
0.161000, 4.02, 2025-08-14T17:30:00+01:00, 2025-08-14T18:00:00+01:00
0.454000, 11.34, 2025-08-14T18:00:00+01:00, 2025-08-14T18:30:00+01:00
0.486000, 12.14, 2025-08-14T18:30:00+01:00, 2025-08-14T19:00:00+01:00
0.189000, 4.72, 2025-08-14T19:00:00+01:00, 2025-08-14T19:30:00+01:00
0.136000, 3.40, 2025-08-14T19:30:00+01:00, 2025-08-14T20:00:00+01:00
0.218000, 5.45, 2025-08-14T20:00:00+01:00, 2025-08-14T20:30:00+01:00
0.795000, 19.86, 2025-08-14T20:30:00+01:00, 2025-08-14T21:00:00+01:00
0.145000, 3.62, 2025-08-14T21:00:00+01:00, 2025-08-14T21:30:00+01:00
0.207000, 5.17, 2025-08-14T21:30:00+01:00, 2025-08-14T22:00:00+01:00
0.216000, 5.40, 2025-08-14T22:00:00+01:00, 2025-08-14T22:30:00+01:00
0.136000, 3.40, 2025-08-14T22:30:00+01:00, 2025-08-14T23:00:00+01:00
0.130000, 3.25, 2025-08-14T23:00:00+01:00, 2025-08-14T23:30:00+01:00
0.146000, 3.65, 2025-08-14T23:30:00+01:00, 2025-08-15T00:00:00+01:00
0.148000, 3.70, 2025-08-15T00:00:00+01:00, 2025-08-15T00:30:00+01:00
0.135000, 3.37, 2025-08-15T00:30:00+01:00, 2025-08-15T01:00:00+01:00
0.134000, 3.35, 2025-08-15T01:00:00+01:00, 2025-08-15T01:30:00+01:00
0.118000, 2.95, 2025-08-15T01:30:00+01:00, 2025-08-15T02:00:00+01:00
0.122000, 3.05, 2025-08-15T02:00:00+01:00, 2025-08-15T02:30:00+01:00
0.128000, 3.20, 2025-08-15T02:30:00+01:00, 2025-08-15T03:00:00+01:00
0.110000, 2.75, 2025-08-15T03:00:00+01:00, 2025-08-15T03:30:00+01:00
0.124000, 3.10, 2025-08-15T03:30:00+01:00, 2025-08-15T04:00:00+01:00
0.099000, 2.47, 2025-08-15T04:00:00+01:00, 2025-08-15T04:30:00+01:00
0.086000, 2.15, 2025-08-15T04:30:00+01:00, 2025-08-15T05:00:00+01:00
0.356000, 8.89, 2025-08-15T05:00:00+01:00, 2025-08-15T05:30:00+01:00
0.074000, 1.85, 2025-08-15T05:30:00+01:00, 2025-08-15T06:00:00+01:00
0.092000, 2.30, 2025-08-15T06:00:00+01:00, 2025-08-15T06:30:00+01:00
0.096000, 2.40, 2025-08-15T06:30:00+01:00, 2025-08-15T07:00:00+01:00
0.092000, 2.30, 2025-08-15T07:00:00+01:00, 2025-08-15T07:30:00+01:00
0.074000, 1.85, 2025-08-15T07:30:00+01:00, 2025-08-15T08:00:00+01:00
0.098000, 2.45, 2025-08-15T08:00:00+01:00, 2025-08-15T08:30:00+01:00
0.081000, 2.02, 2025-08-15T08:30:00+01:00, 2025-08-15T09:00:00+01:00
0.077000, 1.92, 2025-08-15T09:00:00+01:00, 2025-08-15T09:30:00+01:00
0.116000, 2.90, 2025-08-15T09:30:00+01:00, 2025-08-15T10:00:00+01:00
0.080000, 2.00, 2025-08-15T10:00:00+01:00, 2025-08-15T10:30:00+01:00
0.089000, 2.22, 2025-08-15T10:30:00+01:00, 2025-08-15T11:00:00+01:00
0.561000, 14.01, 2025-08-15T11:00:00+01:00, 2025-08-15T11:30:00+01:00
0.575000, 14.36, 2025-08-15T11:30:00+01:00, 2025-08-15T12:00:00+01:00
1.196000, 29.88, 2025-08-15T12:00:00+01:00, 2025-08-15T12:30:00+01:00
0.117000, 2.92, 2025-08-15T12:30:00+01:00, 2025-08-15T13:00:00+01:00
0.101000, 2.52, 2025-08-15T13:00:00+01:00, 2025-08-15T13:30:00+01:00
0.105000, 2.62, 2025-08-15T13:30:00+01:00, 2025-08-15T14:00:00+01:00
0.091000, 2.27, 2025-08-15T14:00:00+01:00, 2025-08-15T14:30:00+01:00
0.110000, 2.75, 2025-08-15T14:30:00+01:00, 2025-08-15T15:00:00+01:00
0.111000, 2.77, 2025-08-15T15:00:00+01:00, 2025-08-15T15:30:00+01:00
0.086000, 2.15, 2025-08-15T15:30:00+01:00, 2025-08-15T16:00:00+01:00
0.540000, 13.49, 2025-08-15T16:00:00+01:00, 2025-08-15T16:30:00+01:00
0.146000, 3.65, 2025-08-15T16:30:00+01:00, 2025-08-15T17:00:00+01:00
0.124000, 3.10, 2025-08-15T17:00:00+01:00, 2025-08-15T17:30:00+01:00
0.312000, 7.79, 2025-08-15T17:30:00+01:00, 2025-08-15T18:00:00+01:00
0.276000, 6.89, 2025-08-15T18:00:00+01:00, 2025-08-15T18:30:00+01:00
0.151000, 3.77, 2025-08-15T18:30:00+01:00, 2025-08-15T19:00:00+01:00
0.147000, 3.67, 2025-08-15T19:00:00+01:00, 2025-08-15T19:30:00+01:00
0.429000, 10.72, 2025-08-15T19:30:00+01:00, 2025-08-15T20:00:00+01:00
1.703000, 42.54, 2025-08-15T20:00:00+01:00, 2025-08-15T20:30:00+01:00
0.170000, 4.25, 2025-08-15T20:30:00+01:00, 2025-08-15T21:00:00+01:00
1.400000, 34.97, 2025-08-15T21:00:00+01:00, 2025-08-15T21:30:00+01:00
0.142000, 3.55, 2025-08-15T21:30:00+01:00, 2025-08-15T22:00:00+01:00
0.151000, 3.77, 2025-08-15T22:00:00+01:00, 2025-08-15T22:30:00+01:00
0.162000, 4.05, 2025-08-15T22:30:00+01:00, 2025-08-15T23:00:00+01:00
0.133000, 3.32, 2025-08-15T23:00:00+01:00, 2025-08-15T23:30:00+01:00
0.142000, 3.55, 2025-08-15T23:30:00+01:00, 2025-08-16T00:00:00+01:00
0.124000, 3.10, 2025-08-16T00:00:00+01:00, 2025-08-16T00:30:00+01:00
0.103000, 2.57, 2025-08-16T00:30:00+01:00, 2025-08-16T01:00:00+01:00
0.130000, 3.25, 2025-08-16T01:00:00+01:00, 2025-08-16T01:30:00+01:00
0.104000, 2.60, 2025-08-16T01:30:00+01:00, 2025-08-16T02:00:00+01:00
0.092000, 2.30, 2025-08-16T02:00:00+01:00, 2025-08-16T02:30:00+01:00
0.100000, 2.50, 2025-08-16T02:30:00+01:00, 2025-08-16T03:00:00+01:00
0.069000, 1.72, 2025-08-16T03:00:00+01:00, 2025-08-16T03:30:00+01:00
0.082000, 2.05, 2025-08-16T03:30:00+01:00, 2025-08-16T04:00:00+01:00
0.107000, 2.67, 2025-08-16T04:00:00+01:00, 2025-08-16T04:30:00+01:00
0.074000, 1.85, 2025-08-16T04:30:00+01:00, 2025-08-16T05:00:00+01:00
0.074000, 1.85, 2025-08-16T05:00:00+01:00, 2025-08-16T05:30:00+01:00
0.101000, 2.52, 2025-08-16T05:30:00+01:00, 2025-08-16T06:00:00+01:00
0.078000, 1.95, 2025-08-16T06:00:00+01:00, 2025-08-16T06:30:00+01:00
0.074000, 1.85, 2025-08-16T06:30:00+01:00, 2025-08-16T07:00:00+01:00
0.093000, 2.32, 2025-08-16T07:00:00+01:00, 2025-08-16T07:30:00+01:00
0.078000, 1.95, 2025-08-16T07:30:00+01:00, 2025-08-16T08:00:00+01:00
1.275000, 31.85, 2025-08-16T08:00:00+01:00, 2025-08-16T08:30:00+01:00
1.492000, 37.27, 2025-08-16T08:30:00+01:00, 2025-08-16T09:00:00+01:00
0.208000, 5.20, 2025-08-16T09:00:00+01:00, 2025-08-16T09:30:00+01:00
0.847000, 21.16, 2025-08-16T09:30:00+01:00, 2025-08-16T10:00:00+01:00
0.127000, 3.17, 2025-08-16T10:00:00+01:00, 2025-08-16T10:30:00+01:00
0.112000, 2.80, 2025-08-16T10:30:00+01:00, 2025-08-16T11:00:00+01:00
0.133000, 3.32, 2025-08-16T11:00:00+01:00, 2025-08-16T11:30:00+01:00
0.073000, 1.82, 2025-08-16T11:30:00+01:00, 2025-08-16T12:00:00+01:00
0.081000, 2.02, 2025-08-16T12:00:00+01:00, 2025-08-16T12:30:00+01:00
0.342000, 8.54, 2025-08-16T12:30:00+01:00, 2025-08-16T13:00:00+01:00
0.141000, 3.52, 2025-08-16T13:00:00+01:00, 2025-08-16T13:30:00+01:00
0.233000, 5.82, 2025-08-16T13:30:00+01:00, 2025-08-16T14:00:00+01:00
0.075000, 1.87, 2025-08-16T14:00:00+01:00, 2025-08-16T14:30:00+01:00
0.120000, 3.00, 2025-08-16T14:30:00+01:00, 2025-08-16T15:00:00+01:00
0.133000, 3.32, 2025-08-16T15:00:00+01:00, 2025-08-16T15:30:00+01:00
0.110000, 2.75, 2025-08-16T15:30:00+01:00, 2025-08-16T16:00:00+01:00
0.131000, 3.27, 2025-08-16T16:00:00+01:00, 2025-08-16T16:30:00+01:00
0.119000, 2.97, 2025-08-16T16:30:00+01:00, 2025-08-16T17:00:00+01:00
0.109000, 2.72, 2025-08-16T17:00:00+01:00, 2025-08-16T17:30:00+01:00
0.129000, 3.22, 2025-08-16T17:30:00+01:00, 2025-08-16T18:00:00+01:00
0.135000, 3.37, 2025-08-16T18:00:00+01:00, 2025-08-16T18:30:00+01:00
0.086000, 2.15, 2025-08-16T18:30:00+01:00, 2025-08-16T19:00:00+01:00
0.421000, 10.52, 2025-08-16T19:00:00+01:00, 2025-08-16T19:30:00+01:00
2.074000, 51.81, 2025-08-16T19:30:00+01:00, 2025-08-16T20:00:00+01:00
0.383000, 9.57, 2025-08-16T20:00:00+01:00, 2025-08-16T20:30:00+01:00
0.098000, 2.45, 2025-08-16T20:30:00+01:00, 2025-08-16T21:00:00+01:00
0.137000, 3.42, 2025-08-16T21:00:00+01:00, 2025-08-16T21:30:00+01:00
0.139000, 3.47, 2025-08-16T21:30:00+01:00, 2025-08-16T22:00:00+01:00
0.106000, 2.65, 2025-08-16T22:00:00+01:00, 2025-08-16T22:30:00+01:00
0.122000, 3.05, 2025-08-16T22:30:00+01:00, 2025-08-16T23:00:00+01:00
0.127000, 3.17, 2025-08-16T23:00:00+01:00, 2025-08-16T23:30:00+01:00
0.119000, 2.97, 2025-08-16T23:30:00+01:00, 2025-08-17T00:00:00+01:00
0.087000, 2.17, 2025-08-17T00:00:00+01:00, 2025-08-17T00:30:00+01:00
0.065000, 1.62, 2025-08-17T00:30:00+01:00, 2025-08-17T01:00:00+01:00
0.076000, 1.90, 2025-08-17T01:00:00+01:00, 2025-08-17T01:30:00+01:00
0.091000, 2.27, 2025-08-17T01:30:00+01:00, 2025-08-17T02:00:00+01:00
0.071000, 1.77, 2025-08-17T02:00:00+01:00, 2025-08-17T02:30:00+01:00
0.077000, 1.92, 2025-08-17T02:30:00+01:00, 2025-08-17T03:00:00+01:00
0.068000, 1.70, 2025-08-17T03:00:00+01:00, 2025-08-17T03:30:00+01:00
0.091000, 2.27, 2025-08-17T03:30:00+01:00, 2025-08-17T04:00:00+01:00
0.072000, 1.80, 2025-08-17T04:00:00+01:00, 2025-08-17T04:30:00+01:00
0.079000, 1.97, 2025-08-17T04:30:00+01:00, 2025-08-17T05:00:00+01:00
0.089000, 2.22, 2025-08-17T05:00:00+01:00, 2025-08-17T05:30:00+01:00
0.069000, 1.72, 2025-08-17T05:30:00+01:00, 2025-08-17T06:00:00+01:00
0.078000, 1.95, 2025-08-17T06:00:00+01:00, 2025-08-17T06:30:00+01:00
0.078000, 1.95, 2025-08-17T06:30:00+01:00, 2025-08-17T07:00:00+01:00
0.098000, 2.45, 2025-08-17T07:00:00+01:00, 2025-08-17T07:30:00+01:00
0.108000, 2.70, 2025-08-17T07:30:00+01:00, 2025-08-17T08:00:00+01:00
0.117000, 2.92, 2025-08-17T08:00:00+01:00, 2025-08-17T08:30:00+01:00
0.347000, 8.67, 2025-08-17T08:30:00+01:00, 2025-08-17T09:00:00+01:00
2.105000, 52.58, 2025-08-17T09:00:00+01:00, 2025-08-17T09:30:00+01:00
0.640000, 15.99, 2025-08-17T09:30:00+01:00, 2025-08-17T10:00:00+01:00
0.071000, 1.77, 2025-08-17T10:00:00+01:00, 2025-08-17T10:30:00+01:00
0.089000, 2.22, 2025-08-17T10:30:00+01:00, 2025-08-17T11:00:00+01:00
0.073000, 1.82, 2025-08-17T11:00:00+01:00, 2025-08-17T11:30:00+01:00
0.100000, 2.50, 2025-08-17T11:30:00+01:00, 2025-08-17T12:00:00+01:00
0.070000, 1.75, 2025-08-17T12:00:00+01:00, 2025-08-17T12:30:00+01:00
0.077000, 1.92, 2025-08-17T12:30:00+01:00, 2025-08-17T13:00:00+01:00
0.084000, 2.10, 2025-08-17T13:00:00+01:00, 2025-08-17T13:30:00+01:00
0.074000, 1.85, 2025-08-17T13:30:00+01:00, 2025-08-17T14:00:00+01:00
0.092000, 2.30, 2025-08-17T14:00:00+01:00, 2025-08-17T14:30:00+01:00
0.087000, 2.17, 2025-08-17T14:30:00+01:00, 2025-08-17T15:00:00+01:00
0.076000, 1.90, 2025-08-17T15:00:00+01:00, 2025-08-17T15:30:00+01:00
0.096000, 2.40, 2025-08-17T15:30:00+01:00, 2025-08-17T16:00:00+01:00
0.081000, 2.02, 2025-08-17T16:00:00+01:00, 2025-08-17T16:30:00+01:00
0.073000, 1.82, 2025-08-17T16:30:00+01:00, 2025-08-17T17:00:00+01:00
0.102000, 2.55, 2025-08-17T17:00:00+01:00, 2025-08-17T17:30:00+01:00
0.114000, 2.85, 2025-08-17T17:30:00+01:00, 2025-08-17T18:00:00+01:00
0.109000, 2.72, 2025-08-17T18:00:00+01:00, 2025-08-17T18:30:00+01:00
0.187000, 4.67, 2025-08-17T18:30:00+01:00, 2025-08-17T19:00:00+01:00
0.115000, 2.87, 2025-08-17T19:00:00+01:00, 2025-08-17T19:30:00+01:00
0.138000, 3.45, 2025-08-17T19:30:00+01:00, 2025-08-17T20:00:00+01:00
0.152000, 3.80, 2025-08-17T20:00:00+01:00, 2025-08-17T20:30:00+01:00
0.122000, 3.05, 2025-08-17T20:30:00+01:00, 2025-08-17T21:00:00+01:00
0.154000, 3.85, 2025-08-17T21:00:00+01:00, 2025-08-17T21:30:00+01:00
0.156000, 3.90, 2025-08-17T21:30:00+01:00, 2025-08-17T22:00:00+01:00
0.124000, 3.10, 2025-08-17T22:00:00+01:00, 2025-08-17T22:30:00+01:00
0.136000, 3.40, 2025-08-17T22:30:00+01:00, 2025-08-17T23:00:00+01:00
0.125000, 3.12, 2025-08-17T23:00:00+01:00, 2025-08-17T23:30:00+01:00
0.128000, 3.20, 2025-08-17T23:30:00+01:00, 2025-08-18T00:00:00+01:00
0.134000, 3.35, 2025-08-18T00:00:00+01:00, 2025-08-18T00:30:00+01:00
0.109000, 2.72, 2025-08-18T00:30:00+01:00, 2025-08-18T01:00:00+01:00
0.127000, 3.17, 2025-08-18T01:00:00+01:00, 2025-08-18T01:30:00+01:00
0.112000, 2.80, 2025-08-18T01:30:00+01:00, 2025-08-18T02:00:00+01:00
0.083000, 2.07, 2025-08-18T02:00:00+01:00, 2025-08-18T02:30:00+01:00
0.094000, 2.35, 2025-08-18T02:30:00+01:00, 2025-08-18T03:00:00+01:00
0.076000, 1.90, 2025-08-18T03:00:00+01:00, 2025-08-18T03:30:00+01:00
0.097000, 2.42, 2025-08-18T03:30:00+01:00, 2025-08-18T04:00:00+01:00
0.076000, 1.90, 2025-08-18T04:00:00+01:00, 2025-08-18T04:30:00+01:00
0.077000, 1.92, 2025-08-18T04:30:00+01:00, 2025-08-18T05:00:00+01:00
0.743000, 18.56, 2025-08-18T05:00:00+01:00, 2025-08-18T05:30:00+01:00
0.076000, 1.90, 2025-08-18T05:30:00+01:00, 2025-08-18T06:00:00+01:00
0.102000, 2.55, 2025-08-18T06:00:00+01:00, 2025-08-18T06:30:00+01:00
0.087000, 2.17, 2025-08-18T06:30:00+01:00, 2025-08-18T07:00:00+01:00
0.080000, 2.00, 2025-08-18T07:00:00+01:00, 2025-08-18T07:30:00+01:00
0.104000, 2.60, 2025-08-18T07:30:00+01:00, 2025-08-18T08:00:00+01:00
0.077000, 1.92, 2025-08-18T08:00:00+01:00, 2025-08-18T08:30:00+01:00
0.084000, 2.10, 2025-08-18T08:30:00+01:00, 2025-08-18T09:00:00+01:00
0.095000, 2.37, 2025-08-18T09:00:00+01:00, 2025-08-18T09:30:00+01:00
0.074000, 1.85, 2025-08-18T09:30:00+01:00, 2025-08-18T10:00:00+01:00
0.279000, 6.97, 2025-08-18T10:00:00+01:00, 2025-08-18T10:30:00+01:00
0.522000, 13.04, 2025-08-18T10:30:00+01:00, 2025-08-18T11:00:00+01:00
0.125000, 3.12, 2025-08-18T11:00:00+01:00, 2025-08-18T11:30:00+01:00
0.108000, 2.70, 2025-08-18T11:30:00+01:00, 2025-08-18T12:00:00+01:00
0.154000, 3.85, 2025-08-18T12:00:00+01:00, 2025-08-18T12:30:00+01:00
0.102000, 2.55, 2025-08-18T12:30:00+01:00, 2025-08-18T13:00:00+01:00
0.101000, 2.52, 2025-08-18T13:00:00+01:00, 2025-08-18T13:30:00+01:00
0.117000, 2.92, 2025-08-18T13:30:00+01:00, 2025-08-18T14:00:00+01:00
0.095000, 2.37, 2025-08-18T14:00:00+01:00, 2025-08-18T14:30:00+01:00
1.419000, 35.45, 2025-08-18T14:30:00+01:00, 2025-08-18T15:00:00+01:00
0.348000, 8.69, 2025-08-18T15:00:00+01:00, 2025-08-18T15:30:00+01:00
0.083000, 2.07, 2025-08-18T15:30:00+01:00, 2025-08-18T16:00:00+01:00
0.087000, 2.17, 2025-08-18T16:00:00+01:00, 2025-08-18T16:30:00+01:00
0.072000, 1.80, 2025-08-18T16:30:00+01:00, 2025-08-18T17:00:00+01:00
0.093000, 2.32, 2025-08-18T17:00:00+01:00, 2025-08-18T17:30:00+01:00
0.067000, 1.67, 2025-08-18T17:30:00+01:00, 2025-08-18T18:00:00+01:00
0.079000, 1.97, 2025-08-18T18:00:00+01:00, 2025-08-18T18:30:00+01:00
0.101000, 2.52, 2025-08-18T18:30:00+01:00, 2025-08-18T19:00:00+01:00
0.748000, 18.68, 2025-08-18T19:00:00+01:00, 2025-08-18T19:30:00+01:00
0.985000, 24.60, 2025-08-18T19:30:00+01:00, 2025-08-18T20:00:00+01:00
0.254000, 6.34, 2025-08-18T20:00:00+01:00, 2025-08-18T20:30:00+01:00
0.131000, 3.27, 2025-08-18T20:30:00+01:00, 2025-08-18T21:00:00+01:00
0.185000, 4.62, 2025-08-18T21:00:00+01:00, 2025-08-18T21:30:00+01:00
0.147000, 3.67, 2025-08-18T21:30:00+01:00, 2025-08-18T22:00:00+01:00
0.173000, 4.32, 2025-08-18T22:00:00+01:00, 2025-08-18T22:30:00+01:00
0.161000, 4.02, 2025-08-18T22:30:00+01:00, 2025-08-18T23:00:00+01:00
0.147000, 3.67, 2025-08-18T23:00:00+01:00, 2025-08-18T23:30:00+01:00
0.144000, 3.60, 2025-08-18T23:30:00+01:00, 2025-08-19T00:00:00+01:00
0.125000, 3.12, 2025-08-19T00:00:00+01:00, 2025-08-19T00:30:00+01:00
0.124000, 3.10, 2025-08-19T00:30:00+01:00, 2025-08-19T01:00:00+01:00
0.095000, 2.37, 2025-08-19T01:00:00+01:00, 2025-08-19T01:30:00+01:00
0.115000, 2.87, 2025-08-19T01:30:00+01:00, 2025-08-19T02:00:00+01:00
0.109000, 2.72, 2025-08-19T02:00:00+01:00, 2025-08-19T02:30:00+01:00
0.098000, 2.45, 2025-08-19T02:30:00+01:00, 2025-08-19T03:00:00+01:00
0.122000, 3.05, 2025-08-19T03:00:00+01:00, 2025-08-19T03:30:00+01:00
0.101000, 2.52, 2025-08-19T03:30:00+01:00, 2025-08-19T04:00:00+01:00
0.069000, 1.72, 2025-08-19T04:00:00+01:00, 2025-08-19T04:30:00+01:00
0.118000, 2.95, 2025-08-19T04:30:00+01:00, 2025-08-19T05:00:00+01:00
0.070000, 1.75, 2025-08-19T05:00:00+01:00, 2025-08-19T05:30:00+01:00
0.108000, 2.70, 2025-08-19T05:30:00+01:00, 2025-08-19T06:00:00+01:00
1.459000, 36.45, 2025-08-19T06:00:00+01:00, 2025-08-19T06:30:00+01:00
0.095000, 2.37, 2025-08-19T06:30:00+01:00, 2025-08-19T07:00:00+01:00
0.092000, 2.30, 2025-08-19T07:00:00+01:00, 2025-08-19T07:30:00+01:00
0.075000, 1.87, 2025-08-19T07:30:00+01:00, 2025-08-19T08:00:00+01:00
0.088000, 2.20, 2025-08-19T08:00:00+01:00, 2025-08-19T08:30:00+01:00
0.141000, 3.52, 2025-08-19T08:30:00+01:00, 2025-08-19T09:00:00+01:00
0.139000, 3.47, 2025-08-19T09:00:00+01:00, 2025-08-19T09:30:00+01:00
0.140000, 3.50, 2025-08-19T09:30:00+01:00, 2025-08-19T10:00:00+01:00
0.084000, 2.10, 2025-08-19T10:00:00+01:00, 2025-08-19T10:30:00+01:00
0.090000, 2.25, 2025-08-19T10:30:00+01:00, 2025-08-19T11:00:00+01:00
0.097000, 2.42, 2025-08-19T11:00:00+01:00, 2025-08-19T11:30:00+01:00
0.609000, 15.21, 2025-08-19T11:30:00+01:00, 2025-08-19T12:00:00+01:00
0.510000, 12.74, 2025-08-19T12:00:00+01:00, 2025-08-19T12:30:00+01:00
0.238000, 5.95, 2025-08-19T12:30:00+01:00, 2025-08-19T13:00:00+01:00
0.130000, 3.25, 2025-08-19T13:00:00+01:00, 2025-08-19T13:30:00+01:00
1.826000, 45.61, 2025-08-19T13:30:00+01:00, 2025-08-19T14:00:00+01:00
0.292000, 7.29, 2025-08-19T14:00:00+01:00, 2025-08-19T14:30:00+01:00
0.198000, 4.95, 2025-08-19T14:30:00+01:00, 2025-08-19T15:00:00+01:00
1.189000, 29.70, 2025-08-19T15:00:00+01:00, 2025-08-19T15:30:00+01:00
0.783000, 19.56, 2025-08-19T15:30:00+01:00, 2025-08-19T16:00:00+01:00
0.604000, 15.09, 2025-08-19T16:00:00+01:00, 2025-08-19T16:30:00+01:00
0.173000, 4.32, 2025-08-19T16:30:00+01:00, 2025-08-19T17:00:00+01:00
0.150000, 3.75, 2025-08-19T17:00:00+01:00, 2025-08-19T17:30:00+01:00
0.167000, 4.17, 2025-08-19T17:30:00+01:00, 2025-08-19T18:00:00+01:00
0.123000, 3.07, 2025-08-19T18:00:00+01:00, 2025-08-19T18:30:00+01:00
0.114000, 2.85, 2025-08-19T18:30:00+01:00, 2025-08-19T19:00:00+01:00
0.238000, 5.95, 2025-08-19T19:00:00+01:00, 2025-08-19T19:30:00+01:00
0.195000, 4.87, 2025-08-19T19:30:00+01:00, 2025-08-19T20:00:00+01:00
0.145000, 3.62, 2025-08-19T20:00:00+01:00, 2025-08-19T20:30:00+01:00
0.435000, 10.87, 2025-08-19T20:30:00+01:00, 2025-08-19T21:00:00+01:00
0.200000, 5.00, 2025-08-19T21:00:00+01:00, 2025-08-19T21:30:00+01:00
0.202000, 5.05, 2025-08-19T21:30:00+01:00, 2025-08-19T22:00:00+01:00
0.214000, 5.35, 2025-08-19T22:00:00+01:00, 2025-08-19T22:30:00+01:00
0.150000, 3.75, 2025-08-19T22:30:00+01:00, 2025-08-19T23:00:00+01:00
0.145000, 3.62, 2025-08-19T23:00:00+01:00, 2025-08-19T23:30:00+01:00
0.144000, 3.60, 2025-08-19T23:30:00+01:00, 2025-08-20T00:00:00+01:00
0.159000, 3.97, 2025-08-20T00:00:00+01:00, 2025-08-20T00:30:00+01:00
0.135000, 3.37, 2025-08-20T00:30:00+01:00, 2025-08-20T01:00:00+01:00
0.113000, 2.82, 2025-08-20T01:00:00+01:00, 2025-08-20T01:30:00+01:00
0.121000, 3.02, 2025-08-20T01:30:00+01:00, 2025-08-20T02:00:00+01:00
0.150000, 3.75, 2025-08-20T02:00:00+01:00, 2025-08-20T02:30:00+01:00
0.122000, 3.05, 2025-08-20T02:30:00+01:00, 2025-08-20T03:00:00+01:00
0.104000, 2.60, 2025-08-20T03:00:00+01:00, 2025-08-20T03:30:00+01:00
0.100000, 2.50, 2025-08-20T03:30:00+01:00, 2025-08-20T04:00:00+01:00
0.103000, 2.57, 2025-08-20T04:00:00+01:00, 2025-08-20T04:30:00+01:00
0.107000, 2.67, 2025-08-20T04:30:00+01:00, 2025-08-20T05:00:00+01:00
0.103000, 2.57, 2025-08-20T05:00:00+01:00, 2025-08-20T05:30:00+01:00
0.102000, 2.55, 2025-08-20T05:30:00+01:00, 2025-08-20T06:00:00+01:00
1.051000, 26.25, 2025-08-20T06:00:00+01:00, 2025-08-20T06:30:00+01:00
0.105000, 2.62, 2025-08-20T06:30:00+01:00, 2025-08-20T07:00:00+01:00
0.097000, 2.42, 2025-08-20T07:00:00+01:00, 2025-08-20T07:30:00+01:00
0.104000, 2.60, 2025-08-20T07:30:00+01:00, 2025-08-20T08:00:00+01:00
0.155000, 3.87, 2025-08-20T08:00:00+01:00, 2025-08-20T08:30:00+01:00
0.081000, 2.02, 2025-08-20T08:30:00+01:00, 2025-08-20T09:00:00+01:00
0.100000, 2.50, 2025-08-20T09:00:00+01:00, 2025-08-20T09:30:00+01:00
0.111000, 2.77, 2025-08-20T09:30:00+01:00, 2025-08-20T10:00:00+01:00
0.106000, 2.65, 2025-08-20T10:00:00+01:00, 2025-08-20T10:30:00+01:00
0.111000, 2.77, 2025-08-20T10:30:00+01:00, 2025-08-20T11:00:00+01:00
0.107000, 2.67, 2025-08-20T11:00:00+01:00, 2025-08-20T11:30:00+01:00
0.110000, 2.75, 2025-08-20T11:30:00+01:00, 2025-08-20T12:00:00+01:00
0.107000, 2.67, 2025-08-20T12:00:00+01:00, 2025-08-20T12:30:00+01:00
0.107000, 2.67, 2025-08-20T12:30:00+01:00, 2025-08-20T13:00:00+01:00
0.268000, 6.69, 2025-08-20T13:00:00+01:00, 2025-08-20T13:30:00+01:00
0.123000, 3.07, 2025-08-20T13:30:00+01:00, 2025-08-20T14:00:00+01:00
0.115000, 2.87, 2025-08-20T14:00:00+01:00, 2025-08-20T14:30:00+01:00
0.111000, 2.77, 2025-08-20T14:30:00+01:00, 2025-08-20T15:00:00+01:00
0.111000, 2.77, 2025-08-20T15:00:00+01:00, 2025-08-20T15:30:00+01:00
0.085000, 2.12, 2025-08-20T15:30:00+01:00, 2025-08-20T16:00:00+01:00
0.075000, 1.87, 2025-08-20T16:00:00+01:00, 2025-08-20T16:30:00+01:00
0.093000, 2.32, 2025-08-20T16:30:00+01:00, 2025-08-20T17:00:00+01:00
0.858000, 21.43, 2025-08-20T17:00:00+01:00, 2025-08-20T17:30:00+01:00
0.855000, 21.36, 2025-08-20T17:30:00+01:00, 2025-08-20T18:00:00+01:00
0.331000, 8.27, 2025-08-20T18:00:00+01:00, 2025-08-20T18:30:00+01:00
0.280000, 6.99, 2025-08-20T18:30:00+01:00, 2025-08-20T19:00:00+01:00
0.098000, 2.45, 2025-08-20T19:00:00+01:00, 2025-08-20T19:30:00+01:00
0.262000, 6.54, 2025-08-20T19:30:00+01:00, 2025-08-20T20:00:00+01:00
0.208000, 5.20, 2025-08-20T20:00:00+01:00, 2025-08-20T20:30:00+01:00
0.188000, 4.70, 2025-08-20T20:30:00+01:00, 2025-08-20T21:00:00+01:00
0.190000, 4.75, 2025-08-20T21:00:00+01:00, 2025-08-20T21:30:00+01:00
0.186000, 4.65, 2025-08-20T21:30:00+01:00, 2025-08-20T22:00:00+01:00
0.108000, 2.70, 2025-08-20T22:00:00+01:00, 2025-08-20T22:30:00+01:00
0.158000, 3.95, 2025-08-20T22:30:00+01:00, 2025-08-20T23:00:00+01:00
0.136000, 3.40, 2025-08-20T23:00:00+01:00, 2025-08-20T23:30:00+01:00
0.127000, 3.17, 2025-08-20T23:30:00+01:00, 2025-08-21T00:00:00+01:00
0.124000, 3.10, 2025-08-21T00:00:00+01:00, 2025-08-21T00:30:00+01:00
0.129000, 3.22, 2025-08-21T00:30:00+01:00, 2025-08-21T01:00:00+01:00
0.118000, 2.95, 2025-08-21T01:00:00+01:00, 2025-08-21T01:30:00+01:00
0.086000, 2.15, 2025-08-21T01:30:00+01:00, 2025-08-21T02:00:00+01:00
0.073000, 1.82, 2025-08-21T02:00:00+01:00, 2025-08-21T02:30:00+01:00
0.080000, 2.00, 2025-08-21T02:30:00+01:00, 2025-08-21T03:00:00+01:00
0.074000, 1.85, 2025-08-21T03:00:00+01:00, 2025-08-21T03:30:00+01:00
0.077000, 1.92, 2025-08-21T03:30:00+01:00, 2025-08-21T04:00:00+01:00
0.076000, 1.90, 2025-08-21T04:00:00+01:00, 2025-08-21T04:30:00+01:00
0.071000, 1.77, 2025-08-21T04:30:00+01:00, 2025-08-21T05:00:00+01:00
0.631000, 15.76, 2025-08-21T05:00:00+01:00, 2025-08-21T05:30:00+01:00
0.079000, 1.97, 2025-08-21T05:30:00+01:00, 2025-08-21T06:00:00+01:00
0.073000, 1.82, 2025-08-21T06:00:00+01:00, 2025-08-21T06:30:00+01:00
0.086000, 2.15, 2025-08-21T06:30:00+01:00, 2025-08-21T07:00:00+01:00
0.072000, 1.80, 2025-08-21T07:00:00+01:00, 2025-08-21T07:30:00+01:00
0.087000, 2.17, 2025-08-21T07:30:00+01:00, 2025-08-21T08:00:00+01:00
0.113000, 2.82, 2025-08-21T08:00:00+01:00, 2025-08-21T08:30:00+01:00
0.118000, 2.95, 2025-08-21T08:30:00+01:00, 2025-08-21T09:00:00+01:00
0.293000, 7.32, 2025-08-21T09:00:00+01:00, 2025-08-21T09:30:00+01:00
0.165000, 4.12, 2025-08-21T09:30:00+01:00, 2025-08-21T10:00:00+01:00
0.126000, 3.15, 2025-08-21T10:00:00+01:00, 2025-08-21T10:30:00+01:00
0.119000, 2.97, 2025-08-21T10:30:00+01:00, 2025-08-21T11:00:00+01:00
0.090000, 2.25, 2025-08-21T11:00:00+01:00, 2025-08-21T11:30:00+01:00
0.459000, 11.47, 2025-08-21T11:30:00+01:00, 2025-08-21T12:00:00+01:00
1.321000, 33.00, 2025-08-21T12:00:00+01:00, 2025-08-21T12:30:00+01:00
1.258000, 31.42, 2025-08-21T12:30:00+01:00, 2025-08-21T13:00:00+01:00
0.430000, 10.74, 2025-08-21T13:00:00+01:00, 2025-08-21T13:30:00+01:00
1.476000, 36.87, 2025-08-21T13:30:00+01:00, 2025-08-21T14:00:00+01:00
0.435000, 10.87, 2025-08-21T14:00:00+01:00, 2025-08-21T14:30:00+01:00
0.231000, 5.77, 2025-08-21T14:30:00+01:00, 2025-08-21T15:00:00+01:00
1.286000, 32.12, 2025-08-21T15:00:00+01:00, 2025-08-21T15:30:00+01:00
0.119000, 2.97, 2025-08-21T15:30:00+01:00, 2025-08-21T16:00:00+01:00
0.089000, 2.22, 2025-08-21T16:00:00+01:00, 2025-08-21T16:30:00+01:00
0.082000, 2.05, 2025-08-21T16:30:00+01:00, 2025-08-21T17:00:00+01:00
1.248000, 31.17, 2025-08-21T17:00:00+01:00, 2025-08-21T17:30:00+01:00
0.090000, 2.25, 2025-08-21T17:30:00+01:00, 2025-08-21T18:00:00+01:00
0.122000, 3.05, 2025-08-21T18:00:00+01:00, 2025-08-21T18:30:00+01:00
0.131000, 3.27, 2025-08-21T18:30:00+01:00, 2025-08-21T19:00:00+01:00
0.200000, 5.00, 2025-08-21T19:00:00+01:00, 2025-08-21T19:30:00+01:00
0.176000, 4.40, 2025-08-21T19:30:00+01:00, 2025-08-21T20:00:00+01:00
0.172000, 4.30, 2025-08-21T20:00:00+01:00, 2025-08-21T20:30:00+01:00
0.132000, 3.30, 2025-08-21T20:30:00+01:00, 2025-08-21T21:00:00+01:00
0.124000, 3.10, 2025-08-21T21:00:00+01:00, 2025-08-21T21:30:00+01:00
0.138000, 3.45, 2025-08-21T21:30:00+01:00, 2025-08-21T22:00:00+01:00
0.147000, 3.67, 2025-08-21T22:00:00+01:00, 2025-08-21T22:30:00+01:00
0.136000, 3.40, 2025-08-21T22:30:00+01:00, 2025-08-21T23:00:00+01:00
0.126000, 3.15, 2025-08-21T23:00:00+01:00, 2025-08-21T23:30:00+01:00
0.138000, 3.45, 2025-08-21T23:30:00+01:00, 2025-08-22T00:00:00+01:00
0.072000, 1.80, 2025-08-22T00:00:00+01:00, 2025-08-22T00:30:00+01:00
0.085000, 2.12, 2025-08-22T00:30:00+01:00, 2025-08-22T01:00:00+01:00
0.080000, 2.00, 2025-08-22T01:00:00+01:00, 2025-08-22T01:30:00+01:00
0.098000, 2.45, 2025-08-22T01:30:00+01:00, 2025-08-22T02:00:00+01:00
0.070000, 1.75, 2025-08-22T02:00:00+01:00, 2025-08-22T02:30:00+01:00
0.092000, 2.30, 2025-08-22T02:30:00+01:00, 2025-08-22T03:00:00+01:00
0.070000, 1.75, 2025-08-22T03:00:00+01:00, 2025-08-22T03:30:00+01:00
0.081000, 2.02, 2025-08-22T03:30:00+01:00, 2025-08-22T04:00:00+01:00
0.081000, 2.02, 2025-08-22T04:00:00+01:00, 2025-08-22T04:30:00+01:00
0.081000, 2.02, 2025-08-22T04:30:00+01:00, 2025-08-22T05:00:00+01:00
1.028000, 25.68, 2025-08-22T05:00:00+01:00, 2025-08-22T05:30:00+01:00
0.087000, 2.17, 2025-08-22T05:30:00+01:00, 2025-08-22T06:00:00+01:00
0.101000, 2.52, 2025-08-22T06:00:00+01:00, 2025-08-22T06:30:00+01:00
0.085000, 2.12, 2025-08-22T06:30:00+01:00, 2025-08-22T07:00:00+01:00
0.108000, 2.70, 2025-08-22T07:00:00+01:00, 2025-08-22T07:30:00+01:00
0.084000, 2.10, 2025-08-22T07:30:00+01:00, 2025-08-22T08:00:00+01:00
0.086000, 2.15, 2025-08-22T08:00:00+01:00, 2025-08-22T08:30:00+01:00
0.250000, 6.24, 2025-08-22T08:30:00+01:00, 2025-08-22T09:00:00+01:00
0.442000, 11.04, 2025-08-22T09:00:00+01:00, 2025-08-22T09:30:00+01:00
0.145000, 3.62, 2025-08-22T09:30:00+01:00, 2025-08-22T10:00:00+01:00
0.096000, 2.40, 2025-08-22T10:00:00+01:00, 2025-08-22T10:30:00+01:00
0.673000, 16.81, 2025-08-22T10:30:00+01:00, 2025-08-22T11:00:00+01:00
1.038000, 25.93, 2025-08-22T11:00:00+01:00, 2025-08-22T11:30:00+01:00
0.170000, 4.25, 2025-08-22T11:30:00+01:00, 2025-08-22T12:00:00+01:00
0.129000, 3.22, 2025-08-22T12:00:00+01:00, 2025-08-22T12:30:00+01:00
3.143000, 78.51, 2025-08-22T12:30:00+01:00, 2025-08-22T13:00:00+01:00
0.590000, 14.74, 2025-08-22T13:00:00+01:00, 2025-08-22T13:30:00+01:00
0.433000, 10.82, 2025-08-22T13:30:00+01:00, 2025-08-22T14:00:00+01:00
0.200000, 5.00, 2025-08-22T14:00:00+01:00, 2025-08-22T14:30:00+01:00
0.198000, 4.95, 2025-08-22T14:30:00+01:00, 2025-08-22T15:00:00+01:00
0.102000, 2.55, 2025-08-22T15:00:00+01:00, 2025-08-22T15:30:00+01:00
0.067000, 1.67, 2025-08-22T15:30:00+01:00, 2025-08-22T16:00:00+01:00
0.092000, 2.30, 2025-08-22T16:00:00+01:00, 2025-08-22T16:30:00+01:00
0.069000, 1.72, 2025-08-22T16:30:00+01:00, 2025-08-22T17:00:00+01:00
0.080000, 2.00, 2025-08-22T17:00:00+01:00, 2025-08-22T17:30:00+01:00
0.143000, 3.57, 2025-08-22T17:30:00+01:00, 2025-08-22T18:00:00+01:00
0.069000, 1.72, 2025-08-22T18:00:00+01:00, 2025-08-22T18:30:00+01:00
0.094000, 2.35, 2025-08-22T18:30:00+01:00, 2025-08-22T19:00:00+01:00
0.068000, 1.70, 2025-08-22T19:00:00+01:00, 2025-08-22T19:30:00+01:00
0.137000, 3.42, 2025-08-22T19:30:00+01:00, 2025-08-22T20:00:00+01:00
0.150000, 3.75, 2025-08-22T20:00:00+01:00, 2025-08-22T20:30:00+01:00
0.146000, 3.65, 2025-08-22T20:30:00+01:00, 2025-08-22T21:00:00+01:00
0.141000, 3.52, 2025-08-22T21:00:00+01:00, 2025-08-22T21:30:00+01:00
0.147000, 3.67, 2025-08-22T21:30:00+01:00, 2025-08-22T22:00:00+01:00
0.146000, 3.65, 2025-08-22T22:00:00+01:00, 2025-08-22T22:30:00+01:00
0.101000, 2.52, 2025-08-22T22:30:00+01:00, 2025-08-22T23:00:00+01:00
0.091000, 2.27, 2025-08-22T23:00:00+01:00, 2025-08-22T23:30:00+01:00
0.079000, 1.97, 2025-08-22T23:30:00+01:00, 2025-08-23T00:00:00+01:00
0.071000, 1.77, 2025-08-23T00:00:00+01:00, 2025-08-23T00:30:00+01:00
0.099000, 2.47, 2025-08-23T00:30:00+01:00, 2025-08-23T01:00:00+01:00
0.073000, 1.82, 2025-08-23T01:00:00+01:00, 2025-08-23T01:30:00+01:00
0.090000, 2.25, 2025-08-23T01:30:00+01:00, 2025-08-23T02:00:00+01:00
0.083000, 2.07, 2025-08-23T02:00:00+01:00, 2025-08-23T02:30:00+01:00
0.071000, 1.77, 2025-08-23T02:30:00+01:00, 2025-08-23T03:00:00+01:00
0.086000, 2.15, 2025-08-23T03:00:00+01:00, 2025-08-23T03:30:00+01:00
0.076000, 1.90, 2025-08-23T03:30:00+01:00, 2025-08-23T04:00:00+01:00
0.096000, 2.40, 2025-08-23T04:00:00+01:00, 2025-08-23T04:30:00+01:00
0.070000, 1.75, 2025-08-23T04:30:00+01:00, 2025-08-23T05:00:00+01:00
0.073000, 1.82, 2025-08-23T05:00:00+01:00, 2025-08-23T05:30:00+01:00
0.108000, 2.70, 2025-08-23T05:30:00+01:00, 2025-08-23T06:00:00+01:00
0.127000, 3.17, 2025-08-23T06:00:00+01:00, 2025-08-23T06:30:00+01:00
0.110000, 2.75, 2025-08-23T06:30:00+01:00, 2025-08-23T07:00:00+01:00
0.118000, 2.95, 2025-08-23T07:00:00+01:00, 2025-08-23T07:30:00+01:00
0.113000, 2.82, 2025-08-23T07:30:00+01:00, 2025-08-23T08:00:00+01:00
0.100000, 2.50, 2025-08-23T08:00:00+01:00, 2025-08-23T08:30:00+01:00
0.090000, 2.25, 2025-08-23T08:30:00+01:00, 2025-08-23T09:00:00+01:00
0.093000, 2.32, 2025-08-23T09:00:00+01:00, 2025-08-23T09:30:00+01:00
0.156000, 3.90, 2025-08-23T09:30:00+01:00, 2025-08-23T10:00:00+01:00
0.230000, 5.75, 2025-08-23T10:00:00+01:00, 2025-08-23T10:30:00+01:00
1.580000, 39.47, 2025-08-23T10:30:00+01:00, 2025-08-23T11:00:00+01:00
0.115000, 2.87, 2025-08-23T11:00:00+01:00, 2025-08-23T11:30:00+01:00
1.204000, 30.08, 2025-08-23T11:30:00+01:00, 2025-08-23T12:00:00+01:00
0.453000, 11.32, 2025-08-23T12:00:00+01:00, 2025-08-23T12:30:00+01:00
0.078000, 1.95, 2025-08-23T12:30:00+01:00, 2025-08-23T13:00:00+01:00
0.100000, 2.50, 2025-08-23T13:00:00+01:00, 2025-08-23T13:30:00+01:00
0.073000, 1.82, 2025-08-23T13:30:00+01:00, 2025-08-23T14:00:00+01:00
0.096000, 2.40, 2025-08-23T14:00:00+01:00, 2025-08-23T14:30:00+01:00
0.098000, 2.45, 2025-08-23T14:30:00+01:00, 2025-08-23T15:00:00+01:00
0.083000, 2.07, 2025-08-23T15:00:00+01:00, 2025-08-23T15:30:00+01:00
0.106000, 2.65, 2025-08-23T15:30:00+01:00, 2025-08-23T16:00:00+01:00
0.080000, 2.00, 2025-08-23T16:00:00+01:00, 2025-08-23T16:30:00+01:00
1.562000, 39.02, 2025-08-23T16:30:00+01:00, 2025-08-23T17:00:00+01:00
0.271000, 6.77, 2025-08-23T17:00:00+01:00, 2025-08-23T17:30:00+01:00
0.104000, 2.60, 2025-08-23T17:30:00+01:00, 2025-08-23T18:00:00+01:00
0.196000, 4.90, 2025-08-23T18:00:00+01:00, 2025-08-23T18:30:00+01:00
0.165000, 4.12, 2025-08-23T18:30:00+01:00, 2025-08-23T19:00:00+01:00
0.191000, 4.77, 2025-08-23T19:00:00+01:00, 2025-08-23T19:30:00+01:00
0.214000, 5.35, 2025-08-23T19:30:00+01:00, 2025-08-23T20:00:00+01:00
0.259000, 6.47, 2025-08-23T20:00:00+01:00, 2025-08-23T20:30:00+01:00
0.509000, 12.71, 2025-08-23T20:30:00+01:00, 2025-08-23T21:00:00+01:00
0.835000, 20.86, 2025-08-23T21:00:00+01:00, 2025-08-23T21:30:00+01:00
0.800000, 19.98, 2025-08-23T21:30:00+01:00, 2025-08-23T22:00:00+01:00
0.567000, 14.16, 2025-08-23T22:00:00+01:00, 2025-08-23T22:30:00+01:00
0.168000, 4.20, 2025-08-23T22:30:00+01:00, 2025-08-23T23:00:00+01:00
0.187000, 4.67, 2025-08-23T23:00:00+01:00, 2025-08-23T23:30:00+01:00
0.153000, 3.82, 2025-08-23T23:30:00+01:00, 2025-08-24T00:00:00+01:00
0.127000, 3.17, 2025-08-24T00:00:00+01:00, 2025-08-24T00:30:00+01:00
0.093000, 2.32, 2025-08-24T00:30:00+01:00, 2025-08-24T01:00:00+01:00
0.098000, 2.45, 2025-08-24T01:00:00+01:00, 2025-08-24T01:30:00+01:00
0.108000, 2.70, 2025-08-24T01:30:00+01:00, 2025-08-24T02:00:00+01:00
0.077000, 1.92, 2025-08-24T02:00:00+01:00, 2025-08-24T02:30:00+01:00
0.080000, 2.00, 2025-08-24T02:30:00+01:00, 2025-08-24T03:00:00+01:00
0.080000, 2.00, 2025-08-24T03:00:00+01:00, 2025-08-24T03:30:00+01:00
0.070000, 1.75, 2025-08-24T03:30:00+01:00, 2025-08-24T04:00:00+01:00
0.092000, 2.30, 2025-08-24T04:00:00+01:00, 2025-08-24T04:30:00+01:00
0.069000, 1.72, 2025-08-24T04:30:00+01:00, 2025-08-24T05:00:00+01:00
0.079000, 1.97, 2025-08-24T05:00:00+01:00, 2025-08-24T05:30:00+01:00
0.087000, 2.17, 2025-08-24T05:30:00+01:00, 2025-08-24T06:00:00+01:00
0.085000, 2.12, 2025-08-24T06:00:00+01:00, 2025-08-24T06:30:00+01:00
0.077000, 1.92, 2025-08-24T06:30:00+01:00, 2025-08-24T07:00:00+01:00
0.121000, 3.02, 2025-08-24T07:00:00+01:00, 2025-08-24T07:30:00+01:00
0.139000, 3.47, 2025-08-24T07:30:00+01:00, 2025-08-24T08:00:00+01:00
0.131000, 3.27, 2025-08-24T08:00:00+01:00, 2025-08-24T08:30:00+01:00
0.145000, 3.62, 2025-08-24T08:30:00+01:00, 2025-08-24T09:00:00+01:00
0.083000, 2.07, 2025-08-24T09:00:00+01:00, 2025-08-24T09:30:00+01:00
0.093000, 2.32, 2025-08-24T09:30:00+01:00, 2025-08-24T10:00:00+01:00
0.130000, 3.25, 2025-08-24T10:00:00+01:00, 2025-08-24T10:30:00+01:00
2.374000, 59.30, 2025-08-24T10:30:00+01:00, 2025-08-24T11:00:00+01:00
0.078000, 1.95, 2025-08-24T11:00:00+01:00, 2025-08-24T11:30:00+01:00
0.089000, 2.22, 2025-08-24T11:30:00+01:00, 2025-08-24T12:00:00+01:00
0.065000, 1.62, 2025-08-24T12:00:00+01:00, 2025-08-24T12:30:00+01:00
0.084000, 2.10, 2025-08-24T12:30:00+01:00, 2025-08-24T13:00:00+01:00
0.074000, 1.85, 2025-08-24T13:00:00+01:00, 2025-08-24T13:30:00+01:00
0.074000, 1.85, 2025-08-24T13:30:00+01:00, 2025-08-24T14:00:00+01:00
0.187000, 4.67, 2025-08-24T14:00:00+01:00, 2025-08-24T14:30:00+01:00
0.085000, 2.12, 2025-08-24T14:30:00+01:00, 2025-08-24T15:00:00+01:00
0.100000, 2.50, 2025-08-24T15:00:00+01:00, 2025-08-24T15:30:00+01:00
0.105000, 2.62, 2025-08-24T15:30:00+01:00, 2025-08-24T16:00:00+01:00
0.206000, 5.15, 2025-08-24T16:00:00+01:00, 2025-08-24T16:30:00+01:00
0.087000, 2.17, 2025-08-24T16:30:00+01:00, 2025-08-24T17:00:00+01:00
0.108000, 2.70, 2025-08-24T17:00:00+01:00, 2025-08-24T17:30:00+01:00
0.073000, 1.82, 2025-08-24T17:30:00+01:00, 2025-08-24T18:00:00+01:00
0.097000, 2.42, 2025-08-24T18:00:00+01:00, 2025-08-24T18:30:00+01:00
0.073000, 1.82, 2025-08-24T18:30:00+01:00, 2025-08-24T19:00:00+01:00
0.090000, 2.25, 2025-08-24T19:00:00+01:00, 2025-08-24T19:30:00+01:00
0.069000, 1.72, 2025-08-24T19:30:00+01:00, 2025-08-24T20:00:00+01:00
0.097000, 2.42, 2025-08-24T20:00:00+01:00, 2025-08-24T20:30:00+01:00
0.069000, 1.72, 2025-08-24T20:30:00+01:00, 2025-08-24T21:00:00+01:00
0.082000, 2.05, 2025-08-24T21:00:00+01:00, 2025-08-24T21:30:00+01:00
0.090000, 2.25, 2025-08-24T21:30:00+01:00, 2025-08-24T22:00:00+01:00
0.081000, 2.02, 2025-08-24T22:00:00+01:00, 2025-08-24T22:30:00+01:00
0.197000, 4.92, 2025-08-24T22:30:00+01:00, 2025-08-24T23:00:00+01:00
0.091000, 2.27, 2025-08-24T23:00:00+01:00, 2025-08-24T23:30:00+01:00
0.106000, 2.65, 2025-08-24T23:30:00+01:00, 2025-08-25T00:00:00+01:00
0.077000, 1.92, 2025-08-25T00:00:00+01:00, 2025-08-25T00:30:00+01:00
0.102000, 2.55, 2025-08-25T00:30:00+01:00, 2025-08-25T01:00:00+01:00
0.076000, 1.90, 2025-08-25T01:00:00+01:00, 2025-08-25T01:30:00+01:00
0.092000, 2.30, 2025-08-25T01:30:00+01:00, 2025-08-25T02:00:00+01:00
0.081000, 2.02, 2025-08-25T02:00:00+01:00, 2025-08-25T02:30:00+01:00
0.089000, 2.22, 2025-08-25T02:30:00+01:00, 2025-08-25T03:00:00+01:00
0.103000, 2.57, 2025-08-25T03:00:00+01:00, 2025-08-25T03:30:00+01:00
0.093000, 2.32, 2025-08-25T03:30:00+01:00, 2025-08-25T04:00:00+01:00
0.108000, 2.70, 2025-08-25T04:00:00+01:00, 2025-08-25T04:30:00+01:00
0.075000, 1.87, 2025-08-25T04:30:00+01:00, 2025-08-25T05:00:00+01:00
1.169000, 29.20, 2025-08-25T05:00:00+01:00, 2025-08-25T05:30:00+01:00
0.085000, 2.12, 2025-08-25T05:30:00+01:00, 2025-08-25T06:00:00+01:00
0.084000, 2.10, 2025-08-25T06:00:00+01:00, 2025-08-25T06:30:00+01:00
0.074000, 1.85, 2025-08-25T06:30:00+01:00, 2025-08-25T07:00:00+01:00
0.067000, 1.67, 2025-08-25T07:00:00+01:00, 2025-08-25T07:30:00+01:00
0.676000, 16.89, 2025-08-25T07:30:00+01:00, 2025-08-25T08:00:00+01:00
1.270000, 31.72, 2025-08-25T08:00:00+01:00, 2025-08-25T08:30:00+01:00
0.120000, 3.00, 2025-08-25T08:30:00+01:00, 2025-08-25T09:00:00+01:00
1.511000, 37.74, 2025-08-25T09:00:00+01:00, 2025-08-25T09:30:00+01:00
0.144000, 3.60, 2025-08-25T09:30:00+01:00, 2025-08-25T10:00:00+01:00
0.095000, 2.37, 2025-08-25T10:00:00+01:00, 2025-08-25T10:30:00+01:00
0.084000, 2.10, 2025-08-25T10:30:00+01:00, 2025-08-25T11:00:00+01:00
0.076000, 1.90, 2025-08-25T11:00:00+01:00, 2025-08-25T11:30:00+01:00
0.096000, 2.40, 2025-08-25T11:30:00+01:00, 2025-08-25T12:00:00+01:00
0.086000, 2.15, 2025-08-25T12:00:00+01:00, 2025-08-25T12:30:00+01:00
0.074000, 1.85, 2025-08-25T12:30:00+01:00, 2025-08-25T13:00:00+01:00
0.085000, 2.12, 2025-08-25T13:00:00+01:00, 2025-08-25T13:30:00+01:00
0.108000, 2.70, 2025-08-25T13:30:00+01:00, 2025-08-25T14:00:00+01:00
0.069000, 1.72, 2025-08-25T14:00:00+01:00, 2025-08-25T14:30:00+01:00
0.084000, 2.10, 2025-08-25T14:30:00+01:00, 2025-08-25T15:00:00+01:00
0.098000, 2.45, 2025-08-25T15:00:00+01:00, 2025-08-25T15:30:00+01:00
0.087000, 2.17, 2025-08-25T15:30:00+01:00, 2025-08-25T16:00:00+01:00
0.093000, 2.32, 2025-08-25T16:00:00+01:00, 2025-08-25T16:30:00+01:00
0.067000, 1.67, 2025-08-25T16:30:00+01:00, 2025-08-25T17:00:00+01:00
0.105000, 2.62, 2025-08-25T17:00:00+01:00, 2025-08-25T17:30:00+01:00
0.080000, 2.00, 2025-08-25T17:30:00+01:00, 2025-08-25T18:00:00+01:00
0.098000, 2.45, 2025-08-25T18:00:00+01:00, 2025-08-25T18:30:00+01:00
0.146000, 3.65, 2025-08-25T18:30:00+01:00, 2025-08-25T19:00:00+01:00
0.077000, 1.92, 2025-08-25T19:00:00+01:00, 2025-08-25T19:30:00+01:00
0.094000, 2.35, 2025-08-25T19:30:00+01:00, 2025-08-25T20:00:00+01:00
0.093000, 2.32, 2025-08-25T20:00:00+01:00, 2025-08-25T20:30:00+01:00
0.138000, 3.45, 2025-08-25T20:30:00+01:00, 2025-08-25T21:00:00+01:00
0.081000, 2.02, 2025-08-25T21:00:00+01:00, 2025-08-25T21:30:00+01:00
0.095000, 2.37, 2025-08-25T21:30:00+01:00, 2025-08-25T22:00:00+01:00
0.085000, 2.12, 2025-08-25T22:00:00+01:00, 2025-08-25T22:30:00+01:00
0.071000, 1.77, 2025-08-25T22:30:00+01:00, 2025-08-25T23:00:00+01:00
2.425000, 60.58, 2025-08-25T23:00:00+01:00, 2025-08-25T23:30:00+01:00
0.118000, 2.95, 2025-08-25T23:30:00+01:00, 2025-08-26T00:00:00+01:00
0.118000, 2.95, 2025-08-26T00:00:00+01:00, 2025-08-26T00:30:00+01:00
0.099000, 2.47, 2025-08-26T00:30:00+01:00, 2025-08-26T01:00:00+01:00
0.100000, 2.50, 2025-08-26T01:00:00+01:00, 2025-08-26T01:30:00+01:00
0.075000, 1.87, 2025-08-26T01:30:00+01:00, 2025-08-26T02:00:00+01:00
0.103000, 2.57, 2025-08-26T02:00:00+01:00, 2025-08-26T02:30:00+01:00
0.075000, 1.87, 2025-08-26T02:30:00+01:00, 2025-08-26T03:00:00+01:00
0.103000, 2.57, 2025-08-26T03:00:00+01:00, 2025-08-26T03:30:00+01:00
0.088000, 2.20, 2025-08-26T03:30:00+01:00, 2025-08-26T04:00:00+01:00
0.105000, 2.62, 2025-08-26T04:00:00+01:00, 2025-08-26T04:30:00+01:00
0.075000, 1.87, 2025-08-26T04:30:00+01:00, 2025-08-26T05:00:00+01:00
0.082000, 2.05, 2025-08-26T05:00:00+01:00, 2025-08-26T05:30:00+01:00
0.082000, 2.05, 2025-08-26T05:30:00+01:00, 2025-08-26T06:00:00+01:00
0.068000, 1.70, 2025-08-26T06:00:00+01:00, 2025-08-26T06:30:00+01:00
0.090000, 2.25, 2025-08-26T06:30:00+01:00, 2025-08-26T07:00:00+01:00
0.077000, 1.92, 2025-08-26T07:00:00+01:00, 2025-08-26T07:30:00+01:00
0.096000, 2.40, 2025-08-26T07:30:00+01:00, 2025-08-26T08:00:00+01:00
0.070000, 1.75, 2025-08-26T08:00:00+01:00, 2025-08-26T08:30:00+01:00
0.107000, 2.67, 2025-08-26T08:30:00+01:00, 2025-08-26T09:00:00+01:00
0.096000, 2.40, 2025-08-26T09:00:00+01:00, 2025-08-26T09:30:00+01:00
0.109000, 2.72, 2025-08-26T09:30:00+01:00, 2025-08-26T10:00:00+01:00
1.437000, 35.90, 2025-08-26T10:00:00+01:00, 2025-08-26T10:30:00+01:00
0.091000, 2.27, 2025-08-26T10:30:00+01:00, 2025-08-26T11:00:00+01:00
1.093000, 27.30, 2025-08-26T11:00:00+01:00, 2025-08-26T11:30:00+01:00
0.138000, 3.45, 2025-08-26T11:30:00+01:00, 2025-08-26T12:00:00+01:00
1.332000, 33.27, 2025-08-26T12:00:00+01:00, 2025-08-26T12:30:00+01:00
0.212000, 5.30, 2025-08-26T12:30:00+01:00, 2025-08-26T13:00:00+01:00
0.096000, 2.40, 2025-08-26T13:00:00+01:00, 2025-08-26T13:30:00+01:00
0.100000, 2.50, 2025-08-26T13:30:00+01:00, 2025-08-26T14:00:00+01:00
0.078000, 1.95, 2025-08-26T14:00:00+01:00, 2025-08-26T14:30:00+01:00
0.101000, 2.52, 2025-08-26T14:30:00+01:00, 2025-08-26T15:00:00+01:00
0.067000, 1.67, 2025-08-26T15:00:00+01:00, 2025-08-26T15:30:00+01:00
0.097000, 2.42, 2025-08-26T15:30:00+01:00, 2025-08-26T16:00:00+01:00
0.076000, 1.90, 2025-08-26T16:00:00+01:00, 2025-08-26T16:30:00+01:00
0.094000, 2.35, 2025-08-26T16:30:00+01:00, 2025-08-26T17:00:00+01:00
0.094000, 2.35, 2025-08-26T17:00:00+01:00, 2025-08-26T17:30:00+01:00
0.066000, 1.65, 2025-08-26T17:30:00+01:00, 2025-08-26T18:00:00+01:00
0.086000, 2.15, 2025-08-26T18:00:00+01:00, 2025-08-26T18:30:00+01:00
0.091000, 2.27, 2025-08-26T18:30:00+01:00, 2025-08-26T19:00:00+01:00
0.094000, 2.35, 2025-08-26T19:00:00+01:00, 2025-08-26T19:30:00+01:00
0.070000, 1.75, 2025-08-26T19:30:00+01:00, 2025-08-26T20:00:00+01:00
0.094000, 2.35, 2025-08-26T20:00:00+01:00, 2025-08-26T20:30:00+01:00
0.070000, 1.75, 2025-08-26T20:30:00+01:00, 2025-08-26T21:00:00+01:00
0.109000, 2.72, 2025-08-26T21:00:00+01:00, 2025-08-26T21:30:00+01:00
0.248000, 6.19, 2025-08-26T21:30:00+01:00, 2025-08-26T22:00:00+01:00
0.155000, 3.87, 2025-08-26T22:00:00+01:00, 2025-08-26T22:30:00+01:00
0.148000, 3.70, 2025-08-26T22:30:00+01:00, 2025-08-26T23:00:00+01:00
0.175000, 4.37, 2025-08-26T23:00:00+01:00, 2025-08-26T23:30:00+01:00
0.144000, 3.60, 2025-08-26T23:30:00+01:00, 2025-08-27T00:00:00+01:00
0.150000, 3.75, 2025-08-27T00:00:00+01:00, 2025-08-27T00:30:00+01:00
0.107000, 2.67, 2025-08-27T00:30:00+01:00, 2025-08-27T01:00:00+01:00
0.098000, 2.45, 2025-08-27T01:00:00+01:00, 2025-08-27T01:30:00+01:00
0.096000, 2.40, 2025-08-27T01:30:00+01:00, 2025-08-27T02:00:00+01:00
0.092000, 2.30, 2025-08-27T02:00:00+01:00, 2025-08-27T02:30:00+01:00
0.115000, 2.87, 2025-08-27T02:30:00+01:00, 2025-08-27T03:00:00+01:00
0.076000, 1.90, 2025-08-27T03:00:00+01:00, 2025-08-27T03:30:00+01:00
0.100000, 2.50, 2025-08-27T03:30:00+01:00, 2025-08-27T04:00:00+01:00
0.082000, 2.05, 2025-08-27T04:00:00+01:00, 2025-08-27T04:30:00+01:00
0.082000, 2.05, 2025-08-27T04:30:00+01:00, 2025-08-27T05:00:00+01:00
0.873000, 21.81, 2025-08-27T05:00:00+01:00, 2025-08-27T05:30:00+01:00
0.073000, 1.82, 2025-08-27T05:30:00+01:00, 2025-08-27T06:00:00+01:00
0.098000, 2.45, 2025-08-27T06:00:00+01:00, 2025-08-27T06:30:00+01:00
0.071000, 1.77, 2025-08-27T06:30:00+01:00, 2025-08-27T07:00:00+01:00
0.075000, 1.87, 2025-08-27T07:00:00+01:00, 2025-08-27T07:30:00+01:00
0.088000, 2.20, 2025-08-27T07:30:00+01:00, 2025-08-27T08:00:00+01:00
0.075000, 1.87, 2025-08-27T08:00:00+01:00, 2025-08-27T08:30:00+01:00
0.098000, 2.45, 2025-08-27T08:30:00+01:00, 2025-08-27T09:00:00+01:00
0.072000, 1.80, 2025-08-27T09:00:00+01:00, 2025-08-27T09:30:00+01:00
1.742000, 43.51, 2025-08-27T09:30:00+01:00, 2025-08-27T10:00:00+01:00
0.105000, 2.62, 2025-08-27T10:00:00+01:00, 2025-08-27T10:30:00+01:00
0.112000, 2.80, 2025-08-27T10:30:00+01:00, 2025-08-27T11:00:00+01:00
0.112000, 2.80, 2025-08-27T11:00:00+01:00, 2025-08-27T11:30:00+01:00
0.076000, 1.90, 2025-08-27T11:30:00+01:00, 2025-08-27T12:00:00+01:00
0.090000, 2.25, 2025-08-27T12:00:00+01:00, 2025-08-27T12:30:00+01:00
0.086000, 2.15, 2025-08-27T12:30:00+01:00, 2025-08-27T13:00:00+01:00
0.443000, 11.07, 2025-08-27T13:00:00+01:00, 2025-08-27T13:30:00+01:00
0.107000, 2.67, 2025-08-27T13:30:00+01:00, 2025-08-27T14:00:00+01:00
0.068000, 1.70, 2025-08-27T14:00:00+01:00, 2025-08-27T14:30:00+01:00
0.091000, 2.27, 2025-08-27T14:30:00+01:00, 2025-08-27T15:00:00+01:00
0.093000, 2.32, 2025-08-27T15:00:00+01:00, 2025-08-27T15:30:00+01:00
0.079000, 1.97, 2025-08-27T15:30:00+01:00, 2025-08-27T16:00:00+01:00
0.078000, 1.95, 2025-08-27T16:00:00+01:00, 2025-08-27T16:30:00+01:00
1.638000, 40.92, 2025-08-27T16:30:00+01:00, 2025-08-27T17:00:00+01:00
0.073000, 1.82, 2025-08-27T17:00:00+01:00, 2025-08-27T17:30:00+01:00
0.084000, 2.10, 2025-08-27T17:30:00+01:00, 2025-08-27T18:00:00+01:00
0.073000, 1.82, 2025-08-27T18:00:00+01:00, 2025-08-27T18:30:00+01:00
0.329000, 8.22, 2025-08-27T18:30:00+01:00, 2025-08-27T19:00:00+01:00
0.280000, 6.99, 2025-08-27T19:00:00+01:00, 2025-08-27T19:30:00+01:00
0.666000, 16.64, 2025-08-27T19:30:00+01:00, 2025-08-27T20:00:00+01:00
0.646000, 16.14, 2025-08-27T20:00:00+01:00, 2025-08-27T20:30:00+01:00
0.818000, 20.43, 2025-08-27T20:30:00+01:00, 2025-08-27T21:00:00+01:00
0.267000, 6.67, 2025-08-27T21:00:00+01:00, 2025-08-27T21:30:00+01:00
0.148000, 3.70, 2025-08-27T21:30:00+01:00, 2025-08-27T22:00:00+01:00
0.115000, 2.87, 2025-08-27T22:00:00+01:00, 2025-08-27T22:30:00+01:00
0.115000, 2.87, 2025-08-27T22:30:00+01:00, 2025-08-27T23:00:00+01:00
0.089000, 2.22, 2025-08-27T23:00:00+01:00, 2025-08-27T23:30:00+01:00
0.101000, 2.52, 2025-08-27T23:30:00+01:00, 2025-08-28T00:00:00+01:00
0.087000, 2.17, 2025-08-28T00:00:00+01:00, 2025-08-28T00:30:00+01:00
0.102000, 2.55, 2025-08-28T00:30:00+01:00, 2025-08-28T01:00:00+01:00
0.094000, 2.35, 2025-08-28T01:00:00+01:00, 2025-08-28T01:30:00+01:00
0.091000, 2.27, 2025-08-28T01:30:00+01:00, 2025-08-28T02:00:00+01:00
0.077000, 1.92, 2025-08-28T02:00:00+01:00, 2025-08-28T02:30:00+01:00
0.101000, 2.52, 2025-08-28T02:30:00+01:00, 2025-08-28T03:00:00+01:00
0.076000, 1.90, 2025-08-28T03:00:00+01:00, 2025-08-28T03:30:00+01:00
0.104000, 2.60, 2025-08-28T03:30:00+01:00, 2025-08-28T04:00:00+01:00
0.088000, 2.20, 2025-08-28T04:00:00+01:00, 2025-08-28T04:30:00+01:00
0.097000, 2.42, 2025-08-28T04:30:00+01:00, 2025-08-28T05:00:00+01:00
0.662000, 16.54, 2025-08-28T05:00:00+01:00, 2025-08-28T05:30:00+01:00
0.132000, 3.30, 2025-08-28T05:30:00+01:00, 2025-08-28T06:00:00+01:00
0.114000, 2.85, 2025-08-28T06:00:00+01:00, 2025-08-28T06:30:00+01:00
0.109000, 2.72, 2025-08-28T06:30:00+01:00, 2025-08-28T07:00:00+01:00
0.076000, 1.90, 2025-08-28T07:00:00+01:00, 2025-08-28T07:30:00+01:00
0.075000, 1.87, 2025-08-28T07:30:00+01:00, 2025-08-28T08:00:00+01:00
0.075000, 1.87, 2025-08-28T08:00:00+01:00, 2025-08-28T08:30:00+01:00
1.704000, 42.57, 2025-08-28T08:30:00+01:00, 2025-08-28T09:00:00+01:00
0.084000, 2.10, 2025-08-28T09:00:00+01:00, 2025-08-28T09:30:00+01:00
0.069000, 1.72, 2025-08-28T09:30:00+01:00, 2025-08-28T10:00:00+01:00
0.074000, 1.85, 2025-08-28T10:00:00+01:00, 2025-08-28T10:30:00+01:00
0.826000, 20.63, 2025-08-28T10:30:00+01:00, 2025-08-28T11:00:00+01:00
1.041000, 26.00, 2025-08-28T11:00:00+01:00, 2025-08-28T11:30:00+01:00
0.418000, 10.44, 2025-08-28T11:30:00+01:00, 2025-08-28T12:00:00+01:00
0.467000, 11.67, 2025-08-28T12:00:00+01:00, 2025-08-28T12:30:00+01:00
0.200000, 5.00, 2025-08-28T12:30:00+01:00, 2025-08-28T13:00:00+01:00
0.161000, 4.02, 2025-08-28T13:00:00+01:00, 2025-08-28T13:30:00+01:00
0.153000, 3.82, 2025-08-28T13:30:00+01:00, 2025-08-28T14:00:00+01:00
0.157000, 3.92, 2025-08-28T14:00:00+01:00, 2025-08-28T14:30:00+01:00
0.161000, 4.02, 2025-08-28T14:30:00+01:00, 2025-08-28T15:00:00+01:00
1.432000, 35.77, 2025-08-28T15:00:00+01:00, 2025-08-28T15:30:00+01:00
0.104000, 2.60, 2025-08-28T15:30:00+01:00, 2025-08-28T16:00:00+01:00
0.084000, 2.10, 2025-08-28T16:00:00+01:00, 2025-08-28T16:30:00+01:00
0.084000, 2.10, 2025-08-28T16:30:00+01:00, 2025-08-28T17:00:00+01:00
0.095000, 2.37, 2025-08-28T17:00:00+01:00, 2025-08-28T17:30:00+01:00
0.079000, 1.97, 2025-08-28T17:30:00+01:00, 2025-08-28T18:00:00+01:00
0.117000, 2.92, 2025-08-28T18:00:00+01:00, 2025-08-28T18:30:00+01:00
0.111000, 2.77, 2025-08-28T18:30:00+01:00, 2025-08-28T19:00:00+01:00
1.305000, 32.60, 2025-08-28T19:00:00+01:00, 2025-08-28T19:30:00+01:00
0.083000, 2.07, 2025-08-28T19:30:00+01:00, 2025-08-28T20:00:00+01:00
0.105000, 2.62, 2025-08-28T20:00:00+01:00, 2025-08-28T20:30:00+01:00
0.073000, 1.82, 2025-08-28T20:30:00+01:00, 2025-08-28T21:00:00+01:00
0.095000, 2.37, 2025-08-28T21:00:00+01:00, 2025-08-28T21:30:00+01:00
0.079000, 1.97, 2025-08-28T21:30:00+01:00, 2025-08-28T22:00:00+01:00
0.088000, 2.20, 2025-08-28T22:00:00+01:00, 2025-08-28T22:30:00+01:00
0.084000, 2.10, 2025-08-28T22:30:00+01:00, 2025-08-28T23:00:00+01:00
0.113000, 2.82, 2025-08-28T23:00:00+01:00, 2025-08-28T23:30:00+01:00
0.078000, 1.95, 2025-08-28T23:30:00+01:00, 2025-08-29T00:00:00+01:00
0.089000, 2.22, 2025-08-29T00:00:00+01:00, 2025-08-29T00:30:00+01:00
0.102000, 2.55, 2025-08-29T00:30:00+01:00, 2025-08-29T01:00:00+01:00
0.074000, 1.85, 2025-08-29T01:00:00+01:00, 2025-08-29T01:30:00+01:00
0.085000, 2.12, 2025-08-29T01:30:00+01:00, 2025-08-29T02:00:00+01:00
0.088000, 2.20, 2025-08-29T02:00:00+01:00, 2025-08-29T02:30:00+01:00
0.076000, 1.90, 2025-08-29T02:30:00+01:00, 2025-08-29T03:00:00+01:00
0.081000, 2.02, 2025-08-29T03:00:00+01:00, 2025-08-29T03:30:00+01:00
0.074000, 1.85, 2025-08-29T03:30:00+01:00, 2025-08-29T04:00:00+01:00
0.084000, 2.10, 2025-08-29T04:00:00+01:00, 2025-08-29T04:30:00+01:00
0.083000, 2.07, 2025-08-29T04:30:00+01:00, 2025-08-29T05:00:00+01:00
0.073000, 1.82, 2025-08-29T05:00:00+01:00, 2025-08-29T05:30:00+01:00
0.087000, 2.17, 2025-08-29T05:30:00+01:00, 2025-08-29T06:00:00+01:00
0.099000, 2.47, 2025-08-29T06:00:00+01:00, 2025-08-29T06:30:00+01:00
0.078000, 1.95, 2025-08-29T06:30:00+01:00, 2025-08-29T07:00:00+01:00
0.116000, 2.90, 2025-08-29T07:00:00+01:00, 2025-08-29T07:30:00+01:00
0.140000, 3.50, 2025-08-29T07:30:00+01:00, 2025-08-29T08:00:00+01:00
0.247000, 6.17, 2025-08-29T08:00:00+01:00, 2025-08-29T08:30:00+01:00
0.140000, 3.50, 2025-08-29T08:30:00+01:00, 2025-08-29T09:00:00+01:00
0.152000, 3.80, 2025-08-29T09:00:00+01:00, 2025-08-29T09:30:00+01:00
0.319000, 7.97, 2025-08-29T09:30:00+01:00, 2025-08-29T10:00:00+01:00
0.226000, 5.65, 2025-08-29T10:00:00+01:00, 2025-08-29T10:30:00+01:00
0.095000, 2.37, 2025-08-29T10:30:00+01:00, 2025-08-29T11:00:00+01:00
0.099000, 2.47, 2025-08-29T11:00:00+01:00, 2025-08-29T11:30:00+01:00
1.945000, 48.59, 2025-08-29T11:30:00+01:00, 2025-08-29T12:00:00+01:00
0.105000, 2.62, 2025-08-29T12:00:00+01:00, 2025-08-29T12:30:00+01:00
0.096000, 2.40, 2025-08-29T12:30:00+01:00, 2025-08-29T13:00:00+01:00
0.826000, 20.63, 2025-08-29T13:00:00+01:00, 2025-08-29T13:30:00+01:00
0.089000, 2.22, 2025-08-29T13:30:00+01:00, 2025-08-29T14:00:00+01:00
0.128000, 3.20, 2025-08-29T14:00:00+01:00, 2025-08-29T14:30:00+01:00
0.076000, 1.90, 2025-08-29T14:30:00+01:00, 2025-08-29T15:00:00+01:00
0.089000, 2.22, 2025-08-29T15:00:00+01:00, 2025-08-29T15:30:00+01:00
0.064000, 1.60, 2025-08-29T15:30:00+01:00, 2025-08-29T16:00:00+01:00
0.088000, 2.20, 2025-08-29T16:00:00+01:00, 2025-08-29T16:30:00+01:00
0.069000, 1.72, 2025-08-29T16:30:00+01:00, 2025-08-29T17:00:00+01:00
0.092000, 2.30, 2025-08-29T17:00:00+01:00, 2025-08-29T17:30:00+01:00
0.074000, 1.85, 2025-08-29T17:30:00+01:00, 2025-08-29T18:00:00+01:00
0.079000, 1.97, 2025-08-29T18:00:00+01:00, 2025-08-29T18:30:00+01:00
0.084000, 2.10, 2025-08-29T18:30:00+01:00, 2025-08-29T19:00:00+01:00
0.069000, 1.72, 2025-08-29T19:00:00+01:00, 2025-08-29T19:30:00+01:00
0.086000, 2.15, 2025-08-29T19:30:00+01:00, 2025-08-29T20:00:00+01:00
0.065000, 1.62, 2025-08-29T20:00:00+01:00, 2025-08-29T20:30:00+01:00
0.085000, 2.12, 2025-08-29T20:30:00+01:00, 2025-08-29T21:00:00+01:00
0.065000, 1.62, 2025-08-29T21:00:00+01:00, 2025-08-29T21:30:00+01:00
0.080000, 2.00, 2025-08-29T21:30:00+01:00, 2025-08-29T22:00:00+01:00
0.080000, 2.00, 2025-08-29T22:00:00+01:00, 2025-08-29T22:30:00+01:00
0.081000, 2.02, 2025-08-29T22:30:00+01:00, 2025-08-29T23:00:00+01:00
0.075000, 1.87, 2025-08-29T23:00:00+01:00, 2025-08-29T23:30:00+01:00
0.085000, 2.12, 2025-08-29T23:30:00+01:00, 2025-08-30T00:00:00+01:00
0.098000, 2.45, 2025-08-30T00:00:00+01:00, 2025-08-30T00:30:00+01:00
0.074000, 1.85, 2025-08-30T00:30:00+01:00, 2025-08-30T01:00:00+01:00
0.101000, 2.52, 2025-08-30T01:00:00+01:00, 2025-08-30T01:30:00+01:00
0.082000, 2.05, 2025-08-30T01:30:00+01:00, 2025-08-30T02:00:00+01:00
0.093000, 2.32, 2025-08-30T02:00:00+01:00, 2025-08-30T02:30:00+01:00
0.067000, 1.67, 2025-08-30T02:30:00+01:00, 2025-08-30T03:00:00+01:00
0.084000, 2.10, 2025-08-30T03:00:00+01:00, 2025-08-30T03:30:00+01:00
0.088000, 2.20, 2025-08-30T03:30:00+01:00, 2025-08-30T04:00:00+01:00
0.078000, 1.95, 2025-08-30T04:00:00+01:00, 2025-08-30T04:30:00+01:00
0.078000, 1.95, 2025-08-30T04:30:00+01:00, 2025-08-30T05:00:00+01:00
0.069000, 1.72, 2025-08-30T05:00:00+01:00, 2025-08-30T05:30:00+01:00
0.083000, 2.07, 2025-08-30T05:30:00+01:00, 2025-08-30T06:00:00+01:00
0.067000, 1.67, 2025-08-30T06:00:00+01:00, 2025-08-30T06:30:00+01:00
0.077000, 1.92, 2025-08-30T06:30:00+01:00, 2025-08-30T07:00:00+01:00
0.078000, 1.95, 2025-08-30T07:00:00+01:00, 2025-08-30T07:30:00+01:00
0.069000, 1.72, 2025-08-30T07:30:00+01:00, 2025-08-30T08:00:00+01:00
0.079000, 1.97, 2025-08-30T08:00:00+01:00, 2025-08-30T08:30:00+01:00
0.075000, 1.87, 2025-08-30T08:30:00+01:00, 2025-08-30T09:00:00+01:00
0.116000, 2.90, 2025-08-30T09:00:00+01:00, 2025-08-30T09:30:00+01:00
0.119000, 2.97, 2025-08-30T09:30:00+01:00, 2025-08-30T10:00:00+01:00
0.110000, 2.75, 2025-08-30T10:00:00+01:00, 2025-08-30T10:30:00+01:00
0.147000, 3.67, 2025-08-30T10:30:00+01:00, 2025-08-30T11:00:00+01:00
0.119000, 2.97, 2025-08-30T11:00:00+01:00, 2025-08-30T11:30:00+01:00
1.481000, 36.99, 2025-08-30T11:30:00+01:00, 2025-08-30T12:00:00+01:00
1.621000, 40.49, 2025-08-30T12:00:00+01:00, 2025-08-30T12:30:00+01:00
0.363000, 9.07, 2025-08-30T12:30:00+01:00, 2025-08-30T13:00:00+01:00
0.537000, 13.41, 2025-08-30T13:00:00+01:00, 2025-08-30T13:30:00+01:00
0.176000, 4.40, 2025-08-30T13:30:00+01:00, 2025-08-30T14:00:00+01:00
0.106000, 2.65, 2025-08-30T14:00:00+01:00, 2025-08-30T14:30:00+01:00
0.090000, 2.25, 2025-08-30T14:30:00+01:00, 2025-08-30T15:00:00+01:00
0.961000, 24.01, 2025-08-30T15:00:00+01:00, 2025-08-30T15:30:00+01:00
0.411000, 10.27, 2025-08-30T15:30:00+01:00, 2025-08-30T16:00:00+01:00
0.131000, 3.27, 2025-08-30T16:00:00+01:00, 2025-08-30T16:30:00+01:00
1.454000, 36.32, 2025-08-30T16:30:00+01:00, 2025-08-30T17:00:00+01:00
0.079000, 1.97, 2025-08-30T17:00:00+01:00, 2025-08-30T17:30:00+01:00
0.226000, 5.65, 2025-08-30T17:30:00+01:00, 2025-08-30T18:00:00+01:00
0.298000, 7.44, 2025-08-30T18:00:00+01:00, 2025-08-30T18:30:00+01:00
0.079000, 1.97, 2025-08-30T18:30:00+01:00, 2025-08-30T19:00:00+01:00
0.081000, 2.02, 2025-08-30T19:00:00+01:00, 2025-08-30T19:30:00+01:00
0.065000, 1.62, 2025-08-30T19:30:00+01:00, 2025-08-30T20:00:00+01:00
0.083000, 2.07, 2025-08-30T20:00:00+01:00, 2025-08-30T20:30:00+01:00
0.070000, 1.75, 2025-08-30T20:30:00+01:00, 2025-08-30T21:00:00+01:00
0.315000, 7.87, 2025-08-30T21:00:00+01:00, 2025-08-30T21:30:00+01:00
0.200000, 5.00, 2025-08-30T21:30:00+01:00, 2025-08-30T22:00:00+01:00
0.143000, 3.57, 2025-08-30T22:00:00+01:00, 2025-08-30T22:30:00+01:00
0.115000, 2.87, 2025-08-30T22:30:00+01:00, 2025-08-30T23:00:00+01:00
0.109000, 2.72, 2025-08-30T23:00:00+01:00, 2025-08-30T23:30:00+01:00
0.123000, 3.07, 2025-08-30T23:30:00+01:00, 2025-08-31T00:00:00+01:00
0.124000, 3.10, 2025-08-31T00:00:00+01:00, 2025-08-31T00:30:00+01:00
0.115000, 2.87, 2025-08-31T00:30:00+01:00, 2025-08-31T01:00:00+01:00
0.090000, 2.25, 2025-08-31T01:00:00+01:00, 2025-08-31T01:30:00+01:00
